date,key,value,series_code,category,frequency,unit
1980-01-01,ipca,6.62,433,macro,monthly,%
1980-02-01,ipca,4.62,433,macro,monthly,%
1980-03-01,ipca,6.04,433,macro,monthly,%
1980-04-01,ipca,5.29,433,macro,monthly,%
1980-05-01,ipca,5.7,433,macro,monthly,%
1980-06-01,ipca,5.31,433,macro,monthly,%
1980-07-01,ipca,5.55,433,macro,monthly,%
1980-08-01,ipca,4.95,433,macro,monthly,%
1980-09-01,ipca,4.23,433,macro,monthly,%
1980-10-01,ipca,9.48,433,macro,monthly,%
1980-11-01,ipca,6.67,433,macro,monthly,%
1980-12-01,ipca,6.61,433,macro,monthly,%
1981-01-01,ipca,6.84,433,macro,monthly,%
1981-02-01,ipca,6.4,433,macro,monthly,%
1981-03-01,ipca,4.97,433,macro,monthly,%
1981-04-01,ipca,6.46,433,macro,monthly,%
1981-05-01,ipca,5.56,433,macro,monthly,%
1981-06-01,ipca,5.52,433,macro,monthly,%
1981-07-01,ipca,6.26,433,macro,monthly,%
1981-08-01,ipca,5.5,433,macro,monthly,%
1981-09-01,ipca,5.26,433,macro,monthly,%
1981-10-01,ipca,5.08,433,macro,monthly,%
1981-11-01,ipca,5.27,433,macro,monthly,%
1981-12-01,ipca,5.93,433,macro,monthly,%
1982-01-01,ipca,6.97,433,macro,monthly,%
1982-02-01,ipca,6.64,433,macro,monthly,%
1982-03-01,ipca,5.71,433,macro,monthly,%
1982-04-01,ipca,5.89,433,macro,monthly,%
1982-05-01,ipca,6.66,433,macro,monthly,%
1982-06-01,ipca,7.1,433,macro,monthly,%
1982-07-01,ipca,6.36,433,macro,monthly,%
1982-08-01,ipca,5.97,433,macro,monthly,%
1982-09-01,ipca,5.08,433,macro,monthly,%
1982-10-01,ipca,4.44,433,macro,monthly,%
1982-11-01,ipca,5.29,433,macro,monthly,%
1982-12-01,ipca,7.81,433,macro,monthly,%
1983-01-01,ipca,8.64,433,macro,monthly,%
1983-02-01,ipca,7.86,433,macro,monthly,%
1983-03-01,ipca,7.34,433,macro,monthly,%
1983-04-01,ipca,6.58,433,macro,monthly,%
1983-05-01,ipca,6.48,433,macro,monthly,%
1983-06-01,ipca,9.88,433,macro,monthly,%
1983-07-01,ipca,10.08,433,macro,monthly,%
1983-08-01,ipca,9.11,433,macro,monthly,%
1983-09-01,ipca,10.3,433,macro,monthly,%
1983-10-01,ipca,8.87,433,macro,monthly,%
1983-11-01,ipca,7.38,433,macro,monthly,%
1983-12-01,ipca,8.68,433,macro,monthly,%
1984-01-01,ipca,9.67,433,macro,monthly,%
1984-02-01,ipca,9.5,433,macro,monthly,%
1984-03-01,ipca,8.94,433,macro,monthly,%
1984-04-01,ipca,9.54,433,macro,monthly,%
1984-05-01,ipca,9.05,433,macro,monthly,%
1984-06-01,ipca,10.08,433,macro,monthly,%
1984-07-01,ipca,9.72,433,macro,monthly,%
1984-08-01,ipca,9.35,433,macro,monthly,%
1984-09-01,ipca,11.75,433,macro,monthly,%
1984-10-01,ipca,10.44,433,macro,monthly,%
1984-11-01,ipca,10.53,433,macro,monthly,%
1984-12-01,ipca,11.98,433,macro,monthly,%
1985-01-01,ipca,11.76,433,macro,monthly,%
1985-02-01,ipca,10.87,433,macro,monthly,%
1985-03-01,ipca,10.16,433,macro,monthly,%
1985-04-01,ipca,8.2,433,macro,monthly,%
1985-05-01,ipca,7.2,433,macro,monthly,%
1985-06-01,ipca,8.49,433,macro,monthly,%
1985-07-01,ipca,10.31,433,macro,monthly,%
1985-08-01,ipca,12.05,433,macro,monthly,%
1985-09-01,ipca,11.12,433,macro,monthly,%
1985-10-01,ipca,10.62,433,macro,monthly,%
1985-11-01,ipca,13.97,433,macro,monthly,%
1985-12-01,ipca,15.07,433,macro,monthly,%
1986-01-01,ipca,14.37,433,macro,monthly,%
1986-02-01,ipca,12.72,433,macro,monthly,%
1986-03-01,ipca,4.77,433,macro,monthly,%
1986-04-01,ipca,0.78,433,macro,monthly,%
1986-05-01,ipca,1.4,433,macro,monthly,%
1986-06-01,ipca,1.27,433,macro,monthly,%
1986-07-01,ipca,1.71,433,macro,monthly,%
1986-08-01,ipca,3.55,433,macro,monthly,%
1986-09-01,ipca,1.72,433,macro,monthly,%
1986-10-01,ipca,1.9,433,macro,monthly,%
1986-11-01,ipca,5.45,433,macro,monthly,%
1986-12-01,ipca,11.65,433,macro,monthly,%
1987-01-01,ipca,13.21,433,macro,monthly,%
1987-02-01,ipca,12.64,433,macro,monthly,%
1987-03-01,ipca,16.37,433,macro,monthly,%
1987-04-01,ipca,19.1,433,macro,monthly,%
1987-05-01,ipca,21.45,433,macro,monthly,%
1987-06-01,ipca,19.71,433,macro,monthly,%
1987-07-01,ipca,9.21,433,macro,monthly,%
1987-08-01,ipca,4.87,433,macro,monthly,%
1987-09-01,ipca,7.78,433,macro,monthly,%
1987-10-01,ipca,11.22,433,macro,monthly,%
1987-11-01,ipca,15.08,433,macro,monthly,%
1987-12-01,ipca,14.15,433,macro,monthly,%
1988-01-01,ipca,18.89,433,macro,monthly,%
1988-02-01,ipca,15.7,433,macro,monthly,%
1988-03-01,ipca,17.6,433,macro,monthly,%
1988-04-01,ipca,19.29,433,macro,monthly,%
1988-05-01,ipca,17.42,433,macro,monthly,%
1988-06-01,ipca,22.0,433,macro,monthly,%
1988-07-01,ipca,21.91,433,macro,monthly,%
1988-08-01,ipca,21.59,433,macro,monthly,%
1988-09-01,ipca,27.45,433,macro,monthly,%
1988-10-01,ipca,25.62,433,macro,monthly,%
1988-11-01,ipca,27.94,433,macro,monthly,%
1988-12-01,ipca,28.7,433,macro,monthly,%
1989-01-01,ipca,37.49,433,macro,monthly,%
1989-02-01,ipca,16.78,433,macro,monthly,%
1989-03-01,ipca,6.82,433,macro,monthly,%
1989-04-01,ipca,8.33,433,macro,monthly,%
1989-05-01,ipca,17.92,433,macro,monthly,%
1989-06-01,ipca,28.65,433,macro,monthly,%
1989-07-01,ipca,27.74,433,macro,monthly,%
1989-08-01,ipca,33.71,433,macro,monthly,%
1989-09-01,ipca,37.56,433,macro,monthly,%
1989-10-01,ipca,39.77,433,macro,monthly,%
1989-11-01,ipca,47.82,433,macro,monthly,%
1989-12-01,ipca,51.5,433,macro,monthly,%
1990-01-01,ipca,67.55,433,macro,monthly,%
1990-02-01,ipca,75.73,433,macro,monthly,%
1990-03-01,ipca,82.39,433,macro,monthly,%
1990-04-01,ipca,15.52,433,macro,monthly,%
1990-05-01,ipca,7.59,433,macro,monthly,%
1990-06-01,ipca,11.75,433,macro,monthly,%
1990-07-01,ipca,12.92,433,macro,monthly,%
1990-08-01,ipca,12.88,433,macro,monthly,%
1990-09-01,ipca,14.41,433,macro,monthly,%
1990-10-01,ipca,14.36,433,macro,monthly,%
1990-11-01,ipca,16.81,433,macro,monthly,%
1990-12-01,ipca,18.44,433,macro,monthly,%
1991-01-01,ipca,20.75,433,macro,monthly,%
1991-02-01,ipca,20.72,433,macro,monthly,%
1991-03-01,ipca,11.92,433,macro,monthly,%
1991-04-01,ipca,4.99,433,macro,monthly,%
1991-05-01,ipca,7.43,433,macro,monthly,%
1991-06-01,ipca,11.19,433,macro,monthly,%
1991-07-01,ipca,12.41,433,macro,monthly,%
1991-08-01,ipca,15.63,433,macro,monthly,%
1991-09-01,ipca,15.63,433,macro,monthly,%
1991-10-01,ipca,20.23,433,macro,monthly,%
1991-11-01,ipca,25.21,433,macro,monthly,%
1991-12-01,ipca,23.71,433,macro,monthly,%
1992-01-01,ipca,25.94,433,macro,monthly,%
1992-02-01,ipca,24.32,433,macro,monthly,%
1992-03-01,ipca,21.4,433,macro,monthly,%
1992-04-01,ipca,19.93,433,macro,monthly,%
1992-05-01,ipca,24.86,433,macro,monthly,%
1992-06-01,ipca,20.21,433,macro,monthly,%
1992-07-01,ipca,21.83,433,macro,monthly,%
1992-08-01,ipca,22.14,433,macro,monthly,%
1992-09-01,ipca,24.63,433,macro,monthly,%
1992-10-01,ipca,25.24,433,macro,monthly,%
1992-11-01,ipca,22.49,433,macro,monthly,%
1992-12-01,ipca,25.24,433,macro,monthly,%
1993-01-01,ipca,30.35,433,macro,monthly,%
1993-02-01,ipca,24.98,433,macro,monthly,%
1993-03-01,ipca,27.26,433,macro,monthly,%
1993-04-01,ipca,27.75,433,macro,monthly,%
1993-05-01,ipca,27.69,433,macro,monthly,%
1993-06-01,ipca,30.07,433,macro,monthly,%
1993-07-01,ipca,30.72,433,macro,monthly,%
1993-08-01,ipca,32.96,433,macro,monthly,%
1993-09-01,ipca,35.69,433,macro,monthly,%
1993-10-01,ipca,33.92,433,macro,monthly,%
1993-11-01,ipca,35.56,433,macro,monthly,%
1993-12-01,ipca,36.84,433,macro,monthly,%
1994-01-01,ipca,41.31,433,macro,monthly,%
1994-02-01,ipca,40.27,433,macro,monthly,%
1994-03-01,ipca,42.75,433,macro,monthly,%
1994-04-01,ipca,42.68,433,macro,monthly,%
1994-05-01,ipca,44.03,433,macro,monthly,%
1994-06-01,ipca,47.43,433,macro,monthly,%
1994-07-01,ipca,6.84,433,macro,monthly,%
1994-08-01,ipca,1.86,433,macro,monthly,%
1994-09-01,ipca,1.53,433,macro,monthly,%
1994-10-01,ipca,2.62,433,macro,monthly,%
1994-11-01,ipca,2.81,433,macro,monthly,%
1994-12-01,ipca,1.71,433,macro,monthly,%
1995-01-01,ipca,1.7,433,macro,monthly,%
1995-02-01,ipca,1.02,433,macro,monthly,%
1995-03-01,ipca,1.55,433,macro,monthly,%
1995-04-01,ipca,2.43,433,macro,monthly,%
1995-05-01,ipca,2.67,433,macro,monthly,%
1995-06-01,ipca,2.26,433,macro,monthly,%
1995-07-01,ipca,2.36,433,macro,monthly,%
1995-08-01,ipca,0.99,433,macro,monthly,%
1995-09-01,ipca,0.99,433,macro,monthly,%
1995-10-01,ipca,1.41,433,macro,monthly,%
1995-11-01,ipca,1.47,433,macro,monthly,%
1995-12-01,ipca,1.56,433,macro,monthly,%
1996-01-01,ipca,1.34,433,macro,monthly,%
1996-02-01,ipca,1.03,433,macro,monthly,%
1996-03-01,ipca,0.35,433,macro,monthly,%
1996-04-01,ipca,1.26,433,macro,monthly,%
1996-05-01,ipca,1.22,433,macro,monthly,%
1996-06-01,ipca,1.19,433,macro,monthly,%
1996-07-01,ipca,1.11,433,macro,monthly,%
1996-08-01,ipca,0.44,433,macro,monthly,%
1996-09-01,ipca,0.15,433,macro,monthly,%
1996-10-01,ipca,0.3,433,macro,monthly,%
1996-11-01,ipca,0.32,433,macro,monthly,%
1996-12-01,ipca,0.47,433,macro,monthly,%
1997-01-01,ipca,1.18,433,macro,monthly,%
1997-02-01,ipca,0.5,433,macro,monthly,%
1997-03-01,ipca,0.51,433,macro,monthly,%
1997-04-01,ipca,0.88,433,macro,monthly,%
1997-05-01,ipca,0.41,433,macro,monthly,%
1997-06-01,ipca,0.54,433,macro,monthly,%
1997-07-01,ipca,0.22,433,macro,monthly,%
1997-08-01,ipca,-0.02,433,macro,monthly,%
1997-09-01,ipca,0.06,433,macro,monthly,%
1997-10-01,ipca,0.23,433,macro,monthly,%
1997-11-01,ipca,0.17,433,macro,monthly,%
1997-12-01,ipca,0.43,433,macro,monthly,%
1998-01-01,ipca,0.71,433,macro,monthly,%
1998-02-01,ipca,0.46,433,macro,monthly,%
1998-03-01,ipca,0.34,433,macro,monthly,%
1998-04-01,ipca,0.24,433,macro,monthly,%
1998-05-01,ipca,0.5,433,macro,monthly,%
1998-06-01,ipca,0.02,433,macro,monthly,%
1998-07-01,ipca,-0.12,433,macro,monthly,%
1998-08-01,ipca,-0.51,433,macro,monthly,%
1998-09-01,ipca,-0.22,433,macro,monthly,%
1998-10-01,ipca,0.02,433,macro,monthly,%
1998-11-01,ipca,-0.12,433,macro,monthly,%
1998-12-01,ipca,0.33,433,macro,monthly,%
1999-01-01,ipca,0.7,433,macro,monthly,%
1999-02-01,ipca,1.05,433,macro,monthly,%
1999-03-01,ipca,1.1,433,macro,monthly,%
1999-04-01,ipca,0.56,433,macro,monthly,%
1999-05-01,ipca,0.3,433,macro,monthly,%
1999-06-01,ipca,0.19,433,macro,monthly,%
1999-07-01,ipca,1.09,433,macro,monthly,%
1999-08-01,ipca,0.56,433,macro,monthly,%
1999-09-01,ipca,0.31,433,macro,monthly,%
1999-10-01,ipca,1.19,433,macro,monthly,%
1999-11-01,ipca,0.95,433,macro,monthly,%
1999-12-01,ipca,0.6,433,macro,monthly,%
2000-01-01,ipca,0.62,433,macro,monthly,%
2000-02-01,ipca,0.13,433,macro,monthly,%
2000-03-01,ipca,0.22,433,macro,monthly,%
2000-04-01,ipca,0.42,433,macro,monthly,%
2000-05-01,ipca,0.01,433,macro,monthly,%
2000-06-01,ipca,0.23,433,macro,monthly,%
2000-07-01,ipca,1.61,433,macro,monthly,%
2000-08-01,ipca,1.31,433,macro,monthly,%
2000-09-01,ipca,0.23,433,macro,monthly,%
2000-10-01,ipca,0.14,433,macro,monthly,%
2000-11-01,ipca,0.32,433,macro,monthly,%
2000-12-01,ipca,0.59,433,macro,monthly,%
2001-01-01,ipca,0.57,433,macro,monthly,%
2001-02-01,ipca,0.46,433,macro,monthly,%
2001-03-01,ipca,0.38,433,macro,monthly,%
2001-04-01,ipca,0.58,433,macro,monthly,%
2001-05-01,ipca,0.41,433,macro,monthly,%
2001-06-01,ipca,0.52,433,macro,monthly,%
2001-07-01,ipca,1.33,433,macro,monthly,%
2001-08-01,ipca,0.7,433,macro,monthly,%
2001-09-01,ipca,0.28,433,macro,monthly,%
2001-10-01,ipca,0.83,433,macro,monthly,%
2001-11-01,ipca,0.71,433,macro,monthly,%
2001-12-01,ipca,0.65,433,macro,monthly,%
2002-01-01,ipca,0.52,433,macro,monthly,%
2002-02-01,ipca,0.36,433,macro,monthly,%
2002-03-01,ipca,0.6,433,macro,monthly,%
2002-04-01,ipca,0.8,433,macro,monthly,%
2002-05-01,ipca,0.21,433,macro,monthly,%
2002-06-01,ipca,0.42,433,macro,monthly,%
2002-07-01,ipca,1.19,433,macro,monthly,%
2002-08-01,ipca,0.65,433,macro,monthly,%
2002-09-01,ipca,0.72,433,macro,monthly,%
2002-10-01,ipca,1.31,433,macro,monthly,%
2002-11-01,ipca,3.02,433,macro,monthly,%
2002-12-01,ipca,2.1,433,macro,monthly,%
2003-01-01,ipca,2.25,433,macro,monthly,%
2003-02-01,ipca,1.57,433,macro,monthly,%
2003-03-01,ipca,1.23,433,macro,monthly,%
2003-04-01,ipca,0.97,433,macro,monthly,%
2003-05-01,ipca,0.61,433,macro,monthly,%
2003-06-01,ipca,-0.15,433,macro,monthly,%
2003-07-01,ipca,0.2,433,macro,monthly,%
2003-08-01,ipca,0.34,433,macro,monthly,%
2003-09-01,ipca,0.78,433,macro,monthly,%
2003-10-01,ipca,0.29,433,macro,monthly,%
2003-11-01,ipca,0.34,433,macro,monthly,%
2003-12-01,ipca,0.52,433,macro,monthly,%
2004-01-01,ipca,0.76,433,macro,monthly,%
2004-02-01,ipca,0.61,433,macro,monthly,%
2004-03-01,ipca,0.47,433,macro,monthly,%
2004-04-01,ipca,0.37,433,macro,monthly,%
2004-05-01,ipca,0.51,433,macro,monthly,%
2004-06-01,ipca,0.71,433,macro,monthly,%
2004-07-01,ipca,0.91,433,macro,monthly,%
2004-08-01,ipca,0.69,433,macro,monthly,%
2004-09-01,ipca,0.33,433,macro,monthly,%
2004-10-01,ipca,0.44,433,macro,monthly,%
2004-11-01,ipca,0.69,433,macro,monthly,%
2004-12-01,ipca,0.86,433,macro,monthly,%
2005-01-01,household_debt,16.51,29037,familias,monthly,%
2005-01-01,household_debt_ex_housing,13.84,29038,familias,monthly,%
2005-01-01,ipca,0.58,433,macro,monthly,%
2005-02-01,household_debt,16.84,29037,familias,monthly,%
2005-02-01,household_debt_ex_housing,14.19,29038,familias,monthly,%
2005-02-01,ipca,0.59,433,macro,monthly,%
2005-03-01,household_debt,17.2,29037,familias,monthly,%
2005-03-01,household_debt_ex_housing,14.56,29038,familias,monthly,%
2005-03-01,income_commitment,17.0,29034,familias,monthly,%
2005-03-01,ipca,0.61,433,macro,monthly,%
2005-04-01,household_debt,17.6,29037,familias,monthly,%
2005-04-01,household_debt_ex_housing,14.96,29038,familias,monthly,%
2005-04-01,income_commitment,17.2,29034,familias,monthly,%
2005-04-01,ipca,0.87,433,macro,monthly,%
2005-05-01,household_debt,17.96,29037,familias,monthly,%
2005-05-01,household_debt_ex_housing,15.32,29038,familias,monthly,%
2005-05-01,income_commitment,17.42,29034,familias,monthly,%
2005-05-01,ipca,0.49,433,macro,monthly,%
2005-06-01,household_debt,18.12,29037,familias,monthly,%
2005-06-01,household_debt_ex_housing,15.48,29038,familias,monthly,%
2005-06-01,income_commitment,17.55,29034,familias,monthly,%
2005-06-01,ipca,-0.02,433,macro,monthly,%
2005-07-01,household_debt,18.4,29037,familias,monthly,%
2005-07-01,household_debt_ex_housing,15.74,29038,familias,monthly,%
2005-07-01,income_commitment,17.71,29034,familias,monthly,%
2005-07-01,ipca,0.25,433,macro,monthly,%
2005-08-01,household_debt,18.85,29037,familias,monthly,%
2005-08-01,household_debt_ex_housing,16.19,29038,familias,monthly,%
2005-08-01,income_commitment,17.93,29034,familias,monthly,%
2005-08-01,ipca,0.17,433,macro,monthly,%
2005-09-01,household_debt,19.11,29037,familias,monthly,%
2005-09-01,household_debt_ex_housing,16.43,29038,familias,monthly,%
2005-09-01,income_commitment,18.29,29034,familias,monthly,%
2005-09-01,ipca,0.35,433,macro,monthly,%
2005-10-01,household_debt,19.37,29037,familias,monthly,%
2005-10-01,household_debt_ex_housing,16.68,29038,familias,monthly,%
2005-10-01,income_commitment,18.55,29034,familias,monthly,%
2005-10-01,ipca,0.75,433,macro,monthly,%
2005-11-01,household_debt,19.61,29037,familias,monthly,%
2005-11-01,household_debt_ex_housing,16.92,29038,familias,monthly,%
2005-11-01,income_commitment,18.63,29034,familias,monthly,%
2005-11-01,ipca,0.55,433,macro,monthly,%
2005-12-01,household_debt,19.56,29037,familias,monthly,%
2005-12-01,household_debt_ex_housing,16.84,29038,familias,monthly,%
2005-12-01,income_commitment,18.68,29034,familias,monthly,%
2005-12-01,ipca,0.36,433,macro,monthly,%
2006-01-01,household_debt,19.89,29037,familias,monthly,%
2006-01-01,household_debt_ex_housing,17.14,29038,familias,monthly,%
2006-01-01,income_commitment,18.68,29034,familias,monthly,%
2006-01-01,ipca,0.59,433,macro,monthly,%
2006-02-01,household_debt,20.11,29037,familias,monthly,%
2006-02-01,household_debt_ex_housing,17.36,29038,familias,monthly,%
2006-02-01,income_commitment,18.95,29034,familias,monthly,%
2006-02-01,ipca,0.41,433,macro,monthly,%
2006-03-01,household_debt,20.45,29037,familias,monthly,%
2006-03-01,household_debt_ex_housing,17.66,29038,familias,monthly,%
2006-03-01,income_commitment,19.28,29034,familias,monthly,%
2006-03-01,ipca,0.43,433,macro,monthly,%
2006-04-01,household_debt,20.78,29037,familias,monthly,%
2006-04-01,household_debt_ex_housing,17.96,29038,familias,monthly,%
2006-04-01,income_commitment,19.53,29034,familias,monthly,%
2006-04-01,ipca,0.21,433,macro,monthly,%
2006-05-01,household_debt,21.07,29037,familias,monthly,%
2006-05-01,household_debt_ex_housing,18.23,29038,familias,monthly,%
2006-05-01,income_commitment,19.56,29034,familias,monthly,%
2006-05-01,ipca,0.1,433,macro,monthly,%
2006-06-01,household_debt,21.16,29037,familias,monthly,%
2006-06-01,household_debt_ex_housing,18.28,29038,familias,monthly,%
2006-06-01,income_commitment,19.55,29034,familias,monthly,%
2006-06-01,ipca,-0.21,433,macro,monthly,%
2006-07-01,household_debt,21.39,29037,familias,monthly,%
2006-07-01,household_debt_ex_housing,18.47,29038,familias,monthly,%
2006-07-01,income_commitment,19.5,29034,familias,monthly,%
2006-07-01,ipca,0.19,433,macro,monthly,%
2006-08-01,household_debt,21.65,29037,familias,monthly,%
2006-08-01,household_debt_ex_housing,18.71,29038,familias,monthly,%
2006-08-01,income_commitment,19.65,29034,familias,monthly,%
2006-08-01,ipca,0.05,433,macro,monthly,%
2006-09-01,household_debt,21.74,29037,familias,monthly,%
2006-09-01,household_debt_ex_housing,18.81,29038,familias,monthly,%
2006-09-01,income_commitment,19.51,29034,familias,monthly,%
2006-09-01,ipca,0.21,433,macro,monthly,%
2006-10-01,household_debt,21.85,29037,familias,monthly,%
2006-10-01,household_debt_ex_housing,18.89,29038,familias,monthly,%
2006-10-01,income_commitment,19.43,29034,familias,monthly,%
2006-10-01,ipca,0.33,433,macro,monthly,%
2006-11-01,household_debt,22.07,29037,familias,monthly,%
2006-11-01,household_debt_ex_housing,19.08,29038,familias,monthly,%
2006-11-01,income_commitment,19.26,29034,familias,monthly,%
2006-11-01,ipca,0.31,433,macro,monthly,%
2006-12-01,household_debt,21.98,29037,familias,monthly,%
2006-12-01,household_debt_ex_housing,18.99,29038,familias,monthly,%
2006-12-01,income_commitment,19.5,29034,familias,monthly,%
2006-12-01,ipca,0.48,433,macro,monthly,%
2007-01-01,household_debt,22.28,29037,familias,monthly,%
2007-01-01,household_debt_ex_housing,19.24,29038,familias,monthly,%
2007-01-01,income_commitment,19.39,29034,familias,monthly,%
2007-01-01,ipca,0.44,433,macro,monthly,%
2007-02-01,household_debt,22.48,29037,familias,monthly,%
2007-02-01,household_debt_ex_housing,19.43,29038,familias,monthly,%
2007-02-01,income_commitment,19.27,29034,familias,monthly,%
2007-02-01,ipca,0.44,433,macro,monthly,%
2007-03-01,credit_balance_pf,348401.0,20541,credito,monthly,R$ mi
2007-03-01,credit_balance_pj,413952.0,20540,credito,monthly,R$ mi
2007-03-01,household_debt,22.04,29037,familias,monthly,%
2007-03-01,household_debt_ex_housing,19.07,29038,familias,monthly,%
2007-03-01,income_commitment,18.93,29034,familias,monthly,%
2007-03-01,ipca,0.37,433,macro,monthly,%
2007-04-01,credit_balance_pf,357052.0,20541,credito,monthly,R$ mi
2007-04-01,credit_balance_pj,424836.0,20540,credito,monthly,R$ mi
2007-04-01,household_debt,22.36,29037,familias,monthly,%
2007-04-01,household_debt_ex_housing,19.38,29038,familias,monthly,%
2007-04-01,income_commitment,18.75,29034,familias,monthly,%
2007-04-01,ipca,0.25,433,macro,monthly,%
2007-05-01,credit_balance_pf,367295.0,20541,credito,monthly,R$ mi
2007-05-01,credit_balance_pj,425838.0,20540,credito,monthly,R$ mi
2007-05-01,household_debt,22.88,29037,familias,monthly,%
2007-05-01,household_debt_ex_housing,19.87,29038,familias,monthly,%
2007-05-01,income_commitment,18.56,29034,familias,monthly,%
2007-05-01,ipca,0.28,433,macro,monthly,%
2007-06-01,credit_balance_pf,374977.0,20541,credito,monthly,R$ mi
2007-06-01,credit_balance_pj,430511.0,20540,credito,monthly,R$ mi
2007-06-01,household_debt,23.09,29037,familias,monthly,%
2007-06-01,household_debt_ex_housing,20.05,29038,familias,monthly,%
2007-06-01,income_commitment,18.87,29034,familias,monthly,%
2007-06-01,ipca,0.28,433,macro,monthly,%
2007-07-01,credit_balance_pf,385390.0,20541,credito,monthly,R$ mi
2007-07-01,credit_balance_pj,439052.0,20540,credito,monthly,R$ mi
2007-07-01,household_debt,23.57,29037,familias,monthly,%
2007-07-01,household_debt_ex_housing,20.52,29038,familias,monthly,%
2007-07-01,income_commitment,19.23,29034,familias,monthly,%
2007-07-01,ipca,0.24,433,macro,monthly,%
2007-08-01,credit_balance_pf,392862.0,20541,credito,monthly,R$ mi
2007-08-01,credit_balance_pj,456966.0,20540,credito,monthly,R$ mi
2007-08-01,household_debt,23.77,29037,familias,monthly,%
2007-08-01,household_debt_ex_housing,20.68,29038,familias,monthly,%
2007-08-01,income_commitment,19.43,29034,familias,monthly,%
2007-08-01,ipca,0.47,433,macro,monthly,%
2007-09-01,credit_balance_pf,401403.0,20541,credito,monthly,R$ mi
2007-09-01,credit_balance_pj,464106.0,20540,credito,monthly,R$ mi
2007-09-01,household_debt,23.97,29037,familias,monthly,%
2007-09-01,household_debt_ex_housing,20.85,29038,familias,monthly,%
2007-09-01,income_commitment,19.29,29034,familias,monthly,%
2007-09-01,ipca,0.18,433,macro,monthly,%
2007-10-01,credit_balance_pf,413781.0,20541,credito,monthly,R$ mi
2007-10-01,credit_balance_pj,475254.0,20540,credito,monthly,R$ mi
2007-10-01,household_debt,24.56,29037,familias,monthly,%
2007-10-01,household_debt_ex_housing,21.41,29038,familias,monthly,%
2007-10-01,income_commitment,19.28,29034,familias,monthly,%
2007-10-01,ipca,0.3,433,macro,monthly,%
2007-11-01,credit_balance_pf,423966.0,20541,credito,monthly,R$ mi
2007-11-01,credit_balance_pj,494849.0,20540,credito,monthly,R$ mi
2007-11-01,household_debt,24.88,29037,familias,monthly,%
2007-11-01,household_debt_ex_housing,21.7,29038,familias,monthly,%
2007-11-01,income_commitment,19.43,29034,familias,monthly,%
2007-11-01,ipca,0.38,433,macro,monthly,%
2007-12-01,credit_balance_pf,431865.0,20541,credito,monthly,R$ mi
2007-12-01,credit_balance_pj,512056.0,20540,credito,monthly,R$ mi
2007-12-01,household_debt,24.96,29037,familias,monthly,%
2007-12-01,household_debt_ex_housing,21.74,29038,familias,monthly,%
2007-12-01,income_commitment,19.37,29034,familias,monthly,%
2007-12-01,ipca,0.74,433,macro,monthly,%
2008-01-01,credit_balance_pf,439854.0,20541,credito,monthly,R$ mi
2008-01-01,credit_balance_pj,513560.0,20540,credito,monthly,R$ mi
2008-01-01,household_debt,25.29,29037,familias,monthly,%
2008-01-01,household_debt_ex_housing,22.05,29038,familias,monthly,%
2008-01-01,income_commitment,19.62,29034,familias,monthly,%
2008-01-01,ipca,0.54,433,macro,monthly,%
2008-02-01,credit_balance_pf,445183.0,20541,credito,monthly,R$ mi
2008-02-01,credit_balance_pj,522260.0,20540,credito,monthly,R$ mi
2008-02-01,household_debt,25.5,29037,familias,monthly,%
2008-02-01,household_debt_ex_housing,22.24,29038,familias,monthly,%
2008-02-01,income_commitment,19.85,29034,familias,monthly,%
2008-02-01,ipca,0.49,433,macro,monthly,%
2008-03-01,credit_balance_pf,456737.0,20541,credito,monthly,R$ mi
2008-03-01,credit_balance_pj,544862.0,20540,credito,monthly,R$ mi
2008-03-01,household_debt,25.99,29037,familias,monthly,%
2008-03-01,household_debt_ex_housing,22.68,29038,familias,monthly,%
2008-03-01,income_commitment,20.24,29034,familias,monthly,%
2008-03-01,ipca,0.48,433,macro,monthly,%
2008-04-01,credit_balance_pf,469437.0,20541,credito,monthly,R$ mi
2008-04-01,credit_balance_pj,557409.0,20540,credito,monthly,R$ mi
2008-04-01,household_debt,26.45,29037,familias,monthly,%
2008-04-01,household_debt_ex_housing,23.09,29038,familias,monthly,%
2008-04-01,income_commitment,20.41,29034,familias,monthly,%
2008-04-01,ipca,0.55,433,macro,monthly,%
2008-05-01,credit_balance_pf,481067.0,20541,credito,monthly,R$ mi
2008-05-01,credit_balance_pj,572822.0,20540,credito,monthly,R$ mi
2008-05-01,household_debt,26.8,29037,familias,monthly,%
2008-05-01,household_debt_ex_housing,23.39,29038,familias,monthly,%
2008-05-01,income_commitment,20.44,29034,familias,monthly,%
2008-05-01,ipca,0.79,433,macro,monthly,%
2008-06-01,credit_balance_pf,489499.0,20541,credito,monthly,R$ mi
2008-06-01,credit_balance_pj,587334.0,20540,credito,monthly,R$ mi
2008-06-01,household_debt,26.92,29037,familias,monthly,%
2008-06-01,household_debt_ex_housing,23.44,29038,familias,monthly,%
2008-06-01,income_commitment,20.41,29034,familias,monthly,%
2008-06-01,ipca,0.74,433,macro,monthly,%
2008-07-01,credit_balance_pf,495983.0,20541,credito,monthly,R$ mi
2008-07-01,credit_balance_pj,598386.0,20540,credito,monthly,R$ mi
2008-07-01,household_debt,27.15,29037,familias,monthly,%
2008-07-01,household_debt_ex_housing,23.6,29038,familias,monthly,%
2008-07-01,income_commitment,20.47,29034,familias,monthly,%
2008-07-01,ipca,0.53,433,macro,monthly,%
2008-08-01,credit_balance_pf,503962.0,20541,credito,monthly,R$ mi
2008-08-01,credit_balance_pj,615495.0,20540,credito,monthly,R$ mi
2008-08-01,household_debt,27.25,29037,familias,monthly,%
2008-08-01,household_debt_ex_housing,23.63,29038,familias,monthly,%
2008-08-01,income_commitment,20.58,29034,familias,monthly,%
2008-08-01,ipca,0.28,433,macro,monthly,%
2008-09-01,credit_balance_pf,514202.0,20541,credito,monthly,R$ mi
2008-09-01,credit_balance_pj,646485.0,20540,credito,monthly,R$ mi
2008-09-01,household_debt,27.41,29037,familias,monthly,%
2008-09-01,household_debt_ex_housing,23.7,29038,familias,monthly,%
2008-09-01,income_commitment,20.64,29034,familias,monthly,%
2008-09-01,ipca,0.26,433,macro,monthly,%
2008-10-01,credit_balance_pf,524889.0,20541,credito,monthly,R$ mi
2008-10-01,credit_balance_pj,668184.0,20540,credito,monthly,R$ mi
2008-10-01,household_debt,27.78,29037,familias,monthly,%
2008-10-01,household_debt_ex_housing,24.01,29038,familias,monthly,%
2008-10-01,income_commitment,20.77,29034,familias,monthly,%
2008-10-01,ipca,0.45,433,macro,monthly,%
2008-11-01,credit_balance_pf,527421.0,20541,credito,monthly,R$ mi
2008-11-01,credit_balance_pj,688358.0,20540,credito,monthly,R$ mi
2008-11-01,household_debt,27.46,29037,familias,monthly,%
2008-11-01,household_debt_ex_housing,23.62,29038,familias,monthly,%
2008-11-01,income_commitment,20.77,29034,familias,monthly,%
2008-11-01,ipca,0.36,433,macro,monthly,%
2008-12-01,credit_balance_pf,534213.0,20541,credito,monthly,R$ mi
2008-12-01,credit_balance_pj,699775.0,20540,credito,monthly,R$ mi
2008-12-01,household_debt,27.44,29037,familias,monthly,%
2008-12-01,household_debt_ex_housing,23.53,29038,familias,monthly,%
2008-12-01,income_commitment,20.87,29034,familias,monthly,%
2008-12-01,ipca,0.28,433,macro,monthly,%
2009-01-01,credit_balance_pf,537046.0,20541,credito,monthly,R$ mi
2009-01-01,credit_balance_pj,698197.0,20540,credito,monthly,R$ mi
2009-01-01,household_debt,27.26,29037,familias,monthly,%
2009-01-01,household_debt_ex_housing,23.32,29038,familias,monthly,%
2009-01-01,income_commitment,20.89,29034,familias,monthly,%
2009-01-01,ipca,0.48,433,macro,monthly,%
2009-02-01,credit_balance_pf,536225.0,20541,credito,monthly,R$ mi
2009-02-01,credit_balance_pj,698600.0,20540,credito,monthly,R$ mi
2009-02-01,household_debt,27.26,29037,familias,monthly,%
2009-02-01,household_debt_ex_housing,23.28,29038,familias,monthly,%
2009-02-01,income_commitment,21.0,29034,familias,monthly,%
2009-02-01,ipca,0.55,433,macro,monthly,%
2009-03-01,credit_balance_pf,542887.0,20541,credito,monthly,R$ mi
2009-03-01,credit_balance_pj,705416.0,20540,credito,monthly,R$ mi
2009-03-01,household_debt,27.32,29037,familias,monthly,%
2009-03-01,household_debt_ex_housing,23.27,29038,familias,monthly,%
2009-03-01,income_commitment,21.06,29034,familias,monthly,%
2009-03-01,ipca,0.2,433,macro,monthly,%
2009-04-01,credit_balance_pf,551333.0,20541,credito,monthly,R$ mi
2009-04-01,credit_balance_pj,703231.0,20540,credito,monthly,R$ mi
2009-04-01,household_debt,27.49,29037,familias,monthly,%
2009-04-01,household_debt_ex_housing,23.38,29038,familias,monthly,%
2009-04-01,income_commitment,21.16,29034,familias,monthly,%
2009-04-01,ipca,0.48,433,macro,monthly,%
2009-05-01,credit_balance_pf,563782.0,20541,credito,monthly,R$ mi
2009-05-01,credit_balance_pj,703135.0,20540,credito,monthly,R$ mi
2009-05-01,household_debt,27.85,29037,familias,monthly,%
2009-05-01,household_debt_ex_housing,23.65,29038,familias,monthly,%
2009-05-01,income_commitment,21.34,29034,familias,monthly,%
2009-05-01,ipca,0.47,433,macro,monthly,%
2009-06-01,credit_balance_pf,573227.0,20541,credito,monthly,R$ mi
2009-06-01,credit_balance_pj,709695.0,20540,credito,monthly,R$ mi
2009-06-01,household_debt,28.01,29037,familias,monthly,%
2009-06-01,household_debt_ex_housing,23.71,29038,familias,monthly,%
2009-06-01,income_commitment,21.66,29034,familias,monthly,%
2009-06-01,ipca,0.36,433,macro,monthly,%
2009-07-01,credit_balance_pf,579386.0,20541,credito,monthly,R$ mi
2009-07-01,credit_balance_pj,734148.0,20540,credito,monthly,R$ mi
2009-07-01,household_debt,28.15,29037,familias,monthly,%
2009-07-01,household_debt_ex_housing,23.72,29038,familias,monthly,%
2009-07-01,income_commitment,21.81,29034,familias,monthly,%
2009-07-01,ipca,0.24,433,macro,monthly,%
2009-08-01,credit_balance_pf,588539.0,20541,credito,monthly,R$ mi
2009-08-01,credit_balance_pj,744780.0,20540,credito,monthly,R$ mi
2009-08-01,household_debt,28.42,29037,familias,monthly,%
2009-08-01,household_debt_ex_housing,23.87,29038,familias,monthly,%
2009-08-01,income_commitment,21.89,29034,familias,monthly,%
2009-08-01,ipca,0.15,433,macro,monthly,%
2009-09-01,credit_balance_pf,600032.0,20541,credito,monthly,R$ mi
2009-09-01,credit_balance_pj,753080.0,20540,credito,monthly,R$ mi
2009-09-01,household_debt,28.76,29037,familias,monthly,%
2009-09-01,household_debt_ex_housing,24.07,29038,familias,monthly,%
2009-09-01,income_commitment,21.99,29034,familias,monthly,%
2009-09-01,ipca,0.24,433,macro,monthly,%
2009-10-01,credit_balance_pf,608549.0,20541,credito,monthly,R$ mi
2009-10-01,credit_balance_pj,763694.0,20540,credito,monthly,R$ mi
2009-10-01,household_debt,28.93,29037,familias,monthly,%
2009-10-01,household_debt_ex_housing,24.16,29038,familias,monthly,%
2009-10-01,income_commitment,22.15,29034,familias,monthly,%
2009-10-01,ipca,0.28,433,macro,monthly,%
2009-11-01,credit_balance_pf,615678.0,20541,credito,monthly,R$ mi
2009-11-01,credit_balance_pj,777239.0,20540,credito,monthly,R$ mi
2009-11-01,household_debt,29.12,29037,familias,monthly,%
2009-11-01,household_debt_ex_housing,24.31,29038,familias,monthly,%
2009-11-01,income_commitment,22.22,29034,familias,monthly,%
2009-11-01,ipca,0.41,433,macro,monthly,%
2009-12-01,credit_balance_pf,626556.0,20541,credito,monthly,R$ mi
2009-12-01,credit_balance_pj,793960.0,20540,credito,monthly,R$ mi
2009-12-01,household_debt,29.45,29037,familias,monthly,%
2009-12-01,household_debt_ex_housing,24.53,29038,familias,monthly,%
2009-12-01,income_commitment,22.2,29034,familias,monthly,%
2009-12-01,ipca,0.37,433,macro,monthly,%
2010-01-01,credit_balance_pf,635960.0,20541,credito,monthly,R$ mi
2010-01-01,credit_balance_pj,794589.0,20540,credito,monthly,R$ mi
2010-01-01,household_debt,29.82,29037,familias,monthly,%
2010-01-01,household_debt_ex_housing,24.65,29038,familias,monthly,%
2010-01-01,income_commitment,22.3,29034,familias,monthly,%
2010-01-01,ipca,0.75,433,macro,monthly,%
2010-02-01,credit_balance_pf,642199.0,20541,credito,monthly,R$ mi
2010-02-01,credit_balance_pj,799320.0,20540,credito,monthly,R$ mi
2010-02-01,household_debt,29.95,29037,familias,monthly,%
2010-02-01,household_debt_ex_housing,24.67,29038,familias,monthly,%
2010-02-01,income_commitment,22.27,29034,familias,monthly,%
2010-02-01,ipca,0.78,433,macro,monthly,%
2010-03-01,credit_balance_pf,654170.0,20541,credito,monthly,R$ mi
2010-03-01,credit_balance_pj,803921.0,20540,credito,monthly,R$ mi
2010-03-01,household_debt,30.35,29037,familias,monthly,%
2010-03-01,household_debt_ex_housing,24.92,29038,familias,monthly,%
2010-03-01,income_commitment,22.34,29034,familias,monthly,%
2010-03-01,ipca,0.52,433,macro,monthly,%
2010-04-01,credit_balance_pf,664048.0,20541,credito,monthly,R$ mi
2010-04-01,credit_balance_pj,810261.0,20540,credito,monthly,R$ mi
2010-04-01,household_debt,30.7,29037,familias,monthly,%
2010-04-01,household_debt_ex_housing,25.11,29038,familias,monthly,%
2010-04-01,income_commitment,22.48,29034,familias,monthly,%
2010-04-01,ipca,0.57,433,macro,monthly,%
2010-05-01,credit_balance_pf,677815.0,20541,credito,monthly,R$ mi
2010-05-01,credit_balance_pj,827703.0,20540,credito,monthly,R$ mi
2010-05-01,household_debt,31.19,29037,familias,monthly,%
2010-05-01,household_debt_ex_housing,25.45,29038,familias,monthly,%
2010-05-01,income_commitment,22.72,29034,familias,monthly,%
2010-05-01,ipca,0.43,433,macro,monthly,%
2010-06-01,credit_balance_pf,685682.0,20541,credito,monthly,R$ mi
2010-06-01,credit_balance_pj,850742.0,20540,credito,monthly,R$ mi
2010-06-01,household_debt,31.41,29037,familias,monthly,%
2010-06-01,household_debt_ex_housing,25.51,29038,familias,monthly,%
2010-06-01,income_commitment,23.04,29034,familias,monthly,%
2010-06-01,ipca,0.0,433,macro,monthly,%
2010-07-01,credit_balance_pf,700012.0,20541,credito,monthly,R$ mi
2010-07-01,credit_balance_pj,856268.0,20540,credito,monthly,R$ mi
2010-07-01,household_debt,32.03,29037,familias,monthly,%
2010-07-01,household_debt_ex_housing,25.94,29038,familias,monthly,%
2010-07-01,income_commitment,23.09,29034,familias,monthly,%
2010-07-01,ipca,0.01,433,macro,monthly,%
2010-08-01,credit_balance_pf,713615.0,20541,credito,monthly,R$ mi
2010-08-01,credit_balance_pj,876241.0,20540,credito,monthly,R$ mi
2010-08-01,household_debt,32.34,29037,familias,monthly,%
2010-08-01,household_debt_ex_housing,26.09,29038,familias,monthly,%
2010-08-01,income_commitment,23.13,29034,familias,monthly,%
2010-08-01,ipca,0.04,433,macro,monthly,%
2010-09-01,credit_balance_pf,727421.0,20541,credito,monthly,R$ mi
2010-09-01,credit_balance_pj,894120.0,20540,credito,monthly,R$ mi
2010-09-01,household_debt,32.65,29037,familias,monthly,%
2010-09-01,household_debt_ex_housing,26.22,29038,familias,monthly,%
2010-09-01,income_commitment,23.23,29034,familias,monthly,%
2010-09-01,ipca,0.45,433,macro,monthly,%
2010-10-01,credit_balance_pf,741319.0,20541,credito,monthly,R$ mi
2010-10-01,credit_balance_pj,910493.0,20540,credito,monthly,R$ mi
2010-10-01,household_debt,32.94,29037,familias,monthly,%
2010-10-01,household_debt_ex_housing,26.39,29038,familias,monthly,%
2010-10-01,income_commitment,23.18,29034,familias,monthly,%
2010-10-01,ipca,0.75,433,macro,monthly,%
2010-11-01,credit_balance_pf,758646.0,20541,credito,monthly,R$ mi
2010-11-01,credit_balance_pj,927066.0,20540,credito,monthly,R$ mi
2010-11-01,household_debt,33.46,29037,familias,monthly,%
2010-11-01,household_debt_ex_housing,26.74,29038,familias,monthly,%
2010-11-01,income_commitment,23.54,29034,familias,monthly,%
2010-11-01,ipca,0.83,433,macro,monthly,%
2010-12-01,credit_balance_pf,775797.0,20541,credito,monthly,R$ mi
2010-12-01,credit_balance_pj,936912.0,20540,credito,monthly,R$ mi
2010-12-01,household_debt,33.97,29037,familias,monthly,%
2010-12-01,household_debt_ex_housing,27.04,29038,familias,monthly,%
2010-12-01,income_commitment,23.96,29034,familias,monthly,%
2010-12-01,ipca,0.63,433,macro,monthly,%
2011-01-01,credit_balance_pf,785244.0,20541,credito,monthly,R$ mi
2011-01-01,credit_balance_pj,933467.0,20540,credito,monthly,R$ mi
2011-01-01,household_debt,34.1,29037,familias,monthly,%
2011-01-01,household_debt_ex_housing,27.06,29038,familias,monthly,%
2011-01-01,income_commitment,24.19,29034,familias,monthly,%
2011-01-01,ipca,0.83,433,macro,monthly,%
2011-01-01,selic,10.75,432,macro,daily,% a.a.
2011-01-02,selic,10.75,432,macro,daily,% a.a.
2011-01-03,selic,10.75,432,macro,daily,% a.a.
2011-01-04,selic,10.75,432,macro,daily,% a.a.
2011-01-05,selic,10.75,432,macro,daily,% a.a.
2011-01-06,selic,10.75,432,macro,daily,% a.a.
2011-01-07,selic,10.75,432,macro,daily,% a.a.
2011-01-08,selic,10.75,432,macro,daily,% a.a.
2011-01-09,selic,10.75,432,macro,daily,% a.a.
2011-01-10,selic,10.75,432,macro,daily,% a.a.
2011-01-11,selic,10.75,432,macro,daily,% a.a.
2011-01-12,selic,10.75,432,macro,daily,% a.a.
2011-01-13,selic,10.75,432,macro,daily,% a.a.
2011-01-14,selic,10.75,432,macro,daily,% a.a.
2011-01-15,selic,10.75,432,macro,daily,% a.a.
2011-01-16,selic,10.75,432,macro,daily,% a.a.
2011-01-17,selic,10.75,432,macro,daily,% a.a.
2011-01-18,selic,10.75,432,macro,daily,% a.a.
2011-01-19,selic,10.75,432,macro,daily,% a.a.
2011-01-20,selic,11.25,432,macro,daily,% a.a.
2011-01-21,selic,11.25,432,macro,daily,% a.a.
2011-01-22,selic,11.25,432,macro,daily,% a.a.
2011-01-23,selic,11.25,432,macro,daily,% a.a.
2011-01-24,selic,11.25,432,macro,daily,% a.a.
2011-01-25,selic,11.25,432,macro,daily,% a.a.
2011-01-26,selic,11.25,432,macro,daily,% a.a.
2011-01-27,selic,11.25,432,macro,daily,% a.a.
2011-01-28,selic,11.25,432,macro,daily,% a.a.
2011-01-29,selic,11.25,432,macro,daily,% a.a.
2011-01-30,selic,11.25,432,macro,daily,% a.a.
2011-01-31,selic,11.25,432,macro,daily,% a.a.
2011-02-01,credit_balance_pf,793544.0,20541,credito,monthly,R$ mi
2011-02-01,credit_balance_pj,947964.0,20540,credito,monthly,R$ mi
2011-02-01,household_debt,34.23,29037,familias,monthly,%
2011-02-01,household_debt_ex_housing,27.07,29038,familias,monthly,%
2011-02-01,income_commitment,23.96,29034,familias,monthly,%
2011-02-01,ipca,0.8,433,macro,monthly,%
2011-02-01,selic,11.25,432,macro,daily,% a.a.
2011-02-02,selic,11.25,432,macro,daily,% a.a.
2011-02-03,selic,11.25,432,macro,daily,% a.a.
2011-02-04,selic,11.25,432,macro,daily,% a.a.
2011-02-05,selic,11.25,432,macro,daily,% a.a.
2011-02-06,selic,11.25,432,macro,daily,% a.a.
2011-02-07,selic,11.25,432,macro,daily,% a.a.
2011-02-08,selic,11.25,432,macro,daily,% a.a.
2011-02-09,selic,11.25,432,macro,daily,% a.a.
2011-02-10,selic,11.25,432,macro,daily,% a.a.
2011-02-11,selic,11.25,432,macro,daily,% a.a.
2011-02-12,selic,11.25,432,macro,daily,% a.a.
2011-02-13,selic,11.25,432,macro,daily,% a.a.
2011-02-14,selic,11.25,432,macro,daily,% a.a.
2011-02-15,selic,11.25,432,macro,daily,% a.a.
2011-02-16,selic,11.25,432,macro,daily,% a.a.
2011-02-17,selic,11.25,432,macro,daily,% a.a.
2011-02-18,selic,11.25,432,macro,daily,% a.a.
2011-02-19,selic,11.25,432,macro,daily,% a.a.
2011-02-20,selic,11.25,432,macro,daily,% a.a.
2011-02-21,selic,11.25,432,macro,daily,% a.a.
2011-02-22,selic,11.25,432,macro,daily,% a.a.
2011-02-23,selic,11.25,432,macro,daily,% a.a.
2011-02-24,selic,11.25,432,macro,daily,% a.a.
2011-02-25,selic,11.25,432,macro,daily,% a.a.
2011-02-26,selic,11.25,432,macro,daily,% a.a.
2011-02-27,selic,11.25,432,macro,daily,% a.a.
2011-02-28,selic,11.25,432,macro,daily,% a.a.
2011-03-01,credit_balance_pf,800794.0,20541,credito,monthly,R$ mi
2011-03-01,credit_balance_pj,958884.0,20540,credito,monthly,R$ mi
2011-03-01,credit_grants_pf,90632.0,20633,credito,monthly,R$ mi
2011-03-01,credit_grants_pj,125022.0,20632,credito,monthly,R$ mi
2011-03-01,credit_interest_pf,2.62,25435,juros,monthly,% a.m.
2011-03-01,credit_interest_pj,1.48,25434,juros,monthly,% a.m.
2011-03-01,delinquency_card,7.63,21129,inadimplencia,monthly,%
2011-03-01,delinquency_personal,4.07,21120,inadimplencia,monthly,%
2011-03-01,delinquency_pf,4.62,21084,inadimplencia,monthly,%
2011-03-01,delinquency_pj,1.96,21083,inadimplencia,monthly,%
2011-03-01,delinquency_revolving,30.06,21127,inadimplencia,monthly,%
2011-03-01,delinquency_vehicle,3.66,21121,inadimplencia,monthly,%
2011-03-01,household_debt,34.86,29037,familias,monthly,%
2011-03-01,household_debt_ex_housing,27.56,29038,familias,monthly,%
2011-03-01,income_commitment,23.92,29034,familias,monthly,%
2011-03-01,ipca,0.79,433,macro,monthly,%
2011-03-01,selic,11.25,432,macro,daily,% a.a.
2011-03-02,selic,11.25,432,macro,daily,% a.a.
2011-03-03,selic,11.75,432,macro,daily,% a.a.
2011-03-04,selic,11.75,432,macro,daily,% a.a.
2011-03-05,selic,11.75,432,macro,daily,% a.a.
2011-03-06,selic,11.75,432,macro,daily,% a.a.
2011-03-07,selic,11.75,432,macro,daily,% a.a.
2011-03-08,selic,11.75,432,macro,daily,% a.a.
2011-03-09,selic,11.75,432,macro,daily,% a.a.
2011-03-10,selic,11.75,432,macro,daily,% a.a.
2011-03-11,selic,11.75,432,macro,daily,% a.a.
2011-03-12,selic,11.75,432,macro,daily,% a.a.
2011-03-13,selic,11.75,432,macro,daily,% a.a.
2011-03-14,selic,11.75,432,macro,daily,% a.a.
2011-03-15,selic,11.75,432,macro,daily,% a.a.
2011-03-16,selic,11.75,432,macro,daily,% a.a.
2011-03-17,selic,11.75,432,macro,daily,% a.a.
2011-03-18,selic,11.75,432,macro,daily,% a.a.
2011-03-19,selic,11.75,432,macro,daily,% a.a.
2011-03-20,selic,11.75,432,macro,daily,% a.a.
2011-03-21,selic,11.75,432,macro,daily,% a.a.
2011-03-22,selic,11.75,432,macro,daily,% a.a.
2011-03-23,selic,11.75,432,macro,daily,% a.a.
2011-03-24,selic,11.75,432,macro,daily,% a.a.
2011-03-25,selic,11.75,432,macro,daily,% a.a.
2011-03-26,selic,11.75,432,macro,daily,% a.a.
2011-03-27,selic,11.75,432,macro,daily,% a.a.
2011-03-28,selic,11.75,432,macro,daily,% a.a.
2011-03-29,selic,11.75,432,macro,daily,% a.a.
2011-03-30,selic,11.75,432,macro,daily,% a.a.
2011-03-31,selic,11.75,432,macro,daily,% a.a.
2011-04-01,credit_balance_pf,811662.0,20541,credito,monthly,R$ mi
2011-04-01,credit_balance_pj,971825.0,20540,credito,monthly,R$ mi
2011-04-01,credit_grants_pf,86104.0,20633,credito,monthly,R$ mi
2011-04-01,credit_grants_pj,117618.0,20632,credito,monthly,R$ mi
2011-04-01,credit_interest_pf,2.66,25435,juros,monthly,% a.m.
2011-04-01,credit_interest_pj,1.52,25434,juros,monthly,% a.m.
2011-04-01,delinquency_card,7.65,21129,inadimplencia,monthly,%
2011-04-01,delinquency_personal,4.14,21120,inadimplencia,monthly,%
2011-04-01,delinquency_pf,4.67,21084,inadimplencia,monthly,%
2011-04-01,delinquency_pj,2.04,21083,inadimplencia,monthly,%
2011-04-01,delinquency_revolving,29.18,21127,inadimplencia,monthly,%
2011-04-01,delinquency_vehicle,3.95,21121,inadimplencia,monthly,%
2011-04-01,household_debt,34.9,29037,familias,monthly,%
2011-04-01,household_debt_ex_housing,27.53,29038,familias,monthly,%
2011-04-01,income_commitment,23.84,29034,familias,monthly,%
2011-04-01,ipca,0.77,433,macro,monthly,%
2011-04-01,selic,11.75,432,macro,daily,% a.a.
2011-04-02,selic,11.75,432,macro,daily,% a.a.
2011-04-03,selic,11.75,432,macro,daily,% a.a.
2011-04-04,selic,11.75,432,macro,daily,% a.a.
2011-04-05,selic,11.75,432,macro,daily,% a.a.
2011-04-06,selic,11.75,432,macro,daily,% a.a.
2011-04-07,selic,11.75,432,macro,daily,% a.a.
2011-04-08,selic,11.75,432,macro,daily,% a.a.
2011-04-09,selic,11.75,432,macro,daily,% a.a.
2011-04-10,selic,11.75,432,macro,daily,% a.a.
2011-04-11,selic,11.75,432,macro,daily,% a.a.
2011-04-12,selic,11.75,432,macro,daily,% a.a.
2011-04-13,selic,11.75,432,macro,daily,% a.a.
2011-04-14,selic,11.75,432,macro,daily,% a.a.
2011-04-15,selic,11.75,432,macro,daily,% a.a.
2011-04-16,selic,11.75,432,macro,daily,% a.a.
2011-04-17,selic,11.75,432,macro,daily,% a.a.
2011-04-18,selic,11.75,432,macro,daily,% a.a.
2011-04-19,selic,11.75,432,macro,daily,% a.a.
2011-04-20,selic,11.75,432,macro,daily,% a.a.
2011-04-21,selic,11.75,432,macro,daily,% a.a.
2011-04-22,selic,11.75,432,macro,daily,% a.a.
2011-04-23,selic,11.75,432,macro,daily,% a.a.
2011-04-24,selic,11.75,432,macro,daily,% a.a.
2011-04-25,selic,12.0,432,macro,daily,% a.a.
2011-04-26,selic,12.0,432,macro,daily,% a.a.
2011-04-27,selic,12.0,432,macro,daily,% a.a.
2011-04-28,selic,12.0,432,macro,daily,% a.a.
2011-04-29,selic,12.0,432,macro,daily,% a.a.
2011-04-30,selic,12.0,432,macro,daily,% a.a.
2011-05-01,credit_balance_pf,825658.0,20541,credito,monthly,R$ mi
2011-05-01,credit_balance_pj,986470.0,20540,credito,monthly,R$ mi
2011-05-01,credit_grants_pf,98424.0,20633,credito,monthly,R$ mi
2011-05-01,credit_grants_pj,129405.0,20632,credito,monthly,R$ mi
2011-05-01,credit_interest_pf,2.65,25435,juros,monthly,% a.m.
2011-05-01,credit_interest_pj,1.52,25434,juros,monthly,% a.m.
2011-05-01,delinquency_card,7.91,21129,inadimplencia,monthly,%
2011-05-01,delinquency_personal,4.28,21120,inadimplencia,monthly,%
2011-05-01,delinquency_pf,4.82,21084,inadimplencia,monthly,%
2011-05-01,delinquency_pj,2.15,21083,inadimplencia,monthly,%
2011-05-01,delinquency_revolving,31.8,21127,inadimplencia,monthly,%
2011-05-01,delinquency_vehicle,4.29,21121,inadimplencia,monthly,%
2011-05-01,household_debt,35.11,29037,familias,monthly,%
2011-05-01,household_debt_ex_housing,27.56,29038,familias,monthly,%
2011-05-01,income_commitment,23.77,29034,familias,monthly,%
2011-05-01,ipca,0.47,433,macro,monthly,%
2011-05-01,selic,12.0,432,macro,daily,% a.a.
2011-05-02,selic,12.0,432,macro,daily,% a.a.
2011-05-03,selic,12.0,432,macro,daily,% a.a.
2011-05-04,selic,12.0,432,macro,daily,% a.a.
2011-05-05,selic,12.0,432,macro,daily,% a.a.
2011-05-06,selic,12.0,432,macro,daily,% a.a.
2011-05-07,selic,12.0,432,macro,daily,% a.a.
2011-05-08,selic,12.0,432,macro,daily,% a.a.
2011-05-09,selic,12.0,432,macro,daily,% a.a.
2011-05-10,selic,12.0,432,macro,daily,% a.a.
2011-05-11,selic,12.0,432,macro,daily,% a.a.
2011-05-12,selic,12.0,432,macro,daily,% a.a.
2011-05-13,selic,12.0,432,macro,daily,% a.a.
2011-05-14,selic,12.0,432,macro,daily,% a.a.
2011-05-15,selic,12.0,432,macro,daily,% a.a.
2011-05-16,selic,12.0,432,macro,daily,% a.a.
2011-05-17,selic,12.0,432,macro,daily,% a.a.
2011-05-18,selic,12.0,432,macro,daily,% a.a.
2011-05-19,selic,12.0,432,macro,daily,% a.a.
2011-05-20,selic,12.0,432,macro,daily,% a.a.
2011-05-21,selic,12.0,432,macro,daily,% a.a.
2011-05-22,selic,12.0,432,macro,daily,% a.a.
2011-05-23,selic,12.0,432,macro,daily,% a.a.
2011-05-24,selic,12.0,432,macro,daily,% a.a.
2011-05-25,selic,12.0,432,macro,daily,% a.a.
2011-05-26,selic,12.0,432,macro,daily,% a.a.
2011-05-27,selic,12.0,432,macro,daily,% a.a.
2011-05-28,selic,12.0,432,macro,daily,% a.a.
2011-05-29,selic,12.0,432,macro,daily,% a.a.
2011-05-30,selic,12.0,432,macro,daily,% a.a.
2011-05-31,selic,12.0,432,macro,daily,% a.a.
2011-06-01,credit_balance_pf,838136.0,20541,credito,monthly,R$ mi
2011-06-01,credit_balance_pj,1002021.0,20540,credito,monthly,R$ mi
2011-06-01,credit_grants_pf,97746.0,20633,credito,monthly,R$ mi
2011-06-01,credit_grants_pj,132130.0,20632,credito,monthly,R$ mi
2011-06-01,credit_interest_pf,2.63,25435,juros,monthly,% a.m.
2011-06-01,credit_interest_pj,1.5,25434,juros,monthly,% a.m.
2011-06-01,delinquency_card,7.99,21129,inadimplencia,monthly,%
2011-06-01,delinquency_personal,4.25,21120,inadimplencia,monthly,%
2011-06-01,delinquency_pf,4.79,21084,inadimplencia,monthly,%
2011-06-01,delinquency_pj,2.09,21083,inadimplencia,monthly,%
2011-06-01,delinquency_revolving,32.54,21127,inadimplencia,monthly,%
2011-06-01,delinquency_vehicle,4.49,21121,inadimplencia,monthly,%
2011-06-01,household_debt,35.29,29037,familias,monthly,%
2011-06-01,household_debt_ex_housing,27.55,29038,familias,monthly,%
2011-06-01,income_commitment,23.58,29034,familias,monthly,%
2011-06-01,ipca,0.15,433,macro,monthly,%
2011-06-01,selic,12.0,432,macro,daily,% a.a.
2011-06-02,selic,12.0,432,macro,daily,% a.a.
2011-06-03,selic,12.0,432,macro,daily,% a.a.
2011-06-04,selic,12.0,432,macro,daily,% a.a.
2011-06-05,selic,12.0,432,macro,daily,% a.a.
2011-06-06,selic,12.0,432,macro,daily,% a.a.
2011-06-07,selic,12.0,432,macro,daily,% a.a.
2011-06-08,selic,12.0,432,macro,daily,% a.a.
2011-06-09,selic,12.25,432,macro,daily,% a.a.
2011-06-10,selic,12.25,432,macro,daily,% a.a.
2011-06-11,selic,12.25,432,macro,daily,% a.a.
2011-06-12,selic,12.25,432,macro,daily,% a.a.
2011-06-13,selic,12.25,432,macro,daily,% a.a.
2011-06-14,selic,12.25,432,macro,daily,% a.a.
2011-06-15,selic,12.25,432,macro,daily,% a.a.
2011-06-16,selic,12.25,432,macro,daily,% a.a.
2011-06-17,selic,12.25,432,macro,daily,% a.a.
2011-06-18,selic,12.25,432,macro,daily,% a.a.
2011-06-19,selic,12.25,432,macro,daily,% a.a.
2011-06-20,selic,12.25,432,macro,daily,% a.a.
2011-06-21,selic,12.25,432,macro,daily,% a.a.
2011-06-22,selic,12.25,432,macro,daily,% a.a.
2011-06-23,selic,12.25,432,macro,daily,% a.a.
2011-06-24,selic,12.25,432,macro,daily,% a.a.
2011-06-25,selic,12.25,432,macro,daily,% a.a.
2011-06-26,selic,12.25,432,macro,daily,% a.a.
2011-06-27,selic,12.25,432,macro,daily,% a.a.
2011-06-28,selic,12.25,432,macro,daily,% a.a.
2011-06-29,selic,12.25,432,macro,daily,% a.a.
2011-06-30,selic,12.25,432,macro,daily,% a.a.
2011-07-01,credit_balance_pf,849018.0,20541,credito,monthly,R$ mi
2011-07-01,credit_balance_pj,1012580.0,20540,credito,monthly,R$ mi
2011-07-01,credit_grants_pf,95593.0,20633,credito,monthly,R$ mi
2011-07-01,credit_grants_pj,126754.0,20632,credito,monthly,R$ mi
2011-07-01,credit_interest_pf,2.65,25435,juros,monthly,% a.m.
2011-07-01,credit_interest_pj,1.51,25434,juros,monthly,% a.m.
2011-07-01,delinquency_card,8.46,21129,inadimplencia,monthly,%
2011-07-01,delinquency_personal,4.34,21120,inadimplencia,monthly,%
2011-07-01,delinquency_pf,4.9,21084,inadimplencia,monthly,%
2011-07-01,delinquency_pj,2.18,21083,inadimplencia,monthly,%
2011-07-01,delinquency_revolving,34.73,21127,inadimplencia,monthly,%
2011-07-01,delinquency_vehicle,4.75,21121,inadimplencia,monthly,%
2011-07-01,household_debt,35.37,29037,familias,monthly,%
2011-07-01,household_debt_ex_housing,27.45,29038,familias,monthly,%
2011-07-01,income_commitment,23.49,29034,familias,monthly,%
2011-07-01,ipca,0.16,433,macro,monthly,%
2011-07-01,selic,12.25,432,macro,daily,% a.a.
2011-07-02,selic,12.25,432,macro,daily,% a.a.
2011-07-03,selic,12.25,432,macro,daily,% a.a.
2011-07-04,selic,12.25,432,macro,daily,% a.a.
2011-07-05,selic,12.25,432,macro,daily,% a.a.
2011-07-06,selic,12.25,432,macro,daily,% a.a.
2011-07-07,selic,12.25,432,macro,daily,% a.a.
2011-07-08,selic,12.25,432,macro,daily,% a.a.
2011-07-09,selic,12.25,432,macro,daily,% a.a.
2011-07-10,selic,12.25,432,macro,daily,% a.a.
2011-07-11,selic,12.25,432,macro,daily,% a.a.
2011-07-12,selic,12.25,432,macro,daily,% a.a.
2011-07-13,selic,12.25,432,macro,daily,% a.a.
2011-07-14,selic,12.25,432,macro,daily,% a.a.
2011-07-15,selic,12.25,432,macro,daily,% a.a.
2011-07-16,selic,12.25,432,macro,daily,% a.a.
2011-07-17,selic,12.25,432,macro,daily,% a.a.
2011-07-18,selic,12.25,432,macro,daily,% a.a.
2011-07-19,selic,12.25,432,macro,daily,% a.a.
2011-07-20,selic,12.25,432,macro,daily,% a.a.
2011-07-21,selic,12.5,432,macro,daily,% a.a.
2011-07-22,selic,12.5,432,macro,daily,% a.a.
2011-07-23,selic,12.5,432,macro,daily,% a.a.
2011-07-24,selic,12.5,432,macro,daily,% a.a.
2011-07-25,selic,12.5,432,macro,daily,% a.a.
2011-07-26,selic,12.5,432,macro,daily,% a.a.
2011-07-27,selic,12.5,432,macro,daily,% a.a.
2011-07-28,selic,12.5,432,macro,daily,% a.a.
2011-07-29,selic,12.5,432,macro,daily,% a.a.
2011-07-30,selic,12.5,432,macro,daily,% a.a.
2011-07-31,selic,12.5,432,macro,daily,% a.a.
2011-08-01,credit_balance_pf,869039.0,20541,credito,monthly,R$ mi
2011-08-01,credit_balance_pj,1025674.0,20540,credito,monthly,R$ mi
2011-08-01,credit_grants_pf,107054.0,20633,credito,monthly,R$ mi
2011-08-01,credit_grants_pj,142386.0,20632,credito,monthly,R$ mi
2011-08-01,credit_interest_pf,2.6,25435,juros,monthly,% a.m.
2011-08-01,credit_interest_pj,1.47,25434,juros,monthly,% a.m.
2011-08-01,delinquency_card,8.82,21129,inadimplencia,monthly,%
2011-08-01,delinquency_personal,4.43,21120,inadimplencia,monthly,%
2011-08-01,delinquency_pf,4.97,21084,inadimplencia,monthly,%
2011-08-01,delinquency_pj,2.15,21083,inadimplencia,monthly,%
2011-08-01,delinquency_revolving,37.06,21127,inadimplencia,monthly,%
2011-08-01,delinquency_vehicle,5.0,21121,inadimplencia,monthly,%
2011-08-01,household_debt,35.98,29037,familias,monthly,%
2011-08-01,household_debt_ex_housing,27.68,29038,familias,monthly,%
2011-08-01,income_commitment,23.7,29034,familias,monthly,%
2011-08-01,ipca,0.37,433,macro,monthly,%
2011-08-01,selic,12.5,432,macro,daily,% a.a.
2011-08-02,selic,12.5,432,macro,daily,% a.a.
2011-08-03,selic,12.5,432,macro,daily,% a.a.
2011-08-04,selic,12.5,432,macro,daily,% a.a.
2011-08-05,selic,12.5,432,macro,daily,% a.a.
2011-08-06,selic,12.5,432,macro,daily,% a.a.
2011-08-07,selic,12.5,432,macro,daily,% a.a.
2011-08-08,selic,12.5,432,macro,daily,% a.a.
2011-08-09,selic,12.5,432,macro,daily,% a.a.
2011-08-10,selic,12.5,432,macro,daily,% a.a.
2011-08-11,selic,12.5,432,macro,daily,% a.a.
2011-08-12,selic,12.5,432,macro,daily,% a.a.
2011-08-13,selic,12.5,432,macro,daily,% a.a.
2011-08-14,selic,12.5,432,macro,daily,% a.a.
2011-08-15,selic,12.5,432,macro,daily,% a.a.
2011-08-16,selic,12.5,432,macro,daily,% a.a.
2011-08-17,selic,12.5,432,macro,daily,% a.a.
2011-08-18,selic,12.5,432,macro,daily,% a.a.
2011-08-19,selic,12.5,432,macro,daily,% a.a.
2011-08-20,selic,12.5,432,macro,daily,% a.a.
2011-08-21,selic,12.5,432,macro,daily,% a.a.
2011-08-22,selic,12.5,432,macro,daily,% a.a.
2011-08-23,selic,12.5,432,macro,daily,% a.a.
2011-08-24,selic,12.5,432,macro,daily,% a.a.
2011-08-25,selic,12.5,432,macro,daily,% a.a.
2011-08-26,selic,12.5,432,macro,daily,% a.a.
2011-08-27,selic,12.5,432,macro,daily,% a.a.
2011-08-28,selic,12.5,432,macro,daily,% a.a.
2011-08-29,selic,12.5,432,macro,daily,% a.a.
2011-08-30,selic,12.5,432,macro,daily,% a.a.
2011-08-31,selic,12.5,432,macro,daily,% a.a.
2011-09-01,credit_balance_pf,881931.0,20541,credito,monthly,R$ mi
2011-09-01,credit_balance_pj,1053850.0,20540,credito,monthly,R$ mi
2011-09-01,credit_grants_pf,102395.0,20633,credito,monthly,R$ mi
2011-09-01,credit_grants_pj,130645.0,20632,credito,monthly,R$ mi
2011-09-01,credit_interest_pf,2.61,25435,juros,monthly,% a.m.
2011-09-01,credit_interest_pj,1.47,25434,juros,monthly,% a.m.
2011-09-01,delinquency_card,8.89,21129,inadimplencia,monthly,%
2011-09-01,delinquency_personal,4.47,21120,inadimplencia,monthly,%
2011-09-01,delinquency_pf,5.03,21084,inadimplencia,monthly,%
2011-09-01,delinquency_pj,2.14,21083,inadimplencia,monthly,%
2011-09-01,delinquency_revolving,36.47,21127,inadimplencia,monthly,%
2011-09-01,delinquency_vehicle,5.23,21121,inadimplencia,monthly,%
2011-09-01,household_debt,36.27,29037,familias,monthly,%
2011-09-01,household_debt_ex_housing,27.86,29038,familias,monthly,%
2011-09-01,income_commitment,24.2,29034,familias,monthly,%
2011-09-01,ipca,0.53,433,macro,monthly,%
2011-09-01,selic,12.0,432,macro,daily,% a.a.
2011-09-02,selic,12.0,432,macro,daily,% a.a.
2011-09-03,selic,12.0,432,macro,daily,% a.a.
2011-09-04,selic,12.0,432,macro,daily,% a.a.
2011-09-05,selic,12.0,432,macro,daily,% a.a.
2011-09-06,selic,12.0,432,macro,daily,% a.a.
2011-09-07,selic,12.0,432,macro,daily,% a.a.
2011-09-08,selic,12.0,432,macro,daily,% a.a.
2011-09-09,selic,12.0,432,macro,daily,% a.a.
2011-09-10,selic,12.0,432,macro,daily,% a.a.
2011-09-11,selic,12.0,432,macro,daily,% a.a.
2011-09-12,selic,12.0,432,macro,daily,% a.a.
2011-09-13,selic,12.0,432,macro,daily,% a.a.
2011-09-14,selic,12.0,432,macro,daily,% a.a.
2011-09-15,selic,12.0,432,macro,daily,% a.a.
2011-09-16,selic,12.0,432,macro,daily,% a.a.
2011-09-17,selic,12.0,432,macro,daily,% a.a.
2011-09-18,selic,12.0,432,macro,daily,% a.a.
2011-09-19,selic,12.0,432,macro,daily,% a.a.
2011-09-20,selic,12.0,432,macro,daily,% a.a.
2011-09-21,selic,12.0,432,macro,daily,% a.a.
2011-09-22,selic,12.0,432,macro,daily,% a.a.
2011-09-23,selic,12.0,432,macro,daily,% a.a.
2011-09-24,selic,12.0,432,macro,daily,% a.a.
2011-09-25,selic,12.0,432,macro,daily,% a.a.
2011-09-26,selic,12.0,432,macro,daily,% a.a.
2011-09-27,selic,12.0,432,macro,daily,% a.a.
2011-09-28,selic,12.0,432,macro,daily,% a.a.
2011-09-29,selic,12.0,432,macro,daily,% a.a.
2011-09-30,selic,12.0,432,macro,daily,% a.a.
2011-10-01,credit_balance_pf,893987.0,20541,credito,monthly,R$ mi
2011-10-01,credit_balance_pj,1056671.0,20540,credito,monthly,R$ mi
2011-10-01,credit_grants_pf,98285.0,20633,credito,monthly,R$ mi
2011-10-01,credit_grants_pj,124212.0,20632,credito,monthly,R$ mi
2011-10-01,credit_interest_pf,2.65,25435,juros,monthly,% a.m.
2011-10-01,credit_interest_pj,1.45,25434,juros,monthly,% a.m.
2011-10-01,delinquency_card,8.78,21129,inadimplencia,monthly,%
2011-10-01,delinquency_personal,4.61,21120,inadimplencia,monthly,%
2011-10-01,delinquency_pf,5.17,21084,inadimplencia,monthly,%
2011-10-01,delinquency_pj,2.23,21083,inadimplencia,monthly,%
2011-10-01,delinquency_revolving,36.23,21127,inadimplencia,monthly,%
2011-10-01,delinquency_vehicle,5.55,21121,inadimplencia,monthly,%
2011-10-01,household_debt,36.45,29037,familias,monthly,%
2011-10-01,household_debt_ex_housing,27.89,29038,familias,monthly,%
2011-10-01,income_commitment,24.67,29034,familias,monthly,%
2011-10-01,ipca,0.43,433,macro,monthly,%
2011-10-01,selic,12.0,432,macro,daily,% a.a.
2011-10-02,selic,12.0,432,macro,daily,% a.a.
2011-10-03,selic,12.0,432,macro,daily,% a.a.
2011-10-04,selic,12.0,432,macro,daily,% a.a.
2011-10-05,selic,12.0,432,macro,daily,% a.a.
2011-10-06,selic,12.0,432,macro,daily,% a.a.
2011-10-07,selic,12.0,432,macro,daily,% a.a.
2011-10-08,selic,12.0,432,macro,daily,% a.a.
2011-10-09,selic,12.0,432,macro,daily,% a.a.
2011-10-10,selic,12.0,432,macro,daily,% a.a.
2011-10-11,selic,12.0,432,macro,daily,% a.a.
2011-10-12,selic,12.0,432,macro,daily,% a.a.
2011-10-13,selic,12.0,432,macro,daily,% a.a.
2011-10-14,selic,12.0,432,macro,daily,% a.a.
2011-10-15,selic,12.0,432,macro,daily,% a.a.
2011-10-16,selic,12.0,432,macro,daily,% a.a.
2011-10-17,selic,12.0,432,macro,daily,% a.a.
2011-10-18,selic,12.0,432,macro,daily,% a.a.
2011-10-19,selic,12.0,432,macro,daily,% a.a.
2011-10-20,selic,11.5,432,macro,daily,% a.a.
2011-10-21,selic,11.5,432,macro,daily,% a.a.
2011-10-22,selic,11.5,432,macro,daily,% a.a.
2011-10-23,selic,11.5,432,macro,daily,% a.a.
2011-10-24,selic,11.5,432,macro,daily,% a.a.
2011-10-25,selic,11.5,432,macro,daily,% a.a.
2011-10-26,selic,11.5,432,macro,daily,% a.a.
2011-10-27,selic,11.5,432,macro,daily,% a.a.
2011-10-28,selic,11.5,432,macro,daily,% a.a.
2011-10-29,selic,11.5,432,macro,daily,% a.a.
2011-10-30,selic,11.5,432,macro,daily,% a.a.
2011-10-31,selic,11.5,432,macro,daily,% a.a.
2011-11-01,credit_balance_pf,908586.0,20541,credito,monthly,R$ mi
2011-11-01,credit_balance_pj,1080026.0,20540,credito,monthly,R$ mi
2011-11-01,credit_grants_pf,103843.0,20633,credito,monthly,R$ mi
2011-11-01,credit_grants_pj,137630.0,20632,credito,monthly,R$ mi
2011-11-01,credit_interest_pf,2.58,25435,juros,monthly,% a.m.
2011-11-01,credit_interest_pj,1.42,25434,juros,monthly,% a.m.
2011-11-01,delinquency_card,8.86,21129,inadimplencia,monthly,%
2011-11-01,delinquency_personal,4.67,21120,inadimplencia,monthly,%
2011-11-01,delinquency_pf,5.22,21084,inadimplencia,monthly,%
2011-11-01,delinquency_pj,2.2,21083,inadimplencia,monthly,%
2011-11-01,delinquency_revolving,36.87,21127,inadimplencia,monthly,%
2011-11-01,delinquency_vehicle,5.79,21121,inadimplencia,monthly,%
2011-11-01,household_debt,36.5,29037,familias,monthly,%
2011-11-01,household_debt_ex_housing,27.81,29038,familias,monthly,%
2011-11-01,income_commitment,24.62,29034,familias,monthly,%
2011-11-01,ipca,0.52,433,macro,monthly,%
2011-11-01,selic,11.5,432,macro,daily,% a.a.
2011-11-02,selic,11.5,432,macro,daily,% a.a.
2011-11-03,selic,11.5,432,macro,daily,% a.a.
2011-11-04,selic,11.5,432,macro,daily,% a.a.
2011-11-05,selic,11.5,432,macro,daily,% a.a.
2011-11-06,selic,11.5,432,macro,daily,% a.a.
2011-11-07,selic,11.5,432,macro,daily,% a.a.
2011-11-08,selic,11.5,432,macro,daily,% a.a.
2011-11-09,selic,11.5,432,macro,daily,% a.a.
2011-11-10,selic,11.5,432,macro,daily,% a.a.
2011-11-11,selic,11.5,432,macro,daily,% a.a.
2011-11-12,selic,11.5,432,macro,daily,% a.a.
2011-11-13,selic,11.5,432,macro,daily,% a.a.
2011-11-14,selic,11.5,432,macro,daily,% a.a.
2011-11-15,selic,11.5,432,macro,daily,% a.a.
2011-11-16,selic,11.5,432,macro,daily,% a.a.
2011-11-17,selic,11.5,432,macro,daily,% a.a.
2011-11-18,selic,11.5,432,macro,daily,% a.a.
2011-11-19,selic,11.5,432,macro,daily,% a.a.
2011-11-20,selic,11.5,432,macro,daily,% a.a.
2011-11-21,selic,11.5,432,macro,daily,% a.a.
2011-11-22,selic,11.5,432,macro,daily,% a.a.
2011-11-23,selic,11.5,432,macro,daily,% a.a.
2011-11-24,selic,11.5,432,macro,daily,% a.a.
2011-11-25,selic,11.5,432,macro,daily,% a.a.
2011-11-26,selic,11.5,432,macro,daily,% a.a.
2011-11-27,selic,11.5,432,macro,daily,% a.a.
2011-11-28,selic,11.5,432,macro,daily,% a.a.
2011-11-29,selic,11.5,432,macro,daily,% a.a.
2011-11-30,selic,11.5,432,macro,daily,% a.a.
2011-12-01,credit_balance_pf,921598.0,20541,credito,monthly,R$ mi
2011-12-01,credit_balance_pj,1112355.0,20540,credito,monthly,R$ mi
2011-12-01,credit_grants_pf,110083.0,20633,credito,monthly,R$ mi
2011-12-01,credit_grants_pj,159451.0,20632,credito,monthly,R$ mi
2011-12-01,credit_interest_pf,2.47,25435,juros,monthly,% a.m.
2011-12-01,credit_interest_pj,1.4,25434,juros,monthly,% a.m.
2011-12-01,delinquency_card,8.54,21129,inadimplencia,monthly,%
2011-12-01,delinquency_personal,4.75,21120,inadimplencia,monthly,%
2011-12-01,delinquency_pf,5.22,21084,inadimplencia,monthly,%
2011-12-01,delinquency_pj,2.15,21083,inadimplencia,monthly,%
2011-12-01,delinquency_revolving,38.97,21127,inadimplencia,monthly,%
2011-12-01,delinquency_vehicle,5.98,21121,inadimplencia,monthly,%
2011-12-01,household_debt,36.56,29037,familias,monthly,%
2011-12-01,household_debt_ex_housing,27.73,29038,familias,monthly,%
2011-12-01,income_commitment,24.58,29034,familias,monthly,%
2011-12-01,ipca,0.5,433,macro,monthly,%
2011-12-01,selic,11.0,432,macro,daily,% a.a.
2011-12-02,selic,11.0,432,macro,daily,% a.a.
2011-12-03,selic,11.0,432,macro,daily,% a.a.
2011-12-04,selic,11.0,432,macro,daily,% a.a.
2011-12-05,selic,11.0,432,macro,daily,% a.a.
2011-12-06,selic,11.0,432,macro,daily,% a.a.
2011-12-07,selic,11.0,432,macro,daily,% a.a.
2011-12-08,selic,11.0,432,macro,daily,% a.a.
2011-12-09,selic,11.0,432,macro,daily,% a.a.
2011-12-10,selic,11.0,432,macro,daily,% a.a.
2011-12-11,selic,11.0,432,macro,daily,% a.a.
2011-12-12,selic,11.0,432,macro,daily,% a.a.
2011-12-13,selic,11.0,432,macro,daily,% a.a.
2011-12-14,selic,11.0,432,macro,daily,% a.a.
2011-12-15,selic,11.0,432,macro,daily,% a.a.
2011-12-16,selic,11.0,432,macro,daily,% a.a.
2011-12-17,selic,11.0,432,macro,daily,% a.a.
2011-12-18,selic,11.0,432,macro,daily,% a.a.
2011-12-19,selic,11.0,432,macro,daily,% a.a.
2011-12-20,selic,11.0,432,macro,daily,% a.a.
2011-12-21,selic,11.0,432,macro,daily,% a.a.
2011-12-22,selic,11.0,432,macro,daily,% a.a.
2011-12-23,selic,11.0,432,macro,daily,% a.a.
2011-12-24,selic,11.0,432,macro,daily,% a.a.
2011-12-25,selic,11.0,432,macro,daily,% a.a.
2011-12-26,selic,11.0,432,macro,daily,% a.a.
2011-12-27,selic,11.0,432,macro,daily,% a.a.
2011-12-28,selic,11.0,432,macro,daily,% a.a.
2011-12-29,selic,11.0,432,macro,daily,% a.a.
2011-12-30,selic,11.0,432,macro,daily,% a.a.
2011-12-31,selic,11.0,432,macro,daily,% a.a.
2012-01-01,credit_balance_pf,934121.0,20541,credito,monthly,R$ mi
2012-01-01,credit_balance_pj,1099064.0,20540,credito,monthly,R$ mi
2012-01-01,credit_grants_pf,98134.0,20633,credito,monthly,R$ mi
2012-01-01,credit_grants_pj,116230.0,20632,credito,monthly,R$ mi
2012-01-01,credit_interest_pf,2.53,25435,juros,monthly,% a.m.
2012-01-01,credit_interest_pj,1.46,25434,juros,monthly,% a.m.
2012-01-01,delinquency_card,8.74,21129,inadimplencia,monthly,%
2012-01-01,delinquency_personal,4.85,21120,inadimplencia,monthly,%
2012-01-01,delinquency_pf,5.36,21084,inadimplencia,monthly,%
2012-01-01,delinquency_pj,2.22,21083,inadimplencia,monthly,%
2012-01-01,delinquency_revolving,38.27,21127,inadimplencia,monthly,%
2012-01-01,delinquency_vehicle,6.26,21121,inadimplencia,monthly,%
2012-01-01,household_debt,36.79,29037,familias,monthly,%
2012-01-01,household_debt_ex_housing,27.81,29038,familias,monthly,%
2012-01-01,income_commitment,24.54,29034,familias,monthly,%
2012-01-01,ipca,0.56,433,macro,monthly,%
2012-01-01,selic,11.0,432,macro,daily,% a.a.
2012-01-02,selic,11.0,432,macro,daily,% a.a.
2012-01-03,selic,11.0,432,macro,daily,% a.a.
2012-01-04,selic,11.0,432,macro,daily,% a.a.
2012-01-05,selic,11.0,432,macro,daily,% a.a.
2012-01-06,selic,11.0,432,macro,daily,% a.a.
2012-01-07,selic,11.0,432,macro,daily,% a.a.
2012-01-08,selic,11.0,432,macro,daily,% a.a.
2012-01-09,selic,11.0,432,macro,daily,% a.a.
2012-01-10,selic,11.0,432,macro,daily,% a.a.
2012-01-11,selic,11.0,432,macro,daily,% a.a.
2012-01-12,selic,11.0,432,macro,daily,% a.a.
2012-01-13,selic,11.0,432,macro,daily,% a.a.
2012-01-14,selic,11.0,432,macro,daily,% a.a.
2012-01-15,selic,11.0,432,macro,daily,% a.a.
2012-01-16,selic,11.0,432,macro,daily,% a.a.
2012-01-17,selic,11.0,432,macro,daily,% a.a.
2012-01-18,selic,11.0,432,macro,daily,% a.a.
2012-01-19,selic,10.5,432,macro,daily,% a.a.
2012-01-20,selic,10.5,432,macro,daily,% a.a.
2012-01-21,selic,10.5,432,macro,daily,% a.a.
2012-01-22,selic,10.5,432,macro,daily,% a.a.
2012-01-23,selic,10.5,432,macro,daily,% a.a.
2012-01-24,selic,10.5,432,macro,daily,% a.a.
2012-01-25,selic,10.5,432,macro,daily,% a.a.
2012-01-26,selic,10.5,432,macro,daily,% a.a.
2012-01-27,selic,10.5,432,macro,daily,% a.a.
2012-01-28,selic,10.5,432,macro,daily,% a.a.
2012-01-29,selic,10.5,432,macro,daily,% a.a.
2012-01-30,selic,10.5,432,macro,daily,% a.a.
2012-01-31,selic,10.5,432,macro,daily,% a.a.
2012-02-01,credit_balance_pf,941121.0,20541,credito,monthly,R$ mi
2012-02-01,credit_balance_pj,1099920.0,20540,credito,monthly,R$ mi
2012-02-01,credit_grants_pf,92539.0,20633,credito,monthly,R$ mi
2012-02-01,credit_grants_pj,111611.0,20632,credito,monthly,R$ mi
2012-02-01,credit_interest_pf,2.55,25435,juros,monthly,% a.m.
2012-02-01,credit_interest_pj,1.45,25434,juros,monthly,% a.m.
2012-02-01,delinquency_card,8.79,21129,inadimplencia,monthly,%
2012-02-01,delinquency_personal,4.78,21120,inadimplencia,monthly,%
2012-02-01,delinquency_pf,5.4,21084,inadimplencia,monthly,%
2012-02-01,delinquency_pj,2.27,21083,inadimplencia,monthly,%
2012-02-01,delinquency_revolving,36.41,21127,inadimplencia,monthly,%
2012-02-01,delinquency_vehicle,6.57,21121,inadimplencia,monthly,%
2012-02-01,household_debt,36.78,29037,familias,monthly,%
2012-02-01,household_debt_ex_housing,27.7,29038,familias,monthly,%
2012-02-01,income_commitment,24.49,29034,familias,monthly,%
2012-02-01,ipca,0.45,433,macro,monthly,%
2012-02-01,selic,10.5,432,macro,daily,% a.a.
2012-02-02,selic,10.5,432,macro,daily,% a.a.
2012-02-03,selic,10.5,432,macro,daily,% a.a.
2012-02-04,selic,10.5,432,macro,daily,% a.a.
2012-02-05,selic,10.5,432,macro,daily,% a.a.
2012-02-06,selic,10.5,432,macro,daily,% a.a.
2012-02-07,selic,10.5,432,macro,daily,% a.a.
2012-02-08,selic,10.5,432,macro,daily,% a.a.
2012-02-09,selic,10.5,432,macro,daily,% a.a.
2012-02-10,selic,10.5,432,macro,daily,% a.a.
2012-02-11,selic,10.5,432,macro,daily,% a.a.
2012-02-12,selic,10.5,432,macro,daily,% a.a.
2012-02-13,selic,10.5,432,macro,daily,% a.a.
2012-02-14,selic,10.5,432,macro,daily,% a.a.
2012-02-15,selic,10.5,432,macro,daily,% a.a.
2012-02-16,selic,10.5,432,macro,daily,% a.a.
2012-02-17,selic,10.5,432,macro,daily,% a.a.
2012-02-18,selic,10.5,432,macro,daily,% a.a.
2012-02-19,selic,10.5,432,macro,daily,% a.a.
2012-02-20,selic,10.5,432,macro,daily,% a.a.
2012-02-21,selic,10.5,432,macro,daily,% a.a.
2012-02-22,selic,10.5,432,macro,daily,% a.a.
2012-02-23,selic,10.5,432,macro,daily,% a.a.
2012-02-24,selic,10.5,432,macro,daily,% a.a.
2012-02-25,selic,10.5,432,macro,daily,% a.a.
2012-02-26,selic,10.5,432,macro,daily,% a.a.
2012-02-27,selic,10.5,432,macro,daily,% a.a.
2012-02-28,selic,10.5,432,macro,daily,% a.a.
2012-02-29,selic,10.5,432,macro,daily,% a.a.
2012-03-01,credit_balance_pf,953171.0,20541,credito,monthly,R$ mi
2012-03-01,credit_balance_pj,1125741.0,20540,credito,monthly,R$ mi
2012-03-01,credit_grants_pf,102544.0,20633,credito,monthly,R$ mi
2012-03-01,credit_grants_pj,139145.0,20632,credito,monthly,R$ mi
2012-03-01,credit_interest_pf,2.53,25435,juros,monthly,% a.m.
2012-03-01,credit_interest_pj,1.42,25434,juros,monthly,% a.m.
2012-03-01,delinquency_card,8.7,21129,inadimplencia,monthly,%
2012-03-01,delinquency_personal,4.56,21120,inadimplencia,monthly,%
2012-03-01,delinquency_pf,5.36,21084,inadimplencia,monthly,%
2012-03-01,delinquency_pj,2.24,21083,inadimplencia,monthly,%
2012-03-01,delinquency_revolving,36.46,21127,inadimplencia,monthly,%
2012-03-01,delinquency_vehicle,6.69,21121,inadimplencia,monthly,%
2012-03-01,household_debt,36.87,29037,familias,monthly,%
2012-03-01,household_debt_ex_housing,27.6,29038,familias,monthly,%
2012-03-01,income_commitment,24.54,29034,familias,monthly,%
2012-03-01,ipca,0.21,433,macro,monthly,%
2012-03-01,real_income,7613.0,24380,macro,monthly,R$
2012-03-01,selic,10.5,432,macro,daily,% a.a.
2012-03-01,unemployment,8.0,24369,macro,monthly,%
2012-03-02,selic,10.5,432,macro,daily,% a.a.
2012-03-03,selic,10.5,432,macro,daily,% a.a.
2012-03-04,selic,10.5,432,macro,daily,% a.a.
2012-03-05,selic,10.5,432,macro,daily,% a.a.
2012-03-06,selic,10.5,432,macro,daily,% a.a.
2012-03-07,selic,10.5,432,macro,daily,% a.a.
2012-03-08,selic,9.75,432,macro,daily,% a.a.
2012-03-09,selic,9.75,432,macro,daily,% a.a.
2012-03-10,selic,9.75,432,macro,daily,% a.a.
2012-03-11,selic,9.75,432,macro,daily,% a.a.
2012-03-12,selic,9.75,432,macro,daily,% a.a.
2012-03-13,selic,9.75,432,macro,daily,% a.a.
2012-03-14,selic,9.75,432,macro,daily,% a.a.
2012-03-15,selic,9.75,432,macro,daily,% a.a.
2012-03-16,selic,9.75,432,macro,daily,% a.a.
2012-03-17,selic,9.75,432,macro,daily,% a.a.
2012-03-18,selic,9.75,432,macro,daily,% a.a.
2012-03-19,selic,9.75,432,macro,daily,% a.a.
2012-03-20,selic,9.75,432,macro,daily,% a.a.
2012-03-21,selic,9.75,432,macro,daily,% a.a.
2012-03-22,selic,9.75,432,macro,daily,% a.a.
2012-03-23,selic,9.75,432,macro,daily,% a.a.
2012-03-24,selic,9.75,432,macro,daily,% a.a.
2012-03-25,selic,9.75,432,macro,daily,% a.a.
2012-03-26,selic,9.75,432,macro,daily,% a.a.
2012-03-27,selic,9.75,432,macro,daily,% a.a.
2012-03-28,selic,9.75,432,macro,daily,% a.a.
2012-03-29,selic,9.75,432,macro,daily,% a.a.
2012-03-30,selic,9.75,432,macro,daily,% a.a.
2012-03-31,selic,9.75,432,macro,daily,% a.a.
2012-04-01,credit_balance_pf,964854.0,20541,credito,monthly,R$ mi
2012-04-01,credit_balance_pj,1141731.0,20540,credito,monthly,R$ mi
2012-04-01,credit_grants_pf,100869.0,20633,credito,monthly,R$ mi
2012-04-01,credit_grants_pj,131809.0,20632,credito,monthly,R$ mi
2012-04-01,credit_interest_pf,2.49,25435,juros,monthly,% a.m.
2012-04-01,credit_interest_pj,1.39,25434,juros,monthly,% a.m.
2012-04-01,delinquency_card,8.68,21129,inadimplencia,monthly,%
2012-04-01,delinquency_personal,4.65,21120,inadimplencia,monthly,%
2012-04-01,delinquency_pf,5.41,21084,inadimplencia,monthly,%
2012-04-01,delinquency_pj,2.37,21083,inadimplencia,monthly,%
2012-04-01,delinquency_revolving,35.9,21127,inadimplencia,monthly,%
2012-04-01,delinquency_vehicle,6.98,21121,inadimplencia,monthly,%
2012-04-01,household_debt,36.99,29037,familias,monthly,%
2012-04-01,household_debt_ex_housing,27.58,29038,familias,monthly,%
2012-04-01,income_commitment,24.47,29034,familias,monthly,%
2012-04-01,ipca,0.64,433,macro,monthly,%
2012-04-01,real_income,7493.0,24380,macro,monthly,R$
2012-04-01,selic,9.75,432,macro,daily,% a.a.
2012-04-01,unemployment,7.8,24369,macro,monthly,%
2012-04-02,selic,9.75,432,macro,daily,% a.a.
2012-04-03,selic,9.75,432,macro,daily,% a.a.
2012-04-04,selic,9.75,432,macro,daily,% a.a.
2012-04-05,selic,9.75,432,macro,daily,% a.a.
2012-04-06,selic,9.75,432,macro,daily,% a.a.
2012-04-07,selic,9.75,432,macro,daily,% a.a.
2012-04-08,selic,9.75,432,macro,daily,% a.a.
2012-04-09,selic,9.75,432,macro,daily,% a.a.
2012-04-10,selic,9.75,432,macro,daily,% a.a.
2012-04-11,selic,9.75,432,macro,daily,% a.a.
2012-04-12,selic,9.75,432,macro,daily,% a.a.
2012-04-13,selic,9.75,432,macro,daily,% a.a.
2012-04-14,selic,9.75,432,macro,daily,% a.a.
2012-04-15,selic,9.75,432,macro,daily,% a.a.
2012-04-16,selic,9.75,432,macro,daily,% a.a.
2012-04-17,selic,9.75,432,macro,daily,% a.a.
2012-04-18,selic,9.75,432,macro,daily,% a.a.
2012-04-19,selic,9.0,432,macro,daily,% a.a.
2012-04-20,selic,9.0,432,macro,daily,% a.a.
2012-04-21,selic,9.0,432,macro,daily,% a.a.
2012-04-22,selic,9.0,432,macro,daily,% a.a.
2012-04-23,selic,9.0,432,macro,daily,% a.a.
2012-04-24,selic,9.0,432,macro,daily,% a.a.
2012-04-25,selic,9.0,432,macro,daily,% a.a.
2012-04-26,selic,9.0,432,macro,daily,% a.a.
2012-04-27,selic,9.0,432,macro,daily,% a.a.
2012-04-28,selic,9.0,432,macro,daily,% a.a.
2012-04-29,selic,9.0,432,macro,daily,% a.a.
2012-04-30,selic,9.0,432,macro,daily,% a.a.
2012-05-01,credit_balance_pf,980828.0,20541,credito,monthly,R$ mi
2012-05-01,credit_balance_pj,1161233.0,20540,credito,monthly,R$ mi
2012-05-01,credit_grants_pf,110556.0,20633,credito,monthly,R$ mi
2012-05-01,credit_grants_pj,145295.0,20632,credito,monthly,R$ mi
2012-05-01,credit_interest_pf,2.36,25435,juros,monthly,% a.m.
2012-05-01,credit_interest_pj,1.3,25434,juros,monthly,% a.m.
2012-05-01,delinquency_card,8.68,21129,inadimplencia,monthly,%
2012-05-01,delinquency_personal,4.78,21120,inadimplencia,monthly,%
2012-05-01,delinquency_pf,5.51,21084,inadimplencia,monthly,%
2012-05-01,delinquency_pj,2.29,21083,inadimplencia,monthly,%
2012-05-01,delinquency_revolving,36.97,21127,inadimplencia,monthly,%
2012-05-01,delinquency_vehicle,7.19,21121,inadimplencia,monthly,%
2012-05-01,household_debt,37.21,29037,familias,monthly,%
2012-05-01,household_debt_ex_housing,27.65,29038,familias,monthly,%
2012-05-01,income_commitment,24.53,29034,familias,monthly,%
2012-05-01,ipca,0.36,433,macro,monthly,%
2012-05-01,real_income,7403.0,24380,macro,monthly,R$
2012-05-01,selic,9.0,432,macro,daily,% a.a.
2012-05-01,unemployment,7.7,24369,macro,monthly,%
2012-05-02,selic,9.0,432,macro,daily,% a.a.
2012-05-03,selic,9.0,432,macro,daily,% a.a.
2012-05-04,selic,9.0,432,macro,daily,% a.a.
2012-05-05,selic,9.0,432,macro,daily,% a.a.
2012-05-06,selic,9.0,432,macro,daily,% a.a.
2012-05-07,selic,9.0,432,macro,daily,% a.a.
2012-05-08,selic,9.0,432,macro,daily,% a.a.
2012-05-09,selic,9.0,432,macro,daily,% a.a.
2012-05-10,selic,9.0,432,macro,daily,% a.a.
2012-05-11,selic,9.0,432,macro,daily,% a.a.
2012-05-12,selic,9.0,432,macro,daily,% a.a.
2012-05-13,selic,9.0,432,macro,daily,% a.a.
2012-05-14,selic,9.0,432,macro,daily,% a.a.
2012-05-15,selic,9.0,432,macro,daily,% a.a.
2012-05-16,selic,9.0,432,macro,daily,% a.a.
2012-05-17,selic,9.0,432,macro,daily,% a.a.
2012-05-18,selic,9.0,432,macro,daily,% a.a.
2012-05-19,selic,9.0,432,macro,daily,% a.a.
2012-05-20,selic,9.0,432,macro,daily,% a.a.
2012-05-21,selic,9.0,432,macro,daily,% a.a.
2012-05-22,selic,9.0,432,macro,daily,% a.a.
2012-05-23,selic,9.0,432,macro,daily,% a.a.
2012-05-24,selic,9.0,432,macro,daily,% a.a.
2012-05-25,selic,9.0,432,macro,daily,% a.a.
2012-05-26,selic,9.0,432,macro,daily,% a.a.
2012-05-27,selic,9.0,432,macro,daily,% a.a.
2012-05-28,selic,9.0,432,macro,daily,% a.a.
2012-05-29,selic,9.0,432,macro,daily,% a.a.
2012-05-30,selic,9.0,432,macro,daily,% a.a.
2012-05-31,selic,8.5,432,macro,daily,% a.a.
2012-06-01,credit_balance_pf,994137.0,20541,credito,monthly,R$ mi
2012-06-01,credit_balance_pj,1180998.0,20540,credito,monthly,R$ mi
2012-06-01,credit_grants_pf,102693.0,20633,credito,monthly,R$ mi
2012-06-01,credit_grants_pj,141554.0,20632,credito,monthly,R$ mi
2012-06-01,credit_interest_pf,2.31,25435,juros,monthly,% a.m.
2012-06-01,credit_interest_pj,1.25,25434,juros,monthly,% a.m.
2012-06-01,delinquency_card,8.68,21129,inadimplencia,monthly,%
2012-06-01,delinquency_personal,4.74,21120,inadimplencia,monthly,%
2012-06-01,delinquency_pf,5.43,21084,inadimplencia,monthly,%
2012-06-01,delinquency_pj,2.27,21083,inadimplencia,monthly,%
2012-06-01,delinquency_revolving,36.61,21127,inadimplencia,monthly,%
2012-06-01,delinquency_vehicle,7.23,21121,inadimplencia,monthly,%
2012-06-01,household_debt,37.42,29037,familias,monthly,%
2012-06-01,household_debt_ex_housing,27.65,29038,familias,monthly,%
2012-06-01,income_commitment,24.38,29034,familias,monthly,%
2012-06-01,ipca,0.08,433,macro,monthly,%
2012-06-01,real_income,7319.0,24380,macro,monthly,R$
2012-06-01,selic,8.5,432,macro,daily,% a.a.
2012-06-01,unemployment,7.6,24369,macro,monthly,%
2012-06-02,selic,8.5,432,macro,daily,% a.a.
2012-06-03,selic,8.5,432,macro,daily,% a.a.
2012-06-04,selic,8.5,432,macro,daily,% a.a.
2012-06-05,selic,8.5,432,macro,daily,% a.a.
2012-06-06,selic,8.5,432,macro,daily,% a.a.
2012-06-07,selic,8.5,432,macro,daily,% a.a.
2012-06-08,selic,8.5,432,macro,daily,% a.a.
2012-06-09,selic,8.5,432,macro,daily,% a.a.
2012-06-10,selic,8.5,432,macro,daily,% a.a.
2012-06-11,selic,8.5,432,macro,daily,% a.a.
2012-06-12,selic,8.5,432,macro,daily,% a.a.
2012-06-13,selic,8.5,432,macro,daily,% a.a.
2012-06-14,selic,8.5,432,macro,daily,% a.a.
2012-06-15,selic,8.5,432,macro,daily,% a.a.
2012-06-16,selic,8.5,432,macro,daily,% a.a.
2012-06-17,selic,8.5,432,macro,daily,% a.a.
2012-06-18,selic,8.5,432,macro,daily,% a.a.
2012-06-19,selic,8.5,432,macro,daily,% a.a.
2012-06-20,selic,8.5,432,macro,daily,% a.a.
2012-06-21,selic,8.5,432,macro,daily,% a.a.
2012-06-22,selic,8.5,432,macro,daily,% a.a.
2012-06-23,selic,8.5,432,macro,daily,% a.a.
2012-06-24,selic,8.5,432,macro,daily,% a.a.
2012-06-25,selic,8.5,432,macro,daily,% a.a.
2012-06-26,selic,8.5,432,macro,daily,% a.a.
2012-06-27,selic,8.5,432,macro,daily,% a.a.
2012-06-28,selic,8.5,432,macro,daily,% a.a.
2012-06-29,selic,8.5,432,macro,daily,% a.a.
2012-06-30,selic,8.5,432,macro,daily,% a.a.
2012-07-01,credit_balance_pf,1004184.0,20541,credito,monthly,R$ mi
2012-07-01,credit_balance_pj,1188704.0,20540,credito,monthly,R$ mi
2012-07-01,credit_grants_pf,103776.0,20633,credito,monthly,R$ mi
2012-07-01,credit_grants_pj,138465.0,20632,credito,monthly,R$ mi
2012-07-01,credit_interest_pf,2.26,25435,juros,monthly,% a.m.
2012-07-01,credit_interest_pj,1.22,25434,juros,monthly,% a.m.
2012-07-01,delinquency_card,8.56,21129,inadimplencia,monthly,%
2012-07-01,delinquency_personal,4.8,21120,inadimplencia,monthly,%
2012-07-01,delinquency_pf,5.42,21084,inadimplencia,monthly,%
2012-07-01,delinquency_pj,2.28,21083,inadimplencia,monthly,%
2012-07-01,delinquency_revolving,37.23,21127,inadimplencia,monthly,%
2012-07-01,delinquency_vehicle,7.22,21121,inadimplencia,monthly,%
2012-07-01,household_debt,37.54,29037,familias,monthly,%
2012-07-01,household_debt_ex_housing,27.59,29038,familias,monthly,%
2012-07-01,income_commitment,24.09,29034,familias,monthly,%
2012-07-01,ipca,0.43,433,macro,monthly,%
2012-07-01,real_income,7245.0,24380,macro,monthly,R$
2012-07-01,selic,8.5,432,macro,daily,% a.a.
2012-07-01,unemployment,7.5,24369,macro,monthly,%
2012-07-02,selic,8.5,432,macro,daily,% a.a.
2012-07-03,selic,8.5,432,macro,daily,% a.a.
2012-07-04,selic,8.5,432,macro,daily,% a.a.
2012-07-05,selic,8.5,432,macro,daily,% a.a.
2012-07-06,selic,8.5,432,macro,daily,% a.a.
2012-07-07,selic,8.5,432,macro,daily,% a.a.
2012-07-08,selic,8.5,432,macro,daily,% a.a.
2012-07-09,selic,8.5,432,macro,daily,% a.a.
2012-07-10,selic,8.5,432,macro,daily,% a.a.
2012-07-11,selic,8.5,432,macro,daily,% a.a.
2012-07-12,selic,8.0,432,macro,daily,% a.a.
2012-07-13,selic,8.0,432,macro,daily,% a.a.
2012-07-14,selic,8.0,432,macro,daily,% a.a.
2012-07-15,selic,8.0,432,macro,daily,% a.a.
2012-07-16,selic,8.0,432,macro,daily,% a.a.
2012-07-17,selic,8.0,432,macro,daily,% a.a.
2012-07-18,selic,8.0,432,macro,daily,% a.a.
2012-07-19,selic,8.0,432,macro,daily,% a.a.
2012-07-20,selic,8.0,432,macro,daily,% a.a.
2012-07-21,selic,8.0,432,macro,daily,% a.a.
2012-07-22,selic,8.0,432,macro,daily,% a.a.
2012-07-23,selic,8.0,432,macro,daily,% a.a.
2012-07-24,selic,8.0,432,macro,daily,% a.a.
2012-07-25,selic,8.0,432,macro,daily,% a.a.
2012-07-26,selic,8.0,432,macro,daily,% a.a.
2012-07-27,selic,8.0,432,macro,daily,% a.a.
2012-07-28,selic,8.0,432,macro,daily,% a.a.
2012-07-29,selic,8.0,432,macro,daily,% a.a.
2012-07-30,selic,8.0,432,macro,daily,% a.a.
2012-07-31,selic,8.0,432,macro,daily,% a.a.
2012-08-01,credit_balance_pf,1022556.0,20541,credito,monthly,R$ mi
2012-08-01,credit_balance_pj,1197310.0,20540,credito,monthly,R$ mi
2012-08-01,credit_grants_pf,109999.0,20633,credito,monthly,R$ mi
2012-08-01,credit_grants_pj,144480.0,20632,credito,monthly,R$ mi
2012-08-01,credit_interest_pf,2.2,25435,juros,monthly,% a.m.
2012-08-01,credit_interest_pj,1.21,25434,juros,monthly,% a.m.
2012-08-01,delinquency_card,8.53,21129,inadimplencia,monthly,%
2012-08-01,delinquency_personal,4.91,21120,inadimplencia,monthly,%
2012-08-01,delinquency_pf,5.4,21084,inadimplencia,monthly,%
2012-08-01,delinquency_pj,2.35,21083,inadimplencia,monthly,%
2012-08-01,delinquency_revolving,37.01,21127,inadimplencia,monthly,%
2012-08-01,delinquency_vehicle,7.0,21121,inadimplencia,monthly,%
2012-08-01,household_debt,37.71,29037,familias,monthly,%
2012-08-01,household_debt_ex_housing,27.55,29038,familias,monthly,%
2012-08-01,income_commitment,23.8,29034,familias,monthly,%
2012-08-01,ipca,0.41,433,macro,monthly,%
2012-08-01,real_income,7116.0,24380,macro,monthly,R$
2012-08-01,selic,8.0,432,macro,daily,% a.a.
2012-08-01,unemployment,7.3,24369,macro,monthly,%
2012-08-02,selic,8.0,432,macro,daily,% a.a.
2012-08-03,selic,8.0,432,macro,daily,% a.a.
2012-08-04,selic,8.0,432,macro,daily,% a.a.
2012-08-05,selic,8.0,432,macro,daily,% a.a.
2012-08-06,selic,8.0,432,macro,daily,% a.a.
2012-08-07,selic,8.0,432,macro,daily,% a.a.
2012-08-08,selic,8.0,432,macro,daily,% a.a.
2012-08-09,selic,8.0,432,macro,daily,% a.a.
2012-08-10,selic,8.0,432,macro,daily,% a.a.
2012-08-11,selic,8.0,432,macro,daily,% a.a.
2012-08-12,selic,8.0,432,macro,daily,% a.a.
2012-08-13,selic,8.0,432,macro,daily,% a.a.
2012-08-14,selic,8.0,432,macro,daily,% a.a.
2012-08-15,selic,8.0,432,macro,daily,% a.a.
2012-08-16,selic,8.0,432,macro,daily,% a.a.
2012-08-17,selic,8.0,432,macro,daily,% a.a.
2012-08-18,selic,8.0,432,macro,daily,% a.a.
2012-08-19,selic,8.0,432,macro,daily,% a.a.
2012-08-20,selic,8.0,432,macro,daily,% a.a.
2012-08-21,selic,8.0,432,macro,daily,% a.a.
2012-08-22,selic,8.0,432,macro,daily,% a.a.
2012-08-23,selic,8.0,432,macro,daily,% a.a.
2012-08-24,selic,8.0,432,macro,daily,% a.a.
2012-08-25,selic,8.0,432,macro,daily,% a.a.
2012-08-26,selic,8.0,432,macro,daily,% a.a.
2012-08-27,selic,8.0,432,macro,daily,% a.a.
2012-08-28,selic,8.0,432,macro,daily,% a.a.
2012-08-29,selic,8.0,432,macro,daily,% a.a.
2012-08-30,selic,7.5,432,macro,daily,% a.a.
2012-08-31,selic,7.5,432,macro,daily,% a.a.
2012-09-01,credit_balance_pf,1025645.0,20541,credito,monthly,R$ mi
2012-09-01,credit_balance_pj,1218829.0,20540,credito,monthly,R$ mi
2012-09-01,credit_grants_pf,99678.0,20633,credito,monthly,R$ mi
2012-09-01,credit_grants_pj,135395.0,20632,credito,monthly,R$ mi
2012-09-01,credit_interest_pf,2.2,25435,juros,monthly,% a.m.
2012-09-01,credit_interest_pj,1.18,25434,juros,monthly,% a.m.
2012-09-01,delinquency_card,8.67,21129,inadimplencia,monthly,%
2012-09-01,delinquency_personal,4.88,21120,inadimplencia,monthly,%
2012-09-01,delinquency_pf,5.41,21084,inadimplencia,monthly,%
2012-09-01,delinquency_pj,2.31,21083,inadimplencia,monthly,%
2012-09-01,delinquency_revolving,35.92,21127,inadimplencia,monthly,%
2012-09-01,delinquency_vehicle,7.08,21121,inadimplencia,monthly,%
2012-09-01,household_debt,37.49,29037,familias,monthly,%
2012-09-01,household_debt_ex_housing,27.29,29038,familias,monthly,%
2012-09-01,income_commitment,23.59,29034,familias,monthly,%
2012-09-01,ipca,0.57,433,macro,monthly,%
2012-09-01,real_income,6897.0,24380,macro,monthly,R$
2012-09-01,selic,7.5,432,macro,daily,% a.a.
2012-09-01,unemployment,7.1,24369,macro,monthly,%
2012-09-02,selic,7.5,432,macro,daily,% a.a.
2012-09-03,selic,7.5,432,macro,daily,% a.a.
2012-09-04,selic,7.5,432,macro,daily,% a.a.
2012-09-05,selic,7.5,432,macro,daily,% a.a.
2012-09-06,selic,7.5,432,macro,daily,% a.a.
2012-09-07,selic,7.5,432,macro,daily,% a.a.
2012-09-08,selic,7.5,432,macro,daily,% a.a.
2012-09-09,selic,7.5,432,macro,daily,% a.a.
2012-09-10,selic,7.5,432,macro,daily,% a.a.
2012-09-11,selic,7.5,432,macro,daily,% a.a.
2012-09-12,selic,7.5,432,macro,daily,% a.a.
2012-09-13,selic,7.5,432,macro,daily,% a.a.
2012-09-14,selic,7.5,432,macro,daily,% a.a.
2012-09-15,selic,7.5,432,macro,daily,% a.a.
2012-09-16,selic,7.5,432,macro,daily,% a.a.
2012-09-17,selic,7.5,432,macro,daily,% a.a.
2012-09-18,selic,7.5,432,macro,daily,% a.a.
2012-09-19,selic,7.5,432,macro,daily,% a.a.
2012-09-20,selic,7.5,432,macro,daily,% a.a.
2012-09-21,selic,7.5,432,macro,daily,% a.a.
2012-09-22,selic,7.5,432,macro,daily,% a.a.
2012-09-23,selic,7.5,432,macro,daily,% a.a.
2012-09-24,selic,7.5,432,macro,daily,% a.a.
2012-09-25,selic,7.5,432,macro,daily,% a.a.
2012-09-26,selic,7.5,432,macro,daily,% a.a.
2012-09-27,selic,7.5,432,macro,daily,% a.a.
2012-09-28,selic,7.5,432,macro,daily,% a.a.
2012-09-29,selic,7.5,432,macro,daily,% a.a.
2012-09-30,selic,7.5,432,macro,daily,% a.a.
2012-10-01,credit_balance_pf,1041511.0,20541,credito,monthly,R$ mi
2012-10-01,credit_balance_pj,1234774.0,20540,credito,monthly,R$ mi
2012-10-01,credit_grants_pf,118968.0,20633,credito,monthly,R$ mi
2012-10-01,credit_grants_pj,153143.0,20632,credito,monthly,R$ mi
2012-10-01,credit_interest_pf,2.15,25435,juros,monthly,% a.m.
2012-10-01,credit_interest_pj,1.15,25434,juros,monthly,% a.m.
2012-10-01,delinquency_card,8.41,21129,inadimplencia,monthly,%
2012-10-01,delinquency_personal,4.77,21120,inadimplencia,monthly,%
2012-10-01,delinquency_pf,5.34,21084,inadimplencia,monthly,%
2012-10-01,delinquency_pj,2.43,21083,inadimplencia,monthly,%
2012-10-01,delinquency_revolving,37.05,21127,inadimplencia,monthly,%
2012-10-01,delinquency_vehicle,7.02,21121,inadimplencia,monthly,%
2012-10-01,household_debt,37.69,29037,familias,monthly,%
2012-10-01,household_debt_ex_housing,27.33,29038,familias,monthly,%
2012-10-01,income_commitment,23.44,29034,familias,monthly,%
2012-10-01,ipca,0.59,433,macro,monthly,%
2012-10-01,real_income,6723.0,24380,macro,monthly,R$
2012-10-01,selic,7.5,432,macro,daily,% a.a.
2012-10-01,unemployment,6.9,24369,macro,monthly,%
2012-10-02,selic,7.5,432,macro,daily,% a.a.
2012-10-03,selic,7.5,432,macro,daily,% a.a.
2012-10-04,selic,7.5,432,macro,daily,% a.a.
2012-10-05,selic,7.5,432,macro,daily,% a.a.
2012-10-06,selic,7.5,432,macro,daily,% a.a.
2012-10-07,selic,7.5,432,macro,daily,% a.a.
2012-10-08,selic,7.5,432,macro,daily,% a.a.
2012-10-09,selic,7.5,432,macro,daily,% a.a.
2012-10-10,selic,7.5,432,macro,daily,% a.a.
2012-10-11,selic,7.25,432,macro,daily,% a.a.
2012-10-12,selic,7.25,432,macro,daily,% a.a.
2012-10-13,selic,7.25,432,macro,daily,% a.a.
2012-10-14,selic,7.25,432,macro,daily,% a.a.
2012-10-15,selic,7.25,432,macro,daily,% a.a.
2012-10-16,selic,7.25,432,macro,daily,% a.a.
2012-10-17,selic,7.25,432,macro,daily,% a.a.
2012-10-18,selic,7.25,432,macro,daily,% a.a.
2012-10-19,selic,7.25,432,macro,daily,% a.a.
2012-10-20,selic,7.25,432,macro,daily,% a.a.
2012-10-21,selic,7.25,432,macro,daily,% a.a.
2012-10-22,selic,7.25,432,macro,daily,% a.a.
2012-10-23,selic,7.25,432,macro,daily,% a.a.
2012-10-24,selic,7.25,432,macro,daily,% a.a.
2012-10-25,selic,7.25,432,macro,daily,% a.a.
2012-10-26,selic,7.25,432,macro,daily,% a.a.
2012-10-27,selic,7.25,432,macro,daily,% a.a.
2012-10-28,selic,7.25,432,macro,daily,% a.a.
2012-10-29,selic,7.25,432,macro,daily,% a.a.
2012-10-30,selic,7.25,432,macro,daily,% a.a.
2012-10-31,selic,7.25,432,macro,daily,% a.a.
2012-11-01,credit_balance_pf,1056237.0,20541,credito,monthly,R$ mi
2012-11-01,credit_balance_pj,1254604.0,20540,credito,monthly,R$ mi
2012-11-01,credit_grants_pf,112933.0,20633,credito,monthly,R$ mi
2012-11-01,credit_grants_pj,142492.0,20632,credito,monthly,R$ mi
2012-11-01,credit_interest_pf,2.11,25435,juros,monthly,% a.m.
2012-11-01,credit_interest_pj,1.15,25434,juros,monthly,% a.m.
2012-11-01,delinquency_card,8.13,21129,inadimplencia,monthly,%
2012-11-01,delinquency_personal,4.7,21120,inadimplencia,monthly,%
2012-11-01,delinquency_pf,5.21,21084,inadimplencia,monthly,%
2012-11-01,delinquency_pj,2.38,21083,inadimplencia,monthly,%
2012-11-01,delinquency_revolving,36.3,21127,inadimplencia,monthly,%
2012-11-01,delinquency_vehicle,6.76,21121,inadimplencia,monthly,%
2012-11-01,household_debt,37.88,29037,familias,monthly,%
2012-11-01,household_debt_ex_housing,27.35,29038,familias,monthly,%
2012-11-01,income_commitment,23.46,29034,familias,monthly,%
2012-11-01,ipca,0.6,433,macro,monthly,%
2012-11-01,real_income,6589.0,24380,macro,monthly,R$
2012-11-01,selic,7.25,432,macro,daily,% a.a.
2012-11-01,unemployment,6.8,24369,macro,monthly,%
2012-11-02,selic,7.25,432,macro,daily,% a.a.
2012-11-03,selic,7.25,432,macro,daily,% a.a.
2012-11-04,selic,7.25,432,macro,daily,% a.a.
2012-11-05,selic,7.25,432,macro,daily,% a.a.
2012-11-06,selic,7.25,432,macro,daily,% a.a.
2012-11-07,selic,7.25,432,macro,daily,% a.a.
2012-11-08,selic,7.25,432,macro,daily,% a.a.
2012-11-09,selic,7.25,432,macro,daily,% a.a.
2012-11-10,selic,7.25,432,macro,daily,% a.a.
2012-11-11,selic,7.25,432,macro,daily,% a.a.
2012-11-12,selic,7.25,432,macro,daily,% a.a.
2012-11-13,selic,7.25,432,macro,daily,% a.a.
2012-11-14,selic,7.25,432,macro,daily,% a.a.
2012-11-15,selic,7.25,432,macro,daily,% a.a.
2012-11-16,selic,7.25,432,macro,daily,% a.a.
2012-11-17,selic,7.25,432,macro,daily,% a.a.
2012-11-18,selic,7.25,432,macro,daily,% a.a.
2012-11-19,selic,7.25,432,macro,daily,% a.a.
2012-11-20,selic,7.25,432,macro,daily,% a.a.
2012-11-21,selic,7.25,432,macro,daily,% a.a.
2012-11-22,selic,7.25,432,macro,daily,% a.a.
2012-11-23,selic,7.25,432,macro,daily,% a.a.
2012-11-24,selic,7.25,432,macro,daily,% a.a.
2012-11-25,selic,7.25,432,macro,daily,% a.a.
2012-11-26,selic,7.25,432,macro,daily,% a.a.
2012-11-27,selic,7.25,432,macro,daily,% a.a.
2012-11-28,selic,7.25,432,macro,daily,% a.a.
2012-11-29,selic,7.25,432,macro,daily,% a.a.
2012-11-30,selic,7.25,432,macro,daily,% a.a.
2012-12-01,credit_balance_pf,1076471.0,20541,credito,monthly,R$ mi
2012-12-01,credit_balance_pj,1291867.0,20540,credito,monthly,R$ mi
2012-12-01,credit_grants_pf,120146.0,20633,credito,monthly,R$ mi
2012-12-01,credit_grants_pj,170949.0,20632,credito,monthly,R$ mi
2012-12-01,credit_interest_pf,2.03,25435,juros,monthly,% a.m.
2012-12-01,credit_interest_pj,1.08,25434,juros,monthly,% a.m.
2012-12-01,delinquency_card,7.75,21129,inadimplencia,monthly,%
2012-12-01,delinquency_personal,4.76,21120,inadimplencia,monthly,%
2012-12-01,delinquency_pf,5.1,21084,inadimplencia,monthly,%
2012-12-01,delinquency_pj,2.26,21083,inadimplencia,monthly,%
2012-12-01,delinquency_revolving,37.77,21127,inadimplencia,monthly,%
2012-12-01,delinquency_vehicle,6.43,21121,inadimplencia,monthly,%
2012-12-01,household_debt,38.04,29037,familias,monthly,%
2012-12-01,household_debt_ex_housing,27.33,29038,familias,monthly,%
2012-12-01,income_commitment,23.47,29034,familias,monthly,%
2012-12-01,ipca,0.79,433,macro,monthly,%
2012-12-01,real_income,6684.0,24380,macro,monthly,R$
2012-12-01,selic,7.25,432,macro,daily,% a.a.
2012-12-01,unemployment,6.9,24369,macro,monthly,%
2012-12-02,selic,7.25,432,macro,daily,% a.a.
2012-12-03,selic,7.25,432,macro,daily,% a.a.
2012-12-04,selic,7.25,432,macro,daily,% a.a.
2012-12-05,selic,7.25,432,macro,daily,% a.a.
2012-12-06,selic,7.25,432,macro,daily,% a.a.
2012-12-07,selic,7.25,432,macro,daily,% a.a.
2012-12-08,selic,7.25,432,macro,daily,% a.a.
2012-12-09,selic,7.25,432,macro,daily,% a.a.
2012-12-10,selic,7.25,432,macro,daily,% a.a.
2012-12-11,selic,7.25,432,macro,daily,% a.a.
2012-12-12,selic,7.25,432,macro,daily,% a.a.
2012-12-13,selic,7.25,432,macro,daily,% a.a.
2012-12-14,selic,7.25,432,macro,daily,% a.a.
2012-12-15,selic,7.25,432,macro,daily,% a.a.
2012-12-16,selic,7.25,432,macro,daily,% a.a.
2012-12-17,selic,7.25,432,macro,daily,% a.a.
2012-12-18,selic,7.25,432,macro,daily,% a.a.
2012-12-19,selic,7.25,432,macro,daily,% a.a.
2012-12-20,selic,7.25,432,macro,daily,% a.a.
2012-12-21,selic,7.25,432,macro,daily,% a.a.
2012-12-22,selic,7.25,432,macro,daily,% a.a.
2012-12-23,selic,7.25,432,macro,daily,% a.a.
2012-12-24,selic,7.25,432,macro,daily,% a.a.
2012-12-25,selic,7.25,432,macro,daily,% a.a.
2012-12-26,selic,7.25,432,macro,daily,% a.a.
2012-12-27,selic,7.25,432,macro,daily,% a.a.
2012-12-28,selic,7.25,432,macro,daily,% a.a.
2012-12-29,selic,7.25,432,macro,daily,% a.a.
2012-12-30,selic,7.25,432,macro,daily,% a.a.
2012-12-31,selic,7.25,432,macro,daily,% a.a.
2013-01-01,credit_balance_pf,1091383.0,20541,credito,monthly,R$ mi
2013-01-01,credit_balance_pj,1277983.0,20540,credito,monthly,R$ mi
2013-01-01,credit_grants_pf,112607.0,20633,credito,monthly,R$ mi
2013-01-01,credit_grants_pj,127211.0,20632,credito,monthly,R$ mi
2013-01-01,credit_interest_pf,2.04,25435,juros,monthly,% a.m.
2013-01-01,credit_interest_pj,1.14,25434,juros,monthly,% a.m.
2013-01-01,delinquency_card,7.59,21129,inadimplencia,monthly,%
2013-01-01,delinquency_personal,4.72,21120,inadimplencia,monthly,%
2013-01-01,delinquency_pf,5.04,21084,inadimplencia,monthly,%
2013-01-01,delinquency_pj,2.28,21083,inadimplencia,monthly,%
2013-01-01,delinquency_revolving,36.59,21127,inadimplencia,monthly,%
2013-01-01,delinquency_vehicle,6.44,21121,inadimplencia,monthly,%
2013-01-01,household_debt,38.22,29037,familias,monthly,%
2013-01-01,household_debt_ex_housing,27.37,29038,familias,monthly,%
2013-01-01,income_commitment,23.15,29034,familias,monthly,%
2013-01-01,ipca,0.86,433,macro,monthly,%
2013-01-01,real_income,7025.0,24380,macro,monthly,R$
2013-01-01,selic,7.25,432,macro,daily,% a.a.
2013-01-01,unemployment,7.2,24369,macro,monthly,%
2013-01-02,selic,7.25,432,macro,daily,% a.a.
2013-01-03,selic,7.25,432,macro,daily,% a.a.
2013-01-04,selic,7.25,432,macro,daily,% a.a.
2013-01-05,selic,7.25,432,macro,daily,% a.a.
2013-01-06,selic,7.25,432,macro,daily,% a.a.
2013-01-07,selic,7.25,432,macro,daily,% a.a.
2013-01-08,selic,7.25,432,macro,daily,% a.a.
2013-01-09,selic,7.25,432,macro,daily,% a.a.
2013-01-10,selic,7.25,432,macro,daily,% a.a.
2013-01-11,selic,7.25,432,macro,daily,% a.a.
2013-01-12,selic,7.25,432,macro,daily,% a.a.
2013-01-13,selic,7.25,432,macro,daily,% a.a.
2013-01-14,selic,7.25,432,macro,daily,% a.a.
2013-01-15,selic,7.25,432,macro,daily,% a.a.
2013-01-16,selic,7.25,432,macro,daily,% a.a.
2013-01-17,selic,7.25,432,macro,daily,% a.a.
2013-01-18,selic,7.25,432,macro,daily,% a.a.
2013-01-19,selic,7.25,432,macro,daily,% a.a.
2013-01-20,selic,7.25,432,macro,daily,% a.a.
2013-01-21,selic,7.25,432,macro,daily,% a.a.
2013-01-22,selic,7.25,432,macro,daily,% a.a.
2013-01-23,selic,7.25,432,macro,daily,% a.a.
2013-01-24,selic,7.25,432,macro,daily,% a.a.
2013-01-25,selic,7.25,432,macro,daily,% a.a.
2013-01-26,selic,7.25,432,macro,daily,% a.a.
2013-01-27,selic,7.25,432,macro,daily,% a.a.
2013-01-28,selic,7.25,432,macro,daily,% a.a.
2013-01-29,selic,7.25,432,macro,daily,% a.a.
2013-01-30,selic,7.25,432,macro,daily,% a.a.
2013-01-31,selic,7.25,432,macro,daily,% a.a.
2013-02-01,credit_balance_pf,1097887.0,20541,credito,monthly,R$ mi
2013-02-01,credit_balance_pj,1288922.0,20540,credito,monthly,R$ mi
2013-02-01,credit_grants_pf,102942.0,20633,credito,monthly,R$ mi
2013-02-01,credit_grants_pj,123998.0,20632,credito,monthly,R$ mi
2013-02-01,credit_interest_pf,2.08,25435,juros,monthly,% a.m.
2013-02-01,credit_interest_pj,1.15,25434,juros,monthly,% a.m.
2013-02-01,delinquency_card,7.63,21129,inadimplencia,monthly,%
2013-02-01,delinquency_personal,4.63,21120,inadimplencia,monthly,%
2013-02-01,delinquency_pf,5.0,21084,inadimplencia,monthly,%
2013-02-01,delinquency_pj,2.28,21083,inadimplencia,monthly,%
2013-02-01,delinquency_revolving,33.83,21127,inadimplencia,monthly,%
2013-02-01,delinquency_vehicle,6.41,21121,inadimplencia,monthly,%
2013-02-01,household_debt,38.27,29037,familias,monthly,%
2013-02-01,household_debt_ex_housing,27.28,29038,familias,monthly,%
2013-02-01,income_commitment,23.09,29034,familias,monthly,%
2013-02-01,ipca,0.6,433,macro,monthly,%
2013-02-01,real_income,7532.0,24380,macro,monthly,R$
2013-02-01,selic,7.25,432,macro,daily,% a.a.
2013-02-01,unemployment,7.8,24369,macro,monthly,%
2013-02-02,selic,7.25,432,macro,daily,% a.a.
2013-02-03,selic,7.25,432,macro,daily,% a.a.
2013-02-04,selic,7.25,432,macro,daily,% a.a.
2013-02-05,selic,7.25,432,macro,daily,% a.a.
2013-02-06,selic,7.25,432,macro,daily,% a.a.
2013-02-07,selic,7.25,432,macro,daily,% a.a.
2013-02-08,selic,7.25,432,macro,daily,% a.a.
2013-02-09,selic,7.25,432,macro,daily,% a.a.
2013-02-10,selic,7.25,432,macro,daily,% a.a.
2013-02-11,selic,7.25,432,macro,daily,% a.a.
2013-02-12,selic,7.25,432,macro,daily,% a.a.
2013-02-13,selic,7.25,432,macro,daily,% a.a.
2013-02-14,selic,7.25,432,macro,daily,% a.a.
2013-02-15,selic,7.25,432,macro,daily,% a.a.
2013-02-16,selic,7.25,432,macro,daily,% a.a.
2013-02-17,selic,7.25,432,macro,daily,% a.a.
2013-02-18,selic,7.25,432,macro,daily,% a.a.
2013-02-19,selic,7.25,432,macro,daily,% a.a.
2013-02-20,selic,7.25,432,macro,daily,% a.a.
2013-02-21,selic,7.25,432,macro,daily,% a.a.
2013-02-22,selic,7.25,432,macro,daily,% a.a.
2013-02-23,selic,7.25,432,macro,daily,% a.a.
2013-02-24,selic,7.25,432,macro,daily,% a.a.
2013-02-25,selic,7.25,432,macro,daily,% a.a.
2013-02-26,selic,7.25,432,macro,daily,% a.a.
2013-02-27,selic,7.25,432,macro,daily,% a.a.
2013-02-28,selic,7.25,432,macro,daily,% a.a.
2013-03-01,credit_balance_pf,1111142.0,20541,credito,monthly,R$ mi
2013-03-01,credit_balance_pj,1319153.0,20540,credito,monthly,R$ mi
2013-03-01,credit_grants_pf,112028.0,20633,credito,monthly,R$ mi
2013-03-01,credit_grants_pj,141905.0,20632,credito,monthly,R$ mi
2013-03-01,credit_interest_pf,2.04,25435,juros,monthly,% a.m.
2013-03-01,credit_interest_pj,1.15,25434,juros,monthly,% a.m.
2013-03-01,delinquency_card,7.53,21129,inadimplencia,monthly,%
2013-03-01,delinquency_personal,4.56,21120,inadimplencia,monthly,%
2013-03-01,delinquency_pf,4.95,21084,inadimplencia,monthly,%
2013-03-01,delinquency_pj,2.21,21083,inadimplencia,monthly,%
2013-03-01,delinquency_revolving,33.49,21127,inadimplencia,monthly,%
2013-03-01,delinquency_vehicle,6.33,21121,inadimplencia,monthly,%
2013-03-01,household_debt,38.15,29037,familias,monthly,%
2013-03-01,household_debt_ex_housing,26.98,29038,familias,monthly,%
2013-03-01,income_commitment,22.89,29034,familias,monthly,%
2013-03-01,ipca,0.47,433,macro,monthly,%
2013-03-01,real_income,7807.0,24380,macro,monthly,R$
2013-03-01,selic,7.25,432,macro,daily,% a.a.
2013-03-01,unemployment,8.0,24369,macro,monthly,%
2013-03-02,selic,7.25,432,macro,daily,% a.a.
2013-03-03,selic,7.25,432,macro,daily,% a.a.
2013-03-04,selic,7.25,432,macro,daily,% a.a.
2013-03-05,selic,7.25,432,macro,daily,% a.a.
2013-03-06,selic,7.25,432,macro,daily,% a.a.
2013-03-07,selic,7.25,432,macro,daily,% a.a.
2013-03-08,selic,7.25,432,macro,daily,% a.a.
2013-03-09,selic,7.25,432,macro,daily,% a.a.
2013-03-10,selic,7.25,432,macro,daily,% a.a.
2013-03-11,selic,7.25,432,macro,daily,% a.a.
2013-03-12,selic,7.25,432,macro,daily,% a.a.
2013-03-13,selic,7.25,432,macro,daily,% a.a.
2013-03-14,selic,7.25,432,macro,daily,% a.a.
2013-03-15,selic,7.25,432,macro,daily,% a.a.
2013-03-16,selic,7.25,432,macro,daily,% a.a.
2013-03-17,selic,7.25,432,macro,daily,% a.a.
2013-03-18,selic,7.25,432,macro,daily,% a.a.
2013-03-19,selic,7.25,432,macro,daily,% a.a.
2013-03-20,selic,7.25,432,macro,daily,% a.a.
2013-03-21,selic,7.25,432,macro,daily,% a.a.
2013-03-22,selic,7.25,432,macro,daily,% a.a.
2013-03-23,selic,7.25,432,macro,daily,% a.a.
2013-03-24,selic,7.25,432,macro,daily,% a.a.
2013-03-25,selic,7.25,432,macro,daily,% a.a.
2013-03-26,selic,7.25,432,macro,daily,% a.a.
2013-03-27,selic,7.25,432,macro,daily,% a.a.
2013-03-28,selic,7.25,432,macro,daily,% a.a.
2013-03-29,selic,7.25,432,macro,daily,% a.a.
2013-03-30,selic,7.25,432,macro,daily,% a.a.
2013-03-31,selic,7.25,432,macro,daily,% a.a.
2013-04-01,credit_balance_pf,1128091.0,20541,credito,monthly,R$ mi
2013-04-01,credit_balance_pj,1324410.0,20540,credito,monthly,R$ mi
2013-04-01,credit_grants_pf,123023.0,20633,credito,monthly,R$ mi
2013-04-01,credit_grants_pj,146897.0,20632,credito,monthly,R$ mi
2013-04-01,credit_interest_pf,2.03,25435,juros,monthly,% a.m.
2013-04-01,credit_interest_pj,1.14,25434,juros,monthly,% a.m.
2013-04-01,delinquency_card,7.47,21129,inadimplencia,monthly,%
2013-04-01,delinquency_personal,4.44,21120,inadimplencia,monthly,%
2013-04-01,delinquency_pf,4.86,21084,inadimplencia,monthly,%
2013-04-01,delinquency_pj,2.31,21083,inadimplencia,monthly,%
2013-04-01,delinquency_revolving,34.57,21127,inadimplencia,monthly,%
2013-04-01,delinquency_vehicle,6.31,21121,inadimplencia,monthly,%
2013-04-01,household_debt,38.29,29037,familias,monthly,%
2013-04-01,household_debt_ex_housing,26.92,29038,familias,monthly,%
2013-04-01,income_commitment,22.75,29034,familias,monthly,%
2013-04-01,ipca,0.55,433,macro,monthly,%
2013-04-01,real_income,7700.0,24380,macro,monthly,R$
2013-04-01,selic,7.25,432,macro,daily,% a.a.
2013-04-01,unemployment,7.9,24369,macro,monthly,%
2013-04-02,selic,7.25,432,macro,daily,% a.a.
2013-04-03,selic,7.25,432,macro,daily,% a.a.
2013-04-04,selic,7.25,432,macro,daily,% a.a.
2013-04-05,selic,7.25,432,macro,daily,% a.a.
2013-04-06,selic,7.25,432,macro,daily,% a.a.
2013-04-07,selic,7.25,432,macro,daily,% a.a.
2013-04-08,selic,7.25,432,macro,daily,% a.a.
2013-04-09,selic,7.25,432,macro,daily,% a.a.
2013-04-10,selic,7.25,432,macro,daily,% a.a.
2013-04-11,selic,7.25,432,macro,daily,% a.a.
2013-04-12,selic,7.25,432,macro,daily,% a.a.
2013-04-13,selic,7.25,432,macro,daily,% a.a.
2013-04-14,selic,7.25,432,macro,daily,% a.a.
2013-04-15,selic,7.25,432,macro,daily,% a.a.
2013-04-16,selic,7.25,432,macro,daily,% a.a.
2013-04-17,selic,7.25,432,macro,daily,% a.a.
2013-04-18,selic,7.5,432,macro,daily,% a.a.
2013-04-19,selic,7.5,432,macro,daily,% a.a.
2013-04-20,selic,7.5,432,macro,daily,% a.a.
2013-04-21,selic,7.5,432,macro,daily,% a.a.
2013-04-22,selic,7.5,432,macro,daily,% a.a.
2013-04-23,selic,7.5,432,macro,daily,% a.a.
2013-04-24,selic,7.5,432,macro,daily,% a.a.
2013-04-25,selic,7.5,432,macro,daily,% a.a.
2013-04-26,selic,7.5,432,macro,daily,% a.a.
2013-04-27,selic,7.5,432,macro,daily,% a.a.
2013-04-28,selic,7.5,432,macro,daily,% a.a.
2013-04-29,selic,7.5,432,macro,daily,% a.a.
2013-04-30,selic,7.5,432,macro,daily,% a.a.
2013-05-01,credit_balance_pf,1147287.0,20541,credito,monthly,R$ mi
2013-05-01,credit_balance_pj,1343410.0,20540,credito,monthly,R$ mi
2013-05-01,credit_grants_pf,124855.0,20633,credito,monthly,R$ mi
2013-05-01,credit_grants_pj,161491.0,20632,credito,monthly,R$ mi
2013-05-01,credit_interest_pf,2.01,25435,juros,monthly,% a.m.
2013-05-01,credit_interest_pj,1.12,25434,juros,monthly,% a.m.
2013-05-01,delinquency_card,7.35,21129,inadimplencia,monthly,%
2013-05-01,delinquency_personal,4.52,21120,inadimplencia,monthly,%
2013-05-01,delinquency_pf,4.9,21084,inadimplencia,monthly,%
2013-05-01,delinquency_pj,2.28,21083,inadimplencia,monthly,%
2013-05-01,delinquency_revolving,34.9,21127,inadimplencia,monthly,%
2013-05-01,delinquency_vehicle,6.26,21121,inadimplencia,monthly,%
2013-05-01,household_debt,38.4,29037,familias,monthly,%
2013-05-01,household_debt_ex_housing,26.83,29038,familias,monthly,%
2013-05-01,income_commitment,22.33,29034,familias,monthly,%
2013-05-01,ipca,0.37,433,macro,monthly,%
2013-05-01,real_income,7463.0,24380,macro,monthly,R$
2013-05-01,selic,7.5,432,macro,daily,% a.a.
2013-05-01,unemployment,7.6,24369,macro,monthly,%
2013-05-02,selic,7.5,432,macro,daily,% a.a.
2013-05-03,selic,7.5,432,macro,daily,% a.a.
2013-05-04,selic,7.5,432,macro,daily,% a.a.
2013-05-05,selic,7.5,432,macro,daily,% a.a.
2013-05-06,selic,7.5,432,macro,daily,% a.a.
2013-05-07,selic,7.5,432,macro,daily,% a.a.
2013-05-08,selic,7.5,432,macro,daily,% a.a.
2013-05-09,selic,7.5,432,macro,daily,% a.a.
2013-05-10,selic,7.5,432,macro,daily,% a.a.
2013-05-11,selic,7.5,432,macro,daily,% a.a.
2013-05-12,selic,7.5,432,macro,daily,% a.a.
2013-05-13,selic,7.5,432,macro,daily,% a.a.
2013-05-14,selic,7.5,432,macro,daily,% a.a.
2013-05-15,selic,7.5,432,macro,daily,% a.a.
2013-05-16,selic,7.5,432,macro,daily,% a.a.
2013-05-17,selic,7.5,432,macro,daily,% a.a.
2013-05-18,selic,7.5,432,macro,daily,% a.a.
2013-05-19,selic,7.5,432,macro,daily,% a.a.
2013-05-20,selic,7.5,432,macro,daily,% a.a.
2013-05-21,selic,7.5,432,macro,daily,% a.a.
2013-05-22,selic,7.5,432,macro,daily,% a.a.
2013-05-23,selic,7.5,432,macro,daily,% a.a.
2013-05-24,selic,7.5,432,macro,daily,% a.a.
2013-05-25,selic,7.5,432,macro,daily,% a.a.
2013-05-26,selic,7.5,432,macro,daily,% a.a.
2013-05-27,selic,7.5,432,macro,daily,% a.a.
2013-05-28,selic,7.5,432,macro,daily,% a.a.
2013-05-29,selic,7.5,432,macro,daily,% a.a.
2013-05-30,selic,8.0,432,macro,daily,% a.a.
2013-05-31,selic,8.0,432,macro,daily,% a.a.
2013-06-01,credit_balance_pf,1163443.0,20541,credito,monthly,R$ mi
2013-06-01,credit_balance_pj,1371563.0,20540,credito,monthly,R$ mi
2013-06-01,credit_grants_pf,120039.0,20633,credito,monthly,R$ mi
2013-06-01,credit_grants_pj,158983.0,20632,credito,monthly,R$ mi
2013-06-01,credit_interest_pf,2.02,25435,juros,monthly,% a.m.
2013-06-01,credit_interest_pj,1.15,25434,juros,monthly,% a.m.
2013-06-01,delinquency_card,7.25,21129,inadimplencia,monthly,%
2013-06-01,delinquency_personal,4.25,21120,inadimplencia,monthly,%
2013-06-01,delinquency_pf,4.62,21084,inadimplencia,monthly,%
2013-06-01,delinquency_pj,2.11,21083,inadimplencia,monthly,%
2013-06-01,delinquency_revolving,33.56,21127,inadimplencia,monthly,%
2013-06-01,delinquency_vehicle,6.09,21121,inadimplencia,monthly,%
2013-06-01,household_debt,38.4,29037,familias,monthly,%
2013-06-01,household_debt_ex_housing,26.62,29038,familias,monthly,%
2013-06-01,income_commitment,22.21,29034,familias,monthly,%
2013-06-01,ipca,0.26,433,macro,monthly,%
2013-06-01,real_income,7338.0,24380,macro,monthly,R$
2013-06-01,selic,8.0,432,macro,daily,% a.a.
2013-06-01,unemployment,7.5,24369,macro,monthly,%
2013-06-02,selic,8.0,432,macro,daily,% a.a.
2013-06-03,selic,8.0,432,macro,daily,% a.a.
2013-06-04,selic,8.0,432,macro,daily,% a.a.
2013-06-05,selic,8.0,432,macro,daily,% a.a.
2013-06-06,selic,8.0,432,macro,daily,% a.a.
2013-06-07,selic,8.0,432,macro,daily,% a.a.
2013-06-08,selic,8.0,432,macro,daily,% a.a.
2013-06-09,selic,8.0,432,macro,daily,% a.a.
2013-06-10,selic,8.0,432,macro,daily,% a.a.
2013-06-11,selic,8.0,432,macro,daily,% a.a.
2013-06-12,selic,8.0,432,macro,daily,% a.a.
2013-06-13,selic,8.0,432,macro,daily,% a.a.
2013-06-14,selic,8.0,432,macro,daily,% a.a.
2013-06-15,selic,8.0,432,macro,daily,% a.a.
2013-06-16,selic,8.0,432,macro,daily,% a.a.
2013-06-17,selic,8.0,432,macro,daily,% a.a.
2013-06-18,selic,8.0,432,macro,daily,% a.a.
2013-06-19,selic,8.0,432,macro,daily,% a.a.
2013-06-20,selic,8.0,432,macro,daily,% a.a.
2013-06-21,selic,8.0,432,macro,daily,% a.a.
2013-06-22,selic,8.0,432,macro,daily,% a.a.
2013-06-23,selic,8.0,432,macro,daily,% a.a.
2013-06-24,selic,8.0,432,macro,daily,% a.a.
2013-06-25,selic,8.0,432,macro,daily,% a.a.
2013-06-26,selic,8.0,432,macro,daily,% a.a.
2013-06-27,selic,8.0,432,macro,daily,% a.a.
2013-06-28,selic,8.0,432,macro,daily,% a.a.
2013-06-29,selic,8.0,432,macro,daily,% a.a.
2013-06-30,selic,8.0,432,macro,daily,% a.a.
2013-07-01,credit_balance_pf,1177347.0,20541,credito,monthly,R$ mi
2013-07-01,credit_balance_pj,1371237.0,20540,credito,monthly,R$ mi
2013-07-01,credit_grants_pf,126921.0,20633,credito,monthly,R$ mi
2013-07-01,credit_grants_pj,139467.0,20632,credito,monthly,R$ mi
2013-07-01,credit_interest_pf,2.05,25435,juros,monthly,% a.m.
2013-07-01,credit_interest_pj,1.17,25434,juros,monthly,% a.m.
2013-07-01,delinquency_card,7.09,21129,inadimplencia,monthly,%
2013-07-01,delinquency_personal,4.28,21120,inadimplencia,monthly,%
2013-07-01,delinquency_pf,4.57,21084,inadimplencia,monthly,%
2013-07-01,delinquency_pj,2.07,21083,inadimplencia,monthly,%
2013-07-01,delinquency_revolving,34.73,21127,inadimplencia,monthly,%
2013-07-01,delinquency_vehicle,5.96,21121,inadimplencia,monthly,%
2013-07-01,household_debt,38.56,29037,familias,monthly,%
2013-07-01,household_debt_ex_housing,26.58,29038,familias,monthly,%
2013-07-01,income_commitment,22.18,29034,familias,monthly,%
2013-07-01,ipca,0.03,433,macro,monthly,%
2013-07-01,real_income,7204.0,24380,macro,monthly,R$
2013-07-01,selic,8.0,432,macro,daily,% a.a.
2013-07-01,unemployment,7.4,24369,macro,monthly,%
2013-07-02,selic,8.0,432,macro,daily,% a.a.
2013-07-03,selic,8.0,432,macro,daily,% a.a.
2013-07-04,selic,8.0,432,macro,daily,% a.a.
2013-07-05,selic,8.0,432,macro,daily,% a.a.
2013-07-06,selic,8.0,432,macro,daily,% a.a.
2013-07-07,selic,8.0,432,macro,daily,% a.a.
2013-07-08,selic,8.0,432,macro,daily,% a.a.
2013-07-09,selic,8.0,432,macro,daily,% a.a.
2013-07-10,selic,8.0,432,macro,daily,% a.a.
2013-07-11,selic,8.5,432,macro,daily,% a.a.
2013-07-12,selic,8.5,432,macro,daily,% a.a.
2013-07-13,selic,8.5,432,macro,daily,% a.a.
2013-07-14,selic,8.5,432,macro,daily,% a.a.
2013-07-15,selic,8.5,432,macro,daily,% a.a.
2013-07-16,selic,8.5,432,macro,daily,% a.a.
2013-07-17,selic,8.5,432,macro,daily,% a.a.
2013-07-18,selic,8.5,432,macro,daily,% a.a.
2013-07-19,selic,8.5,432,macro,daily,% a.a.
2013-07-20,selic,8.5,432,macro,daily,% a.a.
2013-07-21,selic,8.5,432,macro,daily,% a.a.
2013-07-22,selic,8.5,432,macro,daily,% a.a.
2013-07-23,selic,8.5,432,macro,daily,% a.a.
2013-07-24,selic,8.5,432,macro,daily,% a.a.
2013-07-25,selic,8.5,432,macro,daily,% a.a.
2013-07-26,selic,8.5,432,macro,daily,% a.a.
2013-07-27,selic,8.5,432,macro,daily,% a.a.
2013-07-28,selic,8.5,432,macro,daily,% a.a.
2013-07-29,selic,8.5,432,macro,daily,% a.a.
2013-07-30,selic,8.5,432,macro,daily,% a.a.
2013-07-31,selic,8.5,432,macro,daily,% a.a.
2013-08-01,credit_balance_pf,1193872.0,20541,credito,monthly,R$ mi
2013-08-01,credit_balance_pj,1387490.0,20540,credito,monthly,R$ mi
2013-08-01,credit_grants_pf,127699.0,20633,credito,monthly,R$ mi
2013-08-01,credit_grants_pj,144535.0,20632,credito,monthly,R$ mi
2013-08-01,credit_interest_pf,2.06,25435,juros,monthly,% a.m.
2013-08-01,credit_interest_pj,1.19,25434,juros,monthly,% a.m.
2013-08-01,delinquency_card,7.02,21129,inadimplencia,monthly,%
2013-08-01,delinquency_personal,4.18,21120,inadimplencia,monthly,%
2013-08-01,delinquency_pf,4.46,21084,inadimplencia,monthly,%
2013-08-01,delinquency_pj,2.01,21083,inadimplencia,monthly,%
2013-08-01,delinquency_revolving,34.64,21127,inadimplencia,monthly,%
2013-08-01,delinquency_vehicle,5.81,21121,inadimplencia,monthly,%
2013-08-01,household_debt,38.69,29037,familias,monthly,%
2013-08-01,household_debt_ex_housing,26.49,29038,familias,monthly,%
2013-08-01,income_commitment,22.24,29034,familias,monthly,%
2013-08-01,ipca,0.24,433,macro,monthly,%
2013-08-01,real_income,7024.0,24380,macro,monthly,R$
2013-08-01,selic,8.5,432,macro,daily,% a.a.
2013-08-01,unemployment,7.2,24369,macro,monthly,%
2013-08-02,selic,8.5,432,macro,daily,% a.a.
2013-08-03,selic,8.5,432,macro,daily,% a.a.
2013-08-04,selic,8.5,432,macro,daily,% a.a.
2013-08-05,selic,8.5,432,macro,daily,% a.a.
2013-08-06,selic,8.5,432,macro,daily,% a.a.
2013-08-07,selic,8.5,432,macro,daily,% a.a.
2013-08-08,selic,8.5,432,macro,daily,% a.a.
2013-08-09,selic,8.5,432,macro,daily,% a.a.
2013-08-10,selic,8.5,432,macro,daily,% a.a.
2013-08-11,selic,8.5,432,macro,daily,% a.a.
2013-08-12,selic,8.5,432,macro,daily,% a.a.
2013-08-13,selic,8.5,432,macro,daily,% a.a.
2013-08-14,selic,8.5,432,macro,daily,% a.a.
2013-08-15,selic,8.5,432,macro,daily,% a.a.
2013-08-16,selic,8.5,432,macro,daily,% a.a.
2013-08-17,selic,8.5,432,macro,daily,% a.a.
2013-08-18,selic,8.5,432,macro,daily,% a.a.
2013-08-19,selic,8.5,432,macro,daily,% a.a.
2013-08-20,selic,8.5,432,macro,daily,% a.a.
2013-08-21,selic,8.5,432,macro,daily,% a.a.
2013-08-22,selic,8.5,432,macro,daily,% a.a.
2013-08-23,selic,8.5,432,macro,daily,% a.a.
2013-08-24,selic,8.5,432,macro,daily,% a.a.
2013-08-25,selic,8.5,432,macro,daily,% a.a.
2013-08-26,selic,8.5,432,macro,daily,% a.a.
2013-08-27,selic,8.5,432,macro,daily,% a.a.
2013-08-28,selic,8.5,432,macro,daily,% a.a.
2013-08-29,selic,9.0,432,macro,daily,% a.a.
2013-08-30,selic,9.0,432,macro,daily,% a.a.
2013-08-31,selic,9.0,432,macro,daily,% a.a.
2013-09-01,credit_balance_pf,1205858.0,20541,credito,monthly,R$ mi
2013-09-01,credit_balance_pj,1394833.0,20540,credito,monthly,R$ mi
2013-09-01,credit_grants_pf,122285.0,20633,credito,monthly,R$ mi
2013-09-01,credit_grants_pj,146644.0,20632,credito,monthly,R$ mi
2013-09-01,credit_interest_pf,2.08,25435,juros,monthly,% a.m.
2013-09-01,credit_interest_pj,1.19,25434,juros,monthly,% a.m.
2013-09-01,delinquency_card,6.97,21129,inadimplencia,monthly,%
2013-09-01,delinquency_personal,4.17,21120,inadimplencia,monthly,%
2013-09-01,delinquency_pf,4.45,21084,inadimplencia,monthly,%
2013-09-01,delinquency_pj,2.02,21083,inadimplencia,monthly,%
2013-09-01,delinquency_revolving,34.06,21127,inadimplencia,monthly,%
2013-09-01,delinquency_vehicle,5.7,21121,inadimplencia,monthly,%
2013-09-01,household_debt,38.49,29037,familias,monthly,%
2013-09-01,household_debt_ex_housing,26.27,29038,familias,monthly,%
2013-09-01,income_commitment,22.31,29034,familias,monthly,%
2013-09-01,ipca,0.35,433,macro,monthly,%
2013-09-01,real_income,6861.0,24380,macro,monthly,R$
2013-09-01,selic,9.0,432,macro,daily,% a.a.
2013-09-01,unemployment,7.0,24369,macro,monthly,%
2013-09-02,selic,9.0,432,macro,daily,% a.a.
2013-09-03,selic,9.0,432,macro,daily,% a.a.
2013-09-04,selic,9.0,432,macro,daily,% a.a.
2013-09-05,selic,9.0,432,macro,daily,% a.a.
2013-09-06,selic,9.0,432,macro,daily,% a.a.
2013-09-07,selic,9.0,432,macro,daily,% a.a.
2013-09-08,selic,9.0,432,macro,daily,% a.a.
2013-09-09,selic,9.0,432,macro,daily,% a.a.
2013-09-10,selic,9.0,432,macro,daily,% a.a.
2013-09-11,selic,9.0,432,macro,daily,% a.a.
2013-09-12,selic,9.0,432,macro,daily,% a.a.
2013-09-13,selic,9.0,432,macro,daily,% a.a.
2013-09-14,selic,9.0,432,macro,daily,% a.a.
2013-09-15,selic,9.0,432,macro,daily,% a.a.
2013-09-16,selic,9.0,432,macro,daily,% a.a.
2013-09-17,selic,9.0,432,macro,daily,% a.a.
2013-09-18,selic,9.0,432,macro,daily,% a.a.
2013-09-19,selic,9.0,432,macro,daily,% a.a.
2013-09-20,selic,9.0,432,macro,daily,% a.a.
2013-09-21,selic,9.0,432,macro,daily,% a.a.
2013-09-22,selic,9.0,432,macro,daily,% a.a.
2013-09-23,selic,9.0,432,macro,daily,% a.a.
2013-09-24,selic,9.0,432,macro,daily,% a.a.
2013-09-25,selic,9.0,432,macro,daily,% a.a.
2013-09-26,selic,9.0,432,macro,daily,% a.a.
2013-09-27,selic,9.0,432,macro,daily,% a.a.
2013-09-28,selic,9.0,432,macro,daily,% a.a.
2013-09-29,selic,9.0,432,macro,daily,% a.a.
2013-09-30,selic,9.0,432,macro,daily,% a.a.
2013-10-01,credit_balance_pf,1215932.0,20541,credito,monthly,R$ mi
2013-10-01,credit_balance_pj,1391875.0,20540,credito,monthly,R$ mi
2013-10-01,credit_grants_pf,130716.0,20633,credito,monthly,R$ mi
2013-10-01,credit_grants_pj,152882.0,20632,credito,monthly,R$ mi
2013-10-01,credit_interest_pf,2.12,25435,juros,monthly,% a.m.
2013-10-01,credit_interest_pj,1.2,25434,juros,monthly,% a.m.
2013-10-01,delinquency_card,6.79,21129,inadimplencia,monthly,%
2013-10-01,delinquency_personal,4.06,21120,inadimplencia,monthly,%
2013-10-01,delinquency_pf,4.26,21084,inadimplencia,monthly,%
2013-10-01,delinquency_pj,2.03,21083,inadimplencia,monthly,%
2013-10-01,delinquency_revolving,34.59,21127,inadimplencia,monthly,%
2013-10-01,delinquency_vehicle,5.38,21121,inadimplencia,monthly,%
2013-10-01,household_debt,38.36,29037,familias,monthly,%
2013-10-01,household_debt_ex_housing,26.15,29038,familias,monthly,%
2013-10-01,income_commitment,22.3,29034,familias,monthly,%
2013-10-01,ipca,0.57,433,macro,monthly,%
2013-10-01,real_income,6624.0,24380,macro,monthly,R$
2013-10-01,selic,9.0,432,macro,daily,% a.a.
2013-10-01,unemployment,6.8,24369,macro,monthly,%
2013-10-02,selic,9.0,432,macro,daily,% a.a.
2013-10-03,selic,9.0,432,macro,daily,% a.a.
2013-10-04,selic,9.0,432,macro,daily,% a.a.
2013-10-05,selic,9.0,432,macro,daily,% a.a.
2013-10-06,selic,9.0,432,macro,daily,% a.a.
2013-10-07,selic,9.0,432,macro,daily,% a.a.
2013-10-08,selic,9.0,432,macro,daily,% a.a.
2013-10-09,selic,9.0,432,macro,daily,% a.a.
2013-10-10,selic,9.5,432,macro,daily,% a.a.
2013-10-11,selic,9.5,432,macro,daily,% a.a.
2013-10-12,selic,9.5,432,macro,daily,% a.a.
2013-10-13,selic,9.5,432,macro,daily,% a.a.
2013-10-14,selic,9.5,432,macro,daily,% a.a.
2013-10-15,selic,9.5,432,macro,daily,% a.a.
2013-10-16,selic,9.5,432,macro,daily,% a.a.
2013-10-17,selic,9.5,432,macro,daily,% a.a.
2013-10-18,selic,9.5,432,macro,daily,% a.a.
2013-10-19,selic,9.5,432,macro,daily,% a.a.
2013-10-20,selic,9.5,432,macro,daily,% a.a.
2013-10-21,selic,9.5,432,macro,daily,% a.a.
2013-10-22,selic,9.5,432,macro,daily,% a.a.
2013-10-23,selic,9.5,432,macro,daily,% a.a.
2013-10-24,selic,9.5,432,macro,daily,% a.a.
2013-10-25,selic,9.5,432,macro,daily,% a.a.
2013-10-26,selic,9.5,432,macro,daily,% a.a.
2013-10-27,selic,9.5,432,macro,daily,% a.a.
2013-10-28,selic,9.5,432,macro,daily,% a.a.
2013-10-29,selic,9.5,432,macro,daily,% a.a.
2013-10-30,selic,9.5,432,macro,daily,% a.a.
2013-10-31,selic,9.5,432,macro,daily,% a.a.
2013-11-01,credit_balance_pf,1231489.0,20541,credito,monthly,R$ mi
2013-11-01,credit_balance_pj,1418959.0,20540,credito,monthly,R$ mi
2013-11-01,credit_grants_pf,125438.0,20633,credito,monthly,R$ mi
2013-11-01,credit_grants_pj,147921.0,20632,credito,monthly,R$ mi
2013-11-01,credit_interest_pf,2.13,25435,juros,monthly,% a.m.
2013-11-01,credit_interest_pj,1.22,25434,juros,monthly,% a.m.
2013-11-01,delinquency_card,6.66,21129,inadimplencia,monthly,%
2013-11-01,delinquency_personal,4.03,21120,inadimplencia,monthly,%
2013-11-01,delinquency_pf,4.16,21084,inadimplencia,monthly,%
2013-11-01,delinquency_pj,1.95,21083,inadimplencia,monthly,%
2013-11-01,delinquency_revolving,33.81,21127,inadimplencia,monthly,%
2013-11-01,delinquency_vehicle,5.27,21121,inadimplencia,monthly,%
2013-11-01,household_debt,38.36,29037,familias,monthly,%
2013-11-01,household_debt_ex_housing,26.0,29038,familias,monthly,%
2013-11-01,income_commitment,22.44,29034,familias,monthly,%
2013-11-01,ipca,0.54,433,macro,monthly,%
2013-11-01,real_income,6413.0,24380,macro,monthly,R$
2013-11-01,selic,9.5,432,macro,daily,% a.a.
2013-11-01,unemployment,6.5,24369,macro,monthly,%
2013-11-02,selic,9.5,432,macro,daily,% a.a.
2013-11-03,selic,9.5,432,macro,daily,% a.a.
2013-11-04,selic,9.5,432,macro,daily,% a.a.
2013-11-05,selic,9.5,432,macro,daily,% a.a.
2013-11-06,selic,9.5,432,macro,daily,% a.a.
2013-11-07,selic,9.5,432,macro,daily,% a.a.
2013-11-08,selic,9.5,432,macro,daily,% a.a.
2013-11-09,selic,9.5,432,macro,daily,% a.a.
2013-11-10,selic,9.5,432,macro,daily,% a.a.
2013-11-11,selic,9.5,432,macro,daily,% a.a.
2013-11-12,selic,9.5,432,macro,daily,% a.a.
2013-11-13,selic,9.5,432,macro,daily,% a.a.
2013-11-14,selic,9.5,432,macro,daily,% a.a.
2013-11-15,selic,9.5,432,macro,daily,% a.a.
2013-11-16,selic,9.5,432,macro,daily,% a.a.
2013-11-17,selic,9.5,432,macro,daily,% a.a.
2013-11-18,selic,9.5,432,macro,daily,% a.a.
2013-11-19,selic,9.5,432,macro,daily,% a.a.
2013-11-20,selic,9.5,432,macro,daily,% a.a.
2013-11-21,selic,9.5,432,macro,daily,% a.a.
2013-11-22,selic,9.5,432,macro,daily,% a.a.
2013-11-23,selic,9.5,432,macro,daily,% a.a.
2013-11-24,selic,9.5,432,macro,daily,% a.a.
2013-11-25,selic,9.5,432,macro,daily,% a.a.
2013-11-26,selic,9.5,432,macro,daily,% a.a.
2013-11-27,selic,9.5,432,macro,daily,% a.a.
2013-11-28,selic,10.0,432,macro,daily,% a.a.
2013-11-29,selic,10.0,432,macro,daily,% a.a.
2013-11-30,selic,10.0,432,macro,daily,% a.a.
2013-12-01,credit_balance_pf,1248780.0,20541,credito,monthly,R$ mi
2013-12-01,credit_balance_pj,1461991.0,20540,credito,monthly,R$ mi
2013-12-01,credit_grants_pf,141970.0,20633,credito,monthly,R$ mi
2013-12-01,credit_grants_pj,182550.0,20632,credito,monthly,R$ mi
2013-12-01,credit_interest_pf,2.09,25435,juros,monthly,% a.m.
2013-12-01,credit_interest_pj,1.22,25434,juros,monthly,% a.m.
2013-12-01,delinquency_card,6.37,21129,inadimplencia,monthly,%
2013-12-01,delinquency_personal,4.07,21120,inadimplencia,monthly,%
2013-12-01,delinquency_pf,4.09,21084,inadimplencia,monthly,%
2013-12-01,delinquency_pj,1.84,21083,inadimplencia,monthly,%
2013-12-01,delinquency_revolving,35.92,21127,inadimplencia,monthly,%
2013-12-01,delinquency_vehicle,5.19,21121,inadimplencia,monthly,%
2013-12-01,household_debt,38.21,29037,familias,monthly,%
2013-12-01,household_debt_ex_housing,25.71,29038,familias,monthly,%
2013-12-01,income_commitment,22.68,29034,familias,monthly,%
2013-12-01,ipca,0.92,433,macro,monthly,%
2013-12-01,real_income,6100.0,24380,macro,monthly,R$
2013-12-01,selic,10.0,432,macro,daily,% a.a.
2013-12-01,unemployment,6.2,24369,macro,monthly,%
2013-12-02,selic,10.0,432,macro,daily,% a.a.
2013-12-03,selic,10.0,432,macro,daily,% a.a.
2013-12-04,selic,10.0,432,macro,daily,% a.a.
2013-12-05,selic,10.0,432,macro,daily,% a.a.
2013-12-06,selic,10.0,432,macro,daily,% a.a.
2013-12-07,selic,10.0,432,macro,daily,% a.a.
2013-12-08,selic,10.0,432,macro,daily,% a.a.
2013-12-09,selic,10.0,432,macro,daily,% a.a.
2013-12-10,selic,10.0,432,macro,daily,% a.a.
2013-12-11,selic,10.0,432,macro,daily,% a.a.
2013-12-12,selic,10.0,432,macro,daily,% a.a.
2013-12-13,selic,10.0,432,macro,daily,% a.a.
2013-12-14,selic,10.0,432,macro,daily,% a.a.
2013-12-15,selic,10.0,432,macro,daily,% a.a.
2013-12-16,selic,10.0,432,macro,daily,% a.a.
2013-12-17,selic,10.0,432,macro,daily,% a.a.
2013-12-18,selic,10.0,432,macro,daily,% a.a.
2013-12-19,selic,10.0,432,macro,daily,% a.a.
2013-12-20,selic,10.0,432,macro,daily,% a.a.
2013-12-21,selic,10.0,432,macro,daily,% a.a.
2013-12-22,selic,10.0,432,macro,daily,% a.a.
2013-12-23,selic,10.0,432,macro,daily,% a.a.
2013-12-24,selic,10.0,432,macro,daily,% a.a.
2013-12-25,selic,10.0,432,macro,daily,% a.a.
2013-12-26,selic,10.0,432,macro,daily,% a.a.
2013-12-27,selic,10.0,432,macro,daily,% a.a.
2013-12-28,selic,10.0,432,macro,daily,% a.a.
2013-12-29,selic,10.0,432,macro,daily,% a.a.
2013-12-30,selic,10.0,432,macro,daily,% a.a.
2013-12-31,selic,10.0,432,macro,daily,% a.a.
2014-01-01,credit_balance_pf,1264312.0,20541,credito,monthly,R$ mi
2014-01-01,credit_balance_pj,1450115.0,20540,credito,monthly,R$ mi
2014-01-01,credit_grants_pf,125032.0,20633,credito,monthly,R$ mi
2014-01-01,credit_grants_pj,134224.0,20632,credito,monthly,R$ mi
2014-01-01,credit_interest_pf,2.16,25435,juros,monthly,% a.m.
2014-01-01,credit_interest_pj,1.28,25434,juros,monthly,% a.m.
2014-01-01,delinquency_card,6.29,21129,inadimplencia,monthly,%
2014-01-01,delinquency_personal,4.0,21120,inadimplencia,monthly,%
2014-01-01,delinquency_pf,4.05,21084,inadimplencia,monthly,%
2014-01-01,delinquency_pj,1.83,21083,inadimplencia,monthly,%
2014-01-01,delinquency_revolving,34.39,21127,inadimplencia,monthly,%
2014-01-01,delinquency_vehicle,5.17,21121,inadimplencia,monthly,%
2014-01-01,household_debt,38.3,29037,familias,monthly,%
2014-01-01,household_debt_ex_housing,25.69,29038,familias,monthly,%
2014-01-01,income_commitment,22.59,29034,familias,monthly,%
2014-01-01,ipca,0.55,433,macro,monthly,%
2014-01-01,real_income,6310.0,24380,macro,monthly,R$
2014-01-01,selic,10.0,432,macro,daily,% a.a.
2014-01-01,unemployment,6.5,24369,macro,monthly,%
2014-01-02,selic,10.0,432,macro,daily,% a.a.
2014-01-03,selic,10.0,432,macro,daily,% a.a.
2014-01-04,selic,10.0,432,macro,daily,% a.a.
2014-01-05,selic,10.0,432,macro,daily,% a.a.
2014-01-06,selic,10.0,432,macro,daily,% a.a.
2014-01-07,selic,10.0,432,macro,daily,% a.a.
2014-01-08,selic,10.0,432,macro,daily,% a.a.
2014-01-09,selic,10.0,432,macro,daily,% a.a.
2014-01-10,selic,10.0,432,macro,daily,% a.a.
2014-01-11,selic,10.0,432,macro,daily,% a.a.
2014-01-12,selic,10.0,432,macro,daily,% a.a.
2014-01-13,selic,10.0,432,macro,daily,% a.a.
2014-01-14,selic,10.0,432,macro,daily,% a.a.
2014-01-15,selic,10.0,432,macro,daily,% a.a.
2014-01-16,selic,10.5,432,macro,daily,% a.a.
2014-01-17,selic,10.5,432,macro,daily,% a.a.
2014-01-18,selic,10.5,432,macro,daily,% a.a.
2014-01-19,selic,10.5,432,macro,daily,% a.a.
2014-01-20,selic,10.5,432,macro,daily,% a.a.
2014-01-21,selic,10.5,432,macro,daily,% a.a.
2014-01-22,selic,10.5,432,macro,daily,% a.a.
2014-01-23,selic,10.5,432,macro,daily,% a.a.
2014-01-24,selic,10.5,432,macro,daily,% a.a.
2014-01-25,selic,10.5,432,macro,daily,% a.a.
2014-01-26,selic,10.5,432,macro,daily,% a.a.
2014-01-27,selic,10.5,432,macro,daily,% a.a.
2014-01-28,selic,10.5,432,macro,daily,% a.a.
2014-01-29,selic,10.5,432,macro,daily,% a.a.
2014-01-30,selic,10.5,432,macro,daily,% a.a.
2014-01-31,selic,10.5,432,macro,daily,% a.a.
2014-02-01,credit_balance_pf,1269595.0,20541,credito,monthly,R$ mi
2014-02-01,credit_balance_pj,1456101.0,20540,credito,monthly,R$ mi
2014-02-01,credit_grants_pf,122998.0,20633,credito,monthly,R$ mi
2014-02-01,credit_grants_pj,138178.0,20632,credito,monthly,R$ mi
2014-02-01,credit_interest_pf,2.22,25435,juros,monthly,% a.m.
2014-02-01,credit_interest_pj,1.29,25434,juros,monthly,% a.m.
2014-02-01,delinquency_card,6.34,21129,inadimplencia,monthly,%
2014-02-01,delinquency_personal,3.91,21120,inadimplencia,monthly,%
2014-02-01,delinquency_pf,4.03,21084,inadimplencia,monthly,%
2014-02-01,delinquency_pj,1.88,21083,inadimplencia,monthly,%
2014-02-01,delinquency_revolving,31.47,21127,inadimplencia,monthly,%
2014-02-01,delinquency_vehicle,5.09,21121,inadimplencia,monthly,%
2014-02-01,household_debt,38.25,29037,familias,monthly,%
2014-02-01,household_debt_ex_housing,25.51,29038,familias,monthly,%
2014-02-01,income_commitment,22.58,29034,familias,monthly,%
2014-02-01,ipca,0.69,433,macro,monthly,%
2014-02-01,real_income,6660.0,24380,macro,monthly,R$
2014-02-01,selic,10.5,432,macro,daily,% a.a.
2014-02-01,unemployment,6.8,24369,macro,monthly,%
2014-02-02,selic,10.5,432,macro,daily,% a.a.
2014-02-03,selic,10.5,432,macro,daily,% a.a.
2014-02-04,selic,10.5,432,macro,daily,% a.a.
2014-02-05,selic,10.5,432,macro,daily,% a.a.
2014-02-06,selic,10.5,432,macro,daily,% a.a.
2014-02-07,selic,10.5,432,macro,daily,% a.a.
2014-02-08,selic,10.5,432,macro,daily,% a.a.
2014-02-09,selic,10.5,432,macro,daily,% a.a.
2014-02-10,selic,10.5,432,macro,daily,% a.a.
2014-02-11,selic,10.5,432,macro,daily,% a.a.
2014-02-12,selic,10.5,432,macro,daily,% a.a.
2014-02-13,selic,10.5,432,macro,daily,% a.a.
2014-02-14,selic,10.5,432,macro,daily,% a.a.
2014-02-15,selic,10.5,432,macro,daily,% a.a.
2014-02-16,selic,10.5,432,macro,daily,% a.a.
2014-02-17,selic,10.5,432,macro,daily,% a.a.
2014-02-18,selic,10.5,432,macro,daily,% a.a.
2014-02-19,selic,10.5,432,macro,daily,% a.a.
2014-02-20,selic,10.5,432,macro,daily,% a.a.
2014-02-21,selic,10.5,432,macro,daily,% a.a.
2014-02-22,selic,10.5,432,macro,daily,% a.a.
2014-02-23,selic,10.5,432,macro,daily,% a.a.
2014-02-24,selic,10.5,432,macro,daily,% a.a.
2014-02-25,selic,10.5,432,macro,daily,% a.a.
2014-02-26,selic,10.5,432,macro,daily,% a.a.
2014-02-27,selic,10.75,432,macro,daily,% a.a.
2014-02-28,selic,10.75,432,macro,daily,% a.a.
2014-03-01,credit_balance_pf,1280968.0,20541,credito,monthly,R$ mi
2014-03-01,credit_balance_pj,1471341.0,20540,credito,monthly,R$ mi
2014-03-01,credit_grants_pf,121393.0,20633,credito,monthly,R$ mi
2014-03-01,credit_grants_pj,148742.0,20632,credito,monthly,R$ mi
2014-03-01,credit_interest_pf,2.25,25435,juros,monthly,% a.m.
2014-03-01,credit_interest_pj,1.28,25434,juros,monthly,% a.m.
2014-03-01,delinquency_card,6.3,21129,inadimplencia,monthly,%
2014-03-01,delinquency_personal,3.97,21120,inadimplencia,monthly,%
2014-03-01,delinquency_pf,4.08,21084,inadimplencia,monthly,%
2014-03-01,delinquency_pj,1.88,21083,inadimplencia,monthly,%
2014-03-01,delinquency_revolving,31.87,21127,inadimplencia,monthly,%
2014-03-01,delinquency_vehicle,5.06,21121,inadimplencia,monthly,%
2014-03-01,household_debt,38.15,29037,familias,monthly,%
2014-03-01,household_debt_ex_housing,25.27,29038,familias,monthly,%
2014-03-01,income_commitment,22.48,29034,familias,monthly,%
2014-03-01,ipca,0.92,433,macro,monthly,%
2014-03-01,real_income,7081.0,24380,macro,monthly,R$
2014-03-01,selic,10.75,432,macro,daily,% a.a.
2014-03-01,unemployment,7.2,24369,macro,monthly,%
2014-03-02,selic,10.75,432,macro,daily,% a.a.
2014-03-03,selic,10.75,432,macro,daily,% a.a.
2014-03-04,selic,10.75,432,macro,daily,% a.a.
2014-03-05,selic,10.75,432,macro,daily,% a.a.
2014-03-06,selic,10.75,432,macro,daily,% a.a.
2014-03-07,selic,10.75,432,macro,daily,% a.a.
2014-03-08,selic,10.75,432,macro,daily,% a.a.
2014-03-09,selic,10.75,432,macro,daily,% a.a.
2014-03-10,selic,10.75,432,macro,daily,% a.a.
2014-03-11,selic,10.75,432,macro,daily,% a.a.
2014-03-12,selic,10.75,432,macro,daily,% a.a.
2014-03-13,selic,10.75,432,macro,daily,% a.a.
2014-03-14,selic,10.75,432,macro,daily,% a.a.
2014-03-15,selic,10.75,432,macro,daily,% a.a.
2014-03-16,selic,10.75,432,macro,daily,% a.a.
2014-03-17,selic,10.75,432,macro,daily,% a.a.
2014-03-18,selic,10.75,432,macro,daily,% a.a.
2014-03-19,selic,10.75,432,macro,daily,% a.a.
2014-03-20,selic,10.75,432,macro,daily,% a.a.
2014-03-21,selic,10.75,432,macro,daily,% a.a.
2014-03-22,selic,10.75,432,macro,daily,% a.a.
2014-03-23,selic,10.75,432,macro,daily,% a.a.
2014-03-24,selic,10.75,432,macro,daily,% a.a.
2014-03-25,selic,10.75,432,macro,daily,% a.a.
2014-03-26,selic,10.75,432,macro,daily,% a.a.
2014-03-27,selic,10.75,432,macro,daily,% a.a.
2014-03-28,selic,10.75,432,macro,daily,% a.a.
2014-03-29,selic,10.75,432,macro,daily,% a.a.
2014-03-30,selic,10.75,432,macro,daily,% a.a.
2014-03-31,selic,10.75,432,macro,daily,% a.a.
2014-04-01,credit_balance_pf,1293537.0,20541,credito,monthly,R$ mi
2014-04-01,credit_balance_pj,1477809.0,20540,credito,monthly,R$ mi
2014-04-01,credit_grants_pf,127608.0,20633,credito,monthly,R$ mi
2014-04-01,credit_grants_pj,147357.0,20632,credito,monthly,R$ mi
2014-04-01,credit_interest_pf,2.22,25435,juros,monthly,% a.m.
2014-04-01,credit_interest_pj,1.29,25434,juros,monthly,% a.m.
2014-04-01,delinquency_card,6.49,21129,inadimplencia,monthly,%
2014-04-01,delinquency_personal,3.99,21120,inadimplencia,monthly,%
2014-04-01,delinquency_pf,4.13,21084,inadimplencia,monthly,%
2014-04-01,delinquency_pj,1.92,21083,inadimplencia,monthly,%
2014-04-01,delinquency_revolving,32.07,21127,inadimplencia,monthly,%
2014-04-01,delinquency_vehicle,4.99,21121,inadimplencia,monthly,%
2014-04-01,household_debt,38.14,29037,familias,monthly,%
2014-04-01,household_debt_ex_housing,25.12,29038,familias,monthly,%
2014-04-01,income_commitment,22.6,29034,familias,monthly,%
2014-04-01,ipca,0.67,433,macro,monthly,%
2014-04-01,real_income,7073.0,24380,macro,monthly,R$
2014-04-01,selic,10.75,432,macro,daily,% a.a.
2014-04-01,unemployment,7.2,24369,macro,monthly,%
2014-04-02,selic,10.75,432,macro,daily,% a.a.
2014-04-03,selic,11.0,432,macro,daily,% a.a.
2014-04-04,selic,11.0,432,macro,daily,% a.a.
2014-04-05,selic,11.0,432,macro,daily,% a.a.
2014-04-06,selic,11.0,432,macro,daily,% a.a.
2014-04-07,selic,11.0,432,macro,daily,% a.a.
2014-04-08,selic,11.0,432,macro,daily,% a.a.
2014-04-09,selic,11.0,432,macro,daily,% a.a.
2014-04-10,selic,11.0,432,macro,daily,% a.a.
2014-04-11,selic,11.0,432,macro,daily,% a.a.
2014-04-12,selic,11.0,432,macro,daily,% a.a.
2014-04-13,selic,11.0,432,macro,daily,% a.a.
2014-04-14,selic,11.0,432,macro,daily,% a.a.
2014-04-15,selic,11.0,432,macro,daily,% a.a.
2014-04-16,selic,11.0,432,macro,daily,% a.a.
2014-04-17,selic,11.0,432,macro,daily,% a.a.
2014-04-18,selic,11.0,432,macro,daily,% a.a.
2014-04-19,selic,11.0,432,macro,daily,% a.a.
2014-04-20,selic,11.0,432,macro,daily,% a.a.
2014-04-21,selic,11.0,432,macro,daily,% a.a.
2014-04-22,selic,11.0,432,macro,daily,% a.a.
2014-04-23,selic,11.0,432,macro,daily,% a.a.
2014-04-24,selic,11.0,432,macro,daily,% a.a.
2014-04-25,selic,11.0,432,macro,daily,% a.a.
2014-04-26,selic,11.0,432,macro,daily,% a.a.
2014-04-27,selic,11.0,432,macro,daily,% a.a.
2014-04-28,selic,11.0,432,macro,daily,% a.a.
2014-04-29,selic,11.0,432,macro,daily,% a.a.
2014-04-30,selic,11.0,432,macro,daily,% a.a.
2014-05-01,credit_balance_pf,1310538.0,20541,credito,monthly,R$ mi
2014-05-01,credit_balance_pj,1487506.0,20540,credito,monthly,R$ mi
2014-05-01,credit_grants_pf,134884.0,20633,credito,monthly,R$ mi
2014-05-01,credit_grants_pj,147310.0,20632,credito,monthly,R$ mi
2014-05-01,credit_interest_pf,2.23,25435,juros,monthly,% a.m.
2014-05-01,credit_interest_pj,1.3,25434,juros,monthly,% a.m.
2014-05-01,delinquency_card,6.66,21129,inadimplencia,monthly,%
2014-05-01,delinquency_personal,4.11,21120,inadimplencia,monthly,%
2014-05-01,delinquency_pf,4.19,21084,inadimplencia,monthly,%
2014-05-01,delinquency_pj,2.0,21083,inadimplencia,monthly,%
2014-05-01,delinquency_revolving,33.77,21127,inadimplencia,monthly,%
2014-05-01,delinquency_vehicle,5.01,21121,inadimplencia,monthly,%
2014-05-01,household_debt,38.3,29037,familias,monthly,%
2014-05-01,household_debt_ex_housing,25.04,29038,familias,monthly,%
2014-05-01,income_commitment,22.71,29034,familias,monthly,%
2014-05-01,ipca,0.46,433,macro,monthly,%
2014-05-01,real_income,6912.0,24380,macro,monthly,R$
2014-05-01,selic,11.0,432,macro,daily,% a.a.
2014-05-01,unemployment,7.0,24369,macro,monthly,%
2014-05-02,selic,11.0,432,macro,daily,% a.a.
2014-05-03,selic,11.0,432,macro,daily,% a.a.
2014-05-04,selic,11.0,432,macro,daily,% a.a.
2014-05-05,selic,11.0,432,macro,daily,% a.a.
2014-05-06,selic,11.0,432,macro,daily,% a.a.
2014-05-07,selic,11.0,432,macro,daily,% a.a.
2014-05-08,selic,11.0,432,macro,daily,% a.a.
2014-05-09,selic,11.0,432,macro,daily,% a.a.
2014-05-10,selic,11.0,432,macro,daily,% a.a.
2014-05-11,selic,11.0,432,macro,daily,% a.a.
2014-05-12,selic,11.0,432,macro,daily,% a.a.
2014-05-13,selic,11.0,432,macro,daily,% a.a.
2014-05-14,selic,11.0,432,macro,daily,% a.a.
2014-05-15,selic,11.0,432,macro,daily,% a.a.
2014-05-16,selic,11.0,432,macro,daily,% a.a.
2014-05-17,selic,11.0,432,macro,daily,% a.a.
2014-05-18,selic,11.0,432,macro,daily,% a.a.
2014-05-19,selic,11.0,432,macro,daily,% a.a.
2014-05-20,selic,11.0,432,macro,daily,% a.a.
2014-05-21,selic,11.0,432,macro,daily,% a.a.
2014-05-22,selic,11.0,432,macro,daily,% a.a.
2014-05-23,selic,11.0,432,macro,daily,% a.a.
2014-05-24,selic,11.0,432,macro,daily,% a.a.
2014-05-25,selic,11.0,432,macro,daily,% a.a.
2014-05-26,selic,11.0,432,macro,daily,% a.a.
2014-05-27,selic,11.0,432,macro,daily,% a.a.
2014-05-28,selic,11.0,432,macro,daily,% a.a.
2014-05-29,selic,11.0,432,macro,daily,% a.a.
2014-05-30,selic,11.0,432,macro,daily,% a.a.
2014-05-31,selic,11.0,432,macro,daily,% a.a.
2014-06-01,credit_balance_pf,1324093.0,20541,credito,monthly,R$ mi
2014-06-01,credit_balance_pj,1500565.0,20540,credito,monthly,R$ mi
2014-06-01,credit_grants_pf,131710.0,20633,credito,monthly,R$ mi
2014-06-01,credit_grants_pj,154263.0,20632,credito,monthly,R$ mi
2014-06-01,credit_interest_pf,2.24,25435,juros,monthly,% a.m.
2014-06-01,credit_interest_pj,1.27,25434,juros,monthly,% a.m.
2014-06-01,delinquency_card,6.65,21129,inadimplencia,monthly,%
2014-06-01,delinquency_personal,3.94,21120,inadimplencia,monthly,%
2014-06-01,delinquency_pf,4.01,21084,inadimplencia,monthly,%
2014-06-01,delinquency_pj,1.97,21083,inadimplencia,monthly,%
2014-06-01,delinquency_revolving,32.49,21127,inadimplencia,monthly,%
2014-06-01,delinquency_vehicle,4.91,21121,inadimplencia,monthly,%
2014-06-01,household_debt,38.48,29037,familias,monthly,%
2014-06-01,household_debt_ex_housing,25.0,29038,familias,monthly,%
2014-06-01,income_commitment,22.78,29034,familias,monthly,%
2014-06-01,ipca,0.4,433,macro,monthly,%
2014-06-01,real_income,6801.0,24380,macro,monthly,R$
2014-06-01,selic,11.0,432,macro,daily,% a.a.
2014-06-01,unemployment,6.9,24369,macro,monthly,%
2014-06-02,selic,11.0,432,macro,daily,% a.a.
2014-06-03,selic,11.0,432,macro,daily,% a.a.
2014-06-04,selic,11.0,432,macro,daily,% a.a.
2014-06-05,selic,11.0,432,macro,daily,% a.a.
2014-06-06,selic,11.0,432,macro,daily,% a.a.
2014-06-07,selic,11.0,432,macro,daily,% a.a.
2014-06-08,selic,11.0,432,macro,daily,% a.a.
2014-06-09,selic,11.0,432,macro,daily,% a.a.
2014-06-10,selic,11.0,432,macro,daily,% a.a.
2014-06-11,selic,11.0,432,macro,daily,% a.a.
2014-06-12,selic,11.0,432,macro,daily,% a.a.
2014-06-13,selic,11.0,432,macro,daily,% a.a.
2014-06-14,selic,11.0,432,macro,daily,% a.a.
2014-06-15,selic,11.0,432,macro,daily,% a.a.
2014-06-16,selic,11.0,432,macro,daily,% a.a.
2014-06-17,selic,11.0,432,macro,daily,% a.a.
2014-06-18,selic,11.0,432,macro,daily,% a.a.
2014-06-19,selic,11.0,432,macro,daily,% a.a.
2014-06-20,selic,11.0,432,macro,daily,% a.a.
2014-06-21,selic,11.0,432,macro,daily,% a.a.
2014-06-22,selic,11.0,432,macro,daily,% a.a.
2014-06-23,selic,11.0,432,macro,daily,% a.a.
2014-06-24,selic,11.0,432,macro,daily,% a.a.
2014-06-25,selic,11.0,432,macro,daily,% a.a.
2014-06-26,selic,11.0,432,macro,daily,% a.a.
2014-06-27,selic,11.0,432,macro,daily,% a.a.
2014-06-28,selic,11.0,432,macro,daily,% a.a.
2014-06-29,selic,11.0,432,macro,daily,% a.a.
2014-06-30,selic,11.0,432,macro,daily,% a.a.
2014-07-01,credit_balance_pf,1332357.0,20541,credito,monthly,R$ mi
2014-07-01,credit_balance_pj,1498512.0,20540,credito,monthly,R$ mi
2014-07-01,credit_grants_pf,135899.0,20633,credito,monthly,R$ mi
2014-07-01,credit_grants_pj,138200.0,20632,credito,monthly,R$ mi
2014-07-01,credit_interest_pf,2.25,25435,juros,monthly,% a.m.
2014-07-01,credit_interest_pj,1.29,25434,juros,monthly,% a.m.
2014-07-01,delinquency_card,6.93,21129,inadimplencia,monthly,%
2014-07-01,delinquency_personal,4.03,21120,inadimplencia,monthly,%
2014-07-01,delinquency_pf,4.08,21084,inadimplencia,monthly,%
2014-07-01,delinquency_pj,2.01,21083,inadimplencia,monthly,%
2014-07-01,delinquency_revolving,35.15,21127,inadimplencia,monthly,%
2014-07-01,delinquency_vehicle,4.8,21121,inadimplencia,monthly,%
2014-07-01,household_debt,38.56,29037,familias,monthly,%
2014-07-01,household_debt_ex_housing,24.88,29038,familias,monthly,%
2014-07-01,income_commitment,22.83,29034,familias,monthly,%
2014-07-01,ipca,0.01,433,macro,monthly,%
2014-07-01,real_income,6850.0,24380,macro,monthly,R$
2014-07-01,selic,11.0,432,macro,daily,% a.a.
2014-07-01,unemployment,7.0,24369,macro,monthly,%
2014-07-02,selic,11.0,432,macro,daily,% a.a.
2014-07-03,selic,11.0,432,macro,daily,% a.a.
2014-07-04,selic,11.0,432,macro,daily,% a.a.
2014-07-05,selic,11.0,432,macro,daily,% a.a.
2014-07-06,selic,11.0,432,macro,daily,% a.a.
2014-07-07,selic,11.0,432,macro,daily,% a.a.
2014-07-08,selic,11.0,432,macro,daily,% a.a.
2014-07-09,selic,11.0,432,macro,daily,% a.a.
2014-07-10,selic,11.0,432,macro,daily,% a.a.
2014-07-11,selic,11.0,432,macro,daily,% a.a.
2014-07-12,selic,11.0,432,macro,daily,% a.a.
2014-07-13,selic,11.0,432,macro,daily,% a.a.
2014-07-14,selic,11.0,432,macro,daily,% a.a.
2014-07-15,selic,11.0,432,macro,daily,% a.a.
2014-07-16,selic,11.0,432,macro,daily,% a.a.
2014-07-17,selic,11.0,432,macro,daily,% a.a.
2014-07-18,selic,11.0,432,macro,daily,% a.a.
2014-07-19,selic,11.0,432,macro,daily,% a.a.
2014-07-20,selic,11.0,432,macro,daily,% a.a.
2014-07-21,selic,11.0,432,macro,daily,% a.a.
2014-07-22,selic,11.0,432,macro,daily,% a.a.
2014-07-23,selic,11.0,432,macro,daily,% a.a.
2014-07-24,selic,11.0,432,macro,daily,% a.a.
2014-07-25,selic,11.0,432,macro,daily,% a.a.
2014-07-26,selic,11.0,432,macro,daily,% a.a.
2014-07-27,selic,11.0,432,macro,daily,% a.a.
2014-07-28,selic,11.0,432,macro,daily,% a.a.
2014-07-29,selic,11.0,432,macro,daily,% a.a.
2014-07-30,selic,11.0,432,macro,daily,% a.a.
2014-07-31,selic,11.0,432,macro,daily,% a.a.
2014-08-01,credit_balance_pf,1347426.0,20541,credito,monthly,R$ mi
2014-08-01,credit_balance_pj,1510323.0,20540,credito,monthly,R$ mi
2014-08-01,credit_grants_pf,133073.0,20633,credito,monthly,R$ mi
2014-08-01,credit_grants_pj,138610.0,20632,credito,monthly,R$ mi
2014-08-01,credit_interest_pf,2.25,25435,juros,monthly,% a.m.
2014-08-01,credit_interest_pj,1.28,25434,juros,monthly,% a.m.
2014-08-01,delinquency_card,6.96,21129,inadimplencia,monthly,%
2014-08-01,delinquency_personal,4.06,21120,inadimplencia,monthly,%
2014-08-01,delinquency_pf,4.07,21084,inadimplencia,monthly,%
2014-08-01,delinquency_pj,2.06,21083,inadimplencia,monthly,%
2014-08-01,delinquency_revolving,35.28,21127,inadimplencia,monthly,%
2014-08-01,delinquency_vehicle,4.64,21121,inadimplencia,monthly,%
2014-08-01,household_debt,38.63,29037,familias,monthly,%
2014-08-01,household_debt_ex_housing,24.78,29038,familias,monthly,%
2014-08-01,income_commitment,22.67,29034,familias,monthly,%
2014-08-01,ipca,0.25,433,macro,monthly,%
2014-08-01,real_income,6844.0,24380,macro,monthly,R$
2014-08-01,selic,11.0,432,macro,daily,% a.a.
2014-08-01,unemployment,7.0,24369,macro,monthly,%
2014-08-02,selic,11.0,432,macro,daily,% a.a.
2014-08-03,selic,11.0,432,macro,daily,% a.a.
2014-08-04,selic,11.0,432,macro,daily,% a.a.
2014-08-05,selic,11.0,432,macro,daily,% a.a.
2014-08-06,selic,11.0,432,macro,daily,% a.a.
2014-08-07,selic,11.0,432,macro,daily,% a.a.
2014-08-08,selic,11.0,432,macro,daily,% a.a.
2014-08-09,selic,11.0,432,macro,daily,% a.a.
2014-08-10,selic,11.0,432,macro,daily,% a.a.
2014-08-11,selic,11.0,432,macro,daily,% a.a.
2014-08-12,selic,11.0,432,macro,daily,% a.a.
2014-08-13,selic,11.0,432,macro,daily,% a.a.
2014-08-14,selic,11.0,432,macro,daily,% a.a.
2014-08-15,selic,11.0,432,macro,daily,% a.a.
2014-08-16,selic,11.0,432,macro,daily,% a.a.
2014-08-17,selic,11.0,432,macro,daily,% a.a.
2014-08-18,selic,11.0,432,macro,daily,% a.a.
2014-08-19,selic,11.0,432,macro,daily,% a.a.
2014-08-20,selic,11.0,432,macro,daily,% a.a.
2014-08-21,selic,11.0,432,macro,daily,% a.a.
2014-08-22,selic,11.0,432,macro,daily,% a.a.
2014-08-23,selic,11.0,432,macro,daily,% a.a.
2014-08-24,selic,11.0,432,macro,daily,% a.a.
2014-08-25,selic,11.0,432,macro,daily,% a.a.
2014-08-26,selic,11.0,432,macro,daily,% a.a.
2014-08-27,selic,11.0,432,macro,daily,% a.a.
2014-08-28,selic,11.0,432,macro,daily,% a.a.
2014-08-29,selic,11.0,432,macro,daily,% a.a.
2014-08-30,selic,11.0,432,macro,daily,% a.a.
2014-08-31,selic,11.0,432,macro,daily,% a.a.
2014-09-01,credit_balance_pf,1360278.0,20541,credito,monthly,R$ mi
2014-09-01,credit_balance_pj,1536273.0,20540,credito,monthly,R$ mi
2014-09-01,credit_grants_pf,140744.0,20633,credito,monthly,R$ mi
2014-09-01,credit_grants_pj,155374.0,20632,credito,monthly,R$ mi
2014-09-01,credit_interest_pf,2.21,25435,juros,monthly,% a.m.
2014-09-01,credit_interest_pj,1.28,25434,juros,monthly,% a.m.
2014-09-01,delinquency_card,7.22,21129,inadimplencia,monthly,%
2014-09-01,delinquency_personal,4.04,21120,inadimplencia,monthly,%
2014-09-01,delinquency_pf,3.97,21084,inadimplencia,monthly,%
2014-09-01,delinquency_pj,2.03,21083,inadimplencia,monthly,%
2014-09-01,delinquency_revolving,36.38,21127,inadimplencia,monthly,%
2014-09-01,delinquency_vehicle,4.45,21121,inadimplencia,monthly,%
2014-09-01,household_debt,38.73,29037,familias,monthly,%
2014-09-01,household_debt_ex_housing,24.75,29038,familias,monthly,%
2014-09-01,income_commitment,22.7,29034,familias,monthly,%
2014-09-01,ipca,0.57,433,macro,monthly,%
2014-09-01,real_income,6747.0,24380,macro,monthly,R$
2014-09-01,selic,11.0,432,macro,daily,% a.a.
2014-09-01,unemployment,6.8,24369,macro,monthly,%
2014-09-02,selic,11.0,432,macro,daily,% a.a.
2014-09-03,selic,11.0,432,macro,daily,% a.a.
2014-09-04,selic,11.0,432,macro,daily,% a.a.
2014-09-05,selic,11.0,432,macro,daily,% a.a.
2014-09-06,selic,11.0,432,macro,daily,% a.a.
2014-09-07,selic,11.0,432,macro,daily,% a.a.
2014-09-08,selic,11.0,432,macro,daily,% a.a.
2014-09-09,selic,11.0,432,macro,daily,% a.a.
2014-09-10,selic,11.0,432,macro,daily,% a.a.
2014-09-11,selic,11.0,432,macro,daily,% a.a.
2014-09-12,selic,11.0,432,macro,daily,% a.a.
2014-09-13,selic,11.0,432,macro,daily,% a.a.
2014-09-14,selic,11.0,432,macro,daily,% a.a.
2014-09-15,selic,11.0,432,macro,daily,% a.a.
2014-09-16,selic,11.0,432,macro,daily,% a.a.
2014-09-17,selic,11.0,432,macro,daily,% a.a.
2014-09-18,selic,11.0,432,macro,daily,% a.a.
2014-09-19,selic,11.0,432,macro,daily,% a.a.
2014-09-20,selic,11.0,432,macro,daily,% a.a.
2014-09-21,selic,11.0,432,macro,daily,% a.a.
2014-09-22,selic,11.0,432,macro,daily,% a.a.
2014-09-23,selic,11.0,432,macro,daily,% a.a.
2014-09-24,selic,11.0,432,macro,daily,% a.a.
2014-09-25,selic,11.0,432,macro,daily,% a.a.
2014-09-26,selic,11.0,432,macro,daily,% a.a.
2014-09-27,selic,11.0,432,macro,daily,% a.a.
2014-09-28,selic,11.0,432,macro,daily,% a.a.
2014-09-29,selic,11.0,432,macro,daily,% a.a.
2014-09-30,selic,11.0,432,macro,daily,% a.a.
2014-10-01,credit_balance_pf,1377654.0,20541,credito,monthly,R$ mi
2014-10-01,credit_balance_pj,1541931.0,20540,credito,monthly,R$ mi
2014-10-01,credit_grants_pf,147764.0,20633,credito,monthly,R$ mi
2014-10-01,credit_grants_pj,148188.0,20632,credito,monthly,R$ mi
2014-10-01,credit_interest_pf,2.26,25435,juros,monthly,% a.m.
2014-10-01,credit_interest_pj,1.29,25434,juros,monthly,% a.m.
2014-10-01,delinquency_card,7.19,21129,inadimplencia,monthly,%
2014-10-01,delinquency_personal,3.99,21120,inadimplencia,monthly,%
2014-10-01,delinquency_pf,4.01,21084,inadimplencia,monthly,%
2014-10-01,delinquency_pj,2.08,21083,inadimplencia,monthly,%
2014-10-01,delinquency_revolving,36.63,21127,inadimplencia,monthly,%
2014-10-01,delinquency_vehicle,4.27,21121,inadimplencia,monthly,%
2014-10-01,household_debt,38.95,29037,familias,monthly,%
2014-10-01,household_debt_ex_housing,24.78,29038,familias,monthly,%
2014-10-01,income_commitment,22.72,29034,familias,monthly,%
2014-10-01,ipca,0.42,433,macro,monthly,%
2014-10-01,real_income,6599.0,24380,macro,monthly,R$
2014-10-01,selic,11.0,432,macro,daily,% a.a.
2014-10-01,unemployment,6.7,24369,macro,monthly,%
2014-10-02,selic,11.0,432,macro,daily,% a.a.
2014-10-03,selic,11.0,432,macro,daily,% a.a.
2014-10-04,selic,11.0,432,macro,daily,% a.a.
2014-10-05,selic,11.0,432,macro,daily,% a.a.
2014-10-06,selic,11.0,432,macro,daily,% a.a.
2014-10-07,selic,11.0,432,macro,daily,% a.a.
2014-10-08,selic,11.0,432,macro,daily,% a.a.
2014-10-09,selic,11.0,432,macro,daily,% a.a.
2014-10-10,selic,11.0,432,macro,daily,% a.a.
2014-10-11,selic,11.0,432,macro,daily,% a.a.
2014-10-12,selic,11.0,432,macro,daily,% a.a.
2014-10-13,selic,11.0,432,macro,daily,% a.a.
2014-10-14,selic,11.0,432,macro,daily,% a.a.
2014-10-15,selic,11.0,432,macro,daily,% a.a.
2014-10-16,selic,11.0,432,macro,daily,% a.a.
2014-10-17,selic,11.0,432,macro,daily,% a.a.
2014-10-18,selic,11.0,432,macro,daily,% a.a.
2014-10-19,selic,11.0,432,macro,daily,% a.a.
2014-10-20,selic,11.0,432,macro,daily,% a.a.
2014-10-21,selic,11.0,432,macro,daily,% a.a.
2014-10-22,selic,11.0,432,macro,daily,% a.a.
2014-10-23,selic,11.0,432,macro,daily,% a.a.
2014-10-24,selic,11.0,432,macro,daily,% a.a.
2014-10-25,selic,11.0,432,macro,daily,% a.a.
2014-10-26,selic,11.0,432,macro,daily,% a.a.
2014-10-27,selic,11.0,432,macro,daily,% a.a.
2014-10-28,selic,11.0,432,macro,daily,% a.a.
2014-10-29,selic,11.0,432,macro,daily,% a.a.
2014-10-30,selic,11.25,432,macro,daily,% a.a.
2014-10-31,selic,11.25,432,macro,daily,% a.a.
2014-11-01,credit_balance_pf,1389826.0,20541,credito,monthly,R$ mi
2014-11-01,credit_balance_pj,1566963.0,20540,credito,monthly,R$ mi
2014-11-01,credit_grants_pf,133114.0,20633,credito,monthly,R$ mi
2014-11-01,credit_grants_pj,142360.0,20632,credito,monthly,R$ mi
2014-11-01,credit_interest_pf,2.27,25435,juros,monthly,% a.m.
2014-11-01,credit_interest_pj,1.29,25434,juros,monthly,% a.m.
2014-11-01,delinquency_card,6.9,21129,inadimplencia,monthly,%
2014-11-01,delinquency_personal,3.92,21120,inadimplencia,monthly,%
2014-11-01,delinquency_pf,3.87,21084,inadimplencia,monthly,%
2014-11-01,delinquency_pj,2.0,21083,inadimplencia,monthly,%
2014-11-01,delinquency_revolving,34.89,21127,inadimplencia,monthly,%
2014-11-01,delinquency_vehicle,4.09,21121,inadimplencia,monthly,%
2014-11-01,household_debt,38.95,29037,familias,monthly,%
2014-11-01,household_debt_ex_housing,24.61,29038,familias,monthly,%
2014-11-01,income_commitment,23.11,29034,familias,monthly,%
2014-11-01,ipca,0.51,433,macro,monthly,%
2014-11-01,real_income,6492.0,24380,macro,monthly,R$
2014-11-01,selic,11.25,432,macro,daily,% a.a.
2014-11-01,unemployment,6.6,24369,macro,monthly,%
2014-11-02,selic,11.25,432,macro,daily,% a.a.
2014-11-03,selic,11.25,432,macro,daily,% a.a.
2014-11-04,selic,11.25,432,macro,daily,% a.a.
2014-11-05,selic,11.25,432,macro,daily,% a.a.
2014-11-06,selic,11.25,432,macro,daily,% a.a.
2014-11-07,selic,11.25,432,macro,daily,% a.a.
2014-11-08,selic,11.25,432,macro,daily,% a.a.
2014-11-09,selic,11.25,432,macro,daily,% a.a.
2014-11-10,selic,11.25,432,macro,daily,% a.a.
2014-11-11,selic,11.25,432,macro,daily,% a.a.
2014-11-12,selic,11.25,432,macro,daily,% a.a.
2014-11-13,selic,11.25,432,macro,daily,% a.a.
2014-11-14,selic,11.25,432,macro,daily,% a.a.
2014-11-15,selic,11.25,432,macro,daily,% a.a.
2014-11-16,selic,11.25,432,macro,daily,% a.a.
2014-11-17,selic,11.25,432,macro,daily,% a.a.
2014-11-18,selic,11.25,432,macro,daily,% a.a.
2014-11-19,selic,11.25,432,macro,daily,% a.a.
2014-11-20,selic,11.25,432,macro,daily,% a.a.
2014-11-21,selic,11.25,432,macro,daily,% a.a.
2014-11-22,selic,11.25,432,macro,daily,% a.a.
2014-11-23,selic,11.25,432,macro,daily,% a.a.
2014-11-24,selic,11.25,432,macro,daily,% a.a.
2014-11-25,selic,11.25,432,macro,daily,% a.a.
2014-11-26,selic,11.25,432,macro,daily,% a.a.
2014-11-27,selic,11.25,432,macro,daily,% a.a.
2014-11-28,selic,11.25,432,macro,daily,% a.a.
2014-11-29,selic,11.25,432,macro,daily,% a.a.
2014-11-30,selic,11.25,432,macro,daily,% a.a.
2014-12-01,credit_balance_pf,1415242.0,20541,credito,monthly,R$ mi
2014-12-01,credit_balance_pj,1602371.0,20540,credito,monthly,R$ mi
2014-12-01,credit_grants_pf,154552.0,20633,credito,monthly,R$ mi
2014-12-01,credit_grants_pj,182884.0,20632,credito,monthly,R$ mi
2014-12-01,credit_interest_pf,2.21,25435,juros,monthly,% a.m.
2014-12-01,credit_interest_pj,1.29,25434,juros,monthly,% a.m.
2014-12-01,delinquency_card,6.57,21129,inadimplencia,monthly,%
2014-12-01,delinquency_personal,3.91,21120,inadimplencia,monthly,%
2014-12-01,delinquency_pf,3.7,21084,inadimplencia,monthly,%
2014-12-01,delinquency_pj,1.92,21083,inadimplencia,monthly,%
2014-12-01,delinquency_revolving,37.05,21127,inadimplencia,monthly,%
2014-12-01,delinquency_vehicle,3.95,21121,inadimplencia,monthly,%
2014-12-01,household_debt,39.24,29037,familias,monthly,%
2014-12-01,household_debt_ex_housing,24.68,29038,familias,monthly,%
2014-12-01,income_commitment,23.48,29034,familias,monthly,%
2014-12-01,ipca,0.78,433,macro,monthly,%
2014-12-01,real_income,6488.0,24380,macro,monthly,R$
2014-12-01,selic,11.25,432,macro,daily,% a.a.
2014-12-01,unemployment,6.6,24369,macro,monthly,%
2014-12-02,selic,11.25,432,macro,daily,% a.a.
2014-12-03,selic,11.25,432,macro,daily,% a.a.
2014-12-04,selic,11.75,432,macro,daily,% a.a.
2014-12-05,selic,11.75,432,macro,daily,% a.a.
2014-12-06,selic,11.75,432,macro,daily,% a.a.
2014-12-07,selic,11.75,432,macro,daily,% a.a.
2014-12-08,selic,11.75,432,macro,daily,% a.a.
2014-12-09,selic,11.75,432,macro,daily,% a.a.
2014-12-10,selic,11.75,432,macro,daily,% a.a.
2014-12-11,selic,11.75,432,macro,daily,% a.a.
2014-12-12,selic,11.75,432,macro,daily,% a.a.
2014-12-13,selic,11.75,432,macro,daily,% a.a.
2014-12-14,selic,11.75,432,macro,daily,% a.a.
2014-12-15,selic,11.75,432,macro,daily,% a.a.
2014-12-16,selic,11.75,432,macro,daily,% a.a.
2014-12-17,selic,11.75,432,macro,daily,% a.a.
2014-12-18,selic,11.75,432,macro,daily,% a.a.
2014-12-19,selic,11.75,432,macro,daily,% a.a.
2014-12-20,selic,11.75,432,macro,daily,% a.a.
2014-12-21,selic,11.75,432,macro,daily,% a.a.
2014-12-22,selic,11.75,432,macro,daily,% a.a.
2014-12-23,selic,11.75,432,macro,daily,% a.a.
2014-12-24,selic,11.75,432,macro,daily,% a.a.
2014-12-25,selic,11.75,432,macro,daily,% a.a.
2014-12-26,selic,11.75,432,macro,daily,% a.a.
2014-12-27,selic,11.75,432,macro,daily,% a.a.
2014-12-28,selic,11.75,432,macro,daily,% a.a.
2014-12-29,selic,11.75,432,macro,daily,% a.a.
2014-12-30,selic,11.75,432,macro,daily,% a.a.
2014-12-31,selic,11.75,432,macro,daily,% a.a.
2015-01-01,credit_balance_pf,1429389.0,20541,credito,monthly,R$ mi
2015-01-01,credit_balance_pj,1592340.0,20540,credito,monthly,R$ mi
2015-01-01,credit_grants_pf,131121.0,20633,credito,monthly,R$ mi
2015-01-01,credit_grants_pj,127719.0,20632,credito,monthly,R$ mi
2015-01-01,credit_interest_pf,2.3,25435,juros,monthly,% a.m.
2015-01-01,credit_interest_pj,1.36,25434,juros,monthly,% a.m.
2015-01-01,delinquency_card,6.67,21129,inadimplencia,monthly,%
2015-01-01,delinquency_personal,3.98,21120,inadimplencia,monthly,%
2015-01-01,delinquency_pf,3.78,21084,inadimplencia,monthly,%
2015-01-01,delinquency_pj,2.02,21083,inadimplencia,monthly,%
2015-01-01,delinquency_revolving,36.13,21127,inadimplencia,monthly,%
2015-01-01,delinquency_vehicle,3.97,21121,inadimplencia,monthly,%
2015-01-01,household_debt,39.63,29037,familias,monthly,%
2015-01-01,household_debt_ex_housing,24.82,29038,familias,monthly,%
2015-01-01,income_commitment,23.92,29034,familias,monthly,%
2015-01-01,ipca,1.24,433,macro,monthly,%
2015-01-01,real_income,6805.0,24380,macro,monthly,R$
2015-01-01,selic,11.75,432,macro,daily,% a.a.
2015-01-01,unemployment,6.9,24369,macro,monthly,%
2015-01-02,selic,11.75,432,macro,daily,% a.a.
2015-01-03,selic,11.75,432,macro,daily,% a.a.
2015-01-04,selic,11.75,432,macro,daily,% a.a.
2015-01-05,selic,11.75,432,macro,daily,% a.a.
2015-01-06,selic,11.75,432,macro,daily,% a.a.
2015-01-07,selic,11.75,432,macro,daily,% a.a.
2015-01-08,selic,11.75,432,macro,daily,% a.a.
2015-01-09,selic,11.75,432,macro,daily,% a.a.
2015-01-10,selic,11.75,432,macro,daily,% a.a.
2015-01-11,selic,11.75,432,macro,daily,% a.a.
2015-01-12,selic,11.75,432,macro,daily,% a.a.
2015-01-13,selic,11.75,432,macro,daily,% a.a.
2015-01-14,selic,11.75,432,macro,daily,% a.a.
2015-01-15,selic,11.75,432,macro,daily,% a.a.
2015-01-16,selic,11.75,432,macro,daily,% a.a.
2015-01-17,selic,11.75,432,macro,daily,% a.a.
2015-01-18,selic,11.75,432,macro,daily,% a.a.
2015-01-19,selic,11.75,432,macro,daily,% a.a.
2015-01-20,selic,11.75,432,macro,daily,% a.a.
2015-01-21,selic,11.75,432,macro,daily,% a.a.
2015-01-22,selic,12.25,432,macro,daily,% a.a.
2015-01-23,selic,12.25,432,macro,daily,% a.a.
2015-01-24,selic,12.25,432,macro,daily,% a.a.
2015-01-25,selic,12.25,432,macro,daily,% a.a.
2015-01-26,selic,12.25,432,macro,daily,% a.a.
2015-01-27,selic,12.25,432,macro,daily,% a.a.
2015-01-28,selic,12.25,432,macro,daily,% a.a.
2015-01-29,selic,12.25,432,macro,daily,% a.a.
2015-01-30,selic,12.25,432,macro,daily,% a.a.
2015-01-31,selic,12.25,432,macro,daily,% a.a.
2015-02-01,credit_balance_pf,1433032.0,20541,credito,monthly,R$ mi
2015-02-01,credit_balance_pj,1600706.0,20540,credito,monthly,R$ mi
2015-02-01,credit_grants_pf,114739.0,20633,credito,monthly,R$ mi
2015-02-01,credit_grants_pj,115217.0,20632,credito,monthly,R$ mi
2015-02-01,credit_interest_pf,2.36,25435,juros,monthly,% a.m.
2015-02-01,credit_interest_pj,1.4,25434,juros,monthly,% a.m.
2015-02-01,delinquency_card,6.94,21129,inadimplencia,monthly,%
2015-02-01,delinquency_personal,3.98,21120,inadimplencia,monthly,%
2015-02-01,delinquency_pf,3.85,21084,inadimplencia,monthly,%
2015-02-01,delinquency_pj,2.03,21083,inadimplencia,monthly,%
2015-02-01,delinquency_revolving,33.94,21127,inadimplencia,monthly,%
2015-02-01,delinquency_vehicle,3.93,21121,inadimplencia,monthly,%
2015-02-01,household_debt,39.64,29037,familias,monthly,%
2015-02-01,household_debt_ex_housing,24.7,29038,familias,monthly,%
2015-02-01,income_commitment,24.08,29034,familias,monthly,%
2015-02-01,ipca,1.22,433,macro,monthly,%
2015-02-01,real_income,7436.0,24380,macro,monthly,R$
2015-02-01,selic,12.25,432,macro,daily,% a.a.
2015-02-01,unemployment,7.5,24369,macro,monthly,%
2015-02-02,selic,12.25,432,macro,daily,% a.a.
2015-02-03,selic,12.25,432,macro,daily,% a.a.
2015-02-04,selic,12.25,432,macro,daily,% a.a.
2015-02-05,selic,12.25,432,macro,daily,% a.a.
2015-02-06,selic,12.25,432,macro,daily,% a.a.
2015-02-07,selic,12.25,432,macro,daily,% a.a.
2015-02-08,selic,12.25,432,macro,daily,% a.a.
2015-02-09,selic,12.25,432,macro,daily,% a.a.
2015-02-10,selic,12.25,432,macro,daily,% a.a.
2015-02-11,selic,12.25,432,macro,daily,% a.a.
2015-02-12,selic,12.25,432,macro,daily,% a.a.
2015-02-13,selic,12.25,432,macro,daily,% a.a.
2015-02-14,selic,12.25,432,macro,daily,% a.a.
2015-02-15,selic,12.25,432,macro,daily,% a.a.
2015-02-16,selic,12.25,432,macro,daily,% a.a.
2015-02-17,selic,12.25,432,macro,daily,% a.a.
2015-02-18,selic,12.25,432,macro,daily,% a.a.
2015-02-19,selic,12.25,432,macro,daily,% a.a.
2015-02-20,selic,12.25,432,macro,daily,% a.a.
2015-02-21,selic,12.25,432,macro,daily,% a.a.
2015-02-22,selic,12.25,432,macro,daily,% a.a.
2015-02-23,selic,12.25,432,macro,daily,% a.a.
2015-02-24,selic,12.25,432,macro,daily,% a.a.
2015-02-25,selic,12.25,432,macro,daily,% a.a.
2015-02-26,selic,12.25,432,macro,daily,% a.a.
2015-02-27,selic,12.25,432,macro,daily,% a.a.
2015-02-28,selic,12.25,432,macro,daily,% a.a.
2015-03-01,credit_balance_pf,1444396.0,20541,credito,monthly,R$ mi
2015-03-01,credit_balance_pj,1626469.0,20540,credito,monthly,R$ mi
2015-03-01,credit_grants_pf,137096.0,20633,credito,monthly,R$ mi
2015-03-01,credit_grants_pj,154519.0,20632,credito,monthly,R$ mi
2015-03-01,credit_interest_pf,2.37,25435,juros,monthly,% a.m.
2015-03-01,credit_interest_pj,1.4,25434,juros,monthly,% a.m.
2015-03-01,delinquency_card,6.7,21129,inadimplencia,monthly,%
2015-03-01,delinquency_personal,3.79,21120,inadimplencia,monthly,%
2015-03-01,delinquency_pf,3.71,21084,inadimplencia,monthly,%
2015-03-01,delinquency_pj,2.1,21083,inadimplencia,monthly,%
2015-03-01,delinquency_revolving,33.98,21127,inadimplencia,monthly,%
2015-03-01,delinquency_vehicle,3.91,21121,inadimplencia,monthly,%
2015-03-01,household_debt,39.74,29037,familias,monthly,%
2015-03-01,household_debt_ex_housing,24.62,29038,familias,monthly,%
2015-03-01,income_commitment,24.02,29034,familias,monthly,%
2015-03-01,ipca,1.32,433,macro,monthly,%
2015-03-01,real_income,7965.0,24380,macro,monthly,R$
2015-03-01,selic,12.25,432,macro,daily,% a.a.
2015-03-01,unemployment,8.0,24369,macro,monthly,%
2015-03-02,selic,12.25,432,macro,daily,% a.a.
2015-03-03,selic,12.25,432,macro,daily,% a.a.
2015-03-04,selic,12.25,432,macro,daily,% a.a.
2015-03-05,selic,12.75,432,macro,daily,% a.a.
2015-03-06,selic,12.75,432,macro,daily,% a.a.
2015-03-07,selic,12.75,432,macro,daily,% a.a.
2015-03-08,selic,12.75,432,macro,daily,% a.a.
2015-03-09,selic,12.75,432,macro,daily,% a.a.
2015-03-10,selic,12.75,432,macro,daily,% a.a.
2015-03-11,selic,12.75,432,macro,daily,% a.a.
2015-03-12,selic,12.75,432,macro,daily,% a.a.
2015-03-13,selic,12.75,432,macro,daily,% a.a.
2015-03-14,selic,12.75,432,macro,daily,% a.a.
2015-03-15,selic,12.75,432,macro,daily,% a.a.
2015-03-16,selic,12.75,432,macro,daily,% a.a.
2015-03-17,selic,12.75,432,macro,daily,% a.a.
2015-03-18,selic,12.75,432,macro,daily,% a.a.
2015-03-19,selic,12.75,432,macro,daily,% a.a.
2015-03-20,selic,12.75,432,macro,daily,% a.a.
2015-03-21,selic,12.75,432,macro,daily,% a.a.
2015-03-22,selic,12.75,432,macro,daily,% a.a.
2015-03-23,selic,12.75,432,macro,daily,% a.a.
2015-03-24,selic,12.75,432,macro,daily,% a.a.
2015-03-25,selic,12.75,432,macro,daily,% a.a.
2015-03-26,selic,12.75,432,macro,daily,% a.a.
2015-03-27,selic,12.75,432,macro,daily,% a.a.
2015-03-28,selic,12.75,432,macro,daily,% a.a.
2015-03-29,selic,12.75,432,macro,daily,% a.a.
2015-03-30,selic,12.75,432,macro,daily,% a.a.
2015-03-31,selic,12.75,432,macro,daily,% a.a.
2015-04-01,credit_balance_pf,1451934.0,20541,credito,monthly,R$ mi
2015-04-01,credit_balance_pj,1618435.0,20540,credito,monthly,R$ mi
2015-04-01,credit_grants_pf,129893.0,20633,credito,monthly,R$ mi
2015-04-01,credit_grants_pj,140443.0,20632,credito,monthly,R$ mi
2015-04-01,credit_interest_pf,2.42,25435,juros,monthly,% a.m.
2015-04-01,credit_interest_pj,1.43,25434,juros,monthly,% a.m.
2015-04-01,delinquency_card,7.04,21129,inadimplencia,monthly,%
2015-04-01,delinquency_personal,3.8,21120,inadimplencia,monthly,%
2015-04-01,delinquency_pf,3.79,21084,inadimplencia,monthly,%
2015-04-01,delinquency_pj,2.28,21083,inadimplencia,monthly,%
2015-04-01,delinquency_revolving,34.38,21127,inadimplencia,monthly,%
2015-04-01,delinquency_vehicle,3.91,21121,inadimplencia,monthly,%
2015-04-01,household_debt,40.01,29037,familias,monthly,%
2015-04-01,household_debt_ex_housing,24.62,29038,familias,monthly,%
2015-04-01,income_commitment,24.18,29034,familias,monthly,%
2015-04-01,ipca,0.71,433,macro,monthly,%
2015-04-01,real_income,8068.0,24380,macro,monthly,R$
2015-04-01,selic,12.75,432,macro,daily,% a.a.
2015-04-01,unemployment,8.1,24369,macro,monthly,%
2015-04-02,selic,12.75,432,macro,daily,% a.a.
2015-04-03,selic,12.75,432,macro,daily,% a.a.
2015-04-04,selic,12.75,432,macro,daily,% a.a.
2015-04-05,selic,12.75,432,macro,daily,% a.a.
2015-04-06,selic,12.75,432,macro,daily,% a.a.
2015-04-07,selic,12.75,432,macro,daily,% a.a.
2015-04-08,selic,12.75,432,macro,daily,% a.a.
2015-04-09,selic,12.75,432,macro,daily,% a.a.
2015-04-10,selic,12.75,432,macro,daily,% a.a.
2015-04-11,selic,12.75,432,macro,daily,% a.a.
2015-04-12,selic,12.75,432,macro,daily,% a.a.
2015-04-13,selic,12.75,432,macro,daily,% a.a.
2015-04-14,selic,12.75,432,macro,daily,% a.a.
2015-04-15,selic,12.75,432,macro,daily,% a.a.
2015-04-16,selic,12.75,432,macro,daily,% a.a.
2015-04-17,selic,12.75,432,macro,daily,% a.a.
2015-04-18,selic,12.75,432,macro,daily,% a.a.
2015-04-19,selic,12.75,432,macro,daily,% a.a.
2015-04-20,selic,12.75,432,macro,daily,% a.a.
2015-04-21,selic,12.75,432,macro,daily,% a.a.
2015-04-22,selic,12.75,432,macro,daily,% a.a.
2015-04-23,selic,12.75,432,macro,daily,% a.a.
2015-04-24,selic,12.75,432,macro,daily,% a.a.
2015-04-25,selic,12.75,432,macro,daily,% a.a.
2015-04-26,selic,12.75,432,macro,daily,% a.a.
2015-04-27,selic,12.75,432,macro,daily,% a.a.
2015-04-28,selic,12.75,432,macro,daily,% a.a.
2015-04-29,selic,12.75,432,macro,daily,% a.a.
2015-04-30,selic,13.25,432,macro,daily,% a.a.
2015-05-01,credit_balance_pf,1460513.0,20541,credito,monthly,R$ mi
2015-05-01,credit_balance_pj,1630919.0,20540,credito,monthly,R$ mi
2015-05-01,credit_grants_pf,129031.0,20633,credito,monthly,R$ mi
2015-05-01,credit_grants_pj,139817.0,20632,credito,monthly,R$ mi
2015-05-01,credit_interest_pf,2.48,25435,juros,monthly,% a.m.
2015-05-01,credit_interest_pj,1.45,25434,juros,monthly,% a.m.
2015-05-01,delinquency_card,7.29,21129,inadimplencia,monthly,%
2015-05-01,delinquency_personal,3.91,21120,inadimplencia,monthly,%
2015-05-01,delinquency_pf,3.89,21084,inadimplencia,monthly,%
2015-05-01,delinquency_pj,2.31,21083,inadimplencia,monthly,%
2015-05-01,delinquency_revolving,35.29,21127,inadimplencia,monthly,%
2015-05-01,delinquency_vehicle,3.95,21121,inadimplencia,monthly,%
2015-05-01,household_debt,40.02,29037,familias,monthly,%
2015-05-01,household_debt_ex_housing,24.53,29038,familias,monthly,%
2015-05-01,income_commitment,24.18,29034,familias,monthly,%
2015-05-01,ipca,0.74,433,macro,monthly,%
2015-05-01,real_income,8203.0,24380,macro,monthly,R$
2015-05-01,selic,13.25,432,macro,daily,% a.a.
2015-05-01,unemployment,8.2,24369,macro,monthly,%
2015-05-02,selic,13.25,432,macro,daily,% a.a.
2015-05-03,selic,13.25,432,macro,daily,% a.a.
2015-05-04,selic,13.25,432,macro,daily,% a.a.
2015-05-05,selic,13.25,432,macro,daily,% a.a.
2015-05-06,selic,13.25,432,macro,daily,% a.a.
2015-05-07,selic,13.25,432,macro,daily,% a.a.
2015-05-08,selic,13.25,432,macro,daily,% a.a.
2015-05-09,selic,13.25,432,macro,daily,% a.a.
2015-05-10,selic,13.25,432,macro,daily,% a.a.
2015-05-11,selic,13.25,432,macro,daily,% a.a.
2015-05-12,selic,13.25,432,macro,daily,% a.a.
2015-05-13,selic,13.25,432,macro,daily,% a.a.
2015-05-14,selic,13.25,432,macro,daily,% a.a.
2015-05-15,selic,13.25,432,macro,daily,% a.a.
2015-05-16,selic,13.25,432,macro,daily,% a.a.
2015-05-17,selic,13.25,432,macro,daily,% a.a.
2015-05-18,selic,13.25,432,macro,daily,% a.a.
2015-05-19,selic,13.25,432,macro,daily,% a.a.
2015-05-20,selic,13.25,432,macro,daily,% a.a.
2015-05-21,selic,13.25,432,macro,daily,% a.a.
2015-05-22,selic,13.25,432,macro,daily,% a.a.
2015-05-23,selic,13.25,432,macro,daily,% a.a.
2015-05-24,selic,13.25,432,macro,daily,% a.a.
2015-05-25,selic,13.25,432,macro,daily,% a.a.
2015-05-26,selic,13.25,432,macro,daily,% a.a.
2015-05-27,selic,13.25,432,macro,daily,% a.a.
2015-05-28,selic,13.25,432,macro,daily,% a.a.
2015-05-29,selic,13.25,432,macro,daily,% a.a.
2015-05-30,selic,13.25,432,macro,daily,% a.a.
2015-05-31,selic,13.25,432,macro,daily,% a.a.
2015-06-01,credit_balance_pf,1468594.0,20541,credito,monthly,R$ mi
2015-06-01,credit_balance_pj,1640401.0,20540,credito,monthly,R$ mi
2015-06-01,credit_grants_pf,133680.0,20633,credito,monthly,R$ mi
2015-06-01,credit_grants_pj,155896.0,20632,credito,monthly,R$ mi
2015-06-01,credit_interest_pf,2.52,25435,juros,monthly,% a.m.
2015-06-01,credit_interest_pj,1.47,25434,juros,monthly,% a.m.
2015-06-01,delinquency_card,7.18,21129,inadimplencia,monthly,%
2015-06-01,delinquency_personal,3.68,21120,inadimplencia,monthly,%
2015-06-01,delinquency_pf,3.7,21084,inadimplencia,monthly,%
2015-06-01,delinquency_pj,2.3,21083,inadimplencia,monthly,%
2015-06-01,delinquency_revolving,35.4,21127,inadimplencia,monthly,%
2015-06-01,delinquency_vehicle,3.99,21121,inadimplencia,monthly,%
2015-06-01,household_debt,40.09,29037,familias,monthly,%
2015-06-01,household_debt_ex_housing,24.48,29038,familias,monthly,%
2015-06-01,income_commitment,24.29,29034,familias,monthly,%
2015-06-01,ipca,0.79,433,macro,monthly,%
2015-06-01,real_income,8408.0,24380,macro,monthly,R$
2015-06-01,selic,13.25,432,macro,daily,% a.a.
2015-06-01,unemployment,8.4,24369,macro,monthly,%
2015-06-02,selic,13.25,432,macro,daily,% a.a.
2015-06-03,selic,13.25,432,macro,daily,% a.a.
2015-06-04,selic,13.75,432,macro,daily,% a.a.
2015-06-05,selic,13.75,432,macro,daily,% a.a.
2015-06-06,selic,13.75,432,macro,daily,% a.a.
2015-06-07,selic,13.75,432,macro,daily,% a.a.
2015-06-08,selic,13.75,432,macro,daily,% a.a.
2015-06-09,selic,13.75,432,macro,daily,% a.a.
2015-06-10,selic,13.75,432,macro,daily,% a.a.
2015-06-11,selic,13.75,432,macro,daily,% a.a.
2015-06-12,selic,13.75,432,macro,daily,% a.a.
2015-06-13,selic,13.75,432,macro,daily,% a.a.
2015-06-14,selic,13.75,432,macro,daily,% a.a.
2015-06-15,selic,13.75,432,macro,daily,% a.a.
2015-06-16,selic,13.75,432,macro,daily,% a.a.
2015-06-17,selic,13.75,432,macro,daily,% a.a.
2015-06-18,selic,13.75,432,macro,daily,% a.a.
2015-06-19,selic,13.75,432,macro,daily,% a.a.
2015-06-20,selic,13.75,432,macro,daily,% a.a.
2015-06-21,selic,13.75,432,macro,daily,% a.a.
2015-06-22,selic,13.75,432,macro,daily,% a.a.
2015-06-23,selic,13.75,432,macro,daily,% a.a.
2015-06-24,selic,13.75,432,macro,daily,% a.a.
2015-06-25,selic,13.75,432,macro,daily,% a.a.
2015-06-26,selic,13.75,432,macro,daily,% a.a.
2015-06-27,selic,13.75,432,macro,daily,% a.a.
2015-06-28,selic,13.75,432,macro,daily,% a.a.
2015-06-29,selic,13.75,432,macro,daily,% a.a.
2015-06-30,selic,13.75,432,macro,daily,% a.a.
2015-07-01,credit_balance_pf,1474065.0,20541,credito,monthly,R$ mi
2015-07-01,credit_balance_pj,1644031.0,20540,credito,monthly,R$ mi
2015-07-01,credit_grants_pf,133454.0,20633,credito,monthly,R$ mi
2015-07-01,credit_grants_pj,137764.0,20632,credito,monthly,R$ mi
2015-07-01,credit_interest_pf,2.58,25435,juros,monthly,% a.m.
2015-07-01,credit_interest_pj,1.51,25434,juros,monthly,% a.m.
2015-07-01,delinquency_card,7.46,21129,inadimplencia,monthly,%
2015-07-01,delinquency_personal,3.78,21120,inadimplencia,monthly,%
2015-07-01,delinquency_pf,3.81,21084,inadimplencia,monthly,%
2015-07-01,delinquency_pj,2.41,21083,inadimplencia,monthly,%
2015-07-01,delinquency_revolving,37.11,21127,inadimplencia,monthly,%
2015-07-01,delinquency_vehicle,3.93,21121,inadimplencia,monthly,%
2015-07-01,household_debt,40.38,29037,familias,monthly,%
2015-07-01,household_debt_ex_housing,24.56,29038,familias,monthly,%
2015-07-01,income_commitment,24.3,29034,familias,monthly,%
2015-07-01,ipca,0.62,433,macro,monthly,%
2015-07-01,real_income,8665.0,24380,macro,monthly,R$
2015-07-01,selic,13.75,432,macro,daily,% a.a.
2015-07-01,unemployment,8.6,24369,macro,monthly,%
2015-07-02,selic,13.75,432,macro,daily,% a.a.
2015-07-03,selic,13.75,432,macro,daily,% a.a.
2015-07-04,selic,13.75,432,macro,daily,% a.a.
2015-07-05,selic,13.75,432,macro,daily,% a.a.
2015-07-06,selic,13.75,432,macro,daily,% a.a.
2015-07-07,selic,13.75,432,macro,daily,% a.a.
2015-07-08,selic,13.75,432,macro,daily,% a.a.
2015-07-09,selic,13.75,432,macro,daily,% a.a.
2015-07-10,selic,13.75,432,macro,daily,% a.a.
2015-07-11,selic,13.75,432,macro,daily,% a.a.
2015-07-12,selic,13.75,432,macro,daily,% a.a.
2015-07-13,selic,13.75,432,macro,daily,% a.a.
2015-07-14,selic,13.75,432,macro,daily,% a.a.
2015-07-15,selic,13.75,432,macro,daily,% a.a.
2015-07-16,selic,13.75,432,macro,daily,% a.a.
2015-07-17,selic,13.75,432,macro,daily,% a.a.
2015-07-18,selic,13.75,432,macro,daily,% a.a.
2015-07-19,selic,13.75,432,macro,daily,% a.a.
2015-07-20,selic,13.75,432,macro,daily,% a.a.
2015-07-21,selic,13.75,432,macro,daily,% a.a.
2015-07-22,selic,13.75,432,macro,daily,% a.a.
2015-07-23,selic,13.75,432,macro,daily,% a.a.
2015-07-24,selic,13.75,432,macro,daily,% a.a.
2015-07-25,selic,13.75,432,macro,daily,% a.a.
2015-07-26,selic,13.75,432,macro,daily,% a.a.
2015-07-27,selic,13.75,432,macro,daily,% a.a.
2015-07-28,selic,13.75,432,macro,daily,% a.a.
2015-07-29,selic,13.75,432,macro,daily,% a.a.
2015-07-30,selic,14.25,432,macro,daily,% a.a.
2015-07-31,selic,14.25,432,macro,daily,% a.a.
2015-08-01,credit_balance_pf,1485288.0,20541,credito,monthly,R$ mi
2015-08-01,credit_balance_pj,1657637.0,20540,credito,monthly,R$ mi
2015-08-01,credit_grants_pf,131641.0,20633,credito,monthly,R$ mi
2015-08-01,credit_grants_pj,128975.0,20632,credito,monthly,R$ mi
2015-08-01,credit_interest_pf,2.62,25435,juros,monthly,% a.m.
2015-08-01,credit_interest_pj,1.54,25434,juros,monthly,% a.m.
2015-08-01,delinquency_card,7.62,21129,inadimplencia,monthly,%
2015-08-01,delinquency_personal,3.91,21120,inadimplencia,monthly,%
2015-08-01,delinquency_pf,3.92,21084,inadimplencia,monthly,%
2015-08-01,delinquency_pj,2.48,21083,inadimplencia,monthly,%
2015-08-01,delinquency_revolving,37.51,21127,inadimplencia,monthly,%
2015-08-01,delinquency_vehicle,3.97,21121,inadimplencia,monthly,%
2015-08-01,household_debt,40.57,29037,familias,monthly,%
2015-08-01,household_debt_ex_housing,24.58,29038,familias,monthly,%
2015-08-01,income_commitment,24.37,29034,familias,monthly,%
2015-08-01,ipca,0.22,433,macro,monthly,%
2015-08-01,real_income,8853.0,24380,macro,monthly,R$
2015-08-01,selic,14.25,432,macro,daily,% a.a.
2015-08-01,unemployment,8.8,24369,macro,monthly,%
2015-08-02,selic,14.25,432,macro,daily,% a.a.
2015-08-03,selic,14.25,432,macro,daily,% a.a.
2015-08-04,selic,14.25,432,macro,daily,% a.a.
2015-08-05,selic,14.25,432,macro,daily,% a.a.
2015-08-06,selic,14.25,432,macro,daily,% a.a.
2015-08-07,selic,14.25,432,macro,daily,% a.a.
2015-08-08,selic,14.25,432,macro,daily,% a.a.
2015-08-09,selic,14.25,432,macro,daily,% a.a.
2015-08-10,selic,14.25,432,macro,daily,% a.a.
2015-08-11,selic,14.25,432,macro,daily,% a.a.
2015-08-12,selic,14.25,432,macro,daily,% a.a.
2015-08-13,selic,14.25,432,macro,daily,% a.a.
2015-08-14,selic,14.25,432,macro,daily,% a.a.
2015-08-15,selic,14.25,432,macro,daily,% a.a.
2015-08-16,selic,14.25,432,macro,daily,% a.a.
2015-08-17,selic,14.25,432,macro,daily,% a.a.
2015-08-18,selic,14.25,432,macro,daily,% a.a.
2015-08-19,selic,14.25,432,macro,daily,% a.a.
2015-08-20,selic,14.25,432,macro,daily,% a.a.
2015-08-21,selic,14.25,432,macro,daily,% a.a.
2015-08-22,selic,14.25,432,macro,daily,% a.a.
2015-08-23,selic,14.25,432,macro,daily,% a.a.
2015-08-24,selic,14.25,432,macro,daily,% a.a.
2015-08-25,selic,14.25,432,macro,daily,% a.a.
2015-08-26,selic,14.25,432,macro,daily,% a.a.
2015-08-27,selic,14.25,432,macro,daily,% a.a.
2015-08-28,selic,14.25,432,macro,daily,% a.a.
2015-08-29,selic,14.25,432,macro,daily,% a.a.
2015-08-30,selic,14.25,432,macro,daily,% a.a.
2015-08-31,selic,14.25,432,macro,daily,% a.a.
2015-09-01,credit_balance_pf,1491765.0,20541,credito,monthly,R$ mi
2015-09-01,credit_balance_pj,1681220.0,20540,credito,monthly,R$ mi
2015-09-01,credit_grants_pf,129031.0,20633,credito,monthly,R$ mi
2015-09-01,credit_grants_pj,146593.0,20632,credito,monthly,R$ mi
2015-09-01,credit_interest_pf,2.65,25435,juros,monthly,% a.m.
2015-09-01,credit_interest_pj,1.58,25434,juros,monthly,% a.m.
2015-09-01,delinquency_card,7.97,21129,inadimplencia,monthly,%
2015-09-01,delinquency_personal,3.96,21120,inadimplencia,monthly,%
2015-09-01,delinquency_pf,3.99,21084,inadimplencia,monthly,%
2015-09-01,delinquency_pj,2.43,21083,inadimplencia,monthly,%
2015-09-01,delinquency_revolving,38.04,21127,inadimplencia,monthly,%
2015-09-01,delinquency_vehicle,4.16,21121,inadimplencia,monthly,%
2015-09-01,household_debt,40.8,29037,familias,monthly,%
2015-09-01,household_debt_ex_housing,24.65,29038,familias,monthly,%
2015-09-01,income_commitment,24.61,29034,familias,monthly,%
2015-09-01,ipca,0.54,433,macro,monthly,%
2015-09-01,real_income,9048.0,24380,macro,monthly,R$
2015-09-01,selic,14.25,432,macro,daily,% a.a.
2015-09-01,unemployment,9.0,24369,macro,monthly,%
2015-09-02,selic,14.25,432,macro,daily,% a.a.
2015-09-03,selic,14.25,432,macro,daily,% a.a.
2015-09-04,selic,14.25,432,macro,daily,% a.a.
2015-09-05,selic,14.25,432,macro,daily,% a.a.
2015-09-06,selic,14.25,432,macro,daily,% a.a.
2015-09-07,selic,14.25,432,macro,daily,% a.a.
2015-09-08,selic,14.25,432,macro,daily,% a.a.
2015-09-09,selic,14.25,432,macro,daily,% a.a.
2015-09-10,selic,14.25,432,macro,daily,% a.a.
2015-09-11,selic,14.25,432,macro,daily,% a.a.
2015-09-12,selic,14.25,432,macro,daily,% a.a.
2015-09-13,selic,14.25,432,macro,daily,% a.a.
2015-09-14,selic,14.25,432,macro,daily,% a.a.
2015-09-15,selic,14.25,432,macro,daily,% a.a.
2015-09-16,selic,14.25,432,macro,daily,% a.a.
2015-09-17,selic,14.25,432,macro,daily,% a.a.
2015-09-18,selic,14.25,432,macro,daily,% a.a.
2015-09-19,selic,14.25,432,macro,daily,% a.a.
2015-09-20,selic,14.25,432,macro,daily,% a.a.
2015-09-21,selic,14.25,432,macro,daily,% a.a.
2015-09-22,selic,14.25,432,macro,daily,% a.a.
2015-09-23,selic,14.25,432,macro,daily,% a.a.
2015-09-24,selic,14.25,432,macro,daily,% a.a.
2015-09-25,selic,14.25,432,macro,daily,% a.a.
2015-09-26,selic,14.25,432,macro,daily,% a.a.
2015-09-27,selic,14.25,432,macro,daily,% a.a.
2015-09-28,selic,14.25,432,macro,daily,% a.a.
2015-09-29,selic,14.25,432,macro,daily,% a.a.
2015-09-30,selic,14.25,432,macro,daily,% a.a.
2015-10-01,credit_balance_pf,1495315.0,20541,credito,monthly,R$ mi
2015-10-01,credit_balance_pj,1670343.0,20540,credito,monthly,R$ mi
2015-10-01,credit_grants_pf,125702.0,20633,credito,monthly,R$ mi
2015-10-01,credit_grants_pj,136153.0,20632,credito,monthly,R$ mi
2015-10-01,credit_interest_pf,2.71,25435,juros,monthly,% a.m.
2015-10-01,credit_interest_pj,1.61,25434,juros,monthly,% a.m.
2015-10-01,delinquency_card,8.19,21129,inadimplencia,monthly,%
2015-10-01,delinquency_personal,3.93,21120,inadimplencia,monthly,%
2015-10-01,delinquency_pf,4.12,21084,inadimplencia,monthly,%
2015-10-01,delinquency_pj,2.53,21083,inadimplencia,monthly,%
2015-10-01,delinquency_revolving,38.37,21127,inadimplencia,monthly,%
2015-10-01,delinquency_vehicle,4.06,21121,inadimplencia,monthly,%
2015-10-01,household_debt,40.81,29037,familias,monthly,%
2015-10-01,household_debt_ex_housing,24.57,29038,familias,monthly,%
2015-10-01,income_commitment,24.22,29034,familias,monthly,%
2015-10-01,ipca,0.82,433,macro,monthly,%
2015-10-01,real_income,9150.0,24380,macro,monthly,R$
2015-10-01,selic,14.25,432,macro,daily,% a.a.
2015-10-01,unemployment,9.1,24369,macro,monthly,%
2015-10-02,selic,14.25,432,macro,daily,% a.a.
2015-10-03,selic,14.25,432,macro,daily,% a.a.
2015-10-04,selic,14.25,432,macro,daily,% a.a.
2015-10-05,selic,14.25,432,macro,daily,% a.a.
2015-10-06,selic,14.25,432,macro,daily,% a.a.
2015-10-07,selic,14.25,432,macro,daily,% a.a.
2015-10-08,selic,14.25,432,macro,daily,% a.a.
2015-10-09,selic,14.25,432,macro,daily,% a.a.
2015-10-10,selic,14.25,432,macro,daily,% a.a.
2015-10-11,selic,14.25,432,macro,daily,% a.a.
2015-10-12,selic,14.25,432,macro,daily,% a.a.
2015-10-13,selic,14.25,432,macro,daily,% a.a.
2015-10-14,selic,14.25,432,macro,daily,% a.a.
2015-10-15,selic,14.25,432,macro,daily,% a.a.
2015-10-16,selic,14.25,432,macro,daily,% a.a.
2015-10-17,selic,14.25,432,macro,daily,% a.a.
2015-10-18,selic,14.25,432,macro,daily,% a.a.
2015-10-19,selic,14.25,432,macro,daily,% a.a.
2015-10-20,selic,14.25,432,macro,daily,% a.a.
2015-10-21,selic,14.25,432,macro,daily,% a.a.
2015-10-22,selic,14.25,432,macro,daily,% a.a.
2015-10-23,selic,14.25,432,macro,daily,% a.a.
2015-10-24,selic,14.25,432,macro,daily,% a.a.
2015-10-25,selic,14.25,432,macro,daily,% a.a.
2015-10-26,selic,14.25,432,macro,daily,% a.a.
2015-10-27,selic,14.25,432,macro,daily,% a.a.
2015-10-28,selic,14.25,432,macro,daily,% a.a.
2015-10-29,selic,14.25,432,macro,daily,% a.a.
2015-10-30,selic,14.25,432,macro,daily,% a.a.
2015-10-31,selic,14.25,432,macro,daily,% a.a.
2015-11-01,credit_balance_pf,1506927.0,20541,credito,monthly,R$ mi
2015-11-01,credit_balance_pj,1678542.0,20540,credito,monthly,R$ mi
2015-11-01,credit_grants_pf,131082.0,20633,credito,monthly,R$ mi
2015-11-01,credit_grants_pj,136433.0,20632,credito,monthly,R$ mi
2015-11-01,credit_interest_pf,2.74,25435,juros,monthly,% a.m.
2015-11-01,credit_interest_pj,1.62,25434,juros,monthly,% a.m.
2015-11-01,delinquency_card,8.13,21129,inadimplencia,monthly,%
2015-11-01,delinquency_personal,4.19,21120,inadimplencia,monthly,%
2015-11-01,delinquency_pf,4.24,21084,inadimplencia,monthly,%
2015-11-01,delinquency_pj,2.68,21083,inadimplencia,monthly,%
2015-11-01,delinquency_revolving,37.66,21127,inadimplencia,monthly,%
2015-11-01,delinquency_vehicle,4.14,21121,inadimplencia,monthly,%
2015-11-01,household_debt,40.54,29037,familias,monthly,%
2015-11-01,household_debt_ex_housing,24.36,29038,familias,monthly,%
2015-11-01,income_commitment,23.75,29034,familias,monthly,%
2015-11-01,ipca,1.01,433,macro,monthly,%
2015-11-01,real_income,9186.0,24380,macro,monthly,R$
2015-11-01,selic,14.25,432,macro,daily,% a.a.
2015-11-01,unemployment,9.1,24369,macro,monthly,%
2015-11-02,selic,14.25,432,macro,daily,% a.a.
2015-11-03,selic,14.25,432,macro,daily,% a.a.
2015-11-04,selic,14.25,432,macro,daily,% a.a.
2015-11-05,selic,14.25,432,macro,daily,% a.a.
2015-11-06,selic,14.25,432,macro,daily,% a.a.
2015-11-07,selic,14.25,432,macro,daily,% a.a.
2015-11-08,selic,14.25,432,macro,daily,% a.a.
2015-11-09,selic,14.25,432,macro,daily,% a.a.
2015-11-10,selic,14.25,432,macro,daily,% a.a.
2015-11-11,selic,14.25,432,macro,daily,% a.a.
2015-11-12,selic,14.25,432,macro,daily,% a.a.
2015-11-13,selic,14.25,432,macro,daily,% a.a.
2015-11-14,selic,14.25,432,macro,daily,% a.a.
2015-11-15,selic,14.25,432,macro,daily,% a.a.
2015-11-16,selic,14.25,432,macro,daily,% a.a.
2015-11-17,selic,14.25,432,macro,daily,% a.a.
2015-11-18,selic,14.25,432,macro,daily,% a.a.
2015-11-19,selic,14.25,432,macro,daily,% a.a.
2015-11-20,selic,14.25,432,macro,daily,% a.a.
2015-11-21,selic,14.25,432,macro,daily,% a.a.
2015-11-22,selic,14.25,432,macro,daily,% a.a.
2015-11-23,selic,14.25,432,macro,daily,% a.a.
2015-11-24,selic,14.25,432,macro,daily,% a.a.
2015-11-25,selic,14.25,432,macro,daily,% a.a.
2015-11-26,selic,14.25,432,macro,daily,% a.a.
2015-11-27,selic,14.25,432,macro,daily,% a.a.
2015-11-28,selic,14.25,432,macro,daily,% a.a.
2015-11-29,selic,14.25,432,macro,daily,% a.a.
2015-11-30,selic,14.25,432,macro,daily,% a.a.
2015-12-01,credit_balance_pf,1517384.0,20541,credito,monthly,R$ mi
2015-12-01,credit_balance_pj,1711146.0,20540,credito,monthly,R$ mi
2015-12-01,credit_grants_pf,140898.0,20633,credito,monthly,R$ mi
2015-12-01,credit_grants_pj,172212.0,20632,credito,monthly,R$ mi
2015-12-01,credit_interest_pf,2.68,25435,juros,monthly,% a.m.
2015-12-01,credit_interest_pj,1.59,25434,juros,monthly,% a.m.
2015-12-01,delinquency_card,8.04,21129,inadimplencia,monthly,%
2015-12-01,delinquency_personal,4.42,21120,inadimplencia,monthly,%
2015-12-01,delinquency_pf,4.27,21084,inadimplencia,monthly,%
2015-12-01,delinquency_pj,2.66,21083,inadimplencia,monthly,%
2015-12-01,delinquency_revolving,40.27,21127,inadimplencia,monthly,%
2015-12-01,delinquency_vehicle,4.28,21121,inadimplencia,monthly,%
2015-12-01,household_debt,40.05,29037,familias,monthly,%
2015-12-01,household_debt_ex_housing,23.96,29038,familias,monthly,%
2015-12-01,income_commitment,22.99,29034,familias,monthly,%
2015-12-01,ipca,0.96,433,macro,monthly,%
2015-12-01,real_income,9122.0,24380,macro,monthly,R$
2015-12-01,selic,14.25,432,macro,daily,% a.a.
2015-12-01,unemployment,9.1,24369,macro,monthly,%
2015-12-02,selic,14.25,432,macro,daily,% a.a.
2015-12-03,selic,14.25,432,macro,daily,% a.a.
2015-12-04,selic,14.25,432,macro,daily,% a.a.
2015-12-05,selic,14.25,432,macro,daily,% a.a.
2015-12-06,selic,14.25,432,macro,daily,% a.a.
2015-12-07,selic,14.25,432,macro,daily,% a.a.
2015-12-08,selic,14.25,432,macro,daily,% a.a.
2015-12-09,selic,14.25,432,macro,daily,% a.a.
2015-12-10,selic,14.25,432,macro,daily,% a.a.
2015-12-11,selic,14.25,432,macro,daily,% a.a.
2015-12-12,selic,14.25,432,macro,daily,% a.a.
2015-12-13,selic,14.25,432,macro,daily,% a.a.
2015-12-14,selic,14.25,432,macro,daily,% a.a.
2015-12-15,selic,14.25,432,macro,daily,% a.a.
2015-12-16,selic,14.25,432,macro,daily,% a.a.
2015-12-17,selic,14.25,432,macro,daily,% a.a.
2015-12-18,selic,14.25,432,macro,daily,% a.a.
2015-12-19,selic,14.25,432,macro,daily,% a.a.
2015-12-20,selic,14.25,432,macro,daily,% a.a.
2015-12-21,selic,14.25,432,macro,daily,% a.a.
2015-12-22,selic,14.25,432,macro,daily,% a.a.
2015-12-23,selic,14.25,432,macro,daily,% a.a.
2015-12-24,selic,14.25,432,macro,daily,% a.a.
2015-12-25,selic,14.25,432,macro,daily,% a.a.
2015-12-26,selic,14.25,432,macro,daily,% a.a.
2015-12-27,selic,14.25,432,macro,daily,% a.a.
2015-12-28,selic,14.25,432,macro,daily,% a.a.
2015-12-29,selic,14.25,432,macro,daily,% a.a.
2015-12-30,selic,14.25,432,macro,daily,% a.a.
2015-12-31,selic,14.25,432,macro,daily,% a.a.
2016-01-01,credit_balance_pf,1520633.0,20541,credito,monthly,R$ mi
2016-01-01,credit_balance_pj,1686393.0,20540,credito,monthly,R$ mi
2016-01-01,credit_grants_pf,114344.0,20633,credito,monthly,R$ mi
2016-01-01,credit_grants_pj,107081.0,20632,credito,monthly,R$ mi
2016-01-01,credit_interest_pf,2.77,25435,juros,monthly,% a.m.
2016-01-01,credit_interest_pj,1.7,25434,juros,monthly,% a.m.
2016-01-01,delinquency_card,8.36,21129,inadimplencia,monthly,%
2016-01-01,delinquency_personal,4.44,21120,inadimplencia,monthly,%
2016-01-01,delinquency_pf,4.34,21084,inadimplencia,monthly,%
2016-01-01,delinquency_pj,2.77,21083,inadimplencia,monthly,%
2016-01-01,delinquency_revolving,39.46,21127,inadimplencia,monthly,%
2016-01-01,delinquency_vehicle,4.37,21121,inadimplencia,monthly,%
2016-01-01,household_debt,40.04,29037,familias,monthly,%
2016-01-01,household_debt_ex_housing,23.92,29038,familias,monthly,%
2016-01-01,income_commitment,23.26,29034,familias,monthly,%
2016-01-01,ipca,1.27,433,macro,monthly,%
2016-01-01,real_income,9665.0,24380,macro,monthly,R$
2016-01-01,selic,14.25,432,macro,daily,% a.a.
2016-01-01,unemployment,9.6,24369,macro,monthly,%
2016-01-02,selic,14.25,432,macro,daily,% a.a.
2016-01-03,selic,14.25,432,macro,daily,% a.a.
2016-01-04,selic,14.25,432,macro,daily,% a.a.
2016-01-05,selic,14.25,432,macro,daily,% a.a.
2016-01-06,selic,14.25,432,macro,daily,% a.a.
2016-01-07,selic,14.25,432,macro,daily,% a.a.
2016-01-08,selic,14.25,432,macro,daily,% a.a.
2016-01-09,selic,14.25,432,macro,daily,% a.a.
2016-01-10,selic,14.25,432,macro,daily,% a.a.
2016-01-11,selic,14.25,432,macro,daily,% a.a.
2016-01-12,selic,14.25,432,macro,daily,% a.a.
2016-01-13,selic,14.25,432,macro,daily,% a.a.
2016-01-14,selic,14.25,432,macro,daily,% a.a.
2016-01-15,selic,14.25,432,macro,daily,% a.a.
2016-01-16,selic,14.25,432,macro,daily,% a.a.
2016-01-17,selic,14.25,432,macro,daily,% a.a.
2016-01-18,selic,14.25,432,macro,daily,% a.a.
2016-01-19,selic,14.25,432,macro,daily,% a.a.
2016-01-20,selic,14.25,432,macro,daily,% a.a.
2016-01-21,selic,14.25,432,macro,daily,% a.a.
2016-01-22,selic,14.25,432,macro,daily,% a.a.
2016-01-23,selic,14.25,432,macro,daily,% a.a.
2016-01-24,selic,14.25,432,macro,daily,% a.a.
2016-01-25,selic,14.25,432,macro,daily,% a.a.
2016-01-26,selic,14.25,432,macro,daily,% a.a.
2016-01-27,selic,14.25,432,macro,daily,% a.a.
2016-01-28,selic,14.25,432,macro,daily,% a.a.
2016-01-29,selic,14.25,432,macro,daily,% a.a.
2016-01-30,selic,14.25,432,macro,daily,% a.a.
2016-01-31,selic,14.25,432,macro,daily,% a.a.
2016-02-01,credit_balance_pf,1521543.0,20541,credito,monthly,R$ mi
2016-02-01,credit_balance_pj,1669609.0,20540,credito,monthly,R$ mi
2016-02-01,credit_grants_pf,117477.0,20633,credito,monthly,R$ mi
2016-02-01,credit_grants_pj,108934.0,20632,credito,monthly,R$ mi
2016-02-01,credit_interest_pf,2.81,25435,juros,monthly,% a.m.
2016-02-01,credit_interest_pj,1.72,25434,juros,monthly,% a.m.
2016-02-01,delinquency_card,7.95,21129,inadimplencia,monthly,%
2016-02-01,delinquency_personal,4.5,21120,inadimplencia,monthly,%
2016-02-01,delinquency_pf,4.35,21084,inadimplencia,monthly,%
2016-02-01,delinquency_pj,2.83,21083,inadimplencia,monthly,%
2016-02-01,delinquency_revolving,35.7,21127,inadimplencia,monthly,%
2016-02-01,delinquency_vehicle,4.46,21121,inadimplencia,monthly,%
2016-02-01,household_debt,39.7,29037,familias,monthly,%
2016-02-01,household_debt_ex_housing,23.66,29038,familias,monthly,%
2016-02-01,income_commitment,23.37,29034,familias,monthly,%
2016-02-01,ipca,0.9,433,macro,monthly,%
2016-02-01,real_income,10422.0,24380,macro,monthly,R$
2016-02-01,selic,14.25,432,macro,daily,% a.a.
2016-02-01,unemployment,10.3,24369,macro,monthly,%
2016-02-02,selic,14.25,432,macro,daily,% a.a.
2016-02-03,selic,14.25,432,macro,daily,% a.a.
2016-02-04,selic,14.25,432,macro,daily,% a.a.
2016-02-05,selic,14.25,432,macro,daily,% a.a.
2016-02-06,selic,14.25,432,macro,daily,% a.a.
2016-02-07,selic,14.25,432,macro,daily,% a.a.
2016-02-08,selic,14.25,432,macro,daily,% a.a.
2016-02-09,selic,14.25,432,macro,daily,% a.a.
2016-02-10,selic,14.25,432,macro,daily,% a.a.
2016-02-11,selic,14.25,432,macro,daily,% a.a.
2016-02-12,selic,14.25,432,macro,daily,% a.a.
2016-02-13,selic,14.25,432,macro,daily,% a.a.
2016-02-14,selic,14.25,432,macro,daily,% a.a.
2016-02-15,selic,14.25,432,macro,daily,% a.a.
2016-02-16,selic,14.25,432,macro,daily,% a.a.
2016-02-17,selic,14.25,432,macro,daily,% a.a.
2016-02-18,selic,14.25,432,macro,daily,% a.a.
2016-02-19,selic,14.25,432,macro,daily,% a.a.
2016-02-20,selic,14.25,432,macro,daily,% a.a.
2016-02-21,selic,14.25,432,macro,daily,% a.a.
2016-02-22,selic,14.25,432,macro,daily,% a.a.
2016-02-23,selic,14.25,432,macro,daily,% a.a.
2016-02-24,selic,14.25,432,macro,daily,% a.a.
2016-02-25,selic,14.25,432,macro,daily,% a.a.
2016-02-26,selic,14.25,432,macro,daily,% a.a.
2016-02-27,selic,14.25,432,macro,daily,% a.a.
2016-02-28,selic,14.25,432,macro,daily,% a.a.
2016-02-29,selic,14.25,432,macro,daily,% a.a.
2016-03-01,credit_balance_pf,1526320.0,20541,credito,monthly,R$ mi
2016-03-01,credit_balance_pj,1643339.0,20540,credito,monthly,R$ mi
2016-03-01,credit_grants_pf,127363.0,20633,credito,monthly,R$ mi
2016-03-01,credit_grants_pj,133160.0,20632,credito,monthly,R$ mi
2016-03-01,credit_interest_pf,2.86,25435,juros,monthly,% a.m.
2016-03-01,credit_interest_pj,1.69,25434,juros,monthly,% a.m.
2016-03-01,delinquency_card,8.02,21129,inadimplencia,monthly,%
2016-03-01,delinquency_personal,4.47,21120,inadimplencia,monthly,%
2016-03-01,delinquency_pf,4.3,21084,inadimplencia,monthly,%
2016-03-01,delinquency_pj,2.9,21083,inadimplencia,monthly,%
2016-03-01,delinquency_revolving,36.48,21127,inadimplencia,monthly,%
2016-03-01,delinquency_vehicle,4.47,21121,inadimplencia,monthly,%
2016-03-01,household_debt,39.54,29037,familias,monthly,%
2016-03-01,household_debt_ex_housing,23.46,29038,familias,monthly,%
2016-03-01,income_commitment,23.65,29034,familias,monthly,%
2016-03-01,ipca,0.43,433,macro,monthly,%
2016-03-01,real_income,11153.0,24380,macro,monthly,R$
2016-03-01,selic,14.25,432,macro,daily,% a.a.
2016-03-01,unemployment,11.0,24369,macro,monthly,%
2016-03-02,selic,14.25,432,macro,daily,% a.a.
2016-03-03,selic,14.25,432,macro,daily,% a.a.
2016-03-04,selic,14.25,432,macro,daily,% a.a.
2016-03-05,selic,14.25,432,macro,daily,% a.a.
2016-03-06,selic,14.25,432,macro,daily,% a.a.
2016-03-07,selic,14.25,432,macro,daily,% a.a.
2016-03-08,selic,14.25,432,macro,daily,% a.a.
2016-03-09,selic,14.25,432,macro,daily,% a.a.
2016-03-10,selic,14.25,432,macro,daily,% a.a.
2016-03-11,selic,14.25,432,macro,daily,% a.a.
2016-03-12,selic,14.25,432,macro,daily,% a.a.
2016-03-13,selic,14.25,432,macro,daily,% a.a.
2016-03-14,selic,14.25,432,macro,daily,% a.a.
2016-03-15,selic,14.25,432,macro,daily,% a.a.
2016-03-16,selic,14.25,432,macro,daily,% a.a.
2016-03-17,selic,14.25,432,macro,daily,% a.a.
2016-03-18,selic,14.25,432,macro,daily,% a.a.
2016-03-19,selic,14.25,432,macro,daily,% a.a.
2016-03-20,selic,14.25,432,macro,daily,% a.a.
2016-03-21,selic,14.25,432,macro,daily,% a.a.
2016-03-22,selic,14.25,432,macro,daily,% a.a.
2016-03-23,selic,14.25,432,macro,daily,% a.a.
2016-03-24,selic,14.25,432,macro,daily,% a.a.
2016-03-25,selic,14.25,432,macro,daily,% a.a.
2016-03-26,selic,14.25,432,macro,daily,% a.a.
2016-03-27,selic,14.25,432,macro,daily,% a.a.
2016-03-28,selic,14.25,432,macro,daily,% a.a.
2016-03-29,selic,14.25,432,macro,daily,% a.a.
2016-03-30,selic,14.25,432,macro,daily,% a.a.
2016-03-31,selic,14.25,432,macro,daily,% a.a.
2016-04-01,credit_balance_pf,1525115.0,20541,credito,monthly,R$ mi
2016-04-01,credit_balance_pj,1624495.0,20540,credito,monthly,R$ mi
2016-04-01,credit_grants_pf,121045.0,20633,credito,monthly,R$ mi
2016-04-01,credit_grants_pj,119113.0,20632,credito,monthly,R$ mi
2016-04-01,credit_interest_pf,2.91,25435,juros,monthly,% a.m.
2016-04-01,credit_interest_pj,1.67,25434,juros,monthly,% a.m.
2016-04-01,delinquency_card,8.25,21129,inadimplencia,monthly,%
2016-04-01,delinquency_personal,4.62,21120,inadimplencia,monthly,%
2016-04-01,delinquency_pf,4.35,21084,inadimplencia,monthly,%
2016-04-01,delinquency_pj,3.1,21083,inadimplencia,monthly,%
2016-04-01,delinquency_revolving,36.28,21127,inadimplencia,monthly,%
2016-04-01,delinquency_vehicle,4.56,21121,inadimplencia,monthly,%
2016-04-01,household_debt,39.25,29037,familias,monthly,%
2016-04-01,household_debt_ex_housing,23.24,29038,familias,monthly,%
2016-04-01,income_commitment,23.7,29034,familias,monthly,%
2016-04-01,ipca,0.61,433,macro,monthly,%
2016-04-01,real_income,11445.0,24380,macro,monthly,R$
2016-04-01,selic,14.25,432,macro,daily,% a.a.
2016-04-01,unemployment,11.3,24369,macro,monthly,%
2016-04-02,selic,14.25,432,macro,daily,% a.a.
2016-04-03,selic,14.25,432,macro,daily,% a.a.
2016-04-04,selic,14.25,432,macro,daily,% a.a.
2016-04-05,selic,14.25,432,macro,daily,% a.a.
2016-04-06,selic,14.25,432,macro,daily,% a.a.
2016-04-07,selic,14.25,432,macro,daily,% a.a.
2016-04-08,selic,14.25,432,macro,daily,% a.a.
2016-04-09,selic,14.25,432,macro,daily,% a.a.
2016-04-10,selic,14.25,432,macro,daily,% a.a.
2016-04-11,selic,14.25,432,macro,daily,% a.a.
2016-04-12,selic,14.25,432,macro,daily,% a.a.
2016-04-13,selic,14.25,432,macro,daily,% a.a.
2016-04-14,selic,14.25,432,macro,daily,% a.a.
2016-04-15,selic,14.25,432,macro,daily,% a.a.
2016-04-16,selic,14.25,432,macro,daily,% a.a.
2016-04-17,selic,14.25,432,macro,daily,% a.a.
2016-04-18,selic,14.25,432,macro,daily,% a.a.
2016-04-19,selic,14.25,432,macro,daily,% a.a.
2016-04-20,selic,14.25,432,macro,daily,% a.a.
2016-04-21,selic,14.25,432,macro,daily,% a.a.
2016-04-22,selic,14.25,432,macro,daily,% a.a.
2016-04-23,selic,14.25,432,macro,daily,% a.a.
2016-04-24,selic,14.25,432,macro,daily,% a.a.
2016-04-25,selic,14.25,432,macro,daily,% a.a.
2016-04-26,selic,14.25,432,macro,daily,% a.a.
2016-04-27,selic,14.25,432,macro,daily,% a.a.
2016-04-28,selic,14.25,432,macro,daily,% a.a.
2016-04-29,selic,14.25,432,macro,daily,% a.a.
2016-04-30,selic,14.25,432,macro,daily,% a.a.
2016-05-01,credit_balance_pf,1531794.0,20541,credito,monthly,R$ mi
2016-05-01,credit_balance_pj,1624466.0,20540,credito,monthly,R$ mi
2016-05-01,credit_grants_pf,130247.0,20633,credito,monthly,R$ mi
2016-05-01,credit_grants_pj,124874.0,20632,credito,monthly,R$ mi
2016-05-01,credit_interest_pf,2.93,25435,juros,monthly,% a.m.
2016-05-01,credit_interest_pj,1.65,25434,juros,monthly,% a.m.
2016-05-01,delinquency_card,8.31,21129,inadimplencia,monthly,%
2016-05-01,delinquency_personal,4.55,21120,inadimplencia,monthly,%
2016-05-01,delinquency_pf,4.37,21084,inadimplencia,monthly,%
2016-05-01,delinquency_pj,3.24,21083,inadimplencia,monthly,%
2016-05-01,delinquency_revolving,37.33,21127,inadimplencia,monthly,%
2016-05-01,delinquency_vehicle,4.72,21121,inadimplencia,monthly,%
2016-05-01,household_debt,39.16,29037,familias,monthly,%
2016-05-01,household_debt_ex_housing,23.14,29038,familias,monthly,%
2016-05-01,income_commitment,23.97,29034,familias,monthly,%
2016-05-01,ipca,0.78,433,macro,monthly,%
2016-05-01,real_income,11447.0,24380,macro,monthly,R$
2016-05-01,selic,14.25,432,macro,daily,% a.a.
2016-05-01,unemployment,11.3,24369,macro,monthly,%
2016-05-02,selic,14.25,432,macro,daily,% a.a.
2016-05-03,selic,14.25,432,macro,daily,% a.a.
2016-05-04,selic,14.25,432,macro,daily,% a.a.
2016-05-05,selic,14.25,432,macro,daily,% a.a.
2016-05-06,selic,14.25,432,macro,daily,% a.a.
2016-05-07,selic,14.25,432,macro,daily,% a.a.
2016-05-08,selic,14.25,432,macro,daily,% a.a.
2016-05-09,selic,14.25,432,macro,daily,% a.a.
2016-05-10,selic,14.25,432,macro,daily,% a.a.
2016-05-11,selic,14.25,432,macro,daily,% a.a.
2016-05-12,selic,14.25,432,macro,daily,% a.a.
2016-05-13,selic,14.25,432,macro,daily,% a.a.
2016-05-14,selic,14.25,432,macro,daily,% a.a.
2016-05-15,selic,14.25,432,macro,daily,% a.a.
2016-05-16,selic,14.25,432,macro,daily,% a.a.
2016-05-17,selic,14.25,432,macro,daily,% a.a.
2016-05-18,selic,14.25,432,macro,daily,% a.a.
2016-05-19,selic,14.25,432,macro,daily,% a.a.
2016-05-20,selic,14.25,432,macro,daily,% a.a.
2016-05-21,selic,14.25,432,macro,daily,% a.a.
2016-05-22,selic,14.25,432,macro,daily,% a.a.
2016-05-23,selic,14.25,432,macro,daily,% a.a.
2016-05-24,selic,14.25,432,macro,daily,% a.a.
2016-05-25,selic,14.25,432,macro,daily,% a.a.
2016-05-26,selic,14.25,432,macro,daily,% a.a.
2016-05-27,selic,14.25,432,macro,daily,% a.a.
2016-05-28,selic,14.25,432,macro,daily,% a.a.
2016-05-29,selic,14.25,432,macro,daily,% a.a.
2016-05-30,selic,14.25,432,macro,daily,% a.a.
2016-05-31,selic,14.25,432,macro,daily,% a.a.
2016-06-01,credit_balance_pf,1535496.0,20541,credito,monthly,R$ mi
2016-06-01,credit_balance_pj,1603485.0,20540,credito,monthly,R$ mi
2016-06-01,credit_grants_pf,133696.0,20633,credito,monthly,R$ mi
2016-06-01,credit_grants_pj,134161.0,20632,credito,monthly,R$ mi
2016-06-01,credit_interest_pf,2.91,25435,juros,monthly,% a.m.
2016-06-01,credit_interest_pj,1.65,25434,juros,monthly,% a.m.
2016-06-01,delinquency_card,8.26,21129,inadimplencia,monthly,%
2016-06-01,delinquency_personal,4.28,21120,inadimplencia,monthly,%
2016-06-01,delinquency_pf,4.1,21084,inadimplencia,monthly,%
2016-06-01,delinquency_pj,3.06,21083,inadimplencia,monthly,%
2016-06-01,delinquency_revolving,36.67,21127,inadimplencia,monthly,%
2016-06-01,delinquency_vehicle,4.66,21121,inadimplencia,monthly,%
2016-06-01,household_debt,39.03,29037,familias,monthly,%
2016-06-01,household_debt_ex_housing,23.0,29038,familias,monthly,%
2016-06-01,income_commitment,24.04,29034,familias,monthly,%
2016-06-01,ipca,0.35,433,macro,monthly,%
2016-06-01,real_income,11583.0,24380,macro,monthly,R$
2016-06-01,selic,14.25,432,macro,daily,% a.a.
2016-06-01,unemployment,11.4,24369,macro,monthly,%
2016-06-02,selic,14.25,432,macro,daily,% a.a.
2016-06-03,selic,14.25,432,macro,daily,% a.a.
2016-06-04,selic,14.25,432,macro,daily,% a.a.
2016-06-05,selic,14.25,432,macro,daily,% a.a.
2016-06-06,selic,14.25,432,macro,daily,% a.a.
2016-06-07,selic,14.25,432,macro,daily,% a.a.
2016-06-08,selic,14.25,432,macro,daily,% a.a.
2016-06-09,selic,14.25,432,macro,daily,% a.a.
2016-06-10,selic,14.25,432,macro,daily,% a.a.
2016-06-11,selic,14.25,432,macro,daily,% a.a.
2016-06-12,selic,14.25,432,macro,daily,% a.a.
2016-06-13,selic,14.25,432,macro,daily,% a.a.
2016-06-14,selic,14.25,432,macro,daily,% a.a.
2016-06-15,selic,14.25,432,macro,daily,% a.a.
2016-06-16,selic,14.25,432,macro,daily,% a.a.
2016-06-17,selic,14.25,432,macro,daily,% a.a.
2016-06-18,selic,14.25,432,macro,daily,% a.a.
2016-06-19,selic,14.25,432,macro,daily,% a.a.
2016-06-20,selic,14.25,432,macro,daily,% a.a.
2016-06-21,selic,14.25,432,macro,daily,% a.a.
2016-06-22,selic,14.25,432,macro,daily,% a.a.
2016-06-23,selic,14.25,432,macro,daily,% a.a.
2016-06-24,selic,14.25,432,macro,daily,% a.a.
2016-06-25,selic,14.25,432,macro,daily,% a.a.
2016-06-26,selic,14.25,432,macro,daily,% a.a.
2016-06-27,selic,14.25,432,macro,daily,% a.a.
2016-06-28,selic,14.25,432,macro,daily,% a.a.
2016-06-29,selic,14.25,432,macro,daily,% a.a.
2016-06-30,selic,14.25,432,macro,daily,% a.a.
2016-07-01,credit_balance_pf,1536902.0,20541,credito,monthly,R$ mi
2016-07-01,credit_balance_pj,1588553.0,20540,credito,monthly,R$ mi
2016-07-01,credit_grants_pf,125059.0,20633,credito,monthly,R$ mi
2016-07-01,credit_grants_pj,109861.0,20632,credito,monthly,R$ mi
2016-07-01,credit_interest_pf,2.92,25435,juros,monthly,% a.m.
2016-07-01,credit_interest_pj,1.68,25434,juros,monthly,% a.m.
2016-07-01,delinquency_card,8.31,21129,inadimplencia,monthly,%
2016-07-01,delinquency_personal,4.33,21120,inadimplencia,monthly,%
2016-07-01,delinquency_pf,4.15,21084,inadimplencia,monthly,%
2016-07-01,delinquency_pj,3.09,21083,inadimplencia,monthly,%
2016-07-01,delinquency_revolving,36.83,21127,inadimplencia,monthly,%
2016-07-01,delinquency_vehicle,4.68,21121,inadimplencia,monthly,%
2016-07-01,household_debt,38.83,29037,familias,monthly,%
2016-07-01,household_debt_ex_housing,22.8,29038,familias,monthly,%
2016-07-01,income_commitment,23.84,29034,familias,monthly,%
2016-07-01,ipca,0.52,433,macro,monthly,%
2016-07-01,real_income,11839.0,24380,macro,monthly,R$
2016-07-01,selic,14.25,432,macro,daily,% a.a.
2016-07-01,unemployment,11.7,24369,macro,monthly,%
2016-07-02,selic,14.25,432,macro,daily,% a.a.
2016-07-03,selic,14.25,432,macro,daily,% a.a.
2016-07-04,selic,14.25,432,macro,daily,% a.a.
2016-07-05,selic,14.25,432,macro,daily,% a.a.
2016-07-06,selic,14.25,432,macro,daily,% a.a.
2016-07-07,selic,14.25,432,macro,daily,% a.a.
2016-07-08,selic,14.25,432,macro,daily,% a.a.
2016-07-09,selic,14.25,432,macro,daily,% a.a.
2016-07-10,selic,14.25,432,macro,daily,% a.a.
2016-07-11,selic,14.25,432,macro,daily,% a.a.
2016-07-12,selic,14.25,432,macro,daily,% a.a.
2016-07-13,selic,14.25,432,macro,daily,% a.a.
2016-07-14,selic,14.25,432,macro,daily,% a.a.
2016-07-15,selic,14.25,432,macro,daily,% a.a.
2016-07-16,selic,14.25,432,macro,daily,% a.a.
2016-07-17,selic,14.25,432,macro,daily,% a.a.
2016-07-18,selic,14.25,432,macro,daily,% a.a.
2016-07-19,selic,14.25,432,macro,daily,% a.a.
2016-07-20,selic,14.25,432,macro,daily,% a.a.
2016-07-21,selic,14.25,432,macro,daily,% a.a.
2016-07-22,selic,14.25,432,macro,daily,% a.a.
2016-07-23,selic,14.25,432,macro,daily,% a.a.
2016-07-24,selic,14.25,432,macro,daily,% a.a.
2016-07-25,selic,14.25,432,macro,daily,% a.a.
2016-07-26,selic,14.25,432,macro,daily,% a.a.
2016-07-27,selic,14.25,432,macro,daily,% a.a.
2016-07-28,selic,14.25,432,macro,daily,% a.a.
2016-07-29,selic,14.25,432,macro,daily,% a.a.
2016-07-30,selic,14.25,432,macro,daily,% a.a.
2016-07-31,selic,14.25,432,macro,daily,% a.a.
2016-08-01,credit_balance_pf,1545536.0,20541,credito,monthly,R$ mi
2016-08-01,credit_balance_pj,1579098.0,20540,credito,monthly,R$ mi
2016-08-01,credit_grants_pf,136820.0,20633,credito,monthly,R$ mi
2016-08-01,credit_grants_pj,115518.0,20632,credito,monthly,R$ mi
2016-08-01,credit_interest_pf,2.93,25435,juros,monthly,% a.m.
2016-08-01,credit_interest_pj,1.69,25434,juros,monthly,% a.m.
2016-08-01,delinquency_card,8.14,21129,inadimplencia,monthly,%
2016-08-01,delinquency_personal,4.35,21120,inadimplencia,monthly,%
2016-08-01,delinquency_pf,4.17,21084,inadimplencia,monthly,%
2016-08-01,delinquency_pj,3.23,21083,inadimplencia,monthly,%
2016-08-01,delinquency_revolving,36.83,21127,inadimplencia,monthly,%
2016-08-01,delinquency_vehicle,4.63,21121,inadimplencia,monthly,%
2016-08-01,household_debt,38.72,29037,familias,monthly,%
2016-08-01,household_debt_ex_housing,22.7,29038,familias,monthly,%
2016-08-01,income_commitment,23.79,29034,familias,monthly,%
2016-08-01,ipca,0.44,433,macro,monthly,%
2016-08-01,real_income,12016.0,24380,macro,monthly,R$
2016-08-01,selic,14.25,432,macro,daily,% a.a.
2016-08-01,unemployment,11.9,24369,macro,monthly,%
2016-08-02,selic,14.25,432,macro,daily,% a.a.
2016-08-03,selic,14.25,432,macro,daily,% a.a.
2016-08-04,selic,14.25,432,macro,daily,% a.a.
2016-08-05,selic,14.25,432,macro,daily,% a.a.
2016-08-06,selic,14.25,432,macro,daily,% a.a.
2016-08-07,selic,14.25,432,macro,daily,% a.a.
2016-08-08,selic,14.25,432,macro,daily,% a.a.
2016-08-09,selic,14.25,432,macro,daily,% a.a.
2016-08-10,selic,14.25,432,macro,daily,% a.a.
2016-08-11,selic,14.25,432,macro,daily,% a.a.
2016-08-12,selic,14.25,432,macro,daily,% a.a.
2016-08-13,selic,14.25,432,macro,daily,% a.a.
2016-08-14,selic,14.25,432,macro,daily,% a.a.
2016-08-15,selic,14.25,432,macro,daily,% a.a.
2016-08-16,selic,14.25,432,macro,daily,% a.a.
2016-08-17,selic,14.25,432,macro,daily,% a.a.
2016-08-18,selic,14.25,432,macro,daily,% a.a.
2016-08-19,selic,14.25,432,macro,daily,% a.a.
2016-08-20,selic,14.25,432,macro,daily,% a.a.
2016-08-21,selic,14.25,432,macro,daily,% a.a.
2016-08-22,selic,14.25,432,macro,daily,% a.a.
2016-08-23,selic,14.25,432,macro,daily,% a.a.
2016-08-24,selic,14.25,432,macro,daily,% a.a.
2016-08-25,selic,14.25,432,macro,daily,% a.a.
2016-08-26,selic,14.25,432,macro,daily,% a.a.
2016-08-27,selic,14.25,432,macro,daily,% a.a.
2016-08-28,selic,14.25,432,macro,daily,% a.a.
2016-08-29,selic,14.25,432,macro,daily,% a.a.
2016-08-30,selic,14.25,432,macro,daily,% a.a.
2016-08-31,selic,14.25,432,macro,daily,% a.a.
2016-09-01,credit_balance_pf,1548943.0,20541,credito,monthly,R$ mi
2016-09-01,credit_balance_pj,1572125.0,20540,credito,monthly,R$ mi
2016-09-01,credit_grants_pf,123885.0,20633,credito,monthly,R$ mi
2016-09-01,credit_grants_pj,124094.0,20632,credito,monthly,R$ mi
2016-09-01,credit_interest_pf,2.97,25435,juros,monthly,% a.m.
2016-09-01,credit_interest_pj,1.64,25434,juros,monthly,% a.m.
2016-09-01,delinquency_card,8.14,21129,inadimplencia,monthly,%
2016-09-01,delinquency_personal,4.37,21120,inadimplencia,monthly,%
2016-09-01,delinquency_pf,4.23,21084,inadimplencia,monthly,%
2016-09-01,delinquency_pj,3.25,21083,inadimplencia,monthly,%
2016-09-01,delinquency_revolving,35.98,21127,inadimplencia,monthly,%
2016-09-01,delinquency_vehicle,4.69,21121,inadimplencia,monthly,%
2016-09-01,household_debt,38.48,29037,familias,monthly,%
2016-09-01,household_debt_ex_housing,22.5,29038,familias,monthly,%
2016-09-01,income_commitment,23.81,29034,familias,monthly,%
2016-09-01,ipca,0.08,433,macro,monthly,%
2016-09-01,real_income,12010.0,24380,macro,monthly,R$
2016-09-01,selic,14.25,432,macro,daily,% a.a.
2016-09-01,unemployment,11.9,24369,macro,monthly,%
2016-09-02,selic,14.25,432,macro,daily,% a.a.
2016-09-03,selic,14.25,432,macro,daily,% a.a.
2016-09-04,selic,14.25,432,macro,daily,% a.a.
2016-09-05,selic,14.25,432,macro,daily,% a.a.
2016-09-06,selic,14.25,432,macro,daily,% a.a.
2016-09-07,selic,14.25,432,macro,daily,% a.a.
2016-09-08,selic,14.25,432,macro,daily,% a.a.
2016-09-09,selic,14.25,432,macro,daily,% a.a.
2016-09-10,selic,14.25,432,macro,daily,% a.a.
2016-09-11,selic,14.25,432,macro,daily,% a.a.
2016-09-12,selic,14.25,432,macro,daily,% a.a.
2016-09-13,selic,14.25,432,macro,daily,% a.a.
2016-09-14,selic,14.25,432,macro,daily,% a.a.
2016-09-15,selic,14.25,432,macro,daily,% a.a.
2016-09-16,selic,14.25,432,macro,daily,% a.a.
2016-09-17,selic,14.25,432,macro,daily,% a.a.
2016-09-18,selic,14.25,432,macro,daily,% a.a.
2016-09-19,selic,14.25,432,macro,daily,% a.a.
2016-09-20,selic,14.25,432,macro,daily,% a.a.
2016-09-21,selic,14.25,432,macro,daily,% a.a.
2016-09-22,selic,14.25,432,macro,daily,% a.a.
2016-09-23,selic,14.25,432,macro,daily,% a.a.
2016-09-24,selic,14.25,432,macro,daily,% a.a.
2016-09-25,selic,14.25,432,macro,daily,% a.a.
2016-09-26,selic,14.25,432,macro,daily,% a.a.
2016-09-27,selic,14.25,432,macro,daily,% a.a.
2016-09-28,selic,14.25,432,macro,daily,% a.a.
2016-09-29,selic,14.25,432,macro,daily,% a.a.
2016-09-30,selic,14.25,432,macro,daily,% a.a.
2016-10-01,credit_balance_pf,1546649.0,20541,credito,monthly,R$ mi
2016-10-01,credit_balance_pj,1557995.0,20540,credito,monthly,R$ mi
2016-10-01,credit_grants_pf,128364.0,20633,credito,monthly,R$ mi
2016-10-01,credit_grants_pj,113023.0,20632,credito,monthly,R$ mi
2016-10-01,credit_interest_pf,2.98,25435,juros,monthly,% a.m.
2016-10-01,credit_interest_pj,1.66,25434,juros,monthly,% a.m.
2016-10-01,delinquency_card,8.07,21129,inadimplencia,monthly,%
2016-10-01,delinquency_personal,4.18,21120,inadimplencia,monthly,%
2016-10-01,delinquency_pf,4.23,21084,inadimplencia,monthly,%
2016-10-01,delinquency_pj,3.58,21083,inadimplencia,monthly,%
2016-10-01,delinquency_revolving,35.99,21127,inadimplencia,monthly,%
2016-10-01,delinquency_vehicle,4.71,21121,inadimplencia,monthly,%
2016-10-01,household_debt,38.21,29037,familias,monthly,%
2016-10-01,household_debt_ex_housing,22.4,29038,familias,monthly,%
2016-10-01,income_commitment,23.74,29034,familias,monthly,%
2016-10-01,ipca,0.26,433,macro,monthly,%
2016-10-01,real_income,12034.0,24380,macro,monthly,R$
2016-10-01,selic,14.25,432,macro,daily,% a.a.
2016-10-01,unemployment,11.9,24369,macro,monthly,%
2016-10-02,selic,14.25,432,macro,daily,% a.a.
2016-10-03,selic,14.25,432,macro,daily,% a.a.
2016-10-04,selic,14.25,432,macro,daily,% a.a.
2016-10-05,selic,14.25,432,macro,daily,% a.a.
2016-10-06,selic,14.25,432,macro,daily,% a.a.
2016-10-07,selic,14.25,432,macro,daily,% a.a.
2016-10-08,selic,14.25,432,macro,daily,% a.a.
2016-10-09,selic,14.25,432,macro,daily,% a.a.
2016-10-10,selic,14.25,432,macro,daily,% a.a.
2016-10-11,selic,14.25,432,macro,daily,% a.a.
2016-10-12,selic,14.25,432,macro,daily,% a.a.
2016-10-13,selic,14.25,432,macro,daily,% a.a.
2016-10-14,selic,14.25,432,macro,daily,% a.a.
2016-10-15,selic,14.25,432,macro,daily,% a.a.
2016-10-16,selic,14.25,432,macro,daily,% a.a.
2016-10-17,selic,14.25,432,macro,daily,% a.a.
2016-10-18,selic,14.25,432,macro,daily,% a.a.
2016-10-19,selic,14.25,432,macro,daily,% a.a.
2016-10-20,selic,14.0,432,macro,daily,% a.a.
2016-10-21,selic,14.0,432,macro,daily,% a.a.
2016-10-22,selic,14.0,432,macro,daily,% a.a.
2016-10-23,selic,14.0,432,macro,daily,% a.a.
2016-10-24,selic,14.0,432,macro,daily,% a.a.
2016-10-25,selic,14.0,432,macro,daily,% a.a.
2016-10-26,selic,14.0,432,macro,daily,% a.a.
2016-10-27,selic,14.0,432,macro,daily,% a.a.
2016-10-28,selic,14.0,432,macro,daily,% a.a.
2016-10-29,selic,14.0,432,macro,daily,% a.a.
2016-10-30,selic,14.0,432,macro,daily,% a.a.
2016-10-31,selic,14.0,432,macro,daily,% a.a.
2016-11-01,credit_balance_pf,1556985.0,20541,credito,monthly,R$ mi
2016-11-01,credit_balance_pj,1556789.0,20540,credito,monthly,R$ mi
2016-11-01,credit_grants_pf,136710.0,20633,credito,monthly,R$ mi
2016-11-01,credit_grants_pj,119955.0,20632,credito,monthly,R$ mi
2016-11-01,credit_interest_pf,2.98,25435,juros,monthly,% a.m.
2016-11-01,credit_interest_pj,1.62,25434,juros,monthly,% a.m.
2016-11-01,delinquency_card,7.77,21129,inadimplencia,monthly,%
2016-11-01,delinquency_personal,4.17,21120,inadimplencia,monthly,%
2016-11-01,delinquency_pf,4.15,21084,inadimplencia,monthly,%
2016-11-01,delinquency_pj,3.56,21083,inadimplencia,monthly,%
2016-11-01,delinquency_revolving,35.43,21127,inadimplencia,monthly,%
2016-11-01,delinquency_vehicle,4.77,21121,inadimplencia,monthly,%
2016-11-01,household_debt,38.24,29037,familias,monthly,%
2016-11-01,household_debt_ex_housing,22.4,29038,familias,monthly,%
2016-11-01,income_commitment,23.57,29034,familias,monthly,%
2016-11-01,ipca,0.18,433,macro,monthly,%
2016-11-01,real_income,12126.0,24380,macro,monthly,R$
2016-11-01,selic,14.0,432,macro,daily,% a.a.
2016-11-01,unemployment,12.0,24369,macro,monthly,%
2016-11-02,selic,14.0,432,macro,daily,% a.a.
2016-11-03,selic,14.0,432,macro,daily,% a.a.
2016-11-04,selic,14.0,432,macro,daily,% a.a.
2016-11-05,selic,14.0,432,macro,daily,% a.a.
2016-11-06,selic,14.0,432,macro,daily,% a.a.
2016-11-07,selic,14.0,432,macro,daily,% a.a.
2016-11-08,selic,14.0,432,macro,daily,% a.a.
2016-11-09,selic,14.0,432,macro,daily,% a.a.
2016-11-10,selic,14.0,432,macro,daily,% a.a.
2016-11-11,selic,14.0,432,macro,daily,% a.a.
2016-11-12,selic,14.0,432,macro,daily,% a.a.
2016-11-13,selic,14.0,432,macro,daily,% a.a.
2016-11-14,selic,14.0,432,macro,daily,% a.a.
2016-11-15,selic,14.0,432,macro,daily,% a.a.
2016-11-16,selic,14.0,432,macro,daily,% a.a.
2016-11-17,selic,14.0,432,macro,daily,% a.a.
2016-11-18,selic,14.0,432,macro,daily,% a.a.
2016-11-19,selic,14.0,432,macro,daily,% a.a.
2016-11-20,selic,14.0,432,macro,daily,% a.a.
2016-11-21,selic,14.0,432,macro,daily,% a.a.
2016-11-22,selic,14.0,432,macro,daily,% a.a.
2016-11-23,selic,14.0,432,macro,daily,% a.a.
2016-11-24,selic,14.0,432,macro,daily,% a.a.
2016-11-25,selic,14.0,432,macro,daily,% a.a.
2016-11-26,selic,14.0,432,macro,daily,% a.a.
2016-11-27,selic,14.0,432,macro,daily,% a.a.
2016-11-28,selic,14.0,432,macro,daily,% a.a.
2016-11-29,selic,14.0,432,macro,daily,% a.a.
2016-11-30,selic,14.0,432,macro,daily,% a.a.
2016-12-01,credit_balance_pf,1567459.0,20541,credito,monthly,R$ mi
2016-12-01,credit_balance_pj,1549321.0,20540,credito,monthly,R$ mi
2016-12-01,credit_grants_pf,144799.0,20633,credito,monthly,R$ mi
2016-12-01,credit_grants_pj,145311.0,20632,credito,monthly,R$ mi
2016-12-01,credit_interest_pf,2.92,25435,juros,monthly,% a.m.
2016-12-01,credit_interest_pj,1.55,25434,juros,monthly,% a.m.
2016-12-01,delinquency_card,7.65,21129,inadimplencia,monthly,%
2016-12-01,delinquency_personal,4.14,21120,inadimplencia,monthly,%
2016-12-01,delinquency_pf,4.0,21084,inadimplencia,monthly,%
2016-12-01,delinquency_pj,3.5,21083,inadimplencia,monthly,%
2016-12-01,delinquency_revolving,37.08,21127,inadimplencia,monthly,%
2016-12-01,delinquency_vehicle,4.66,21121,inadimplencia,monthly,%
2016-12-01,household_debt,38.11,29037,familias,monthly,%
2016-12-01,household_debt_ex_housing,22.22,29038,familias,monthly,%
2016-12-01,income_commitment,23.22,29034,familias,monthly,%
2016-12-01,ipca,0.3,433,macro,monthly,%
2016-12-01,real_income,12323.0,24380,macro,monthly,R$
2016-12-01,selic,13.75,432,macro,daily,% a.a.
2016-12-01,unemployment,12.1,24369,macro,monthly,%
2016-12-02,selic,13.75,432,macro,daily,% a.a.
2016-12-03,selic,13.75,432,macro,daily,% a.a.
2016-12-04,selic,13.75,432,macro,daily,% a.a.
2016-12-05,selic,13.75,432,macro,daily,% a.a.
2016-12-06,selic,13.75,432,macro,daily,% a.a.
2016-12-07,selic,13.75,432,macro,daily,% a.a.
2016-12-08,selic,13.75,432,macro,daily,% a.a.
2016-12-09,selic,13.75,432,macro,daily,% a.a.
2016-12-10,selic,13.75,432,macro,daily,% a.a.
2016-12-11,selic,13.75,432,macro,daily,% a.a.
2016-12-12,selic,13.75,432,macro,daily,% a.a.
2016-12-13,selic,13.75,432,macro,daily,% a.a.
2016-12-14,selic,13.75,432,macro,daily,% a.a.
2016-12-15,selic,13.75,432,macro,daily,% a.a.
2016-12-16,selic,13.75,432,macro,daily,% a.a.
2016-12-17,selic,13.75,432,macro,daily,% a.a.
2016-12-18,selic,13.75,432,macro,daily,% a.a.
2016-12-19,selic,13.75,432,macro,daily,% a.a.
2016-12-20,selic,13.75,432,macro,daily,% a.a.
2016-12-21,selic,13.75,432,macro,daily,% a.a.
2016-12-22,selic,13.75,432,macro,daily,% a.a.
2016-12-23,selic,13.75,432,macro,daily,% a.a.
2016-12-24,selic,13.75,432,macro,daily,% a.a.
2016-12-25,selic,13.75,432,macro,daily,% a.a.
2016-12-26,selic,13.75,432,macro,daily,% a.a.
2016-12-27,selic,13.75,432,macro,daily,% a.a.
2016-12-28,selic,13.75,432,macro,daily,% a.a.
2016-12-29,selic,13.75,432,macro,daily,% a.a.
2016-12-30,selic,13.75,432,macro,daily,% a.a.
2016-12-31,selic,13.75,432,macro,daily,% a.a.
2017-01-01,credit_balance_pf,1572865.0,20541,credito,monthly,R$ mi
2017-01-01,credit_balance_pj,1512246.0,20540,credito,monthly,R$ mi
2017-01-01,credit_grants_pf,129135.0,20633,credito,monthly,R$ mi
2017-01-01,credit_grants_pj,103440.0,20632,credito,monthly,R$ mi
2017-01-01,credit_interest_pf,2.93,25435,juros,monthly,% a.m.
2017-01-01,credit_interest_pj,1.63,25434,juros,monthly,% a.m.
2017-01-01,delinquency_card,7.64,21129,inadimplencia,monthly,%
2017-01-01,delinquency_personal,4.08,21120,inadimplencia,monthly,%
2017-01-01,delinquency_pf,4.04,21084,inadimplencia,monthly,%
2017-01-01,delinquency_pj,3.53,21083,inadimplencia,monthly,%
2017-01-01,delinquency_revolving,35.94,21127,inadimplencia,monthly,%
2017-01-01,delinquency_vehicle,4.7,21121,inadimplencia,monthly,%
2017-01-01,household_debt,38.0,29037,familias,monthly,%
2017-01-01,household_debt_ex_housing,22.15,29038,familias,monthly,%
2017-01-01,income_commitment,23.15,29034,familias,monthly,%
2017-01-01,ipca,0.38,433,macro,monthly,%
2017-01-01,real_income,12871.0,24380,macro,monthly,R$
2017-01-01,selic,13.75,432,macro,daily,% a.a.
2017-01-01,unemployment,12.7,24369,macro,monthly,%
2017-01-02,selic,13.75,432,macro,daily,% a.a.
2017-01-03,selic,13.75,432,macro,daily,% a.a.
2017-01-04,selic,13.75,432,macro,daily,% a.a.
2017-01-05,selic,13.75,432,macro,daily,% a.a.
2017-01-06,selic,13.75,432,macro,daily,% a.a.
2017-01-07,selic,13.75,432,macro,daily,% a.a.
2017-01-08,selic,13.75,432,macro,daily,% a.a.
2017-01-09,selic,13.75,432,macro,daily,% a.a.
2017-01-10,selic,13.75,432,macro,daily,% a.a.
2017-01-11,selic,13.75,432,macro,daily,% a.a.
2017-01-12,selic,13.0,432,macro,daily,% a.a.
2017-01-13,selic,13.0,432,macro,daily,% a.a.
2017-01-14,selic,13.0,432,macro,daily,% a.a.
2017-01-15,selic,13.0,432,macro,daily,% a.a.
2017-01-16,selic,13.0,432,macro,daily,% a.a.
2017-01-17,selic,13.0,432,macro,daily,% a.a.
2017-01-18,selic,13.0,432,macro,daily,% a.a.
2017-01-19,selic,13.0,432,macro,daily,% a.a.
2017-01-20,selic,13.0,432,macro,daily,% a.a.
2017-01-21,selic,13.0,432,macro,daily,% a.a.
2017-01-22,selic,13.0,432,macro,daily,% a.a.
2017-01-23,selic,13.0,432,macro,daily,% a.a.
2017-01-24,selic,13.0,432,macro,daily,% a.a.
2017-01-25,selic,13.0,432,macro,daily,% a.a.
2017-01-26,selic,13.0,432,macro,daily,% a.a.
2017-01-27,selic,13.0,432,macro,daily,% a.a.
2017-01-28,selic,13.0,432,macro,daily,% a.a.
2017-01-29,selic,13.0,432,macro,daily,% a.a.
2017-01-30,selic,13.0,432,macro,daily,% a.a.
2017-01-31,selic,13.0,432,macro,daily,% a.a.
2017-02-01,credit_balance_pf,1573869.0,20541,credito,monthly,R$ mi
2017-02-01,credit_balance_pj,1508263.0,20540,credito,monthly,R$ mi
2017-02-01,credit_grants_pf,114218.0,20633,credito,monthly,R$ mi
2017-02-01,credit_grants_pj,93635.0,20632,credito,monthly,R$ mi
2017-02-01,credit_interest_pf,2.89,25435,juros,monthly,% a.m.
2017-02-01,credit_interest_pj,1.56,25434,juros,monthly,% a.m.
2017-02-01,delinquency_card,7.67,21129,inadimplencia,monthly,%
2017-02-01,delinquency_personal,3.97,21120,inadimplencia,monthly,%
2017-02-01,delinquency_pf,4.06,21084,inadimplencia,monthly,%
2017-02-01,delinquency_pj,3.57,21083,inadimplencia,monthly,%
2017-02-01,delinquency_revolving,33.12,21127,inadimplencia,monthly,%
2017-02-01,delinquency_vehicle,4.65,21121,inadimplencia,monthly,%
2017-02-01,household_debt,37.88,29037,familias,monthly,%
2017-02-01,household_debt_ex_housing,22.0,29038,familias,monthly,%
2017-02-01,income_commitment,22.96,29034,familias,monthly,%
2017-02-01,ipca,0.33,433,macro,monthly,%
2017-02-01,real_income,13501.0,24380,macro,monthly,R$
2017-02-01,selic,13.0,432,macro,daily,% a.a.
2017-02-01,unemployment,13.3,24369,macro,monthly,%
2017-02-02,selic,13.0,432,macro,daily,% a.a.
2017-02-03,selic,13.0,432,macro,daily,% a.a.
2017-02-04,selic,13.0,432,macro,daily,% a.a.
2017-02-05,selic,13.0,432,macro,daily,% a.a.
2017-02-06,selic,13.0,432,macro,daily,% a.a.
2017-02-07,selic,13.0,432,macro,daily,% a.a.
2017-02-08,selic,13.0,432,macro,daily,% a.a.
2017-02-09,selic,13.0,432,macro,daily,% a.a.
2017-02-10,selic,13.0,432,macro,daily,% a.a.
2017-02-11,selic,13.0,432,macro,daily,% a.a.
2017-02-12,selic,13.0,432,macro,daily,% a.a.
2017-02-13,selic,13.0,432,macro,daily,% a.a.
2017-02-14,selic,13.0,432,macro,daily,% a.a.
2017-02-15,selic,13.0,432,macro,daily,% a.a.
2017-02-16,selic,13.0,432,macro,daily,% a.a.
2017-02-17,selic,13.0,432,macro,daily,% a.a.
2017-02-18,selic,13.0,432,macro,daily,% a.a.
2017-02-19,selic,13.0,432,macro,daily,% a.a.
2017-02-20,selic,13.0,432,macro,daily,% a.a.
2017-02-21,selic,13.0,432,macro,daily,% a.a.
2017-02-22,selic,13.0,432,macro,daily,% a.a.
2017-02-23,selic,12.25,432,macro,daily,% a.a.
2017-02-24,selic,12.25,432,macro,daily,% a.a.
2017-02-25,selic,12.25,432,macro,daily,% a.a.
2017-02-26,selic,12.25,432,macro,daily,% a.a.
2017-02-27,selic,12.25,432,macro,daily,% a.a.
2017-02-28,selic,12.25,432,macro,daily,% a.a.
2017-03-01,credit_balance_pf,1583060.0,20541,credito,monthly,R$ mi
2017-03-01,credit_balance_pj,1506466.0,20540,credito,monthly,R$ mi
2017-03-01,credit_grants_pf,144833.0,20633,credito,monthly,R$ mi
2017-03-01,credit_grants_pj,130267.0,20632,credito,monthly,R$ mi
2017-03-01,credit_interest_pf,2.88,25435,juros,monthly,% a.m.
2017-03-01,credit_interest_pj,1.55,25434,juros,monthly,% a.m.
2017-03-01,delinquency_card,7.43,21129,inadimplencia,monthly,%
2017-03-01,delinquency_personal,3.99,21120,inadimplencia,monthly,%
2017-03-01,delinquency_pf,4.06,21084,inadimplencia,monthly,%
2017-03-01,delinquency_pj,3.76,21083,inadimplencia,monthly,%
2017-03-01,delinquency_revolving,34.36,21127,inadimplencia,monthly,%
2017-03-01,delinquency_vehicle,4.58,21121,inadimplencia,monthly,%
2017-03-01,household_debt,37.8,29037,familias,monthly,%
2017-03-01,household_debt_ex_housing,21.95,29038,familias,monthly,%
2017-03-01,income_commitment,22.93,29034,familias,monthly,%
2017-03-01,ipca,0.25,433,macro,monthly,%
2017-03-01,real_income,14130.0,24380,macro,monthly,R$
2017-03-01,selic,12.25,432,macro,daily,% a.a.
2017-03-01,unemployment,13.9,24369,macro,monthly,%
2017-03-02,selic,12.25,432,macro,daily,% a.a.
2017-03-03,selic,12.25,432,macro,daily,% a.a.
2017-03-04,selic,12.25,432,macro,daily,% a.a.
2017-03-05,selic,12.25,432,macro,daily,% a.a.
2017-03-06,selic,12.25,432,macro,daily,% a.a.
2017-03-07,selic,12.25,432,macro,daily,% a.a.
2017-03-08,selic,12.25,432,macro,daily,% a.a.
2017-03-09,selic,12.25,432,macro,daily,% a.a.
2017-03-10,selic,12.25,432,macro,daily,% a.a.
2017-03-11,selic,12.25,432,macro,daily,% a.a.
2017-03-12,selic,12.25,432,macro,daily,% a.a.
2017-03-13,selic,12.25,432,macro,daily,% a.a.
2017-03-14,selic,12.25,432,macro,daily,% a.a.
2017-03-15,selic,12.25,432,macro,daily,% a.a.
2017-03-16,selic,12.25,432,macro,daily,% a.a.
2017-03-17,selic,12.25,432,macro,daily,% a.a.
2017-03-18,selic,12.25,432,macro,daily,% a.a.
2017-03-19,selic,12.25,432,macro,daily,% a.a.
2017-03-20,selic,12.25,432,macro,daily,% a.a.
2017-03-21,selic,12.25,432,macro,daily,% a.a.
2017-03-22,selic,12.25,432,macro,daily,% a.a.
2017-03-23,selic,12.25,432,macro,daily,% a.a.
2017-03-24,selic,12.25,432,macro,daily,% a.a.
2017-03-25,selic,12.25,432,macro,daily,% a.a.
2017-03-26,selic,12.25,432,macro,daily,% a.a.
2017-03-27,selic,12.25,432,macro,daily,% a.a.
2017-03-28,selic,12.25,432,macro,daily,% a.a.
2017-03-29,selic,12.25,432,macro,daily,% a.a.
2017-03-30,selic,12.25,432,macro,daily,% a.a.
2017-03-31,selic,12.25,432,macro,daily,% a.a.
2017-04-01,credit_balance_pf,1584786.0,20541,credito,monthly,R$ mi
2017-04-01,credit_balance_pj,1496702.0,20540,credito,monthly,R$ mi
2017-04-01,credit_grants_pf,123937.0,20633,credito,monthly,R$ mi
2017-04-01,credit_grants_pj,104508.0,20632,credito,monthly,R$ mi
2017-04-01,credit_interest_pf,2.71,25435,juros,monthly,% a.m.
2017-04-01,credit_interest_pj,1.49,25434,juros,monthly,% a.m.
2017-04-01,delinquency_card,7.58,21129,inadimplencia,monthly,%
2017-04-01,delinquency_personal,3.96,21120,inadimplencia,monthly,%
2017-04-01,delinquency_pf,4.09,21084,inadimplencia,monthly,%
2017-04-01,delinquency_pj,3.89,21083,inadimplencia,monthly,%
2017-04-01,delinquency_revolving,34.29,21127,inadimplencia,monthly,%
2017-04-01,delinquency_vehicle,4.52,21121,inadimplencia,monthly,%
2017-04-01,household_debt,37.45,29037,familias,monthly,%
2017-04-01,household_debt_ex_housing,21.67,29038,familias,monthly,%
2017-04-01,income_commitment,22.54,29034,familias,monthly,%
2017-04-01,ipca,0.14,433,macro,monthly,%
2017-04-01,real_income,13998.0,24380,macro,monthly,R$
2017-04-01,selic,12.25,432,macro,daily,% a.a.
2017-04-01,unemployment,13.7,24369,macro,monthly,%
2017-04-02,selic,12.25,432,macro,daily,% a.a.
2017-04-03,selic,12.25,432,macro,daily,% a.a.
2017-04-04,selic,12.25,432,macro,daily,% a.a.
2017-04-05,selic,12.25,432,macro,daily,% a.a.
2017-04-06,selic,12.25,432,macro,daily,% a.a.
2017-04-07,selic,12.25,432,macro,daily,% a.a.
2017-04-08,selic,12.25,432,macro,daily,% a.a.
2017-04-09,selic,12.25,432,macro,daily,% a.a.
2017-04-10,selic,12.25,432,macro,daily,% a.a.
2017-04-11,selic,12.25,432,macro,daily,% a.a.
2017-04-12,selic,12.25,432,macro,daily,% a.a.
2017-04-13,selic,11.25,432,macro,daily,% a.a.
2017-04-14,selic,11.25,432,macro,daily,% a.a.
2017-04-15,selic,11.25,432,macro,daily,% a.a.
2017-04-16,selic,11.25,432,macro,daily,% a.a.
2017-04-17,selic,11.25,432,macro,daily,% a.a.
2017-04-18,selic,11.25,432,macro,daily,% a.a.
2017-04-19,selic,11.25,432,macro,daily,% a.a.
2017-04-20,selic,11.25,432,macro,daily,% a.a.
2017-04-21,selic,11.25,432,macro,daily,% a.a.
2017-04-22,selic,11.25,432,macro,daily,% a.a.
2017-04-23,selic,11.25,432,macro,daily,% a.a.
2017-04-24,selic,11.25,432,macro,daily,% a.a.
2017-04-25,selic,11.25,432,macro,daily,% a.a.
2017-04-26,selic,11.25,432,macro,daily,% a.a.
2017-04-27,selic,11.25,432,macro,daily,% a.a.
2017-04-28,selic,11.25,432,macro,daily,% a.a.
2017-04-29,selic,11.25,432,macro,daily,% a.a.
2017-04-30,selic,11.25,432,macro,daily,% a.a.
2017-05-01,credit_balance_pf,1594997.0,20541,credito,monthly,R$ mi
2017-05-01,credit_balance_pj,1480478.0,20540,credito,monthly,R$ mi
2017-05-01,credit_grants_pf,145407.0,20633,credito,monthly,R$ mi
2017-05-01,credit_grants_pj,116513.0,20632,credito,monthly,R$ mi
2017-05-01,credit_interest_pf,2.6,25435,juros,monthly,% a.m.
2017-05-01,credit_interest_pj,1.48,25434,juros,monthly,% a.m.
2017-05-01,delinquency_card,7.65,21129,inadimplencia,monthly,%
2017-05-01,delinquency_personal,4.0,21120,inadimplencia,monthly,%
2017-05-01,delinquency_pf,4.16,21084,inadimplencia,monthly,%
2017-05-01,delinquency_pj,4.06,21083,inadimplencia,monthly,%
2017-05-01,delinquency_revolving,38.07,21127,inadimplencia,monthly,%
2017-05-01,delinquency_vehicle,4.53,21121,inadimplencia,monthly,%
2017-05-01,household_debt,37.38,29037,familias,monthly,%
2017-05-01,household_debt_ex_housing,21.65,29038,familias,monthly,%
2017-05-01,income_commitment,22.18,29034,familias,monthly,%
2017-05-01,ipca,0.31,433,macro,monthly,%
2017-05-01,real_income,13717.0,24380,macro,monthly,R$
2017-05-01,selic,11.25,432,macro,daily,% a.a.
2017-05-01,unemployment,13.4,24369,macro,monthly,%
2017-05-02,selic,11.25,432,macro,daily,% a.a.
2017-05-03,selic,11.25,432,macro,daily,% a.a.
2017-05-04,selic,11.25,432,macro,daily,% a.a.
2017-05-05,selic,11.25,432,macro,daily,% a.a.
2017-05-06,selic,11.25,432,macro,daily,% a.a.
2017-05-07,selic,11.25,432,macro,daily,% a.a.
2017-05-08,selic,11.25,432,macro,daily,% a.a.
2017-05-09,selic,11.25,432,macro,daily,% a.a.
2017-05-10,selic,11.25,432,macro,daily,% a.a.
2017-05-11,selic,11.25,432,macro,daily,% a.a.
2017-05-12,selic,11.25,432,macro,daily,% a.a.
2017-05-13,selic,11.25,432,macro,daily,% a.a.
2017-05-14,selic,11.25,432,macro,daily,% a.a.
2017-05-15,selic,11.25,432,macro,daily,% a.a.
2017-05-16,selic,11.25,432,macro,daily,% a.a.
2017-05-17,selic,11.25,432,macro,daily,% a.a.
2017-05-18,selic,11.25,432,macro,daily,% a.a.
2017-05-19,selic,11.25,432,macro,daily,% a.a.
2017-05-20,selic,11.25,432,macro,daily,% a.a.
2017-05-21,selic,11.25,432,macro,daily,% a.a.
2017-05-22,selic,11.25,432,macro,daily,% a.a.
2017-05-23,selic,11.25,432,macro,daily,% a.a.
2017-05-24,selic,11.25,432,macro,daily,% a.a.
2017-05-25,selic,11.25,432,macro,daily,% a.a.
2017-05-26,selic,11.25,432,macro,daily,% a.a.
2017-05-27,selic,11.25,432,macro,daily,% a.a.
2017-05-28,selic,11.25,432,macro,daily,% a.a.
2017-05-29,selic,11.25,432,macro,daily,% a.a.
2017-05-30,selic,11.25,432,macro,daily,% a.a.
2017-05-31,selic,11.25,432,macro,daily,% a.a.
2017-06-01,credit_balance_pf,1602729.0,20541,credito,monthly,R$ mi
2017-06-01,credit_balance_pj,1485412.0,20540,credito,monthly,R$ mi
2017-06-01,credit_grants_pf,144017.0,20633,credito,monthly,R$ mi
2017-06-01,credit_grants_pj,134972.0,20632,credito,monthly,R$ mi
2017-06-01,credit_interest_pf,2.58,25435,juros,monthly,% a.m.
2017-06-01,credit_interest_pj,1.45,25434,juros,monthly,% a.m.
2017-06-01,delinquency_card,7.45,21129,inadimplencia,monthly,%
2017-06-01,delinquency_personal,3.84,21120,inadimplencia,monthly,%
2017-06-01,delinquency_pf,3.91,21084,inadimplencia,monthly,%
2017-06-01,delinquency_pj,3.68,21083,inadimplencia,monthly,%
2017-06-01,delinquency_revolving,38.67,21127,inadimplencia,monthly,%
2017-06-01,delinquency_vehicle,4.39,21121,inadimplencia,monthly,%
2017-06-01,household_debt,37.32,29037,familias,monthly,%
2017-06-01,household_debt_ex_housing,21.61,29038,familias,monthly,%
2017-06-01,income_commitment,22.17,29034,familias,monthly,%
2017-06-01,ipca,-0.23,433,macro,monthly,%
2017-06-01,real_income,13425.0,24380,macro,monthly,R$
2017-06-01,selic,10.25,432,macro,daily,% a.a.
2017-06-01,unemployment,13.1,24369,macro,monthly,%
2017-06-02,selic,10.25,432,macro,daily,% a.a.
2017-06-03,selic,10.25,432,macro,daily,% a.a.
2017-06-04,selic,10.25,432,macro,daily,% a.a.
2017-06-05,selic,10.25,432,macro,daily,% a.a.
2017-06-06,selic,10.25,432,macro,daily,% a.a.
2017-06-07,selic,10.25,432,macro,daily,% a.a.
2017-06-08,selic,10.25,432,macro,daily,% a.a.
2017-06-09,selic,10.25,432,macro,daily,% a.a.
2017-06-10,selic,10.25,432,macro,daily,% a.a.
2017-06-11,selic,10.25,432,macro,daily,% a.a.
2017-06-12,selic,10.25,432,macro,daily,% a.a.
2017-06-13,selic,10.25,432,macro,daily,% a.a.
2017-06-14,selic,10.25,432,macro,daily,% a.a.
2017-06-15,selic,10.25,432,macro,daily,% a.a.
2017-06-16,selic,10.25,432,macro,daily,% a.a.
2017-06-17,selic,10.25,432,macro,daily,% a.a.
2017-06-18,selic,10.25,432,macro,daily,% a.a.
2017-06-19,selic,10.25,432,macro,daily,% a.a.
2017-06-20,selic,10.25,432,macro,daily,% a.a.
2017-06-21,selic,10.25,432,macro,daily,% a.a.
2017-06-22,selic,10.25,432,macro,daily,% a.a.
2017-06-23,selic,10.25,432,macro,daily,% a.a.
2017-06-24,selic,10.25,432,macro,daily,% a.a.
2017-06-25,selic,10.25,432,macro,daily,% a.a.
2017-06-26,selic,10.25,432,macro,daily,% a.a.
2017-06-27,selic,10.25,432,macro,daily,% a.a.
2017-06-28,selic,10.25,432,macro,daily,% a.a.
2017-06-29,selic,10.25,432,macro,daily,% a.a.
2017-06-30,selic,10.25,432,macro,daily,% a.a.
2017-07-01,credit_balance_pf,1607453.0,20541,credito,monthly,R$ mi
2017-07-01,credit_balance_pj,1455536.0,20540,credito,monthly,R$ mi
2017-07-01,credit_grants_pf,137962.0,20633,credito,monthly,R$ mi
2017-07-01,credit_grants_pj,103583.0,20632,credito,monthly,R$ mi
2017-07-01,credit_interest_pf,2.62,25435,juros,monthly,% a.m.
2017-07-01,credit_interest_pj,1.47,25434,juros,monthly,% a.m.
2017-07-01,delinquency_card,7.34,21129,inadimplencia,monthly,%
2017-07-01,delinquency_personal,3.86,21120,inadimplencia,monthly,%
2017-07-01,delinquency_pf,4.01,21084,inadimplencia,monthly,%
2017-07-01,delinquency_pj,3.47,21083,inadimplencia,monthly,%
2017-07-01,delinquency_revolving,39.47,21127,inadimplencia,monthly,%
2017-07-01,delinquency_vehicle,4.26,21121,inadimplencia,monthly,%
2017-07-01,household_debt,37.33,29037,familias,monthly,%
2017-07-01,household_debt_ex_housing,21.59,29038,familias,monthly,%
2017-07-01,income_commitment,22.35,29034,familias,monthly,%
2017-07-01,ipca,0.24,433,macro,monthly,%
2017-07-01,real_income,13253.0,24380,macro,monthly,R$
2017-07-01,selic,10.25,432,macro,daily,% a.a.
2017-07-01,unemployment,12.9,24369,macro,monthly,%
2017-07-02,selic,10.25,432,macro,daily,% a.a.
2017-07-03,selic,10.25,432,macro,daily,% a.a.
2017-07-04,selic,10.25,432,macro,daily,% a.a.
2017-07-05,selic,10.25,432,macro,daily,% a.a.
2017-07-06,selic,10.25,432,macro,daily,% a.a.
2017-07-07,selic,10.25,432,macro,daily,% a.a.
2017-07-08,selic,10.25,432,macro,daily,% a.a.
2017-07-09,selic,10.25,432,macro,daily,% a.a.
2017-07-10,selic,10.25,432,macro,daily,% a.a.
2017-07-11,selic,10.25,432,macro,daily,% a.a.
2017-07-12,selic,10.25,432,macro,daily,% a.a.
2017-07-13,selic,10.25,432,macro,daily,% a.a.
2017-07-14,selic,10.25,432,macro,daily,% a.a.
2017-07-15,selic,10.25,432,macro,daily,% a.a.
2017-07-16,selic,10.25,432,macro,daily,% a.a.
2017-07-17,selic,10.25,432,macro,daily,% a.a.
2017-07-18,selic,10.25,432,macro,daily,% a.a.
2017-07-19,selic,10.25,432,macro,daily,% a.a.
2017-07-20,selic,10.25,432,macro,daily,% a.a.
2017-07-21,selic,10.25,432,macro,daily,% a.a.
2017-07-22,selic,10.25,432,macro,daily,% a.a.
2017-07-23,selic,10.25,432,macro,daily,% a.a.
2017-07-24,selic,10.25,432,macro,daily,% a.a.
2017-07-25,selic,10.25,432,macro,daily,% a.a.
2017-07-26,selic,10.25,432,macro,daily,% a.a.
2017-07-27,selic,9.25,432,macro,daily,% a.a.
2017-07-28,selic,9.25,432,macro,daily,% a.a.
2017-07-29,selic,9.25,432,macro,daily,% a.a.
2017-07-30,selic,9.25,432,macro,daily,% a.a.
2017-07-31,selic,9.25,432,macro,daily,% a.a.
2017-08-01,credit_balance_pf,1619271.0,20541,credito,monthly,R$ mi
2017-08-01,credit_balance_pj,1442454.0,20540,credito,monthly,R$ mi
2017-08-01,credit_grants_pf,147282.0,20633,credito,monthly,R$ mi
2017-08-01,credit_grants_pj,119336.0,20632,credito,monthly,R$ mi
2017-08-01,credit_interest_pf,2.57,25435,juros,monthly,% a.m.
2017-08-01,credit_interest_pj,1.45,25434,juros,monthly,% a.m.
2017-08-01,delinquency_card,7.1,21129,inadimplencia,monthly,%
2017-08-01,delinquency_personal,3.95,21120,inadimplencia,monthly,%
2017-08-01,delinquency_pf,3.99,21084,inadimplencia,monthly,%
2017-08-01,delinquency_pj,3.52,21083,inadimplencia,monthly,%
2017-08-01,delinquency_revolving,39.02,21127,inadimplencia,monthly,%
2017-08-01,delinquency_vehicle,4.09,21121,inadimplencia,monthly,%
2017-08-01,household_debt,37.37,29037,familias,monthly,%
2017-08-01,household_debt_ex_housing,21.62,29038,familias,monthly,%
2017-08-01,income_commitment,22.66,29034,familias,monthly,%
2017-08-01,ipca,0.19,433,macro,monthly,%
2017-08-01,real_income,13039.0,24380,macro,monthly,R$
2017-08-01,selic,9.25,432,macro,daily,% a.a.
2017-08-01,unemployment,12.7,24369,macro,monthly,%
2017-08-02,selic,9.25,432,macro,daily,% a.a.
2017-08-03,selic,9.25,432,macro,daily,% a.a.
2017-08-04,selic,9.25,432,macro,daily,% a.a.
2017-08-05,selic,9.25,432,macro,daily,% a.a.
2017-08-06,selic,9.25,432,macro,daily,% a.a.
2017-08-07,selic,9.25,432,macro,daily,% a.a.
2017-08-08,selic,9.25,432,macro,daily,% a.a.
2017-08-09,selic,9.25,432,macro,daily,% a.a.
2017-08-10,selic,9.25,432,macro,daily,% a.a.
2017-08-11,selic,9.25,432,macro,daily,% a.a.
2017-08-12,selic,9.25,432,macro,daily,% a.a.
2017-08-13,selic,9.25,432,macro,daily,% a.a.
2017-08-14,selic,9.25,432,macro,daily,% a.a.
2017-08-15,selic,9.25,432,macro,daily,% a.a.
2017-08-16,selic,9.25,432,macro,daily,% a.a.
2017-08-17,selic,9.25,432,macro,daily,% a.a.
2017-08-18,selic,9.25,432,macro,daily,% a.a.
2017-08-19,selic,9.25,432,macro,daily,% a.a.
2017-08-20,selic,9.25,432,macro,daily,% a.a.
2017-08-21,selic,9.25,432,macro,daily,% a.a.
2017-08-22,selic,9.25,432,macro,daily,% a.a.
2017-08-23,selic,9.25,432,macro,daily,% a.a.
2017-08-24,selic,9.25,432,macro,daily,% a.a.
2017-08-25,selic,9.25,432,macro,daily,% a.a.
2017-08-26,selic,9.25,432,macro,daily,% a.a.
2017-08-27,selic,9.25,432,macro,daily,% a.a.
2017-08-28,selic,9.25,432,macro,daily,% a.a.
2017-08-29,selic,9.25,432,macro,daily,% a.a.
2017-08-30,selic,9.25,432,macro,daily,% a.a.
2017-08-31,selic,9.25,432,macro,daily,% a.a.
2017-09-01,credit_balance_pf,1622920.0,20541,credito,monthly,R$ mi
2017-09-01,credit_balance_pj,1438926.0,20540,credito,monthly,R$ mi
2017-09-01,credit_grants_pf,136202.0,20633,credito,monthly,R$ mi
2017-09-01,credit_grants_pj,116353.0,20632,credito,monthly,R$ mi
2017-09-01,credit_interest_pf,2.44,25435,juros,monthly,% a.m.
2017-09-01,credit_interest_pj,1.36,25434,juros,monthly,% a.m.
2017-09-01,delinquency_card,7.01,21129,inadimplencia,monthly,%
2017-09-01,delinquency_personal,3.89,21120,inadimplencia,monthly,%
2017-09-01,delinquency_pf,3.93,21084,inadimplencia,monthly,%
2017-09-01,delinquency_pj,3.36,21083,inadimplencia,monthly,%
2017-09-01,delinquency_revolving,38.27,21127,inadimplencia,monthly,%
2017-09-01,delinquency_vehicle,3.98,21121,inadimplencia,monthly,%
2017-09-01,household_debt,37.25,29037,familias,monthly,%
2017-09-01,household_debt_ex_housing,21.52,29038,familias,monthly,%
2017-09-01,income_commitment,22.78,29034,familias,monthly,%
2017-09-01,ipca,0.16,433,macro,monthly,%
2017-09-01,real_income,12894.0,24380,macro,monthly,R$
2017-09-01,selic,9.25,432,macro,daily,% a.a.
2017-09-01,unemployment,12.5,24369,macro,monthly,%
2017-09-02,selic,9.25,432,macro,daily,% a.a.
2017-09-03,selic,9.25,432,macro,daily,% a.a.
2017-09-04,selic,9.25,432,macro,daily,% a.a.
2017-09-05,selic,9.25,432,macro,daily,% a.a.
2017-09-06,selic,9.25,432,macro,daily,% a.a.
2017-09-07,selic,9.25,432,macro,daily,% a.a.
2017-09-08,selic,8.25,432,macro,daily,% a.a.
2017-09-09,selic,8.25,432,macro,daily,% a.a.
2017-09-10,selic,8.25,432,macro,daily,% a.a.
2017-09-11,selic,8.25,432,macro,daily,% a.a.
2017-09-12,selic,8.25,432,macro,daily,% a.a.
2017-09-13,selic,8.25,432,macro,daily,% a.a.
2017-09-14,selic,8.25,432,macro,daily,% a.a.
2017-09-15,selic,8.25,432,macro,daily,% a.a.
2017-09-16,selic,8.25,432,macro,daily,% a.a.
2017-09-17,selic,8.25,432,macro,daily,% a.a.
2017-09-18,selic,8.25,432,macro,daily,% a.a.
2017-09-19,selic,8.25,432,macro,daily,% a.a.
2017-09-20,selic,8.25,432,macro,daily,% a.a.
2017-09-21,selic,8.25,432,macro,daily,% a.a.
2017-09-22,selic,8.25,432,macro,daily,% a.a.
2017-09-23,selic,8.25,432,macro,daily,% a.a.
2017-09-24,selic,8.25,432,macro,daily,% a.a.
2017-09-25,selic,8.25,432,macro,daily,% a.a.
2017-09-26,selic,8.25,432,macro,daily,% a.a.
2017-09-27,selic,8.25,432,macro,daily,% a.a.
2017-09-28,selic,8.25,432,macro,daily,% a.a.
2017-09-29,selic,8.25,432,macro,daily,% a.a.
2017-09-30,selic,8.25,432,macro,daily,% a.a.
2017-10-01,credit_balance_pf,1635059.0,20541,credito,monthly,R$ mi
2017-10-01,credit_balance_pj,1431692.0,20540,credito,monthly,R$ mi
2017-10-01,credit_grants_pf,146955.0,20633,credito,monthly,R$ mi
2017-10-01,credit_grants_pj,117690.0,20632,credito,monthly,R$ mi
2017-10-01,credit_interest_pf,2.46,25435,juros,monthly,% a.m.
2017-10-01,credit_interest_pj,1.42,25434,juros,monthly,% a.m.
2017-10-01,delinquency_card,6.77,21129,inadimplencia,monthly,%
2017-10-01,delinquency_personal,3.94,21120,inadimplencia,monthly,%
2017-10-01,delinquency_pf,3.93,21084,inadimplencia,monthly,%
2017-10-01,delinquency_pj,3.42,21083,inadimplencia,monthly,%
2017-10-01,delinquency_revolving,37.37,21127,inadimplencia,monthly,%
2017-10-01,delinquency_vehicle,3.87,21121,inadimplencia,monthly,%
2017-10-01,household_debt,37.3,29037,familias,monthly,%
2017-10-01,household_debt_ex_housing,21.62,29038,familias,monthly,%
2017-10-01,income_commitment,22.56,29034,familias,monthly,%
2017-10-01,ipca,0.42,433,macro,monthly,%
2017-10-01,real_income,12682.0,24380,macro,monthly,R$
2017-10-01,selic,8.25,432,macro,daily,% a.a.
2017-10-01,unemployment,12.3,24369,macro,monthly,%
2017-10-02,selic,8.25,432,macro,daily,% a.a.
2017-10-03,selic,8.25,432,macro,daily,% a.a.
2017-10-04,selic,8.25,432,macro,daily,% a.a.
2017-10-05,selic,8.25,432,macro,daily,% a.a.
2017-10-06,selic,8.25,432,macro,daily,% a.a.
2017-10-07,selic,8.25,432,macro,daily,% a.a.
2017-10-08,selic,8.25,432,macro,daily,% a.a.
2017-10-09,selic,8.25,432,macro,daily,% a.a.
2017-10-10,selic,8.25,432,macro,daily,% a.a.
2017-10-11,selic,8.25,432,macro,daily,% a.a.
2017-10-12,selic,8.25,432,macro,daily,% a.a.
2017-10-13,selic,8.25,432,macro,daily,% a.a.
2017-10-14,selic,8.25,432,macro,daily,% a.a.
2017-10-15,selic,8.25,432,macro,daily,% a.a.
2017-10-16,selic,8.25,432,macro,daily,% a.a.
2017-10-17,selic,8.25,432,macro,daily,% a.a.
2017-10-18,selic,8.25,432,macro,daily,% a.a.
2017-10-19,selic,8.25,432,macro,daily,% a.a.
2017-10-20,selic,8.25,432,macro,daily,% a.a.
2017-10-21,selic,8.25,432,macro,daily,% a.a.
2017-10-22,selic,8.25,432,macro,daily,% a.a.
2017-10-23,selic,8.25,432,macro,daily,% a.a.
2017-10-24,selic,8.25,432,macro,daily,% a.a.
2017-10-25,selic,8.25,432,macro,daily,% a.a.
2017-10-26,selic,7.5,432,macro,daily,% a.a.
2017-10-27,selic,7.5,432,macro,daily,% a.a.
2017-10-28,selic,7.5,432,macro,daily,% a.a.
2017-10-29,selic,7.5,432,macro,daily,% a.a.
2017-10-30,selic,7.5,432,macro,daily,% a.a.
2017-10-31,selic,7.5,432,macro,daily,% a.a.
2017-11-01,credit_balance_pf,1649750.0,20541,credito,monthly,R$ mi
2017-11-01,credit_balance_pj,1428855.0,20540,credito,monthly,R$ mi
2017-11-01,credit_grants_pf,149689.0,20633,credito,monthly,R$ mi
2017-11-01,credit_grants_pj,121997.0,20632,credito,monthly,R$ mi
2017-11-01,credit_interest_pf,2.42,25435,juros,monthly,% a.m.
2017-11-01,credit_interest_pj,1.38,25434,juros,monthly,% a.m.
2017-11-01,delinquency_card,6.41,21129,inadimplencia,monthly,%
2017-11-01,delinquency_personal,3.9,21120,inadimplencia,monthly,%
2017-11-01,delinquency_pf,3.83,21084,inadimplencia,monthly,%
2017-11-01,delinquency_pj,3.34,21083,inadimplencia,monthly,%
2017-11-01,delinquency_revolving,36.24,21127,inadimplencia,monthly,%
2017-11-01,delinquency_vehicle,3.88,21121,inadimplencia,monthly,%
2017-11-01,household_debt,37.38,29037,familias,monthly,%
2017-11-01,household_debt_ex_housing,21.72,29038,familias,monthly,%
2017-11-01,income_commitment,22.34,29034,familias,monthly,%
2017-11-01,ipca,0.28,433,macro,monthly,%
2017-11-01,real_income,12533.0,24380,macro,monthly,R$
2017-11-01,selic,7.5,432,macro,daily,% a.a.
2017-11-01,unemployment,12.1,24369,macro,monthly,%
2017-11-02,selic,7.5,432,macro,daily,% a.a.
2017-11-03,selic,7.5,432,macro,daily,% a.a.
2017-11-04,selic,7.5,432,macro,daily,% a.a.
2017-11-05,selic,7.5,432,macro,daily,% a.a.
2017-11-06,selic,7.5,432,macro,daily,% a.a.
2017-11-07,selic,7.5,432,macro,daily,% a.a.
2017-11-08,selic,7.5,432,macro,daily,% a.a.
2017-11-09,selic,7.5,432,macro,daily,% a.a.
2017-11-10,selic,7.5,432,macro,daily,% a.a.
2017-11-11,selic,7.5,432,macro,daily,% a.a.
2017-11-12,selic,7.5,432,macro,daily,% a.a.
2017-11-13,selic,7.5,432,macro,daily,% a.a.
2017-11-14,selic,7.5,432,macro,daily,% a.a.
2017-11-15,selic,7.5,432,macro,daily,% a.a.
2017-11-16,selic,7.5,432,macro,daily,% a.a.
2017-11-17,selic,7.5,432,macro,daily,% a.a.
2017-11-18,selic,7.5,432,macro,daily,% a.a.
2017-11-19,selic,7.5,432,macro,daily,% a.a.
2017-11-20,selic,7.5,432,macro,daily,% a.a.
2017-11-21,selic,7.5,432,macro,daily,% a.a.
2017-11-22,selic,7.5,432,macro,daily,% a.a.
2017-11-23,selic,7.5,432,macro,daily,% a.a.
2017-11-24,selic,7.5,432,macro,daily,% a.a.
2017-11-25,selic,7.5,432,macro,daily,% a.a.
2017-11-26,selic,7.5,432,macro,daily,% a.a.
2017-11-27,selic,7.5,432,macro,daily,% a.a.
2017-11-28,selic,7.5,432,macro,daily,% a.a.
2017-11-29,selic,7.5,432,macro,daily,% a.a.
2017-11-30,selic,7.5,432,macro,daily,% a.a.
2017-12-01,credit_balance_pf,1658714.0,20541,credito,monthly,R$ mi
2017-12-01,credit_balance_pj,1444625.0,20540,credito,monthly,R$ mi
2017-12-01,credit_grants_pf,150368.0,20633,credito,monthly,R$ mi
2017-12-01,credit_grants_pj,156386.0,20632,credito,monthly,R$ mi
2017-12-01,credit_interest_pf,2.31,25435,juros,monthly,% a.m.
2017-12-01,credit_interest_pj,1.31,25434,juros,monthly,% a.m.
2017-12-01,delinquency_card,6.16,21129,inadimplencia,monthly,%
2017-12-01,delinquency_personal,3.77,21120,inadimplencia,monthly,%
2017-12-01,delinquency_pf,3.58,21084,inadimplencia,monthly,%
2017-12-01,delinquency_pj,2.97,21083,inadimplencia,monthly,%
2017-12-01,delinquency_revolving,37.31,21127,inadimplencia,monthly,%
2017-12-01,delinquency_vehicle,3.81,21121,inadimplencia,monthly,%
2017-12-01,household_debt,37.22,29037,familias,monthly,%
2017-12-01,household_debt_ex_housing,21.63,29038,familias,monthly,%
2017-12-01,income_commitment,22.09,29034,familias,monthly,%
2017-12-01,ipca,0.44,433,macro,monthly,%
2017-12-01,real_income,12279.0,24380,macro,monthly,R$
2017-12-01,selic,7.5,432,macro,daily,% a.a.
2017-12-01,unemployment,11.9,24369,macro,monthly,%
2017-12-02,selic,7.5,432,macro,daily,% a.a.
2017-12-03,selic,7.5,432,macro,daily,% a.a.
2017-12-04,selic,7.5,432,macro,daily,% a.a.
2017-12-05,selic,7.5,432,macro,daily,% a.a.
2017-12-06,selic,7.5,432,macro,daily,% a.a.
2017-12-07,selic,7.0,432,macro,daily,% a.a.
2017-12-08,selic,7.0,432,macro,daily,% a.a.
2017-12-09,selic,7.0,432,macro,daily,% a.a.
2017-12-10,selic,7.0,432,macro,daily,% a.a.
2017-12-11,selic,7.0,432,macro,daily,% a.a.
2017-12-12,selic,7.0,432,macro,daily,% a.a.
2017-12-13,selic,7.0,432,macro,daily,% a.a.
2017-12-14,selic,7.0,432,macro,daily,% a.a.
2017-12-15,selic,7.0,432,macro,daily,% a.a.
2017-12-16,selic,7.0,432,macro,daily,% a.a.
2017-12-17,selic,7.0,432,macro,daily,% a.a.
2017-12-18,selic,7.0,432,macro,daily,% a.a.
2017-12-19,selic,7.0,432,macro,daily,% a.a.
2017-12-20,selic,7.0,432,macro,daily,% a.a.
2017-12-21,selic,7.0,432,macro,daily,% a.a.
2017-12-22,selic,7.0,432,macro,daily,% a.a.
2017-12-23,selic,7.0,432,macro,daily,% a.a.
2017-12-24,selic,7.0,432,macro,daily,% a.a.
2017-12-25,selic,7.0,432,macro,daily,% a.a.
2017-12-26,selic,7.0,432,macro,daily,% a.a.
2017-12-27,selic,7.0,432,macro,daily,% a.a.
2017-12-28,selic,7.0,432,macro,daily,% a.a.
2017-12-29,selic,7.0,432,macro,daily,% a.a.
2017-12-30,selic,7.0,432,macro,daily,% a.a.
2017-12-31,selic,7.0,432,macro,daily,% a.a.
2018-01-01,credit_balance_pf,1666801.0,20541,credito,monthly,R$ mi
2018-01-01,credit_balance_pj,1410042.0,20540,credito,monthly,R$ mi
2018-01-01,credit_grants_pf,146870.0,20633,credito,monthly,R$ mi
2018-01-01,credit_grants_pj,110027.0,20632,credito,monthly,R$ mi
2018-01-01,credit_interest_pf,2.33,25435,juros,monthly,% a.m.
2018-01-01,credit_interest_pj,1.38,25434,juros,monthly,% a.m.
2018-01-01,delinquency_card,6.01,21129,inadimplencia,monthly,%
2018-01-01,delinquency_personal,3.87,21120,inadimplencia,monthly,%
2018-01-01,delinquency_pf,3.78,21084,inadimplencia,monthly,%
2018-01-01,delinquency_pj,3.13,21083,inadimplencia,monthly,%
2018-01-01,delinquency_revolving,35.83,21127,inadimplencia,monthly,%
2018-01-01,delinquency_vehicle,3.82,21121,inadimplencia,monthly,%
2018-01-01,household_debt,37.25,29037,familias,monthly,%
2018-01-01,household_debt_ex_housing,21.73,29038,familias,monthly,%
2018-01-01,income_commitment,21.94,29034,familias,monthly,%
2018-01-01,ipca,0.29,433,macro,monthly,%
2018-01-01,real_income,12668.0,24380,macro,monthly,R$
2018-01-01,selic,7.0,432,macro,daily,% a.a.
2018-01-01,unemployment,12.3,24369,macro,monthly,%
2018-01-02,selic,7.0,432,macro,daily,% a.a.
2018-01-03,selic,7.0,432,macro,daily,% a.a.
2018-01-04,selic,7.0,432,macro,daily,% a.a.
2018-01-05,selic,7.0,432,macro,daily,% a.a.
2018-01-06,selic,7.0,432,macro,daily,% a.a.
2018-01-07,selic,7.0,432,macro,daily,% a.a.
2018-01-08,selic,7.0,432,macro,daily,% a.a.
2018-01-09,selic,7.0,432,macro,daily,% a.a.
2018-01-10,selic,7.0,432,macro,daily,% a.a.
2018-01-11,selic,7.0,432,macro,daily,% a.a.
2018-01-12,selic,7.0,432,macro,daily,% a.a.
2018-01-13,selic,7.0,432,macro,daily,% a.a.
2018-01-14,selic,7.0,432,macro,daily,% a.a.
2018-01-15,selic,7.0,432,macro,daily,% a.a.
2018-01-16,selic,7.0,432,macro,daily,% a.a.
2018-01-17,selic,7.0,432,macro,daily,% a.a.
2018-01-18,selic,7.0,432,macro,daily,% a.a.
2018-01-19,selic,7.0,432,macro,daily,% a.a.
2018-01-20,selic,7.0,432,macro,daily,% a.a.
2018-01-21,selic,7.0,432,macro,daily,% a.a.
2018-01-22,selic,7.0,432,macro,daily,% a.a.
2018-01-23,selic,7.0,432,macro,daily,% a.a.
2018-01-24,selic,7.0,432,macro,daily,% a.a.
2018-01-25,selic,7.0,432,macro,daily,% a.a.
2018-01-26,selic,7.0,432,macro,daily,% a.a.
2018-01-27,selic,7.0,432,macro,daily,% a.a.
2018-01-28,selic,7.0,432,macro,daily,% a.a.
2018-01-29,selic,7.0,432,macro,daily,% a.a.
2018-01-30,selic,7.0,432,macro,daily,% a.a.
2018-01-31,selic,7.0,432,macro,daily,% a.a.
2018-02-01,credit_balance_pf,1665440.0,20541,credito,monthly,R$ mi
2018-02-01,credit_balance_pj,1404768.0,20540,credito,monthly,R$ mi
2018-02-01,credit_grants_pf,131893.0,20633,credito,monthly,R$ mi
2018-02-01,credit_grants_pj,114345.0,20632,credito,monthly,R$ mi
2018-02-01,credit_interest_pf,2.39,25435,juros,monthly,% a.m.
2018-02-01,credit_interest_pj,1.38,25434,juros,monthly,% a.m.
2018-02-01,delinquency_card,6.09,21129,inadimplencia,monthly,%
2018-02-01,delinquency_personal,3.77,21120,inadimplencia,monthly,%
2018-02-01,delinquency_pf,3.76,21084,inadimplencia,monthly,%
2018-02-01,delinquency_pj,3.17,21083,inadimplencia,monthly,%
2018-02-01,delinquency_revolving,33.3,21127,inadimplencia,monthly,%
2018-02-01,delinquency_vehicle,3.75,21121,inadimplencia,monthly,%
2018-02-01,household_debt,37.23,29037,familias,monthly,%
2018-02-01,household_debt_ex_housing,21.7,29038,familias,monthly,%
2018-02-01,income_commitment,21.89,29034,familias,monthly,%
2018-02-01,ipca,0.32,433,macro,monthly,%
2018-02-01,real_income,13102.0,24380,macro,monthly,R$
2018-02-01,selic,7.0,432,macro,daily,% a.a.
2018-02-01,unemployment,12.7,24369,macro,monthly,%
2018-02-02,selic,7.0,432,macro,daily,% a.a.
2018-02-03,selic,7.0,432,macro,daily,% a.a.
2018-02-04,selic,7.0,432,macro,daily,% a.a.
2018-02-05,selic,7.0,432,macro,daily,% a.a.
2018-02-06,selic,7.0,432,macro,daily,% a.a.
2018-02-07,selic,7.0,432,macro,daily,% a.a.
2018-02-08,selic,6.75,432,macro,daily,% a.a.
2018-02-09,selic,6.75,432,macro,daily,% a.a.
2018-02-10,selic,6.75,432,macro,daily,% a.a.
2018-02-11,selic,6.75,432,macro,daily,% a.a.
2018-02-12,selic,6.75,432,macro,daily,% a.a.
2018-02-13,selic,6.75,432,macro,daily,% a.a.
2018-02-14,selic,6.75,432,macro,daily,% a.a.
2018-02-15,selic,6.75,432,macro,daily,% a.a.
2018-02-16,selic,6.75,432,macro,daily,% a.a.
2018-02-17,selic,6.75,432,macro,daily,% a.a.
2018-02-18,selic,6.75,432,macro,daily,% a.a.
2018-02-19,selic,6.75,432,macro,daily,% a.a.
2018-02-20,selic,6.75,432,macro,daily,% a.a.
2018-02-21,selic,6.75,432,macro,daily,% a.a.
2018-02-22,selic,6.75,432,macro,daily,% a.a.
2018-02-23,selic,6.75,432,macro,daily,% a.a.
2018-02-24,selic,6.75,432,macro,daily,% a.a.
2018-02-25,selic,6.75,432,macro,daily,% a.a.
2018-02-26,selic,6.75,432,macro,daily,% a.a.
2018-02-27,selic,6.75,432,macro,daily,% a.a.
2018-02-28,selic,6.75,432,macro,daily,% a.a.
2018-03-01,credit_balance_pf,1674850.0,20541,credito,monthly,R$ mi
2018-03-01,credit_balance_pj,1415241.0,20540,credito,monthly,R$ mi
2018-03-01,credit_grants_pf,147433.0,20633,credito,monthly,R$ mi
2018-03-01,credit_grants_pj,135980.0,20632,credito,monthly,R$ mi
2018-03-01,credit_interest_pf,2.38,25435,juros,monthly,% a.m.
2018-03-01,credit_interest_pj,1.28,25434,juros,monthly,% a.m.
2018-03-01,delinquency_card,6.02,21129,inadimplencia,monthly,%
2018-03-01,delinquency_personal,3.78,21120,inadimplencia,monthly,%
2018-03-01,delinquency_pf,3.7,21084,inadimplencia,monthly,%
2018-03-01,delinquency_pj,2.94,21083,inadimplencia,monthly,%
2018-03-01,delinquency_revolving,34.26,21127,inadimplencia,monthly,%
2018-03-01,delinquency_vehicle,3.66,21121,inadimplencia,monthly,%
2018-03-01,household_debt,37.26,29037,familias,monthly,%
2018-03-01,household_debt_ex_housing,21.71,29038,familias,monthly,%
2018-03-01,income_commitment,21.99,29034,familias,monthly,%
2018-03-01,ipca,0.09,433,macro,monthly,%
2018-03-01,real_income,13671.0,24380,macro,monthly,R$
2018-03-01,selic,6.75,432,macro,daily,% a.a.
2018-03-01,unemployment,13.2,24369,macro,monthly,%
2018-03-02,selic,6.75,432,macro,daily,% a.a.
2018-03-03,selic,6.75,432,macro,daily,% a.a.
2018-03-04,selic,6.75,432,macro,daily,% a.a.
2018-03-05,selic,6.75,432,macro,daily,% a.a.
2018-03-06,selic,6.75,432,macro,daily,% a.a.
2018-03-07,selic,6.75,432,macro,daily,% a.a.
2018-03-08,selic,6.75,432,macro,daily,% a.a.
2018-03-09,selic,6.75,432,macro,daily,% a.a.
2018-03-10,selic,6.75,432,macro,daily,% a.a.
2018-03-11,selic,6.75,432,macro,daily,% a.a.
2018-03-12,selic,6.75,432,macro,daily,% a.a.
2018-03-13,selic,6.75,432,macro,daily,% a.a.
2018-03-14,selic,6.75,432,macro,daily,% a.a.
2018-03-15,selic,6.75,432,macro,daily,% a.a.
2018-03-16,selic,6.75,432,macro,daily,% a.a.
2018-03-17,selic,6.75,432,macro,daily,% a.a.
2018-03-18,selic,6.75,432,macro,daily,% a.a.
2018-03-19,selic,6.75,432,macro,daily,% a.a.
2018-03-20,selic,6.75,432,macro,daily,% a.a.
2018-03-21,selic,6.75,432,macro,daily,% a.a.
2018-03-22,selic,6.5,432,macro,daily,% a.a.
2018-03-23,selic,6.5,432,macro,daily,% a.a.
2018-03-24,selic,6.5,432,macro,daily,% a.a.
2018-03-25,selic,6.5,432,macro,daily,% a.a.
2018-03-26,selic,6.5,432,macro,daily,% a.a.
2018-03-27,selic,6.5,432,macro,daily,% a.a.
2018-03-28,selic,6.5,432,macro,daily,% a.a.
2018-03-29,selic,6.5,432,macro,daily,% a.a.
2018-03-30,selic,6.5,432,macro,daily,% a.a.
2018-03-31,selic,6.5,432,macro,daily,% a.a.
2018-04-01,credit_balance_pf,1685171.0,20541,credito,monthly,R$ mi
2018-04-01,credit_balance_pj,1414369.0,20540,credito,monthly,R$ mi
2018-04-01,credit_grants_pf,149286.0,20633,credito,monthly,R$ mi
2018-04-01,credit_grants_pj,132596.0,20632,credito,monthly,R$ mi
2018-04-01,credit_interest_pf,2.37,25435,juros,monthly,% a.m.
2018-04-01,credit_interest_pj,1.24,25434,juros,monthly,% a.m.
2018-04-01,delinquency_card,6.04,21129,inadimplencia,monthly,%
2018-04-01,delinquency_personal,3.79,21120,inadimplencia,monthly,%
2018-04-01,delinquency_pf,3.68,21084,inadimplencia,monthly,%
2018-04-01,delinquency_pj,3.03,21083,inadimplencia,monthly,%
2018-04-01,delinquency_revolving,33.8,21127,inadimplencia,monthly,%
2018-04-01,delinquency_vehicle,3.64,21121,inadimplencia,monthly,%
2018-04-01,household_debt,37.48,29037,familias,monthly,%
2018-04-01,household_debt_ex_housing,21.86,29038,familias,monthly,%
2018-04-01,income_commitment,22.25,29034,familias,monthly,%
2018-04-01,ipca,0.22,433,macro,monthly,%
2018-04-01,real_income,13401.0,24380,macro,monthly,R$
2018-04-01,selic,6.5,432,macro,daily,% a.a.
2018-04-01,unemployment,13.0,24369,macro,monthly,%
2018-04-02,selic,6.5,432,macro,daily,% a.a.
2018-04-03,selic,6.5,432,macro,daily,% a.a.
2018-04-04,selic,6.5,432,macro,daily,% a.a.
2018-04-05,selic,6.5,432,macro,daily,% a.a.
2018-04-06,selic,6.5,432,macro,daily,% a.a.
2018-04-07,selic,6.5,432,macro,daily,% a.a.
2018-04-08,selic,6.5,432,macro,daily,% a.a.
2018-04-09,selic,6.5,432,macro,daily,% a.a.
2018-04-10,selic,6.5,432,macro,daily,% a.a.
2018-04-11,selic,6.5,432,macro,daily,% a.a.
2018-04-12,selic,6.5,432,macro,daily,% a.a.
2018-04-13,selic,6.5,432,macro,daily,% a.a.
2018-04-14,selic,6.5,432,macro,daily,% a.a.
2018-04-15,selic,6.5,432,macro,daily,% a.a.
2018-04-16,selic,6.5,432,macro,daily,% a.a.
2018-04-17,selic,6.5,432,macro,daily,% a.a.
2018-04-18,selic,6.5,432,macro,daily,% a.a.
2018-04-19,selic,6.5,432,macro,daily,% a.a.
2018-04-20,selic,6.5,432,macro,daily,% a.a.
2018-04-21,selic,6.5,432,macro,daily,% a.a.
2018-04-22,selic,6.5,432,macro,daily,% a.a.
2018-04-23,selic,6.5,432,macro,daily,% a.a.
2018-04-24,selic,6.5,432,macro,daily,% a.a.
2018-04-25,selic,6.5,432,macro,daily,% a.a.
2018-04-26,selic,6.5,432,macro,daily,% a.a.
2018-04-27,selic,6.5,432,macro,daily,% a.a.
2018-04-28,selic,6.5,432,macro,daily,% a.a.
2018-04-29,selic,6.5,432,macro,daily,% a.a.
2018-04-30,selic,6.5,432,macro,daily,% a.a.
2018-05-01,credit_balance_pf,1694157.0,20541,credito,monthly,R$ mi
2018-05-01,credit_balance_pj,1418938.0,20540,credito,monthly,R$ mi
2018-05-01,credit_grants_pf,154719.0,20633,credito,monthly,R$ mi
2018-05-01,credit_grants_pj,131160.0,20632,credito,monthly,R$ mi
2018-05-01,credit_interest_pf,2.27,25435,juros,monthly,% a.m.
2018-05-01,credit_interest_pj,1.23,25434,juros,monthly,% a.m.
2018-05-01,delinquency_card,6.04,21129,inadimplencia,monthly,%
2018-05-01,delinquency_personal,3.75,21120,inadimplencia,monthly,%
2018-05-01,delinquency_pf,3.64,21084,inadimplencia,monthly,%
2018-05-01,delinquency_pj,3.04,21083,inadimplencia,monthly,%
2018-05-01,delinquency_revolving,34.94,21127,inadimplencia,monthly,%
2018-05-01,delinquency_vehicle,3.69,21121,inadimplencia,monthly,%
2018-05-01,household_debt,37.75,29037,familias,monthly,%
2018-05-01,household_debt_ex_housing,22.05,29038,familias,monthly,%
2018-05-01,income_commitment,22.48,29034,familias,monthly,%
2018-05-01,ipca,0.4,433,macro,monthly,%
2018-05-01,real_income,13214.0,24380,macro,monthly,R$
2018-05-01,selic,6.5,432,macro,daily,% a.a.
2018-05-01,unemployment,12.8,24369,macro,monthly,%
2018-05-02,selic,6.5,432,macro,daily,% a.a.
2018-05-03,selic,6.5,432,macro,daily,% a.a.
2018-05-04,selic,6.5,432,macro,daily,% a.a.
2018-05-05,selic,6.5,432,macro,daily,% a.a.
2018-05-06,selic,6.5,432,macro,daily,% a.a.
2018-05-07,selic,6.5,432,macro,daily,% a.a.
2018-05-08,selic,6.5,432,macro,daily,% a.a.
2018-05-09,selic,6.5,432,macro,daily,% a.a.
2018-05-10,selic,6.5,432,macro,daily,% a.a.
2018-05-11,selic,6.5,432,macro,daily,% a.a.
2018-05-12,selic,6.5,432,macro,daily,% a.a.
2018-05-13,selic,6.5,432,macro,daily,% a.a.
2018-05-14,selic,6.5,432,macro,daily,% a.a.
2018-05-15,selic,6.5,432,macro,daily,% a.a.
2018-05-16,selic,6.5,432,macro,daily,% a.a.
2018-05-17,selic,6.5,432,macro,daily,% a.a.
2018-05-18,selic,6.5,432,macro,daily,% a.a.
2018-05-19,selic,6.5,432,macro,daily,% a.a.
2018-05-20,selic,6.5,432,macro,daily,% a.a.
2018-05-21,selic,6.5,432,macro,daily,% a.a.
2018-05-22,selic,6.5,432,macro,daily,% a.a.
2018-05-23,selic,6.5,432,macro,daily,% a.a.
2018-05-24,selic,6.5,432,macro,daily,% a.a.
2018-05-25,selic,6.5,432,macro,daily,% a.a.
2018-05-26,selic,6.5,432,macro,daily,% a.a.
2018-05-27,selic,6.5,432,macro,daily,% a.a.
2018-05-28,selic,6.5,432,macro,daily,% a.a.
2018-05-29,selic,6.5,432,macro,daily,% a.a.
2018-05-30,selic,6.5,432,macro,daily,% a.a.
2018-05-31,selic,6.5,432,macro,daily,% a.a.
2018-06-01,credit_balance_pf,1702054.0,20541,credito,monthly,R$ mi
2018-06-01,credit_balance_pj,1432246.0,20540,credito,monthly,R$ mi
2018-06-01,credit_grants_pf,152422.0,20633,credito,monthly,R$ mi
2018-06-01,credit_grants_pj,142463.0,20632,credito,monthly,R$ mi
2018-06-01,credit_interest_pf,2.24,25435,juros,monthly,% a.m.
2018-06-01,credit_interest_pj,1.21,25434,juros,monthly,% a.m.
2018-06-01,delinquency_card,5.99,21129,inadimplencia,monthly,%
2018-06-01,delinquency_personal,3.69,21120,inadimplencia,monthly,%
2018-06-01,delinquency_pf,3.52,21084,inadimplencia,monthly,%
2018-06-01,delinquency_pj,2.61,21083,inadimplencia,monthly,%
2018-06-01,delinquency_revolving,34.07,21127,inadimplencia,monthly,%
2018-06-01,delinquency_vehicle,3.68,21121,inadimplencia,monthly,%
2018-06-01,household_debt,37.84,29037,familias,monthly,%
2018-06-01,household_debt_ex_housing,22.12,29038,familias,monthly,%
2018-06-01,income_commitment,22.86,29034,familias,monthly,%
2018-06-01,ipca,1.26,433,macro,monthly,%
2018-06-01,real_income,12948.0,24380,macro,monthly,R$
2018-06-01,selic,6.5,432,macro,daily,% a.a.
2018-06-01,unemployment,12.6,24369,macro,monthly,%
2018-06-02,selic,6.5,432,macro,daily,% a.a.
2018-06-03,selic,6.5,432,macro,daily,% a.a.
2018-06-04,selic,6.5,432,macro,daily,% a.a.
2018-06-05,selic,6.5,432,macro,daily,% a.a.
2018-06-06,selic,6.5,432,macro,daily,% a.a.
2018-06-07,selic,6.5,432,macro,daily,% a.a.
2018-06-08,selic,6.5,432,macro,daily,% a.a.
2018-06-09,selic,6.5,432,macro,daily,% a.a.
2018-06-10,selic,6.5,432,macro,daily,% a.a.
2018-06-11,selic,6.5,432,macro,daily,% a.a.
2018-06-12,selic,6.5,432,macro,daily,% a.a.
2018-06-13,selic,6.5,432,macro,daily,% a.a.
2018-06-14,selic,6.5,432,macro,daily,% a.a.
2018-06-15,selic,6.5,432,macro,daily,% a.a.
2018-06-16,selic,6.5,432,macro,daily,% a.a.
2018-06-17,selic,6.5,432,macro,daily,% a.a.
2018-06-18,selic,6.5,432,macro,daily,% a.a.
2018-06-19,selic,6.5,432,macro,daily,% a.a.
2018-06-20,selic,6.5,432,macro,daily,% a.a.
2018-06-21,selic,6.5,432,macro,daily,% a.a.
2018-06-22,selic,6.5,432,macro,daily,% a.a.
2018-06-23,selic,6.5,432,macro,daily,% a.a.
2018-06-24,selic,6.5,432,macro,daily,% a.a.
2018-06-25,selic,6.5,432,macro,daily,% a.a.
2018-06-26,selic,6.5,432,macro,daily,% a.a.
2018-06-27,selic,6.5,432,macro,daily,% a.a.
2018-06-28,selic,6.5,432,macro,daily,% a.a.
2018-06-29,selic,6.5,432,macro,daily,% a.a.
2018-06-30,selic,6.5,432,macro,daily,% a.a.
2018-07-01,credit_balance_pf,1709381.0,20541,credito,monthly,R$ mi
2018-07-01,credit_balance_pj,1420406.0,20540,credito,monthly,R$ mi
2018-07-01,credit_grants_pf,154678.0,20633,credito,monthly,R$ mi
2018-07-01,credit_grants_pj,126993.0,20632,credito,monthly,R$ mi
2018-07-01,credit_interest_pf,2.21,25435,juros,monthly,% a.m.
2018-07-01,credit_interest_pj,1.23,25434,juros,monthly,% a.m.
2018-07-01,delinquency_card,6.06,21129,inadimplencia,monthly,%
2018-07-01,delinquency_personal,3.7,21120,inadimplencia,monthly,%
2018-07-01,delinquency_pf,3.56,21084,inadimplencia,monthly,%
2018-07-01,delinquency_pj,2.51,21083,inadimplencia,monthly,%
2018-07-01,delinquency_revolving,36.16,21127,inadimplencia,monthly,%
2018-07-01,delinquency_vehicle,3.67,21121,inadimplencia,monthly,%
2018-07-01,household_debt,37.82,29037,familias,monthly,%
2018-07-01,household_debt_ex_housing,22.13,29038,familias,monthly,%
2018-07-01,income_commitment,22.4,29034,familias,monthly,%
2018-07-01,ipca,0.33,433,macro,monthly,%
2018-07-01,real_income,12860.0,24380,macro,monthly,R$
2018-07-01,selic,6.5,432,macro,daily,% a.a.
2018-07-01,unemployment,12.4,24369,macro,monthly,%
2018-07-02,selic,6.5,432,macro,daily,% a.a.
2018-07-03,selic,6.5,432,macro,daily,% a.a.
2018-07-04,selic,6.5,432,macro,daily,% a.a.
2018-07-05,selic,6.5,432,macro,daily,% a.a.
2018-07-06,selic,6.5,432,macro,daily,% a.a.
2018-07-07,selic,6.5,432,macro,daily,% a.a.
2018-07-08,selic,6.5,432,macro,daily,% a.a.
2018-07-09,selic,6.5,432,macro,daily,% a.a.
2018-07-10,selic,6.5,432,macro,daily,% a.a.
2018-07-11,selic,6.5,432,macro,daily,% a.a.
2018-07-12,selic,6.5,432,macro,daily,% a.a.
2018-07-13,selic,6.5,432,macro,daily,% a.a.
2018-07-14,selic,6.5,432,macro,daily,% a.a.
2018-07-15,selic,6.5,432,macro,daily,% a.a.
2018-07-16,selic,6.5,432,macro,daily,% a.a.
2018-07-17,selic,6.5,432,macro,daily,% a.a.
2018-07-18,selic,6.5,432,macro,daily,% a.a.
2018-07-19,selic,6.5,432,macro,daily,% a.a.
2018-07-20,selic,6.5,432,macro,daily,% a.a.
2018-07-21,selic,6.5,432,macro,daily,% a.a.
2018-07-22,selic,6.5,432,macro,daily,% a.a.
2018-07-23,selic,6.5,432,macro,daily,% a.a.
2018-07-24,selic,6.5,432,macro,daily,% a.a.
2018-07-25,selic,6.5,432,macro,daily,% a.a.
2018-07-26,selic,6.5,432,macro,daily,% a.a.
2018-07-27,selic,6.5,432,macro,daily,% a.a.
2018-07-28,selic,6.5,432,macro,daily,% a.a.
2018-07-29,selic,6.5,432,macro,daily,% a.a.
2018-07-30,selic,6.5,432,macro,daily,% a.a.
2018-07-31,selic,6.5,432,macro,daily,% a.a.
2018-08-01,credit_balance_pf,1727715.0,20541,credito,monthly,R$ mi
2018-08-01,credit_balance_pj,1433832.0,20540,credito,monthly,R$ mi
2018-08-01,credit_grants_pf,169264.0,20633,credito,monthly,R$ mi
2018-08-01,credit_grants_pj,143241.0,20632,credito,monthly,R$ mi
2018-08-01,credit_interest_pf,2.2,25435,juros,monthly,% a.m.
2018-08-01,credit_interest_pj,1.24,25434,juros,monthly,% a.m.
2018-08-01,delinquency_card,6.02,21129,inadimplencia,monthly,%
2018-08-01,delinquency_personal,3.67,21120,inadimplencia,monthly,%
2018-08-01,delinquency_pf,3.55,21084,inadimplencia,monthly,%
2018-08-01,delinquency_pj,2.56,21083,inadimplencia,monthly,%
2018-08-01,delinquency_revolving,36.49,21127,inadimplencia,monthly,%
2018-08-01,delinquency_vehicle,3.55,21121,inadimplencia,monthly,%
2018-08-01,household_debt,38.0,29037,familias,monthly,%
2018-08-01,household_debt_ex_housing,22.36,29038,familias,monthly,%
2018-08-01,income_commitment,22.1,29034,familias,monthly,%
2018-08-01,ipca,-0.09,433,macro,monthly,%
2018-08-01,real_income,12712.0,24380,macro,monthly,R$
2018-08-01,selic,6.5,432,macro,daily,% a.a.
2018-08-01,unemployment,12.2,24369,macro,monthly,%
2018-08-02,selic,6.5,432,macro,daily,% a.a.
2018-08-03,selic,6.5,432,macro,daily,% a.a.
2018-08-04,selic,6.5,432,macro,daily,% a.a.
2018-08-05,selic,6.5,432,macro,daily,% a.a.
2018-08-06,selic,6.5,432,macro,daily,% a.a.
2018-08-07,selic,6.5,432,macro,daily,% a.a.
2018-08-08,selic,6.5,432,macro,daily,% a.a.
2018-08-09,selic,6.5,432,macro,daily,% a.a.
2018-08-10,selic,6.5,432,macro,daily,% a.a.
2018-08-11,selic,6.5,432,macro,daily,% a.a.
2018-08-12,selic,6.5,432,macro,daily,% a.a.
2018-08-13,selic,6.5,432,macro,daily,% a.a.
2018-08-14,selic,6.5,432,macro,daily,% a.a.
2018-08-15,selic,6.5,432,macro,daily,% a.a.
2018-08-16,selic,6.5,432,macro,daily,% a.a.
2018-08-17,selic,6.5,432,macro,daily,% a.a.
2018-08-18,selic,6.5,432,macro,daily,% a.a.
2018-08-19,selic,6.5,432,macro,daily,% a.a.
2018-08-20,selic,6.5,432,macro,daily,% a.a.
2018-08-21,selic,6.5,432,macro,daily,% a.a.
2018-08-22,selic,6.5,432,macro,daily,% a.a.
2018-08-23,selic,6.5,432,macro,daily,% a.a.
2018-08-24,selic,6.5,432,macro,daily,% a.a.
2018-08-25,selic,6.5,432,macro,daily,% a.a.
2018-08-26,selic,6.5,432,macro,daily,% a.a.
2018-08-27,selic,6.5,432,macro,daily,% a.a.
2018-08-28,selic,6.5,432,macro,daily,% a.a.
2018-08-29,selic,6.5,432,macro,daily,% a.a.
2018-08-30,selic,6.5,432,macro,daily,% a.a.
2018-08-31,selic,6.5,432,macro,daily,% a.a.
2018-09-01,credit_balance_pf,1736442.0,20541,credito,monthly,R$ mi
2018-09-01,credit_balance_pj,1440419.0,20540,credito,monthly,R$ mi
2018-09-01,credit_grants_pf,148599.0,20633,credito,monthly,R$ mi
2018-09-01,credit_grants_pj,130191.0,20632,credito,monthly,R$ mi
2018-09-01,credit_interest_pf,2.2,25435,juros,monthly,% a.m.
2018-09-01,credit_interest_pj,1.23,25434,juros,monthly,% a.m.
2018-09-01,delinquency_card,6.15,21129,inadimplencia,monthly,%
2018-09-01,delinquency_personal,3.62,21120,inadimplencia,monthly,%
2018-09-01,delinquency_pf,3.47,21084,inadimplencia,monthly,%
2018-09-01,delinquency_pj,2.66,21083,inadimplencia,monthly,%
2018-09-01,delinquency_revolving,36.59,21127,inadimplencia,monthly,%
2018-09-01,delinquency_vehicle,3.5,21121,inadimplencia,monthly,%
2018-09-01,household_debt,38.03,29037,familias,monthly,%
2018-09-01,household_debt_ex_housing,22.33,29038,familias,monthly,%
2018-09-01,income_commitment,22.16,29034,familias,monthly,%
2018-09-01,ipca,0.48,433,macro,monthly,%
2018-09-01,real_income,12495.0,24380,macro,monthly,R$
2018-09-01,selic,6.5,432,macro,daily,% a.a.
2018-09-01,unemployment,12.0,24369,macro,monthly,%
2018-09-02,selic,6.5,432,macro,daily,% a.a.
2018-09-03,selic,6.5,432,macro,daily,% a.a.
2018-09-04,selic,6.5,432,macro,daily,% a.a.
2018-09-05,selic,6.5,432,macro,daily,% a.a.
2018-09-06,selic,6.5,432,macro,daily,% a.a.
2018-09-07,selic,6.5,432,macro,daily,% a.a.
2018-09-08,selic,6.5,432,macro,daily,% a.a.
2018-09-09,selic,6.5,432,macro,daily,% a.a.
2018-09-10,selic,6.5,432,macro,daily,% a.a.
2018-09-11,selic,6.5,432,macro,daily,% a.a.
2018-09-12,selic,6.5,432,macro,daily,% a.a.
2018-09-13,selic,6.5,432,macro,daily,% a.a.
2018-09-14,selic,6.5,432,macro,daily,% a.a.
2018-09-15,selic,6.5,432,macro,daily,% a.a.
2018-09-16,selic,6.5,432,macro,daily,% a.a.
2018-09-17,selic,6.5,432,macro,daily,% a.a.
2018-09-18,selic,6.5,432,macro,daily,% a.a.
2018-09-19,selic,6.5,432,macro,daily,% a.a.
2018-09-20,selic,6.5,432,macro,daily,% a.a.
2018-09-21,selic,6.5,432,macro,daily,% a.a.
2018-09-22,selic,6.5,432,macro,daily,% a.a.
2018-09-23,selic,6.5,432,macro,daily,% a.a.
2018-09-24,selic,6.5,432,macro,daily,% a.a.
2018-09-25,selic,6.5,432,macro,daily,% a.a.
2018-09-26,selic,6.5,432,macro,daily,% a.a.
2018-09-27,selic,6.5,432,macro,daily,% a.a.
2018-09-28,selic,6.5,432,macro,daily,% a.a.
2018-09-29,selic,6.5,432,macro,daily,% a.a.
2018-09-30,selic,6.5,432,macro,daily,% a.a.
2018-10-01,credit_balance_pf,1755273.0,20541,credito,monthly,R$ mi
2018-10-01,credit_balance_pj,1416929.0,20540,credito,monthly,R$ mi
2018-10-01,credit_grants_pf,168137.0,20633,credito,monthly,R$ mi
2018-10-01,credit_grants_pj,136620.0,20632,credito,monthly,R$ mi
2018-10-01,credit_interest_pf,2.21,25435,juros,monthly,% a.m.
2018-10-01,credit_interest_pj,1.26,25434,juros,monthly,% a.m.
2018-10-01,delinquency_card,6.01,21129,inadimplencia,monthly,%
2018-10-01,delinquency_personal,3.64,21120,inadimplencia,monthly,%
2018-10-01,delinquency_pf,3.43,21084,inadimplencia,monthly,%
2018-10-01,delinquency_pj,2.72,21083,inadimplencia,monthly,%
2018-10-01,delinquency_revolving,36.46,21127,inadimplencia,monthly,%
2018-10-01,delinquency_vehicle,3.42,21121,inadimplencia,monthly,%
2018-10-01,household_debt,38.28,29037,familias,monthly,%
2018-10-01,household_debt_ex_housing,22.57,29038,familias,monthly,%
2018-10-01,income_commitment,22.16,29034,familias,monthly,%
2018-10-01,ipca,0.45,433,macro,monthly,%
2018-10-01,real_income,12361.0,24380,macro,monthly,R$
2018-10-01,selic,6.5,432,macro,daily,% a.a.
2018-10-01,unemployment,11.8,24369,macro,monthly,%
2018-10-02,selic,6.5,432,macro,daily,% a.a.
2018-10-03,selic,6.5,432,macro,daily,% a.a.
2018-10-04,selic,6.5,432,macro,daily,% a.a.
2018-10-05,selic,6.5,432,macro,daily,% a.a.
2018-10-06,selic,6.5,432,macro,daily,% a.a.
2018-10-07,selic,6.5,432,macro,daily,% a.a.
2018-10-08,selic,6.5,432,macro,daily,% a.a.
2018-10-09,selic,6.5,432,macro,daily,% a.a.
2018-10-10,selic,6.5,432,macro,daily,% a.a.
2018-10-11,selic,6.5,432,macro,daily,% a.a.
2018-10-12,selic,6.5,432,macro,daily,% a.a.
2018-10-13,selic,6.5,432,macro,daily,% a.a.
2018-10-14,selic,6.5,432,macro,daily,% a.a.
2018-10-15,selic,6.5,432,macro,daily,% a.a.
2018-10-16,selic,6.5,432,macro,daily,% a.a.
2018-10-17,selic,6.5,432,macro,daily,% a.a.
2018-10-18,selic,6.5,432,macro,daily,% a.a.
2018-10-19,selic,6.5,432,macro,daily,% a.a.
2018-10-20,selic,6.5,432,macro,daily,% a.a.
2018-10-21,selic,6.5,432,macro,daily,% a.a.
2018-10-22,selic,6.5,432,macro,daily,% a.a.
2018-10-23,selic,6.5,432,macro,daily,% a.a.
2018-10-24,selic,6.5,432,macro,daily,% a.a.
2018-10-25,selic,6.5,432,macro,daily,% a.a.
2018-10-26,selic,6.5,432,macro,daily,% a.a.
2018-10-27,selic,6.5,432,macro,daily,% a.a.
2018-10-28,selic,6.5,432,macro,daily,% a.a.
2018-10-29,selic,6.5,432,macro,daily,% a.a.
2018-10-30,selic,6.5,432,macro,daily,% a.a.
2018-10-31,selic,6.5,432,macro,daily,% a.a.
2018-11-01,credit_balance_pf,1783344.0,20541,credito,monthly,R$ mi
2018-11-01,credit_balance_pj,1427335.0,20540,credito,monthly,R$ mi
2018-11-01,credit_grants_pf,176652.0,20633,credito,monthly,R$ mi
2018-11-01,credit_grants_pj,134463.0,20632,credito,monthly,R$ mi
2018-11-01,credit_interest_pf,2.21,25435,juros,monthly,% a.m.
2018-11-01,credit_interest_pj,1.24,25434,juros,monthly,% a.m.
2018-11-01,delinquency_card,5.64,21129,inadimplencia,monthly,%
2018-11-01,delinquency_personal,3.62,21120,inadimplencia,monthly,%
2018-11-01,delinquency_pf,3.35,21084,inadimplencia,monthly,%
2018-11-01,delinquency_pj,2.61,21083,inadimplencia,monthly,%
2018-11-01,delinquency_revolving,35.06,21127,inadimplencia,monthly,%
2018-11-01,delinquency_vehicle,3.39,21121,inadimplencia,monthly,%
2018-11-01,household_debt,38.8,29037,familias,monthly,%
2018-11-01,household_debt_ex_housing,23.03,29038,familias,monthly,%
2018-11-01,income_commitment,22.31,29034,familias,monthly,%
2018-11-01,ipca,-0.21,433,macro,monthly,%
2018-11-01,real_income,12219.0,24380,macro,monthly,R$
2018-11-01,selic,6.5,432,macro,daily,% a.a.
2018-11-01,unemployment,11.7,24369,macro,monthly,%
2018-11-02,selic,6.5,432,macro,daily,% a.a.
2018-11-03,selic,6.5,432,macro,daily,% a.a.
2018-11-04,selic,6.5,432,macro,daily,% a.a.
2018-11-05,selic,6.5,432,macro,daily,% a.a.
2018-11-06,selic,6.5,432,macro,daily,% a.a.
2018-11-07,selic,6.5,432,macro,daily,% a.a.
2018-11-08,selic,6.5,432,macro,daily,% a.a.
2018-11-09,selic,6.5,432,macro,daily,% a.a.
2018-11-10,selic,6.5,432,macro,daily,% a.a.
2018-11-11,selic,6.5,432,macro,daily,% a.a.
2018-11-12,selic,6.5,432,macro,daily,% a.a.
2018-11-13,selic,6.5,432,macro,daily,% a.a.
2018-11-14,selic,6.5,432,macro,daily,% a.a.
2018-11-15,selic,6.5,432,macro,daily,% a.a.
2018-11-16,selic,6.5,432,macro,daily,% a.a.
2018-11-17,selic,6.5,432,macro,daily,% a.a.
2018-11-18,selic,6.5,432,macro,daily,% a.a.
2018-11-19,selic,6.5,432,macro,daily,% a.a.
2018-11-20,selic,6.5,432,macro,daily,% a.a.
2018-11-21,selic,6.5,432,macro,daily,% a.a.
2018-11-22,selic,6.5,432,macro,daily,% a.a.
2018-11-23,selic,6.5,432,macro,daily,% a.a.
2018-11-24,selic,6.5,432,macro,daily,% a.a.
2018-11-25,selic,6.5,432,macro,daily,% a.a.
2018-11-26,selic,6.5,432,macro,daily,% a.a.
2018-11-27,selic,6.5,432,macro,daily,% a.a.
2018-11-28,selic,6.5,432,macro,daily,% a.a.
2018-11-29,selic,6.5,432,macro,daily,% a.a.
2018-11-30,selic,6.5,432,macro,daily,% a.a.
2018-12-01,credit_balance_pf,1801739.0,20541,credito,monthly,R$ mi
2018-12-01,credit_balance_pj,1461595.0,20540,credito,monthly,R$ mi
2018-12-01,credit_grants_pf,174064.0,20633,credito,monthly,R$ mi
2018-12-01,credit_grants_pj,170266.0,20632,credito,monthly,R$ mi
2018-12-01,credit_interest_pf,2.12,25435,juros,monthly,% a.m.
2018-12-01,credit_interest_pj,1.16,25434,juros,monthly,% a.m.
2018-12-01,delinquency_card,5.54,21129,inadimplencia,monthly,%
2018-12-01,delinquency_personal,3.64,21120,inadimplencia,monthly,%
2018-12-01,delinquency_pf,3.3,21084,inadimplencia,monthly,%
2018-12-01,delinquency_pj,2.47,21083,inadimplencia,monthly,%
2018-12-01,delinquency_revolving,36.62,21127,inadimplencia,monthly,%
2018-12-01,delinquency_vehicle,3.37,21121,inadimplencia,monthly,%
2018-12-01,household_debt,39.02,29037,familias,monthly,%
2018-12-01,household_debt_ex_housing,23.21,29038,familias,monthly,%
2018-12-01,income_commitment,22.58,29034,familias,monthly,%
2018-12-01,ipca,0.15,433,macro,monthly,%
2018-12-01,real_income,12215.0,24380,macro,monthly,R$
2018-12-01,selic,6.5,432,macro,daily,% a.a.
2018-12-01,unemployment,11.7,24369,macro,monthly,%
2018-12-02,selic,6.5,432,macro,daily,% a.a.
2018-12-03,selic,6.5,432,macro,daily,% a.a.
2018-12-04,selic,6.5,432,macro,daily,% a.a.
2018-12-05,selic,6.5,432,macro,daily,% a.a.
2018-12-06,selic,6.5,432,macro,daily,% a.a.
2018-12-07,selic,6.5,432,macro,daily,% a.a.
2018-12-08,selic,6.5,432,macro,daily,% a.a.
2018-12-09,selic,6.5,432,macro,daily,% a.a.
2018-12-10,selic,6.5,432,macro,daily,% a.a.
2018-12-11,selic,6.5,432,macro,daily,% a.a.
2018-12-12,selic,6.5,432,macro,daily,% a.a.
2018-12-13,selic,6.5,432,macro,daily,% a.a.
2018-12-14,selic,6.5,432,macro,daily,% a.a.
2018-12-15,selic,6.5,432,macro,daily,% a.a.
2018-12-16,selic,6.5,432,macro,daily,% a.a.
2018-12-17,selic,6.5,432,macro,daily,% a.a.
2018-12-18,selic,6.5,432,macro,daily,% a.a.
2018-12-19,selic,6.5,432,macro,daily,% a.a.
2018-12-20,selic,6.5,432,macro,daily,% a.a.
2018-12-21,selic,6.5,432,macro,daily,% a.a.
2018-12-22,selic,6.5,432,macro,daily,% a.a.
2018-12-23,selic,6.5,432,macro,daily,% a.a.
2018-12-24,selic,6.5,432,macro,daily,% a.a.
2018-12-25,selic,6.5,432,macro,daily,% a.a.
2018-12-26,selic,6.5,432,macro,daily,% a.a.
2018-12-27,selic,6.5,432,macro,daily,% a.a.
2018-12-28,selic,6.5,432,macro,daily,% a.a.
2018-12-29,selic,6.5,432,macro,daily,% a.a.
2018-12-30,selic,6.5,432,macro,daily,% a.a.
2018-12-31,selic,6.5,432,macro,daily,% a.a.
2019-01-01,credit_balance_pf,1812785.0,20541,credito,monthly,R$ mi
2019-01-01,credit_balance_pj,1422825.0,20540,credito,monthly,R$ mi
2019-01-01,credit_grants_pf,163631.0,20633,credito,monthly,R$ mi
2019-01-01,credit_grants_pj,123927.0,20632,credito,monthly,R$ mi
2019-01-01,credit_interest_pf,2.21,25435,juros,monthly,% a.m.
2019-01-01,credit_interest_pj,1.26,25434,juros,monthly,% a.m.
2019-01-01,delinquency_card,5.59,21129,inadimplencia,monthly,%
2019-01-01,delinquency_personal,3.63,21120,inadimplencia,monthly,%
2019-01-01,delinquency_pf,3.39,21084,inadimplencia,monthly,%
2019-01-01,delinquency_pj,2.53,21083,inadimplencia,monthly,%
2019-01-01,delinquency_revolving,35.77,21127,inadimplencia,monthly,%
2019-01-01,delinquency_vehicle,3.37,21121,inadimplencia,monthly,%
2019-01-01,household_debt,39.27,29037,familias,monthly,%
2019-01-01,household_debt_ex_housing,23.5,29038,familias,monthly,%
2019-01-01,income_commitment,22.75,29034,familias,monthly,%
2019-01-01,ipca,0.32,433,macro,monthly,%
2019-01-01,real_income,12686.0,24380,macro,monthly,R$
2019-01-01,selic,6.5,432,macro,daily,% a.a.
2019-01-01,unemployment,12.2,24369,macro,monthly,%
2019-01-02,selic,6.5,432,macro,daily,% a.a.
2019-01-03,selic,6.5,432,macro,daily,% a.a.
2019-01-04,selic,6.5,432,macro,daily,% a.a.
2019-01-05,selic,6.5,432,macro,daily,% a.a.
2019-01-06,selic,6.5,432,macro,daily,% a.a.
2019-01-07,selic,6.5,432,macro,daily,% a.a.
2019-01-08,selic,6.5,432,macro,daily,% a.a.
2019-01-09,selic,6.5,432,macro,daily,% a.a.
2019-01-10,selic,6.5,432,macro,daily,% a.a.
2019-01-11,selic,6.5,432,macro,daily,% a.a.
2019-01-12,selic,6.5,432,macro,daily,% a.a.
2019-01-13,selic,6.5,432,macro,daily,% a.a.
2019-01-14,selic,6.5,432,macro,daily,% a.a.
2019-01-15,selic,6.5,432,macro,daily,% a.a.
2019-01-16,selic,6.5,432,macro,daily,% a.a.
2019-01-17,selic,6.5,432,macro,daily,% a.a.
2019-01-18,selic,6.5,432,macro,daily,% a.a.
2019-01-19,selic,6.5,432,macro,daily,% a.a.
2019-01-20,selic,6.5,432,macro,daily,% a.a.
2019-01-21,selic,6.5,432,macro,daily,% a.a.
2019-01-22,selic,6.5,432,macro,daily,% a.a.
2019-01-23,selic,6.5,432,macro,daily,% a.a.
2019-01-24,selic,6.5,432,macro,daily,% a.a.
2019-01-25,selic,6.5,432,macro,daily,% a.a.
2019-01-26,selic,6.5,432,macro,daily,% a.a.
2019-01-27,selic,6.5,432,macro,daily,% a.a.
2019-01-28,selic,6.5,432,macro,daily,% a.a.
2019-01-29,selic,6.5,432,macro,daily,% a.a.
2019-01-30,selic,6.5,432,macro,daily,% a.a.
2019-01-31,selic,6.5,432,macro,daily,% a.a.
2019-02-01,credit_balance_pf,1822145.0,20541,credito,monthly,R$ mi
2019-02-01,credit_balance_pj,1424553.0,20540,credito,monthly,R$ mi
2019-02-01,credit_grants_pf,158806.0,20633,credito,monthly,R$ mi
2019-02-01,credit_grants_pj,128877.0,20632,credito,monthly,R$ mi
2019-02-01,credit_interest_pf,2.25,25435,juros,monthly,% a.m.
2019-02-01,credit_interest_pj,1.24,25434,juros,monthly,% a.m.
2019-02-01,delinquency_card,5.66,21129,inadimplencia,monthly,%
2019-02-01,delinquency_personal,3.53,21120,inadimplencia,monthly,%
2019-02-01,delinquency_pf,3.35,21084,inadimplencia,monthly,%
2019-02-01,delinquency_pj,2.46,21083,inadimplencia,monthly,%
2019-02-01,delinquency_revolving,33.66,21127,inadimplencia,monthly,%
2019-02-01,delinquency_vehicle,3.27,21121,inadimplencia,monthly,%
2019-02-01,household_debt,39.55,29037,familias,monthly,%
2019-02-01,household_debt_ex_housing,23.69,29038,familias,monthly,%
2019-02-01,income_commitment,22.96,29034,familias,monthly,%
2019-02-01,ipca,0.43,433,macro,monthly,%
2019-02-01,real_income,13090.0,24380,macro,monthly,R$
2019-02-01,selic,6.5,432,macro,daily,% a.a.
2019-02-01,unemployment,12.5,24369,macro,monthly,%
2019-02-02,selic,6.5,432,macro,daily,% a.a.
2019-02-03,selic,6.5,432,macro,daily,% a.a.
2019-02-04,selic,6.5,432,macro,daily,% a.a.
2019-02-05,selic,6.5,432,macro,daily,% a.a.
2019-02-06,selic,6.5,432,macro,daily,% a.a.
2019-02-07,selic,6.5,432,macro,daily,% a.a.
2019-02-08,selic,6.5,432,macro,daily,% a.a.
2019-02-09,selic,6.5,432,macro,daily,% a.a.
2019-02-10,selic,6.5,432,macro,daily,% a.a.
2019-02-11,selic,6.5,432,macro,daily,% a.a.
2019-02-12,selic,6.5,432,macro,daily,% a.a.
2019-02-13,selic,6.5,432,macro,daily,% a.a.
2019-02-14,selic,6.5,432,macro,daily,% a.a.
2019-02-15,selic,6.5,432,macro,daily,% a.a.
2019-02-16,selic,6.5,432,macro,daily,% a.a.
2019-02-17,selic,6.5,432,macro,daily,% a.a.
2019-02-18,selic,6.5,432,macro,daily,% a.a.
2019-02-19,selic,6.5,432,macro,daily,% a.a.
2019-02-20,selic,6.5,432,macro,daily,% a.a.
2019-02-21,selic,6.5,432,macro,daily,% a.a.
2019-02-22,selic,6.5,432,macro,daily,% a.a.
2019-02-23,selic,6.5,432,macro,daily,% a.a.
2019-02-24,selic,6.5,432,macro,daily,% a.a.
2019-02-25,selic,6.5,432,macro,daily,% a.a.
2019-02-26,selic,6.5,432,macro,daily,% a.a.
2019-02-27,selic,6.5,432,macro,daily,% a.a.
2019-02-28,selic,6.5,432,macro,daily,% a.a.
2019-03-01,credit_balance_pf,1835214.0,20541,credito,monthly,R$ mi
2019-03-01,credit_balance_pj,1437028.0,20540,credito,monthly,R$ mi
2019-03-01,credit_grants_pf,159687.0,20633,credito,monthly,R$ mi
2019-03-01,credit_grants_pj,141651.0,20632,credito,monthly,R$ mi
2019-03-01,credit_interest_pf,2.28,25435,juros,monthly,% a.m.
2019-03-01,credit_interest_pj,1.24,25434,juros,monthly,% a.m.
2019-03-01,delinquency_card,5.68,21129,inadimplencia,monthly,%
2019-03-01,delinquency_personal,3.57,21120,inadimplencia,monthly,%
2019-03-01,delinquency_pf,3.41,21084,inadimplencia,monthly,%
2019-03-01,delinquency_pj,2.55,21083,inadimplencia,monthly,%
2019-03-01,delinquency_revolving,34.57,21127,inadimplencia,monthly,%
2019-03-01,delinquency_vehicle,3.3,21121,inadimplencia,monthly,%
2019-03-01,household_debt,39.6,29037,familias,monthly,%
2019-03-01,household_debt_ex_housing,23.72,29038,familias,monthly,%
2019-03-01,income_commitment,22.96,29034,familias,monthly,%
2019-03-01,ipca,0.75,433,macro,monthly,%
2019-03-01,real_income,13439.0,24380,macro,monthly,R$
2019-03-01,selic,6.5,432,macro,daily,% a.a.
2019-03-01,unemployment,12.8,24369,macro,monthly,%
2019-03-02,selic,6.5,432,macro,daily,% a.a.
2019-03-03,selic,6.5,432,macro,daily,% a.a.
2019-03-04,selic,6.5,432,macro,daily,% a.a.
2019-03-05,selic,6.5,432,macro,daily,% a.a.
2019-03-06,selic,6.5,432,macro,daily,% a.a.
2019-03-07,selic,6.5,432,macro,daily,% a.a.
2019-03-08,selic,6.5,432,macro,daily,% a.a.
2019-03-09,selic,6.5,432,macro,daily,% a.a.
2019-03-10,selic,6.5,432,macro,daily,% a.a.
2019-03-11,selic,6.5,432,macro,daily,% a.a.
2019-03-12,selic,6.5,432,macro,daily,% a.a.
2019-03-13,selic,6.5,432,macro,daily,% a.a.
2019-03-14,selic,6.5,432,macro,daily,% a.a.
2019-03-15,selic,6.5,432,macro,daily,% a.a.
2019-03-16,selic,6.5,432,macro,daily,% a.a.
2019-03-17,selic,6.5,432,macro,daily,% a.a.
2019-03-18,selic,6.5,432,macro,daily,% a.a.
2019-03-19,selic,6.5,432,macro,daily,% a.a.
2019-03-20,selic,6.5,432,macro,daily,% a.a.
2019-03-21,selic,6.5,432,macro,daily,% a.a.
2019-03-22,selic,6.5,432,macro,daily,% a.a.
2019-03-23,selic,6.5,432,macro,daily,% a.a.
2019-03-24,selic,6.5,432,macro,daily,% a.a.
2019-03-25,selic,6.5,432,macro,daily,% a.a.
2019-03-26,selic,6.5,432,macro,daily,% a.a.
2019-03-27,selic,6.5,432,macro,daily,% a.a.
2019-03-28,selic,6.5,432,macro,daily,% a.a.
2019-03-29,selic,6.5,432,macro,daily,% a.a.
2019-03-30,selic,6.5,432,macro,daily,% a.a.
2019-03-31,selic,6.5,432,macro,daily,% a.a.
2019-04-01,credit_balance_pf,1851479.0,20541,credito,monthly,R$ mi
2019-04-01,credit_balance_pj,1420388.0,20540,credito,monthly,R$ mi
2019-04-01,credit_grants_pf,173250.0,20633,credito,monthly,R$ mi
2019-04-01,credit_grants_pj,135292.0,20632,credito,monthly,R$ mi
2019-04-01,credit_interest_pf,2.28,25435,juros,monthly,% a.m.
2019-04-01,credit_interest_pj,1.24,25434,juros,monthly,% a.m.
2019-04-01,delinquency_card,5.73,21129,inadimplencia,monthly,%
2019-04-01,delinquency_personal,3.54,21120,inadimplencia,monthly,%
2019-04-01,delinquency_pf,3.41,21084,inadimplencia,monthly,%
2019-04-01,delinquency_pj,2.63,21083,inadimplencia,monthly,%
2019-04-01,delinquency_revolving,34.32,21127,inadimplencia,monthly,%
2019-04-01,delinquency_vehicle,3.28,21121,inadimplencia,monthly,%
2019-04-01,household_debt,39.83,29037,familias,monthly,%
2019-04-01,household_debt_ex_housing,23.94,29038,familias,monthly,%
2019-04-01,income_commitment,23.5,29034,familias,monthly,%
2019-04-01,ipca,0.57,433,macro,monthly,%
2019-04-01,real_income,13242.0,24380,macro,monthly,R$
2019-04-01,selic,6.5,432,macro,daily,% a.a.
2019-04-01,unemployment,12.6,24369,macro,monthly,%
2019-04-02,selic,6.5,432,macro,daily,% a.a.
2019-04-03,selic,6.5,432,macro,daily,% a.a.
2019-04-04,selic,6.5,432,macro,daily,% a.a.
2019-04-05,selic,6.5,432,macro,daily,% a.a.
2019-04-06,selic,6.5,432,macro,daily,% a.a.
2019-04-07,selic,6.5,432,macro,daily,% a.a.
2019-04-08,selic,6.5,432,macro,daily,% a.a.
2019-04-09,selic,6.5,432,macro,daily,% a.a.
2019-04-10,selic,6.5,432,macro,daily,% a.a.
2019-04-11,selic,6.5,432,macro,daily,% a.a.
2019-04-12,selic,6.5,432,macro,daily,% a.a.
2019-04-13,selic,6.5,432,macro,daily,% a.a.
2019-04-14,selic,6.5,432,macro,daily,% a.a.
2019-04-15,selic,6.5,432,macro,daily,% a.a.
2019-04-16,selic,6.5,432,macro,daily,% a.a.
2019-04-17,selic,6.5,432,macro,daily,% a.a.
2019-04-18,selic,6.5,432,macro,daily,% a.a.
2019-04-19,selic,6.5,432,macro,daily,% a.a.
2019-04-20,selic,6.5,432,macro,daily,% a.a.
2019-04-21,selic,6.5,432,macro,daily,% a.a.
2019-04-22,selic,6.5,432,macro,daily,% a.a.
2019-04-23,selic,6.5,432,macro,daily,% a.a.
2019-04-24,selic,6.5,432,macro,daily,% a.a.
2019-04-25,selic,6.5,432,macro,daily,% a.a.
2019-04-26,selic,6.5,432,macro,daily,% a.a.
2019-04-27,selic,6.5,432,macro,daily,% a.a.
2019-04-28,selic,6.5,432,macro,daily,% a.a.
2019-04-29,selic,6.5,432,macro,daily,% a.a.
2019-04-30,selic,6.5,432,macro,daily,% a.a.
2019-05-01,credit_balance_pf,1869587.0,20541,credito,monthly,R$ mi
2019-05-01,credit_balance_pj,1421487.0,20540,credito,monthly,R$ mi
2019-05-01,credit_grants_pf,182704.0,20633,credito,monthly,R$ mi
2019-05-01,credit_grants_pj,151259.0,20632,credito,monthly,R$ mi
2019-05-01,credit_interest_pf,2.27,25435,juros,monthly,% a.m.
2019-05-01,credit_interest_pj,1.22,25434,juros,monthly,% a.m.
2019-05-01,delinquency_card,5.74,21129,inadimplencia,monthly,%
2019-05-01,delinquency_personal,3.65,21120,inadimplencia,monthly,%
2019-05-01,delinquency_pf,3.46,21084,inadimplencia,monthly,%
2019-05-01,delinquency_pj,2.63,21083,inadimplencia,monthly,%
2019-05-01,delinquency_revolving,34.84,21127,inadimplencia,monthly,%
2019-05-01,delinquency_vehicle,3.35,21121,inadimplencia,monthly,%
2019-05-01,household_debt,40.13,29037,familias,monthly,%
2019-05-01,household_debt_ex_housing,24.2,29038,familias,monthly,%
2019-05-01,income_commitment,23.85,29034,familias,monthly,%
2019-05-01,ipca,0.13,433,macro,monthly,%
2019-05-01,real_income,13049.0,24380,macro,monthly,R$
2019-05-01,selic,6.5,432,macro,daily,% a.a.
2019-05-01,unemployment,12.4,24369,macro,monthly,%
2019-05-02,selic,6.5,432,macro,daily,% a.a.
2019-05-03,selic,6.5,432,macro,daily,% a.a.
2019-05-04,selic,6.5,432,macro,daily,% a.a.
2019-05-05,selic,6.5,432,macro,daily,% a.a.
2019-05-06,selic,6.5,432,macro,daily,% a.a.
2019-05-07,selic,6.5,432,macro,daily,% a.a.
2019-05-08,selic,6.5,432,macro,daily,% a.a.
2019-05-09,selic,6.5,432,macro,daily,% a.a.
2019-05-10,selic,6.5,432,macro,daily,% a.a.
2019-05-11,selic,6.5,432,macro,daily,% a.a.
2019-05-12,selic,6.5,432,macro,daily,% a.a.
2019-05-13,selic,6.5,432,macro,daily,% a.a.
2019-05-14,selic,6.5,432,macro,daily,% a.a.
2019-05-15,selic,6.5,432,macro,daily,% a.a.
2019-05-16,selic,6.5,432,macro,daily,% a.a.
2019-05-17,selic,6.5,432,macro,daily,% a.a.
2019-05-18,selic,6.5,432,macro,daily,% a.a.
2019-05-19,selic,6.5,432,macro,daily,% a.a.
2019-05-20,selic,6.5,432,macro,daily,% a.a.
2019-05-21,selic,6.5,432,macro,daily,% a.a.
2019-05-22,selic,6.5,432,macro,daily,% a.a.
2019-05-23,selic,6.5,432,macro,daily,% a.a.
2019-05-24,selic,6.5,432,macro,daily,% a.a.
2019-05-25,selic,6.5,432,macro,daily,% a.a.
2019-05-26,selic,6.5,432,macro,daily,% a.a.
2019-05-27,selic,6.5,432,macro,daily,% a.a.
2019-05-28,selic,6.5,432,macro,daily,% a.a.
2019-05-29,selic,6.5,432,macro,daily,% a.a.
2019-05-30,selic,6.5,432,macro,daily,% a.a.
2019-05-31,selic,6.5,432,macro,daily,% a.a.
2019-06-01,credit_balance_pf,1881250.0,20541,credito,monthly,R$ mi
2019-06-01,credit_balance_pj,1420250.0,20540,credito,monthly,R$ mi
2019-06-01,credit_grants_pf,171635.0,20633,credito,monthly,R$ mi
2019-06-01,credit_grants_pj,151511.0,20632,credito,monthly,R$ mi
2019-06-01,credit_interest_pf,2.28,25435,juros,monthly,% a.m.
2019-06-01,credit_interest_pj,1.17,25434,juros,monthly,% a.m.
2019-06-01,delinquency_card,5.65,21129,inadimplencia,monthly,%
2019-06-01,delinquency_personal,3.68,21120,inadimplencia,monthly,%
2019-06-01,delinquency_pf,3.4,21084,inadimplencia,monthly,%
2019-06-01,delinquency_pj,2.45,21083,inadimplencia,monthly,%
2019-06-01,delinquency_revolving,33.59,21127,inadimplencia,monthly,%
2019-06-01,delinquency_vehicle,3.37,21121,inadimplencia,monthly,%
2019-06-01,household_debt,40.56,29037,familias,monthly,%
2019-06-01,household_debt_ex_housing,24.48,29038,familias,monthly,%
2019-06-01,income_commitment,25.13,29034,familias,monthly,%
2019-06-01,ipca,0.01,433,macro,monthly,%
2019-06-01,real_income,12797.0,24380,macro,monthly,R$
2019-06-01,selic,6.5,432,macro,daily,% a.a.
2019-06-01,unemployment,12.1,24369,macro,monthly,%
2019-06-02,selic,6.5,432,macro,daily,% a.a.
2019-06-03,selic,6.5,432,macro,daily,% a.a.
2019-06-04,selic,6.5,432,macro,daily,% a.a.
2019-06-05,selic,6.5,432,macro,daily,% a.a.
2019-06-06,selic,6.5,432,macro,daily,% a.a.
2019-06-07,selic,6.5,432,macro,daily,% a.a.
2019-06-08,selic,6.5,432,macro,daily,% a.a.
2019-06-09,selic,6.5,432,macro,daily,% a.a.
2019-06-10,selic,6.5,432,macro,daily,% a.a.
2019-06-11,selic,6.5,432,macro,daily,% a.a.
2019-06-12,selic,6.5,432,macro,daily,% a.a.
2019-06-13,selic,6.5,432,macro,daily,% a.a.
2019-06-14,selic,6.5,432,macro,daily,% a.a.
2019-06-15,selic,6.5,432,macro,daily,% a.a.
2019-06-16,selic,6.5,432,macro,daily,% a.a.
2019-06-17,selic,6.5,432,macro,daily,% a.a.
2019-06-18,selic,6.5,432,macro,daily,% a.a.
2019-06-19,selic,6.5,432,macro,daily,% a.a.
2019-06-20,selic,6.5,432,macro,daily,% a.a.
2019-06-21,selic,6.5,432,macro,daily,% a.a.
2019-06-22,selic,6.5,432,macro,daily,% a.a.
2019-06-23,selic,6.5,432,macro,daily,% a.a.
2019-06-24,selic,6.5,432,macro,daily,% a.a.
2019-06-25,selic,6.5,432,macro,daily,% a.a.
2019-06-26,selic,6.5,432,macro,daily,% a.a.
2019-06-27,selic,6.5,432,macro,daily,% a.a.
2019-06-28,selic,6.5,432,macro,daily,% a.a.
2019-06-29,selic,6.5,432,macro,daily,% a.a.
2019-06-30,selic,6.5,432,macro,daily,% a.a.
2019-07-01,credit_balance_pf,1898176.0,20541,credito,monthly,R$ mi
2019-07-01,credit_balance_pj,1397913.0,20540,credito,monthly,R$ mi
2019-07-01,credit_grants_pf,190336.0,20633,credito,monthly,R$ mi
2019-07-01,credit_grants_pj,143206.0,20632,credito,monthly,R$ mi
2019-07-01,credit_interest_pf,2.26,25435,juros,monthly,% a.m.
2019-07-01,credit_interest_pj,1.18,25434,juros,monthly,% a.m.
2019-07-01,delinquency_card,5.67,21129,inadimplencia,monthly,%
2019-07-01,delinquency_personal,3.71,21120,inadimplencia,monthly,%
2019-07-01,delinquency_pf,3.49,21084,inadimplencia,monthly,%
2019-07-01,delinquency_pj,2.57,21083,inadimplencia,monthly,%
2019-07-01,delinquency_revolving,34.92,21127,inadimplencia,monthly,%
2019-07-01,delinquency_vehicle,3.4,21121,inadimplencia,monthly,%
2019-07-01,household_debt,40.72,29037,familias,monthly,%
2019-07-01,household_debt_ex_housing,24.67,29038,familias,monthly,%
2019-07-01,income_commitment,24.69,29034,familias,monthly,%
2019-07-01,ipca,0.19,433,macro,monthly,%
2019-07-01,real_income,12600.0,24380,macro,monthly,R$
2019-07-01,selic,6.5,432,macro,daily,% a.a.
2019-07-01,unemployment,11.9,24369,macro,monthly,%
2019-07-02,selic,6.5,432,macro,daily,% a.a.
2019-07-03,selic,6.5,432,macro,daily,% a.a.
2019-07-04,selic,6.5,432,macro,daily,% a.a.
2019-07-05,selic,6.5,432,macro,daily,% a.a.
2019-07-06,selic,6.5,432,macro,daily,% a.a.
2019-07-07,selic,6.5,432,macro,daily,% a.a.
2019-07-08,selic,6.5,432,macro,daily,% a.a.
2019-07-09,selic,6.5,432,macro,daily,% a.a.
2019-07-10,selic,6.5,432,macro,daily,% a.a.
2019-07-11,selic,6.5,432,macro,daily,% a.a.
2019-07-12,selic,6.5,432,macro,daily,% a.a.
2019-07-13,selic,6.5,432,macro,daily,% a.a.
2019-07-14,selic,6.5,432,macro,daily,% a.a.
2019-07-15,selic,6.5,432,macro,daily,% a.a.
2019-07-16,selic,6.5,432,macro,daily,% a.a.
2019-07-17,selic,6.5,432,macro,daily,% a.a.
2019-07-18,selic,6.5,432,macro,daily,% a.a.
2019-07-19,selic,6.5,432,macro,daily,% a.a.
2019-07-20,selic,6.5,432,macro,daily,% a.a.
2019-07-21,selic,6.5,432,macro,daily,% a.a.
2019-07-22,selic,6.5,432,macro,daily,% a.a.
2019-07-23,selic,6.5,432,macro,daily,% a.a.
2019-07-24,selic,6.5,432,macro,daily,% a.a.
2019-07-25,selic,6.5,432,macro,daily,% a.a.
2019-07-26,selic,6.5,432,macro,daily,% a.a.
2019-07-27,selic,6.5,432,macro,daily,% a.a.
2019-07-28,selic,6.5,432,macro,daily,% a.a.
2019-07-29,selic,6.5,432,macro,daily,% a.a.
2019-07-30,selic,6.5,432,macro,daily,% a.a.
2019-07-31,selic,6.5,432,macro,daily,% a.a.
2019-08-01,credit_balance_pf,1920681.0,20541,credito,monthly,R$ mi
2019-08-01,credit_balance_pj,1412195.0,20540,credito,monthly,R$ mi
2019-08-01,credit_grants_pf,187191.0,20633,credito,monthly,R$ mi
2019-08-01,credit_grants_pj,149955.0,20632,credito,monthly,R$ mi
2019-08-01,credit_interest_pf,2.27,25435,juros,monthly,% a.m.
2019-08-01,credit_interest_pj,1.17,25434,juros,monthly,% a.m.
2019-08-01,delinquency_card,6.0,21129,inadimplencia,monthly,%
2019-08-01,delinquency_personal,3.62,21120,inadimplencia,monthly,%
2019-08-01,delinquency_pf,3.53,21084,inadimplencia,monthly,%
2019-08-01,delinquency_pj,2.51,21083,inadimplencia,monthly,%
2019-08-01,delinquency_revolving,35.98,21127,inadimplencia,monthly,%
2019-08-01,delinquency_vehicle,3.38,21121,inadimplencia,monthly,%
2019-08-01,household_debt,41.11,29037,familias,monthly,%
2019-08-01,household_debt_ex_housing,25.03,29038,familias,monthly,%
2019-08-01,income_commitment,24.73,29034,familias,monthly,%
2019-08-01,ipca,0.11,433,macro,monthly,%
2019-08-01,real_income,12612.0,24380,macro,monthly,R$
2019-08-01,selic,6.0,432,macro,daily,% a.a.
2019-08-01,unemployment,11.9,24369,macro,monthly,%
2019-08-02,selic,6.0,432,macro,daily,% a.a.
2019-08-03,selic,6.0,432,macro,daily,% a.a.
2019-08-04,selic,6.0,432,macro,daily,% a.a.
2019-08-05,selic,6.0,432,macro,daily,% a.a.
2019-08-06,selic,6.0,432,macro,daily,% a.a.
2019-08-07,selic,6.0,432,macro,daily,% a.a.
2019-08-08,selic,6.0,432,macro,daily,% a.a.
2019-08-09,selic,6.0,432,macro,daily,% a.a.
2019-08-10,selic,6.0,432,macro,daily,% a.a.
2019-08-11,selic,6.0,432,macro,daily,% a.a.
2019-08-12,selic,6.0,432,macro,daily,% a.a.
2019-08-13,selic,6.0,432,macro,daily,% a.a.
2019-08-14,selic,6.0,432,macro,daily,% a.a.
2019-08-15,selic,6.0,432,macro,daily,% a.a.
2019-08-16,selic,6.0,432,macro,daily,% a.a.
2019-08-17,selic,6.0,432,macro,daily,% a.a.
2019-08-18,selic,6.0,432,macro,daily,% a.a.
2019-08-19,selic,6.0,432,macro,daily,% a.a.
2019-08-20,selic,6.0,432,macro,daily,% a.a.
2019-08-21,selic,6.0,432,macro,daily,% a.a.
2019-08-22,selic,6.0,432,macro,daily,% a.a.
2019-08-23,selic,6.0,432,macro,daily,% a.a.
2019-08-24,selic,6.0,432,macro,daily,% a.a.
2019-08-25,selic,6.0,432,macro,daily,% a.a.
2019-08-26,selic,6.0,432,macro,daily,% a.a.
2019-08-27,selic,6.0,432,macro,daily,% a.a.
2019-08-28,selic,6.0,432,macro,daily,% a.a.
2019-08-29,selic,6.0,432,macro,daily,% a.a.
2019-08-30,selic,6.0,432,macro,daily,% a.a.
2019-08-31,selic,6.0,432,macro,daily,% a.a.
2019-09-01,credit_balance_pf,1940168.0,20541,credito,monthly,R$ mi
2019-09-01,credit_balance_pj,1428459.0,20540,credito,monthly,R$ mi
2019-09-01,credit_grants_pf,186451.0,20633,credito,monthly,R$ mi
2019-09-01,credit_grants_pj,158531.0,20632,credito,monthly,R$ mi
2019-09-01,credit_interest_pf,2.22,25435,juros,monthly,% a.m.
2019-09-01,credit_interest_pj,1.11,25434,juros,monthly,% a.m.
2019-09-01,delinquency_card,6.18,21129,inadimplencia,monthly,%
2019-09-01,delinquency_personal,3.71,21120,inadimplencia,monthly,%
2019-09-01,delinquency_pf,3.6,21084,inadimplencia,monthly,%
2019-09-01,delinquency_pj,2.45,21083,inadimplencia,monthly,%
2019-09-01,delinquency_revolving,36.19,21127,inadimplencia,monthly,%
2019-09-01,delinquency_vehicle,3.41,21121,inadimplencia,monthly,%
2019-09-01,household_debt,41.21,29037,familias,monthly,%
2019-09-01,household_debt_ex_housing,25.14,29038,familias,monthly,%
2019-09-01,income_commitment,23.91,29034,familias,monthly,%
2019-09-01,ipca,-0.04,433,macro,monthly,%
2019-09-01,real_income,12581.0,24380,macro,monthly,R$
2019-09-01,selic,6.0,432,macro,daily,% a.a.
2019-09-01,unemployment,11.9,24369,macro,monthly,%
2019-09-02,selic,6.0,432,macro,daily,% a.a.
2019-09-03,selic,6.0,432,macro,daily,% a.a.
2019-09-04,selic,6.0,432,macro,daily,% a.a.
2019-09-05,selic,6.0,432,macro,daily,% a.a.
2019-09-06,selic,6.0,432,macro,daily,% a.a.
2019-09-07,selic,6.0,432,macro,daily,% a.a.
2019-09-08,selic,6.0,432,macro,daily,% a.a.
2019-09-09,selic,6.0,432,macro,daily,% a.a.
2019-09-10,selic,6.0,432,macro,daily,% a.a.
2019-09-11,selic,6.0,432,macro,daily,% a.a.
2019-09-12,selic,6.0,432,macro,daily,% a.a.
2019-09-13,selic,6.0,432,macro,daily,% a.a.
2019-09-14,selic,6.0,432,macro,daily,% a.a.
2019-09-15,selic,6.0,432,macro,daily,% a.a.
2019-09-16,selic,6.0,432,macro,daily,% a.a.
2019-09-17,selic,6.0,432,macro,daily,% a.a.
2019-09-18,selic,6.0,432,macro,daily,% a.a.
2019-09-19,selic,5.5,432,macro,daily,% a.a.
2019-09-20,selic,5.5,432,macro,daily,% a.a.
2019-09-21,selic,5.5,432,macro,daily,% a.a.
2019-09-22,selic,5.5,432,macro,daily,% a.a.
2019-09-23,selic,5.5,432,macro,daily,% a.a.
2019-09-24,selic,5.5,432,macro,daily,% a.a.
2019-09-25,selic,5.5,432,macro,daily,% a.a.
2019-09-26,selic,5.5,432,macro,daily,% a.a.
2019-09-27,selic,5.5,432,macro,daily,% a.a.
2019-09-28,selic,5.5,432,macro,daily,% a.a.
2019-09-29,selic,5.5,432,macro,daily,% a.a.
2019-09-30,selic,5.5,432,macro,daily,% a.a.
2019-10-01,credit_balance_pf,1963605.0,20541,credito,monthly,R$ mi
2019-10-01,credit_balance_pj,1416602.0,20540,credito,monthly,R$ mi
2019-10-01,credit_grants_pf,199718.0,20633,credito,monthly,R$ mi
2019-10-01,credit_grants_pj,156063.0,20632,credito,monthly,R$ mi
2019-10-01,credit_interest_pf,2.17,25435,juros,monthly,% a.m.
2019-10-01,credit_interest_pj,1.1,25434,juros,monthly,% a.m.
2019-10-01,delinquency_card,6.17,21129,inadimplencia,monthly,%
2019-10-01,delinquency_personal,3.72,21120,inadimplencia,monthly,%
2019-10-01,delinquency_pf,3.58,21084,inadimplencia,monthly,%
2019-10-01,delinquency_pj,2.41,21083,inadimplencia,monthly,%
2019-10-01,delinquency_revolving,37.02,21127,inadimplencia,monthly,%
2019-10-01,delinquency_vehicle,3.37,21121,inadimplencia,monthly,%
2019-10-01,household_debt,41.33,29037,familias,monthly,%
2019-10-01,household_debt_ex_housing,25.29,29038,familias,monthly,%
2019-10-01,income_commitment,23.53,29034,familias,monthly,%
2019-10-01,ipca,0.1,433,macro,monthly,%
2019-10-01,real_income,12443.0,24380,macro,monthly,R$
2019-10-01,selic,5.5,432,macro,daily,% a.a.
2019-10-01,unemployment,11.7,24369,macro,monthly,%
2019-10-02,selic,5.5,432,macro,daily,% a.a.
2019-10-03,selic,5.5,432,macro,daily,% a.a.
2019-10-04,selic,5.5,432,macro,daily,% a.a.
2019-10-05,selic,5.5,432,macro,daily,% a.a.
2019-10-06,selic,5.5,432,macro,daily,% a.a.
2019-10-07,selic,5.5,432,macro,daily,% a.a.
2019-10-08,selic,5.5,432,macro,daily,% a.a.
2019-10-09,selic,5.5,432,macro,daily,% a.a.
2019-10-10,selic,5.5,432,macro,daily,% a.a.
2019-10-11,selic,5.5,432,macro,daily,% a.a.
2019-10-12,selic,5.5,432,macro,daily,% a.a.
2019-10-13,selic,5.5,432,macro,daily,% a.a.
2019-10-14,selic,5.5,432,macro,daily,% a.a.
2019-10-15,selic,5.5,432,macro,daily,% a.a.
2019-10-16,selic,5.5,432,macro,daily,% a.a.
2019-10-17,selic,5.5,432,macro,daily,% a.a.
2019-10-18,selic,5.5,432,macro,daily,% a.a.
2019-10-19,selic,5.5,432,macro,daily,% a.a.
2019-10-20,selic,5.5,432,macro,daily,% a.a.
2019-10-21,selic,5.5,432,macro,daily,% a.a.
2019-10-22,selic,5.5,432,macro,daily,% a.a.
2019-10-23,selic,5.5,432,macro,daily,% a.a.
2019-10-24,selic,5.5,432,macro,daily,% a.a.
2019-10-25,selic,5.5,432,macro,daily,% a.a.
2019-10-26,selic,5.5,432,macro,daily,% a.a.
2019-10-27,selic,5.5,432,macro,daily,% a.a.
2019-10-28,selic,5.5,432,macro,daily,% a.a.
2019-10-29,selic,5.5,432,macro,daily,% a.a.
2019-10-30,selic,5.5,432,macro,daily,% a.a.
2019-10-31,selic,5.0,432,macro,daily,% a.a.
2019-11-01,credit_balance_pf,1986910.0,20541,credito,monthly,R$ mi
2019-11-01,credit_balance_pj,1436270.0,20540,credito,monthly,R$ mi
2019-11-01,credit_grants_pf,194279.0,20633,credito,monthly,R$ mi
2019-11-01,credit_grants_pj,158607.0,20632,credito,monthly,R$ mi
2019-11-01,credit_interest_pf,2.19,25435,juros,monthly,% a.m.
2019-11-01,credit_interest_pj,1.08,25434,juros,monthly,% a.m.
2019-11-01,delinquency_card,6.16,21129,inadimplencia,monthly,%
2019-11-01,delinquency_personal,3.72,21120,inadimplencia,monthly,%
2019-11-01,delinquency_pf,3.59,21084,inadimplencia,monthly,%
2019-11-01,delinquency_pj,2.33,21083,inadimplencia,monthly,%
2019-11-01,delinquency_revolving,36.93,21127,inadimplencia,monthly,%
2019-11-01,delinquency_vehicle,3.42,21121,inadimplencia,monthly,%
2019-11-01,household_debt,41.56,29037,familias,monthly,%
2019-11-01,household_debt_ex_housing,25.49,29038,familias,monthly,%
2019-11-01,income_commitment,22.99,29034,familias,monthly,%
2019-11-01,ipca,0.51,433,macro,monthly,%
2019-11-01,real_income,11931.0,24380,macro,monthly,R$
2019-11-01,selic,5.0,432,macro,daily,% a.a.
2019-11-01,unemployment,11.3,24369,macro,monthly,%
2019-11-02,selic,5.0,432,macro,daily,% a.a.
2019-11-03,selic,5.0,432,macro,daily,% a.a.
2019-11-04,selic,5.0,432,macro,daily,% a.a.
2019-11-05,selic,5.0,432,macro,daily,% a.a.
2019-11-06,selic,5.0,432,macro,daily,% a.a.
2019-11-07,selic,5.0,432,macro,daily,% a.a.
2019-11-08,selic,5.0,432,macro,daily,% a.a.
2019-11-09,selic,5.0,432,macro,daily,% a.a.
2019-11-10,selic,5.0,432,macro,daily,% a.a.
2019-11-11,selic,5.0,432,macro,daily,% a.a.
2019-11-12,selic,5.0,432,macro,daily,% a.a.
2019-11-13,selic,5.0,432,macro,daily,% a.a.
2019-11-14,selic,5.0,432,macro,daily,% a.a.
2019-11-15,selic,5.0,432,macro,daily,% a.a.
2019-11-16,selic,5.0,432,macro,daily,% a.a.
2019-11-17,selic,5.0,432,macro,daily,% a.a.
2019-11-18,selic,5.0,432,macro,daily,% a.a.
2019-11-19,selic,5.0,432,macro,daily,% a.a.
2019-11-20,selic,5.0,432,macro,daily,% a.a.
2019-11-21,selic,5.0,432,macro,daily,% a.a.
2019-11-22,selic,5.0,432,macro,daily,% a.a.
2019-11-23,selic,5.0,432,macro,daily,% a.a.
2019-11-24,selic,5.0,432,macro,daily,% a.a.
2019-11-25,selic,5.0,432,macro,daily,% a.a.
2019-11-26,selic,5.0,432,macro,daily,% a.a.
2019-11-27,selic,5.0,432,macro,daily,% a.a.
2019-11-28,selic,5.0,432,macro,daily,% a.a.
2019-11-29,selic,5.0,432,macro,daily,% a.a.
2019-11-30,selic,5.0,432,macro,daily,% a.a.
2019-12-01,credit_balance_pf,2015994.0,20541,credito,monthly,R$ mi
2019-12-01,credit_balance_pj,1459823.0,20540,credito,monthly,R$ mi
2019-12-01,credit_grants_pf,212357.0,20633,credito,monthly,R$ mi
2019-12-01,credit_grants_pj,197795.0,20632,credito,monthly,R$ mi
2019-12-01,credit_interest_pf,2.1,25435,juros,monthly,% a.m.
2019-12-01,credit_interest_pj,1.06,25434,juros,monthly,% a.m.
2019-12-01,delinquency_card,6.04,21129,inadimplencia,monthly,%
2019-12-01,delinquency_personal,3.78,21120,inadimplencia,monthly,%
2019-12-01,delinquency_pf,3.56,21084,inadimplencia,monthly,%
2019-12-01,delinquency_pj,2.21,21083,inadimplencia,monthly,%
2019-12-01,delinquency_revolving,38.05,21127,inadimplencia,monthly,%
2019-12-01,delinquency_vehicle,3.49,21121,inadimplencia,monthly,%
2019-12-01,household_debt,41.46,29037,familias,monthly,%
2019-12-01,household_debt_ex_housing,25.51,29038,familias,monthly,%
2019-12-01,income_commitment,22.65,29034,familias,monthly,%
2019-12-01,ipca,1.15,433,macro,monthly,%
2019-12-01,real_income,11698.0,24380,macro,monthly,R$
2019-12-01,selic,5.0,432,macro,daily,% a.a.
2019-12-01,unemployment,11.1,24369,macro,monthly,%
2019-12-02,selic,5.0,432,macro,daily,% a.a.
2019-12-03,selic,5.0,432,macro,daily,% a.a.
2019-12-04,selic,5.0,432,macro,daily,% a.a.
2019-12-05,selic,5.0,432,macro,daily,% a.a.
2019-12-06,selic,5.0,432,macro,daily,% a.a.
2019-12-07,selic,5.0,432,macro,daily,% a.a.
2019-12-08,selic,5.0,432,macro,daily,% a.a.
2019-12-09,selic,5.0,432,macro,daily,% a.a.
2019-12-10,selic,5.0,432,macro,daily,% a.a.
2019-12-11,selic,5.0,432,macro,daily,% a.a.
2019-12-12,selic,4.5,432,macro,daily,% a.a.
2019-12-13,selic,4.5,432,macro,daily,% a.a.
2019-12-14,selic,4.5,432,macro,daily,% a.a.
2019-12-15,selic,4.5,432,macro,daily,% a.a.
2019-12-16,selic,4.5,432,macro,daily,% a.a.
2019-12-17,selic,4.5,432,macro,daily,% a.a.
2019-12-18,selic,4.5,432,macro,daily,% a.a.
2019-12-19,selic,4.5,432,macro,daily,% a.a.
2019-12-20,selic,4.5,432,macro,daily,% a.a.
2019-12-21,selic,4.5,432,macro,daily,% a.a.
2019-12-22,selic,4.5,432,macro,daily,% a.a.
2019-12-23,selic,4.5,432,macro,daily,% a.a.
2019-12-24,selic,4.5,432,macro,daily,% a.a.
2019-12-25,selic,4.5,432,macro,daily,% a.a.
2019-12-26,selic,4.5,432,macro,daily,% a.a.
2019-12-27,selic,4.5,432,macro,daily,% a.a.
2019-12-28,selic,4.5,432,macro,daily,% a.a.
2019-12-29,selic,4.5,432,macro,daily,% a.a.
2019-12-30,selic,4.5,432,macro,daily,% a.a.
2019-12-31,selic,4.5,432,macro,daily,% a.a.
2020-01-01,credit_balance_pf,2032571.0,20541,credito,monthly,R$ mi
2020-01-01,credit_balance_pj,1432633.0,20540,credito,monthly,R$ mi
2020-01-01,credit_grants_pf,190362.0,20633,credito,monthly,R$ mi
2020-01-01,credit_grants_pj,136720.0,20632,credito,monthly,R$ mi
2020-01-01,credit_interest_pf,2.09,25435,juros,monthly,% a.m.
2020-01-01,credit_interest_pj,1.17,25434,juros,monthly,% a.m.
2020-01-01,delinquency_card,5.73,21129,inadimplencia,monthly,%
2020-01-01,delinquency_personal,3.81,21120,inadimplencia,monthly,%
2020-01-01,delinquency_pf,3.63,21084,inadimplencia,monthly,%
2020-01-01,delinquency_pj,2.26,21083,inadimplencia,monthly,%
2020-01-01,delinquency_revolving,34.71,21127,inadimplencia,monthly,%
2020-01-01,delinquency_vehicle,3.56,21121,inadimplencia,monthly,%
2020-01-01,household_debt,41.55,29037,familias,monthly,%
2020-01-01,household_debt_ex_housing,25.69,29038,familias,monthly,%
2020-01-01,income_commitment,22.59,29034,familias,monthly,%
2020-01-01,ipca,0.21,433,macro,monthly,%
2020-01-01,real_income,11973.0,24380,macro,monthly,R$
2020-01-01,selic,4.5,432,macro,daily,% a.a.
2020-01-01,unemployment,11.3,24369,macro,monthly,%
2020-01-02,selic,4.5,432,macro,daily,% a.a.
2020-01-03,selic,4.5,432,macro,daily,% a.a.
2020-01-04,selic,4.5,432,macro,daily,% a.a.
2020-01-05,selic,4.5,432,macro,daily,% a.a.
2020-01-06,selic,4.5,432,macro,daily,% a.a.
2020-01-07,selic,4.5,432,macro,daily,% a.a.
2020-01-08,selic,4.5,432,macro,daily,% a.a.
2020-01-09,selic,4.5,432,macro,daily,% a.a.
2020-01-10,selic,4.5,432,macro,daily,% a.a.
2020-01-11,selic,4.5,432,macro,daily,% a.a.
2020-01-12,selic,4.5,432,macro,daily,% a.a.
2020-01-13,selic,4.5,432,macro,daily,% a.a.
2020-01-14,selic,4.5,432,macro,daily,% a.a.
2020-01-15,selic,4.5,432,macro,daily,% a.a.
2020-01-16,selic,4.5,432,macro,daily,% a.a.
2020-01-17,selic,4.5,432,macro,daily,% a.a.
2020-01-18,selic,4.5,432,macro,daily,% a.a.
2020-01-19,selic,4.5,432,macro,daily,% a.a.
2020-01-20,selic,4.5,432,macro,daily,% a.a.
2020-01-21,selic,4.5,432,macro,daily,% a.a.
2020-01-22,selic,4.5,432,macro,daily,% a.a.
2020-01-23,selic,4.5,432,macro,daily,% a.a.
2020-01-24,selic,4.5,432,macro,daily,% a.a.
2020-01-25,selic,4.5,432,macro,daily,% a.a.
2020-01-26,selic,4.5,432,macro,daily,% a.a.
2020-01-27,selic,4.5,432,macro,daily,% a.a.
2020-01-28,selic,4.5,432,macro,daily,% a.a.
2020-01-29,selic,4.5,432,macro,daily,% a.a.
2020-01-30,selic,4.5,432,macro,daily,% a.a.
2020-01-31,selic,4.5,432,macro,daily,% a.a.
2020-02-01,credit_balance_pf,2041600.0,20541,credito,monthly,R$ mi
2020-02-01,credit_balance_pj,1442997.0,20540,credito,monthly,R$ mi
2020-02-01,credit_grants_pf,173921.0,20633,credito,monthly,R$ mi
2020-02-01,credit_grants_pj,139105.0,20632,credito,monthly,R$ mi
2020-02-01,credit_interest_pf,2.13,25435,juros,monthly,% a.m.
2020-02-01,credit_interest_pj,1.09,25434,juros,monthly,% a.m.
2020-02-01,delinquency_card,6.33,21129,inadimplencia,monthly,%
2020-02-01,delinquency_personal,3.78,21120,inadimplencia,monthly,%
2020-02-01,delinquency_pf,3.72,21084,inadimplencia,monthly,%
2020-02-01,delinquency_pj,2.23,21083,inadimplencia,monthly,%
2020-02-01,delinquency_revolving,36.09,21127,inadimplencia,monthly,%
2020-02-01,delinquency_vehicle,3.64,21121,inadimplencia,monthly,%
2020-02-01,household_debt,41.53,29037,familias,monthly,%
2020-02-01,household_debt_ex_housing,25.69,29038,familias,monthly,%
2020-02-01,income_commitment,22.64,29034,familias,monthly,%
2020-02-01,ipca,0.25,433,macro,monthly,%
2020-02-01,real_income,12392.0,24380,macro,monthly,R$
2020-02-01,selic,4.5,432,macro,daily,% a.a.
2020-02-01,unemployment,11.7,24369,macro,monthly,%
2020-02-02,selic,4.5,432,macro,daily,% a.a.
2020-02-03,selic,4.5,432,macro,daily,% a.a.
2020-02-04,selic,4.5,432,macro,daily,% a.a.
2020-02-05,selic,4.5,432,macro,daily,% a.a.
2020-02-06,selic,4.25,432,macro,daily,% a.a.
2020-02-07,selic,4.25,432,macro,daily,% a.a.
2020-02-08,selic,4.25,432,macro,daily,% a.a.
2020-02-09,selic,4.25,432,macro,daily,% a.a.
2020-02-10,selic,4.25,432,macro,daily,% a.a.
2020-02-11,selic,4.25,432,macro,daily,% a.a.
2020-02-12,selic,4.25,432,macro,daily,% a.a.
2020-02-13,selic,4.25,432,macro,daily,% a.a.
2020-02-14,selic,4.25,432,macro,daily,% a.a.
2020-02-15,selic,4.25,432,macro,daily,% a.a.
2020-02-16,selic,4.25,432,macro,daily,% a.a.
2020-02-17,selic,4.25,432,macro,daily,% a.a.
2020-02-18,selic,4.25,432,macro,daily,% a.a.
2020-02-19,selic,4.25,432,macro,daily,% a.a.
2020-02-20,selic,4.25,432,macro,daily,% a.a.
2020-02-21,selic,4.25,432,macro,daily,% a.a.
2020-02-22,selic,4.25,432,macro,daily,% a.a.
2020-02-23,selic,4.25,432,macro,daily,% a.a.
2020-02-24,selic,4.25,432,macro,daily,% a.a.
2020-02-25,selic,4.25,432,macro,daily,% a.a.
2020-02-26,selic,4.25,432,macro,daily,% a.a.
2020-02-27,selic,4.25,432,macro,daily,% a.a.
2020-02-28,selic,4.25,432,macro,daily,% a.a.
2020-02-29,selic,4.25,432,macro,daily,% a.a.
2020-03-01,credit_balance_pf,2048038.0,20541,credito,monthly,R$ mi
2020-03-01,credit_balance_pj,1535239.0,20540,credito,monthly,R$ mi
2020-03-01,credit_grants_pf,178336.0,20633,credito,monthly,R$ mi
2020-03-01,credit_grants_pj,222571.0,20632,credito,monthly,R$ mi
2020-03-01,credit_interest_pf,2.1,25435,juros,monthly,% a.m.
2020-03-01,credit_interest_pj,1.08,25434,juros,monthly,% a.m.
2020-03-01,delinquency_card,6.63,21129,inadimplencia,monthly,%
2020-03-01,delinquency_personal,3.86,21120,inadimplencia,monthly,%
2020-03-01,delinquency_pf,4.0,21084,inadimplencia,monthly,%
2020-03-01,delinquency_pj,2.22,21083,inadimplencia,monthly,%
2020-03-01,delinquency_revolving,38.97,21127,inadimplencia,monthly,%
2020-03-01,delinquency_vehicle,3.82,21121,inadimplencia,monthly,%
2020-03-01,household_debt,41.62,29037,familias,monthly,%
2020-03-01,household_debt_ex_housing,25.7,29038,familias,monthly,%
2020-03-01,income_commitment,23.71,29034,familias,monthly,%
2020-03-01,ipca,0.07,433,macro,monthly,%
2020-03-01,real_income,12925.0,24380,macro,monthly,R$
2020-03-01,selic,4.25,432,macro,daily,% a.a.
2020-03-01,unemployment,12.4,24369,macro,monthly,%
2020-03-02,selic,4.25,432,macro,daily,% a.a.
2020-03-03,selic,4.25,432,macro,daily,% a.a.
2020-03-04,selic,4.25,432,macro,daily,% a.a.
2020-03-05,selic,4.25,432,macro,daily,% a.a.
2020-03-06,selic,4.25,432,macro,daily,% a.a.
2020-03-07,selic,4.25,432,macro,daily,% a.a.
2020-03-08,selic,4.25,432,macro,daily,% a.a.
2020-03-09,selic,4.25,432,macro,daily,% a.a.
2020-03-10,selic,4.25,432,macro,daily,% a.a.
2020-03-11,selic,4.25,432,macro,daily,% a.a.
2020-03-12,selic,4.25,432,macro,daily,% a.a.
2020-03-13,selic,4.25,432,macro,daily,% a.a.
2020-03-14,selic,4.25,432,macro,daily,% a.a.
2020-03-15,selic,4.25,432,macro,daily,% a.a.
2020-03-16,selic,4.25,432,macro,daily,% a.a.
2020-03-17,selic,4.25,432,macro,daily,% a.a.
2020-03-18,selic,4.25,432,macro,daily,% a.a.
2020-03-19,selic,3.75,432,macro,daily,% a.a.
2020-03-20,selic,3.75,432,macro,daily,% a.a.
2020-03-21,selic,3.75,432,macro,daily,% a.a.
2020-03-22,selic,3.75,432,macro,daily,% a.a.
2020-03-23,selic,3.75,432,macro,daily,% a.a.
2020-03-24,selic,3.75,432,macro,daily,% a.a.
2020-03-25,selic,3.75,432,macro,daily,% a.a.
2020-03-26,selic,3.75,432,macro,daily,% a.a.
2020-03-27,selic,3.75,432,macro,daily,% a.a.
2020-03-28,selic,3.75,432,macro,daily,% a.a.
2020-03-29,selic,3.75,432,macro,daily,% a.a.
2020-03-30,selic,3.75,432,macro,daily,% a.a.
2020-03-31,selic,3.75,432,macro,daily,% a.a.
2020-04-01,credit_balance_pf,2028719.0,20541,credito,monthly,R$ mi
2020-04-01,credit_balance_pj,1555394.0,20540,credito,monthly,R$ mi
2020-04-01,credit_grants_pf,146895.0,20633,credito,monthly,R$ mi
2020-04-01,credit_grants_pj,155083.0,20632,credito,monthly,R$ mi
2020-04-01,credit_interest_pf,2.0,25435,juros,monthly,% a.m.
2020-04-01,credit_interest_pj,1.03,25434,juros,monthly,% a.m.
2020-04-01,delinquency_card,7.57,21129,inadimplencia,monthly,%
2020-04-01,delinquency_personal,3.97,21120,inadimplencia,monthly,%
2020-04-01,delinquency_pf,4.13,21084,inadimplencia,monthly,%
2020-04-01,delinquency_pj,2.35,21083,inadimplencia,monthly,%
2020-04-01,delinquency_revolving,39.32,21127,inadimplencia,monthly,%
2020-04-01,delinquency_vehicle,4.26,21121,inadimplencia,monthly,%
2020-04-01,household_debt,40.91,29037,familias,monthly,%
2020-04-01,household_debt_ex_housing,25.05,29038,familias,monthly,%
2020-04-01,income_commitment,23.25,29034,familias,monthly,%
2020-04-01,ipca,-0.31,433,macro,monthly,%
2020-04-01,real_income,12930.0,24380,macro,monthly,R$
2020-04-01,selic,3.75,432,macro,daily,% a.a.
2020-04-01,unemployment,12.7,24369,macro,monthly,%
2020-04-02,selic,3.75,432,macro,daily,% a.a.
2020-04-03,selic,3.75,432,macro,daily,% a.a.
2020-04-04,selic,3.75,432,macro,daily,% a.a.
2020-04-05,selic,3.75,432,macro,daily,% a.a.
2020-04-06,selic,3.75,432,macro,daily,% a.a.
2020-04-07,selic,3.75,432,macro,daily,% a.a.
2020-04-08,selic,3.75,432,macro,daily,% a.a.
2020-04-09,selic,3.75,432,macro,daily,% a.a.
2020-04-10,selic,3.75,432,macro,daily,% a.a.
2020-04-11,selic,3.75,432,macro,daily,% a.a.
2020-04-12,selic,3.75,432,macro,daily,% a.a.
2020-04-13,selic,3.75,432,macro,daily,% a.a.
2020-04-14,selic,3.75,432,macro,daily,% a.a.
2020-04-15,selic,3.75,432,macro,daily,% a.a.
2020-04-16,selic,3.75,432,macro,daily,% a.a.
2020-04-17,selic,3.75,432,macro,daily,% a.a.
2020-04-18,selic,3.75,432,macro,daily,% a.a.
2020-04-19,selic,3.75,432,macro,daily,% a.a.
2020-04-20,selic,3.75,432,macro,daily,% a.a.
2020-04-21,selic,3.75,432,macro,daily,% a.a.
2020-04-22,selic,3.75,432,macro,daily,% a.a.
2020-04-23,selic,3.75,432,macro,daily,% a.a.
2020-04-24,selic,3.75,432,macro,daily,% a.a.
2020-04-25,selic,3.75,432,macro,daily,% a.a.
2020-04-26,selic,3.75,432,macro,daily,% a.a.
2020-04-27,selic,3.75,432,macro,daily,% a.a.
2020-04-28,selic,3.75,432,macro,daily,% a.a.
2020-04-29,selic,3.75,432,macro,daily,% a.a.
2020-04-30,selic,3.75,432,macro,daily,% a.a.
2020-05-01,credit_balance_pf,2026822.0,20541,credito,monthly,R$ mi
2020-05-01,credit_balance_pj,1569394.0,20540,credito,monthly,R$ mi
2020-05-01,credit_grants_pf,150308.0,20633,credito,monthly,R$ mi
2020-05-01,credit_grants_pj,140475.0,20632,credito,monthly,R$ mi
2020-05-01,credit_interest_pf,1.95,25435,juros,monthly,% a.m.
2020-05-01,credit_interest_pj,0.96,25434,juros,monthly,% a.m.
2020-05-01,delinquency_card,7.81,21129,inadimplencia,monthly,%
2020-05-01,delinquency_personal,4.0,21120,inadimplencia,monthly,%
2020-05-01,delinquency_pf,4.04,21084,inadimplencia,monthly,%
2020-05-01,delinquency_pj,2.36,21083,inadimplencia,monthly,%
2020-05-01,delinquency_revolving,41.71,21127,inadimplencia,monthly,%
2020-05-01,delinquency_vehicle,4.59,21121,inadimplencia,monthly,%
2020-05-01,household_debt,40.05,29037,familias,monthly,%
2020-05-01,household_debt_ex_housing,24.31,29038,familias,monthly,%
2020-05-01,income_commitment,21.83,29034,familias,monthly,%
2020-05-01,ipca,-0.38,433,macro,monthly,%
2020-05-01,real_income,12850.0,24380,macro,monthly,R$
2020-05-01,selic,3.75,432,macro,daily,% a.a.
2020-05-01,unemployment,13.1,24369,macro,monthly,%
2020-05-02,selic,3.75,432,macro,daily,% a.a.
2020-05-03,selic,3.75,432,macro,daily,% a.a.
2020-05-04,selic,3.75,432,macro,daily,% a.a.
2020-05-05,selic,3.75,432,macro,daily,% a.a.
2020-05-06,selic,3.75,432,macro,daily,% a.a.
2020-05-07,selic,3.0,432,macro,daily,% a.a.
2020-05-08,selic,3.0,432,macro,daily,% a.a.
2020-05-09,selic,3.0,432,macro,daily,% a.a.
2020-05-10,selic,3.0,432,macro,daily,% a.a.
2020-05-11,selic,3.0,432,macro,daily,% a.a.
2020-05-12,selic,3.0,432,macro,daily,% a.a.
2020-05-13,selic,3.0,432,macro,daily,% a.a.
2020-05-14,selic,3.0,432,macro,daily,% a.a.
2020-05-15,selic,3.0,432,macro,daily,% a.a.
2020-05-16,selic,3.0,432,macro,daily,% a.a.
2020-05-17,selic,3.0,432,macro,daily,% a.a.
2020-05-18,selic,3.0,432,macro,daily,% a.a.
2020-05-19,selic,3.0,432,macro,daily,% a.a.
2020-05-20,selic,3.0,432,macro,daily,% a.a.
2020-05-21,selic,3.0,432,macro,daily,% a.a.
2020-05-22,selic,3.0,432,macro,daily,% a.a.
2020-05-23,selic,3.0,432,macro,daily,% a.a.
2020-05-24,selic,3.0,432,macro,daily,% a.a.
2020-05-25,selic,3.0,432,macro,daily,% a.a.
2020-05-26,selic,3.0,432,macro,daily,% a.a.
2020-05-27,selic,3.0,432,macro,daily,% a.a.
2020-05-28,selic,3.0,432,macro,daily,% a.a.
2020-05-29,selic,3.0,432,macro,daily,% a.a.
2020-05-30,selic,3.0,432,macro,daily,% a.a.
2020-05-31,selic,3.0,432,macro,daily,% a.a.
2020-06-01,credit_balance_pf,2040209.0,20541,credito,monthly,R$ mi
2020-06-01,credit_balance_pj,1583140.0,20540,credito,monthly,R$ mi
2020-06-01,credit_grants_pf,170639.0,20633,credito,monthly,R$ mi
2020-06-01,credit_grants_pj,155954.0,20632,credito,monthly,R$ mi
2020-06-01,credit_interest_pf,1.85,25435,juros,monthly,% a.m.
2020-06-01,credit_interest_pj,0.86,25434,juros,monthly,% a.m.
2020-06-01,delinquency_card,7.53,21129,inadimplencia,monthly,%
2020-06-01,delinquency_personal,3.79,21120,inadimplencia,monthly,%
2020-06-01,delinquency_pf,3.67,21084,inadimplencia,monthly,%
2020-06-01,delinquency_pj,2.02,21083,inadimplencia,monthly,%
2020-06-01,delinquency_revolving,42.62,21127,inadimplencia,monthly,%
2020-06-01,delinquency_vehicle,4.33,21121,inadimplencia,monthly,%
2020-06-01,household_debt,39.38,29037,familias,monthly,%
2020-06-01,household_debt_ex_housing,23.81,29038,familias,monthly,%
2020-06-01,income_commitment,20.54,29034,familias,monthly,%
2020-06-01,ipca,0.26,433,macro,monthly,%
2020-06-01,real_income,12979.0,24380,macro,monthly,R$
2020-06-01,selic,3.0,432,macro,daily,% a.a.
2020-06-01,unemployment,13.6,24369,macro,monthly,%
2020-06-02,selic,3.0,432,macro,daily,% a.a.
2020-06-03,selic,3.0,432,macro,daily,% a.a.
2020-06-04,selic,3.0,432,macro,daily,% a.a.
2020-06-05,selic,3.0,432,macro,daily,% a.a.
2020-06-06,selic,3.0,432,macro,daily,% a.a.
2020-06-07,selic,3.0,432,macro,daily,% a.a.
2020-06-08,selic,3.0,432,macro,daily,% a.a.
2020-06-09,selic,3.0,432,macro,daily,% a.a.
2020-06-10,selic,3.0,432,macro,daily,% a.a.
2020-06-11,selic,3.0,432,macro,daily,% a.a.
2020-06-12,selic,3.0,432,macro,daily,% a.a.
2020-06-13,selic,3.0,432,macro,daily,% a.a.
2020-06-14,selic,3.0,432,macro,daily,% a.a.
2020-06-15,selic,3.0,432,macro,daily,% a.a.
2020-06-16,selic,3.0,432,macro,daily,% a.a.
2020-06-17,selic,3.0,432,macro,daily,% a.a.
2020-06-18,selic,2.25,432,macro,daily,% a.a.
2020-06-19,selic,2.25,432,macro,daily,% a.a.
2020-06-20,selic,2.25,432,macro,daily,% a.a.
2020-06-21,selic,2.25,432,macro,daily,% a.a.
2020-06-22,selic,2.25,432,macro,daily,% a.a.
2020-06-23,selic,2.25,432,macro,daily,% a.a.
2020-06-24,selic,2.25,432,macro,daily,% a.a.
2020-06-25,selic,2.25,432,macro,daily,% a.a.
2020-06-26,selic,2.25,432,macro,daily,% a.a.
2020-06-27,selic,2.25,432,macro,daily,% a.a.
2020-06-28,selic,2.25,432,macro,daily,% a.a.
2020-06-29,selic,2.25,432,macro,daily,% a.a.
2020-06-30,selic,2.25,432,macro,daily,% a.a.
2020-07-01,credit_balance_pf,2059494.0,20541,credito,monthly,R$ mi
2020-07-01,credit_balance_pj,1611299.0,20540,credito,monthly,R$ mi
2020-07-01,credit_grants_pf,182540.0,20633,credito,monthly,R$ mi
2020-07-01,credit_grants_pj,167514.0,20632,credito,monthly,R$ mi
2020-07-01,credit_interest_pf,1.83,25435,juros,monthly,% a.m.
2020-07-01,credit_interest_pj,0.85,25434,juros,monthly,% a.m.
2020-07-01,delinquency_card,7.35,21129,inadimplencia,monthly,%
2020-07-01,delinquency_personal,3.74,21120,inadimplencia,monthly,%
2020-07-01,delinquency_pf,3.52,21084,inadimplencia,monthly,%
2020-07-01,delinquency_pj,1.92,21083,inadimplencia,monthly,%
2020-07-01,delinquency_revolving,44.26,21127,inadimplencia,monthly,%
2020-07-01,delinquency_vehicle,4.0,21121,inadimplencia,monthly,%
2020-07-01,household_debt,39.21,29037,familias,monthly,%
2020-07-01,household_debt_ex_housing,23.69,29038,familias,monthly,%
2020-07-01,income_commitment,19.92,29034,familias,monthly,%
2020-07-01,ipca,0.36,433,macro,monthly,%
2020-07-01,real_income,13327.0,24380,macro,monthly,R$
2020-07-01,selic,2.25,432,macro,daily,% a.a.
2020-07-01,unemployment,14.1,24369,macro,monthly,%
2020-07-02,selic,2.25,432,macro,daily,% a.a.
2020-07-03,selic,2.25,432,macro,daily,% a.a.
2020-07-04,selic,2.25,432,macro,daily,% a.a.
2020-07-05,selic,2.25,432,macro,daily,% a.a.
2020-07-06,selic,2.25,432,macro,daily,% a.a.
2020-07-07,selic,2.25,432,macro,daily,% a.a.
2020-07-08,selic,2.25,432,macro,daily,% a.a.
2020-07-09,selic,2.25,432,macro,daily,% a.a.
2020-07-10,selic,2.25,432,macro,daily,% a.a.
2020-07-11,selic,2.25,432,macro,daily,% a.a.
2020-07-12,selic,2.25,432,macro,daily,% a.a.
2020-07-13,selic,2.25,432,macro,daily,% a.a.
2020-07-14,selic,2.25,432,macro,daily,% a.a.
2020-07-15,selic,2.25,432,macro,daily,% a.a.
2020-07-16,selic,2.25,432,macro,daily,% a.a.
2020-07-17,selic,2.25,432,macro,daily,% a.a.
2020-07-18,selic,2.25,432,macro,daily,% a.a.
2020-07-19,selic,2.25,432,macro,daily,% a.a.
2020-07-20,selic,2.25,432,macro,daily,% a.a.
2020-07-21,selic,2.25,432,macro,daily,% a.a.
2020-07-22,selic,2.25,432,macro,daily,% a.a.
2020-07-23,selic,2.25,432,macro,daily,% a.a.
2020-07-24,selic,2.25,432,macro,daily,% a.a.
2020-07-25,selic,2.25,432,macro,daily,% a.a.
2020-07-26,selic,2.25,432,macro,daily,% a.a.
2020-07-27,selic,2.25,432,macro,daily,% a.a.
2020-07-28,selic,2.25,432,macro,daily,% a.a.
2020-07-29,selic,2.25,432,macro,daily,% a.a.
2020-07-30,selic,2.25,432,macro,daily,% a.a.
2020-07-31,selic,2.25,432,macro,daily,% a.a.
2020-08-01,credit_balance_pf,2091204.0,20541,credito,monthly,R$ mi
2020-08-01,credit_balance_pj,1651429.0,20540,credito,monthly,R$ mi
2020-08-01,credit_grants_pf,189834.0,20633,credito,monthly,R$ mi
2020-08-01,credit_grants_pj,162733.0,20632,credito,monthly,R$ mi
2020-08-01,credit_interest_pf,1.78,25435,juros,monthly,% a.m.
2020-08-01,credit_interest_pj,0.86,25434,juros,monthly,% a.m.
2020-08-01,delinquency_card,6.8,21129,inadimplencia,monthly,%
2020-08-01,delinquency_personal,3.72,21120,inadimplencia,monthly,%
2020-08-01,delinquency_pf,3.35,21084,inadimplencia,monthly,%
2020-08-01,delinquency_pj,1.87,21083,inadimplencia,monthly,%
2020-08-01,delinquency_revolving,43.98,21127,inadimplencia,monthly,%
2020-08-01,delinquency_vehicle,3.69,21121,inadimplencia,monthly,%
2020-08-01,household_debt,39.17,29037,familias,monthly,%
2020-08-01,household_debt_ex_housing,23.69,29038,familias,monthly,%
2020-08-01,income_commitment,19.77,29034,familias,monthly,%
2020-08-01,ipca,0.24,433,macro,monthly,%
2020-08-01,real_income,14043.0,24380,macro,monthly,R$
2020-08-01,selic,2.25,432,macro,daily,% a.a.
2020-08-01,unemployment,14.8,24369,macro,monthly,%
2020-08-02,selic,2.25,432,macro,daily,% a.a.
2020-08-03,selic,2.25,432,macro,daily,% a.a.
2020-08-04,selic,2.25,432,macro,daily,% a.a.
2020-08-05,selic,2.25,432,macro,daily,% a.a.
2020-08-06,selic,2.0,432,macro,daily,% a.a.
2020-08-07,selic,2.0,432,macro,daily,% a.a.
2020-08-08,selic,2.0,432,macro,daily,% a.a.
2020-08-09,selic,2.0,432,macro,daily,% a.a.
2020-08-10,selic,2.0,432,macro,daily,% a.a.
2020-08-11,selic,2.0,432,macro,daily,% a.a.
2020-08-12,selic,2.0,432,macro,daily,% a.a.
2020-08-13,selic,2.0,432,macro,daily,% a.a.
2020-08-14,selic,2.0,432,macro,daily,% a.a.
2020-08-15,selic,2.0,432,macro,daily,% a.a.
2020-08-16,selic,2.0,432,macro,daily,% a.a.
2020-08-17,selic,2.0,432,macro,daily,% a.a.
2020-08-18,selic,2.0,432,macro,daily,% a.a.
2020-08-19,selic,2.0,432,macro,daily,% a.a.
2020-08-20,selic,2.0,432,macro,daily,% a.a.
2020-08-21,selic,2.0,432,macro,daily,% a.a.
2020-08-22,selic,2.0,432,macro,daily,% a.a.
2020-08-23,selic,2.0,432,macro,daily,% a.a.
2020-08-24,selic,2.0,432,macro,daily,% a.a.
2020-08-25,selic,2.0,432,macro,daily,% a.a.
2020-08-26,selic,2.0,432,macro,daily,% a.a.
2020-08-27,selic,2.0,432,macro,daily,% a.a.
2020-08-28,selic,2.0,432,macro,daily,% a.a.
2020-08-29,selic,2.0,432,macro,daily,% a.a.
2020-08-30,selic,2.0,432,macro,daily,% a.a.
2020-08-31,selic,2.0,432,macro,daily,% a.a.
2020-09-01,credit_balance_pf,2122170.0,20541,credito,monthly,R$ mi
2020-09-01,credit_balance_pj,1699340.0,20540,credito,monthly,R$ mi
2020-09-01,credit_grants_pf,196409.0,20633,credito,monthly,R$ mi
2020-09-01,credit_grants_pj,178663.0,20632,credito,monthly,R$ mi
2020-09-01,credit_interest_pf,1.75,25435,juros,monthly,% a.m.
2020-09-01,credit_interest_pj,0.8,25434,juros,monthly,% a.m.
2020-09-01,delinquency_card,6.29,21129,inadimplencia,monthly,%
2020-09-01,delinquency_personal,3.68,21120,inadimplencia,monthly,%
2020-09-01,delinquency_pf,3.19,21084,inadimplencia,monthly,%
2020-09-01,delinquency_pj,1.58,21083,inadimplencia,monthly,%
2020-09-01,delinquency_revolving,43.07,21127,inadimplencia,monthly,%
2020-09-01,delinquency_vehicle,3.51,21121,inadimplencia,monthly,%
2020-09-01,household_debt,39.57,29037,familias,monthly,%
2020-09-01,household_debt_ex_housing,23.98,29038,familias,monthly,%
2020-09-01,income_commitment,20.03,29034,familias,monthly,%
2020-09-01,ipca,0.64,433,macro,monthly,%
2020-09-01,real_income,14313.0,24380,macro,monthly,R$
2020-09-01,selic,2.0,432,macro,daily,% a.a.
2020-09-01,unemployment,14.9,24369,macro,monthly,%
2020-09-02,selic,2.0,432,macro,daily,% a.a.
2020-09-03,selic,2.0,432,macro,daily,% a.a.
2020-09-04,selic,2.0,432,macro,daily,% a.a.
2020-09-05,selic,2.0,432,macro,daily,% a.a.
2020-09-06,selic,2.0,432,macro,daily,% a.a.
2020-09-07,selic,2.0,432,macro,daily,% a.a.
2020-09-08,selic,2.0,432,macro,daily,% a.a.
2020-09-09,selic,2.0,432,macro,daily,% a.a.
2020-09-10,selic,2.0,432,macro,daily,% a.a.
2020-09-11,selic,2.0,432,macro,daily,% a.a.
2020-09-12,selic,2.0,432,macro,daily,% a.a.
2020-09-13,selic,2.0,432,macro,daily,% a.a.
2020-09-14,selic,2.0,432,macro,daily,% a.a.
2020-09-15,selic,2.0,432,macro,daily,% a.a.
2020-09-16,selic,2.0,432,macro,daily,% a.a.
2020-09-17,selic,2.0,432,macro,daily,% a.a.
2020-09-18,selic,2.0,432,macro,daily,% a.a.
2020-09-19,selic,2.0,432,macro,daily,% a.a.
2020-09-20,selic,2.0,432,macro,daily,% a.a.
2020-09-21,selic,2.0,432,macro,daily,% a.a.
2020-09-22,selic,2.0,432,macro,daily,% a.a.
2020-09-23,selic,2.0,432,macro,daily,% a.a.
2020-09-24,selic,2.0,432,macro,daily,% a.a.
2020-09-25,selic,2.0,432,macro,daily,% a.a.
2020-09-26,selic,2.0,432,macro,daily,% a.a.
2020-09-27,selic,2.0,432,macro,daily,% a.a.
2020-09-28,selic,2.0,432,macro,daily,% a.a.
2020-09-29,selic,2.0,432,macro,daily,% a.a.
2020-09-30,selic,2.0,432,macro,daily,% a.a.
2020-10-01,credit_balance_pf,2158151.0,20541,credito,monthly,R$ mi
2020-10-01,credit_balance_pj,1721265.0,20540,credito,monthly,R$ mi
2020-10-01,credit_grants_pf,204528.0,20633,credito,monthly,R$ mi
2020-10-01,credit_grants_pj,154617.0,20632,credito,monthly,R$ mi
2020-10-01,credit_interest_pf,1.78,25435,juros,monthly,% a.m.
2020-10-01,credit_interest_pj,0.85,25434,juros,monthly,% a.m.
2020-10-01,delinquency_card,5.86,21129,inadimplencia,monthly,%
2020-10-01,delinquency_personal,3.76,21120,inadimplencia,monthly,%
2020-10-01,delinquency_pf,3.11,21084,inadimplencia,monthly,%
2020-10-01,delinquency_pj,1.51,21083,inadimplencia,monthly,%
2020-10-01,delinquency_revolving,41.83,21127,inadimplencia,monthly,%
2020-10-01,delinquency_vehicle,3.29,21121,inadimplencia,monthly,%
2020-10-01,household_debt,40.2,29037,familias,monthly,%
2020-10-01,household_debt_ex_housing,24.48,29038,familias,monthly,%
2020-10-01,income_commitment,20.45,29034,familias,monthly,%
2020-10-01,ipca,0.86,433,macro,monthly,%
2020-10-01,real_income,14279.0,24380,macro,monthly,R$
2020-10-01,selic,2.0,432,macro,daily,% a.a.
2020-10-01,unemployment,14.6,24369,macro,monthly,%
2020-10-02,selic,2.0,432,macro,daily,% a.a.
2020-10-03,selic,2.0,432,macro,daily,% a.a.
2020-10-04,selic,2.0,432,macro,daily,% a.a.
2020-10-05,selic,2.0,432,macro,daily,% a.a.
2020-10-06,selic,2.0,432,macro,daily,% a.a.
2020-10-07,selic,2.0,432,macro,daily,% a.a.
2020-10-08,selic,2.0,432,macro,daily,% a.a.
2020-10-09,selic,2.0,432,macro,daily,% a.a.
2020-10-10,selic,2.0,432,macro,daily,% a.a.
2020-10-11,selic,2.0,432,macro,daily,% a.a.
2020-10-12,selic,2.0,432,macro,daily,% a.a.
2020-10-13,selic,2.0,432,macro,daily,% a.a.
2020-10-14,selic,2.0,432,macro,daily,% a.a.
2020-10-15,selic,2.0,432,macro,daily,% a.a.
2020-10-16,selic,2.0,432,macro,daily,% a.a.
2020-10-17,selic,2.0,432,macro,daily,% a.a.
2020-10-18,selic,2.0,432,macro,daily,% a.a.
2020-10-19,selic,2.0,432,macro,daily,% a.a.
2020-10-20,selic,2.0,432,macro,daily,% a.a.
2020-10-21,selic,2.0,432,macro,daily,% a.a.
2020-10-22,selic,2.0,432,macro,daily,% a.a.
2020-10-23,selic,2.0,432,macro,daily,% a.a.
2020-10-24,selic,2.0,432,macro,daily,% a.a.
2020-10-25,selic,2.0,432,macro,daily,% a.a.
2020-10-26,selic,2.0,432,macro,daily,% a.a.
2020-10-27,selic,2.0,432,macro,daily,% a.a.
2020-10-28,selic,2.0,432,macro,daily,% a.a.
2020-10-29,selic,2.0,432,macro,daily,% a.a.
2020-10-30,selic,2.0,432,macro,daily,% a.a.
2020-10-31,selic,2.0,432,macro,daily,% a.a.
2020-11-01,credit_balance_pf,2204823.0,20541,credito,monthly,R$ mi
2020-11-01,credit_balance_pj,1753163.0,20540,credito,monthly,R$ mi
2020-11-01,credit_grants_pf,214205.0,20633,credito,monthly,R$ mi
2020-11-01,credit_grants_pj,170908.0,20632,credito,monthly,R$ mi
2020-11-01,credit_interest_pf,1.75,25435,juros,monthly,% a.m.
2020-11-01,credit_interest_pj,0.86,25434,juros,monthly,% a.m.
2020-11-01,delinquency_card,4.83,21129,inadimplencia,monthly,%
2020-11-01,delinquency_personal,3.7,21120,inadimplencia,monthly,%
2020-11-01,delinquency_pf,3.02,21084,inadimplencia,monthly,%
2020-11-01,delinquency_pj,1.33,21083,inadimplencia,monthly,%
2020-11-01,delinquency_revolving,36.1,21127,inadimplencia,monthly,%
2020-11-01,delinquency_vehicle,3.16,21121,inadimplencia,monthly,%
2020-11-01,household_debt,41.04,29037,familias,monthly,%
2020-11-01,household_debt_ex_housing,25.13,29038,familias,monthly,%
2020-11-01,income_commitment,21.25,29034,familias,monthly,%
2020-11-01,ipca,0.89,433,macro,monthly,%
2020-11-01,real_income,14235.0,24380,macro,monthly,R$
2020-11-01,selic,2.0,432,macro,daily,% a.a.
2020-11-01,unemployment,14.3,24369,macro,monthly,%
2020-11-02,selic,2.0,432,macro,daily,% a.a.
2020-11-03,selic,2.0,432,macro,daily,% a.a.
2020-11-04,selic,2.0,432,macro,daily,% a.a.
2020-11-05,selic,2.0,432,macro,daily,% a.a.
2020-11-06,selic,2.0,432,macro,daily,% a.a.
2020-11-07,selic,2.0,432,macro,daily,% a.a.
2020-11-08,selic,2.0,432,macro,daily,% a.a.
2020-11-09,selic,2.0,432,macro,daily,% a.a.
2020-11-10,selic,2.0,432,macro,daily,% a.a.
2020-11-11,selic,2.0,432,macro,daily,% a.a.
2020-11-12,selic,2.0,432,macro,daily,% a.a.
2020-11-13,selic,2.0,432,macro,daily,% a.a.
2020-11-14,selic,2.0,432,macro,daily,% a.a.
2020-11-15,selic,2.0,432,macro,daily,% a.a.
2020-11-16,selic,2.0,432,macro,daily,% a.a.
2020-11-17,selic,2.0,432,macro,daily,% a.a.
2020-11-18,selic,2.0,432,macro,daily,% a.a.
2020-11-19,selic,2.0,432,macro,daily,% a.a.
2020-11-20,selic,2.0,432,macro,daily,% a.a.
2020-11-21,selic,2.0,432,macro,daily,% a.a.
2020-11-22,selic,2.0,432,macro,daily,% a.a.
2020-11-23,selic,2.0,432,macro,daily,% a.a.
2020-11-24,selic,2.0,432,macro,daily,% a.a.
2020-11-25,selic,2.0,432,macro,daily,% a.a.
2020-11-26,selic,2.0,432,macro,daily,% a.a.
2020-11-27,selic,2.0,432,macro,daily,% a.a.
2020-11-28,selic,2.0,432,macro,daily,% a.a.
2020-11-29,selic,2.0,432,macro,daily,% a.a.
2020-11-30,selic,2.0,432,macro,daily,% a.a.
2020-12-01,credit_balance_pf,2239152.0,20541,credito,monthly,R$ mi
2020-12-01,credit_balance_pj,1782181.0,20540,credito,monthly,R$ mi
2020-12-01,credit_grants_pf,218765.0,20633,credito,monthly,R$ mi
2020-12-01,credit_grants_pj,189332.0,20632,credito,monthly,R$ mi
2020-12-01,credit_interest_pf,1.72,25435,juros,monthly,% a.m.
2020-12-01,credit_interest_pj,0.89,25434,juros,monthly,% a.m.
2020-12-01,delinquency_card,4.48,21129,inadimplencia,monthly,%
2020-12-01,delinquency_personal,3.5,21120,inadimplencia,monthly,%
2020-12-01,delinquency_pf,2.89,21084,inadimplencia,monthly,%
2020-12-01,delinquency_pj,1.24,21083,inadimplencia,monthly,%
2020-12-01,delinquency_revolving,37.24,21127,inadimplencia,monthly,%
2020-12-01,delinquency_vehicle,3.08,21121,inadimplencia,monthly,%
2020-12-01,household_debt,41.78,29037,familias,monthly,%
2020-12-01,household_debt_ex_housing,25.62,29038,familias,monthly,%
2020-12-01,income_commitment,21.84,29034,familias,monthly,%
2020-12-01,ipca,1.35,433,macro,monthly,%
2020-12-01,real_income,14135.0,24380,macro,monthly,R$
2020-12-01,selic,2.0,432,macro,daily,% a.a.
2020-12-01,unemployment,14.2,24369,macro,monthly,%
2020-12-02,selic,2.0,432,macro,daily,% a.a.
2020-12-03,selic,2.0,432,macro,daily,% a.a.
2020-12-04,selic,2.0,432,macro,daily,% a.a.
2020-12-05,selic,2.0,432,macro,daily,% a.a.
2020-12-06,selic,2.0,432,macro,daily,% a.a.
2020-12-07,selic,2.0,432,macro,daily,% a.a.
2020-12-08,selic,2.0,432,macro,daily,% a.a.
2020-12-09,selic,2.0,432,macro,daily,% a.a.
2020-12-10,selic,2.0,432,macro,daily,% a.a.
2020-12-11,selic,2.0,432,macro,daily,% a.a.
2020-12-12,selic,2.0,432,macro,daily,% a.a.
2020-12-13,selic,2.0,432,macro,daily,% a.a.
2020-12-14,selic,2.0,432,macro,daily,% a.a.
2020-12-15,selic,2.0,432,macro,daily,% a.a.
2020-12-16,selic,2.0,432,macro,daily,% a.a.
2020-12-17,selic,2.0,432,macro,daily,% a.a.
2020-12-18,selic,2.0,432,macro,daily,% a.a.
2020-12-19,selic,2.0,432,macro,daily,% a.a.
2020-12-20,selic,2.0,432,macro,daily,% a.a.
2020-12-21,selic,2.0,432,macro,daily,% a.a.
2020-12-22,selic,2.0,432,macro,daily,% a.a.
2020-12-23,selic,2.0,432,macro,daily,% a.a.
2020-12-24,selic,2.0,432,macro,daily,% a.a.
2020-12-25,selic,2.0,432,macro,daily,% a.a.
2020-12-26,selic,2.0,432,macro,daily,% a.a.
2020-12-27,selic,2.0,432,macro,daily,% a.a.
2020-12-28,selic,2.0,432,macro,daily,% a.a.
2020-12-29,selic,2.0,432,macro,daily,% a.a.
2020-12-30,selic,2.0,432,macro,daily,% a.a.
2020-12-31,selic,2.0,432,macro,daily,% a.a.
2021-01-01,credit_balance_pf,2252298.0,20541,credito,monthly,R$ mi
2021-01-01,credit_balance_pj,1766189.0,20540,credito,monthly,R$ mi
2021-01-01,credit_grants_pf,180884.0,20633,credito,monthly,R$ mi
2021-01-01,credit_grants_pj,121829.0,20632,credito,monthly,R$ mi
2021-01-01,credit_interest_pf,1.8,25435,juros,monthly,% a.m.
2021-01-01,credit_interest_pj,1.06,25434,juros,monthly,% a.m.
2021-01-01,delinquency_card,4.37,21129,inadimplencia,monthly,%
2021-01-01,delinquency_personal,3.44,21120,inadimplencia,monthly,%
2021-01-01,delinquency_pf,2.93,21084,inadimplencia,monthly,%
2021-01-01,delinquency_pj,1.25,21083,inadimplencia,monthly,%
2021-01-01,delinquency_revolving,34.54,21127,inadimplencia,monthly,%
2021-01-01,delinquency_vehicle,3.09,21121,inadimplencia,monthly,%
2021-01-01,household_debt,42.11,29037,familias,monthly,%
2021-01-01,household_debt_ex_housing,25.84,29038,familias,monthly,%
2021-01-01,income_commitment,22.17,29034,familias,monthly,%
2021-01-01,ipca,0.25,433,macro,monthly,%
2021-01-01,real_income,14466.0,24380,macro,monthly,R$
2021-01-01,selic,2.0,432,macro,daily,% a.a.
2021-01-01,unemployment,14.4,24369,macro,monthly,%
2021-01-02,selic,2.0,432,macro,daily,% a.a.
2021-01-03,selic,2.0,432,macro,daily,% a.a.
2021-01-04,selic,2.0,432,macro,daily,% a.a.
2021-01-05,selic,2.0,432,macro,daily,% a.a.
2021-01-06,selic,2.0,432,macro,daily,% a.a.
2021-01-07,selic,2.0,432,macro,daily,% a.a.
2021-01-08,selic,2.0,432,macro,daily,% a.a.
2021-01-09,selic,2.0,432,macro,daily,% a.a.
2021-01-10,selic,2.0,432,macro,daily,% a.a.
2021-01-11,selic,2.0,432,macro,daily,% a.a.
2021-01-12,selic,2.0,432,macro,daily,% a.a.
2021-01-13,selic,2.0,432,macro,daily,% a.a.
2021-01-14,selic,2.0,432,macro,daily,% a.a.
2021-01-15,selic,2.0,432,macro,daily,% a.a.
2021-01-16,selic,2.0,432,macro,daily,% a.a.
2021-01-17,selic,2.0,432,macro,daily,% a.a.
2021-01-18,selic,2.0,432,macro,daily,% a.a.
2021-01-19,selic,2.0,432,macro,daily,% a.a.
2021-01-20,selic,2.0,432,macro,daily,% a.a.
2021-01-21,selic,2.0,432,macro,daily,% a.a.
2021-01-22,selic,2.0,432,macro,daily,% a.a.
2021-01-23,selic,2.0,432,macro,daily,% a.a.
2021-01-24,selic,2.0,432,macro,daily,% a.a.
2021-01-25,selic,2.0,432,macro,daily,% a.a.
2021-01-26,selic,2.0,432,macro,daily,% a.a.
2021-01-27,selic,2.0,432,macro,daily,% a.a.
2021-01-28,selic,2.0,432,macro,daily,% a.a.
2021-01-29,selic,2.0,432,macro,daily,% a.a.
2021-01-30,selic,2.0,432,macro,daily,% a.a.
2021-01-31,selic,2.0,432,macro,daily,% a.a.
2021-02-01,credit_balance_pf,2269640.0,20541,credito,monthly,R$ mi
2021-02-01,credit_balance_pj,1776160.0,20540,credito,monthly,R$ mi
2021-02-01,credit_grants_pf,182157.0,20633,credito,monthly,R$ mi
2021-02-01,credit_grants_pj,138130.0,20632,credito,monthly,R$ mi
2021-02-01,credit_interest_pf,1.82,25435,juros,monthly,% a.m.
2021-02-01,credit_interest_pj,0.97,25434,juros,monthly,% a.m.
2021-02-01,delinquency_card,4.15,21129,inadimplencia,monthly,%
2021-02-01,delinquency_personal,3.41,21120,inadimplencia,monthly,%
2021-02-01,delinquency_pf,2.97,21084,inadimplencia,monthly,%
2021-02-01,delinquency_pj,1.4,21083,inadimplencia,monthly,%
2021-02-01,delinquency_revolving,30.53,21127,inadimplencia,monthly,%
2021-02-01,delinquency_vehicle,3.04,21121,inadimplencia,monthly,%
2021-02-01,household_debt,42.31,29037,familias,monthly,%
2021-02-01,household_debt_ex_housing,25.94,29038,familias,monthly,%
2021-02-01,income_commitment,21.97,29034,familias,monthly,%
2021-02-01,ipca,0.86,433,macro,monthly,%
2021-02-01,real_income,14648.0,24380,macro,monthly,R$
2021-02-01,selic,2.0,432,macro,daily,% a.a.
2021-02-01,unemployment,14.6,24369,macro,monthly,%
2021-02-02,selic,2.0,432,macro,daily,% a.a.
2021-02-03,selic,2.0,432,macro,daily,% a.a.
2021-02-04,selic,2.0,432,macro,daily,% a.a.
2021-02-05,selic,2.0,432,macro,daily,% a.a.
2021-02-06,selic,2.0,432,macro,daily,% a.a.
2021-02-07,selic,2.0,432,macro,daily,% a.a.
2021-02-08,selic,2.0,432,macro,daily,% a.a.
2021-02-09,selic,2.0,432,macro,daily,% a.a.
2021-02-10,selic,2.0,432,macro,daily,% a.a.
2021-02-11,selic,2.0,432,macro,daily,% a.a.
2021-02-12,selic,2.0,432,macro,daily,% a.a.
2021-02-13,selic,2.0,432,macro,daily,% a.a.
2021-02-14,selic,2.0,432,macro,daily,% a.a.
2021-02-15,selic,2.0,432,macro,daily,% a.a.
2021-02-16,selic,2.0,432,macro,daily,% a.a.
2021-02-17,selic,2.0,432,macro,daily,% a.a.
2021-02-18,selic,2.0,432,macro,daily,% a.a.
2021-02-19,selic,2.0,432,macro,daily,% a.a.
2021-02-20,selic,2.0,432,macro,daily,% a.a.
2021-02-21,selic,2.0,432,macro,daily,% a.a.
2021-02-22,selic,2.0,432,macro,daily,% a.a.
2021-02-23,selic,2.0,432,macro,daily,% a.a.
2021-02-24,selic,2.0,432,macro,daily,% a.a.
2021-02-25,selic,2.0,432,macro,daily,% a.a.
2021-02-26,selic,2.0,432,macro,daily,% a.a.
2021-02-27,selic,2.0,432,macro,daily,% a.a.
2021-02-28,selic,2.0,432,macro,daily,% a.a.
2021-03-01,credit_balance_pf,2295877.0,20541,credito,monthly,R$ mi
2021-03-01,credit_balance_pj,1811045.0,20540,credito,monthly,R$ mi
2021-03-01,credit_grants_pf,210804.0,20633,credito,monthly,R$ mi
2021-03-01,credit_grants_pj,203291.0,20632,credito,monthly,R$ mi
2021-03-01,credit_interest_pf,1.84,25435,juros,monthly,% a.m.
2021-03-01,credit_interest_pj,0.96,25434,juros,monthly,% a.m.
2021-03-01,delinquency_card,3.89,21129,inadimplencia,monthly,%
2021-03-01,delinquency_personal,3.38,21120,inadimplencia,monthly,%
2021-03-01,delinquency_pf,2.92,21084,inadimplencia,monthly,%
2021-03-01,delinquency_pj,1.25,21083,inadimplencia,monthly,%
2021-03-01,delinquency_revolving,30.23,21127,inadimplencia,monthly,%
2021-03-01,delinquency_vehicle,3.1,21121,inadimplencia,monthly,%
2021-03-01,household_debt,42.47,29037,familias,monthly,%
2021-03-01,household_debt_ex_housing,26.0,29038,familias,monthly,%
2021-03-01,income_commitment,22.32,29034,familias,monthly,%
2021-03-01,ipca,0.93,433,macro,monthly,%
2021-03-01,real_income,14979.0,24380,macro,monthly,R$
2021-03-01,selic,2.0,432,macro,daily,% a.a.
2021-03-01,unemployment,14.9,24369,macro,monthly,%
2021-03-02,selic,2.0,432,macro,daily,% a.a.
2021-03-03,selic,2.0,432,macro,daily,% a.a.
2021-03-04,selic,2.0,432,macro,daily,% a.a.
2021-03-05,selic,2.0,432,macro,daily,% a.a.
2021-03-06,selic,2.0,432,macro,daily,% a.a.
2021-03-07,selic,2.0,432,macro,daily,% a.a.
2021-03-08,selic,2.0,432,macro,daily,% a.a.
2021-03-09,selic,2.0,432,macro,daily,% a.a.
2021-03-10,selic,2.0,432,macro,daily,% a.a.
2021-03-11,selic,2.0,432,macro,daily,% a.a.
2021-03-12,selic,2.0,432,macro,daily,% a.a.
2021-03-13,selic,2.0,432,macro,daily,% a.a.
2021-03-14,selic,2.0,432,macro,daily,% a.a.
2021-03-15,selic,2.0,432,macro,daily,% a.a.
2021-03-16,selic,2.0,432,macro,daily,% a.a.
2021-03-17,selic,2.0,432,macro,daily,% a.a.
2021-03-18,selic,2.75,432,macro,daily,% a.a.
2021-03-19,selic,2.75,432,macro,daily,% a.a.
2021-03-20,selic,2.75,432,macro,daily,% a.a.
2021-03-21,selic,2.75,432,macro,daily,% a.a.
2021-03-22,selic,2.75,432,macro,daily,% a.a.
2021-03-23,selic,2.75,432,macro,daily,% a.a.
2021-03-24,selic,2.75,432,macro,daily,% a.a.
2021-03-25,selic,2.75,432,macro,daily,% a.a.
2021-03-26,selic,2.75,432,macro,daily,% a.a.
2021-03-27,selic,2.75,432,macro,daily,% a.a.
2021-03-28,selic,2.75,432,macro,daily,% a.a.
2021-03-29,selic,2.75,432,macro,daily,% a.a.
2021-03-30,selic,2.75,432,macro,daily,% a.a.
2021-03-31,selic,2.75,432,macro,daily,% a.a.
2021-04-01,credit_balance_pf,2320817.0,20541,credito,monthly,R$ mi
2021-04-01,credit_balance_pj,1806698.0,20540,credito,monthly,R$ mi
2021-04-01,credit_grants_pf,212275.0,20633,credito,monthly,R$ mi
2021-04-01,credit_grants_pj,174292.0,20632,credito,monthly,R$ mi
2021-04-01,credit_interest_pf,1.86,25435,juros,monthly,% a.m.
2021-04-01,credit_interest_pj,1.02,25434,juros,monthly,% a.m.
2021-04-01,delinquency_card,3.79,21129,inadimplencia,monthly,%
2021-04-01,delinquency_personal,3.36,21120,inadimplencia,monthly,%
2021-04-01,delinquency_pf,2.95,21084,inadimplencia,monthly,%
2021-04-01,delinquency_pj,1.33,21083,inadimplencia,monthly,%
2021-04-01,delinquency_revolving,28.79,21127,inadimplencia,monthly,%
2021-04-01,delinquency_vehicle,3.2,21121,inadimplencia,monthly,%
2021-04-01,household_debt,42.89,29037,familias,monthly,%
2021-04-01,household_debt_ex_housing,26.27,29038,familias,monthly,%
2021-04-01,income_commitment,22.39,29034,familias,monthly,%
2021-04-01,ipca,0.31,433,macro,monthly,%
2021-04-01,real_income,14915.0,24380,macro,monthly,R$
2021-04-01,selic,2.75,432,macro,daily,% a.a.
2021-04-01,unemployment,14.8,24369,macro,monthly,%
2021-04-02,selic,2.75,432,macro,daily,% a.a.
2021-04-03,selic,2.75,432,macro,daily,% a.a.
2021-04-04,selic,2.75,432,macro,daily,% a.a.
2021-04-05,selic,2.75,432,macro,daily,% a.a.
2021-04-06,selic,2.75,432,macro,daily,% a.a.
2021-04-07,selic,2.75,432,macro,daily,% a.a.
2021-04-08,selic,2.75,432,macro,daily,% a.a.
2021-04-09,selic,2.75,432,macro,daily,% a.a.
2021-04-10,selic,2.75,432,macro,daily,% a.a.
2021-04-11,selic,2.75,432,macro,daily,% a.a.
2021-04-12,selic,2.75,432,macro,daily,% a.a.
2021-04-13,selic,2.75,432,macro,daily,% a.a.
2021-04-14,selic,2.75,432,macro,daily,% a.a.
2021-04-15,selic,2.75,432,macro,daily,% a.a.
2021-04-16,selic,2.75,432,macro,daily,% a.a.
2021-04-17,selic,2.75,432,macro,daily,% a.a.
2021-04-18,selic,2.75,432,macro,daily,% a.a.
2021-04-19,selic,2.75,432,macro,daily,% a.a.
2021-04-20,selic,2.75,432,macro,daily,% a.a.
2021-04-21,selic,2.75,432,macro,daily,% a.a.
2021-04-22,selic,2.75,432,macro,daily,% a.a.
2021-04-23,selic,2.75,432,macro,daily,% a.a.
2021-04-24,selic,2.75,432,macro,daily,% a.a.
2021-04-25,selic,2.75,432,macro,daily,% a.a.
2021-04-26,selic,2.75,432,macro,daily,% a.a.
2021-04-27,selic,2.75,432,macro,daily,% a.a.
2021-04-28,selic,2.75,432,macro,daily,% a.a.
2021-04-29,selic,2.75,432,macro,daily,% a.a.
2021-04-30,selic,2.75,432,macro,daily,% a.a.
2021-05-01,credit_balance_pf,2360372.0,20541,credito,monthly,R$ mi
2021-05-01,credit_balance_pj,1816868.0,20540,credito,monthly,R$ mi
2021-05-01,credit_grants_pf,231343.0,20633,credito,monthly,R$ mi
2021-05-01,credit_grants_pj,178912.0,20632,credito,monthly,R$ mi
2021-05-01,credit_interest_pf,1.82,25435,juros,monthly,% a.m.
2021-05-01,credit_interest_pj,1.0,25434,juros,monthly,% a.m.
2021-05-01,delinquency_card,3.86,21129,inadimplencia,monthly,%
2021-05-01,delinquency_personal,3.37,21120,inadimplencia,monthly,%
2021-05-01,delinquency_pf,3.01,21084,inadimplencia,monthly,%
2021-05-01,delinquency_pj,1.57,21083,inadimplencia,monthly,%
2021-05-01,delinquency_revolving,30.02,21127,inadimplencia,monthly,%
2021-05-01,delinquency_vehicle,3.37,21121,inadimplencia,monthly,%
2021-05-01,household_debt,43.85,29037,familias,monthly,%
2021-05-01,household_debt_ex_housing,26.91,29038,familias,monthly,%
2021-05-01,income_commitment,22.78,29034,familias,monthly,%
2021-05-01,ipca,0.83,433,macro,monthly,%
2021-05-01,real_income,14955.0,24380,macro,monthly,R$
2021-05-01,selic,2.75,432,macro,daily,% a.a.
2021-05-01,unemployment,14.7,24369,macro,monthly,%
2021-05-02,selic,2.75,432,macro,daily,% a.a.
2021-05-03,selic,2.75,432,macro,daily,% a.a.
2021-05-04,selic,2.75,432,macro,daily,% a.a.
2021-05-05,selic,2.75,432,macro,daily,% a.a.
2021-05-06,selic,3.5,432,macro,daily,% a.a.
2021-05-07,selic,3.5,432,macro,daily,% a.a.
2021-05-08,selic,3.5,432,macro,daily,% a.a.
2021-05-09,selic,3.5,432,macro,daily,% a.a.
2021-05-10,selic,3.5,432,macro,daily,% a.a.
2021-05-11,selic,3.5,432,macro,daily,% a.a.
2021-05-12,selic,3.5,432,macro,daily,% a.a.
2021-05-13,selic,3.5,432,macro,daily,% a.a.
2021-05-14,selic,3.5,432,macro,daily,% a.a.
2021-05-15,selic,3.5,432,macro,daily,% a.a.
2021-05-16,selic,3.5,432,macro,daily,% a.a.
2021-05-17,selic,3.5,432,macro,daily,% a.a.
2021-05-18,selic,3.5,432,macro,daily,% a.a.
2021-05-19,selic,3.5,432,macro,daily,% a.a.
2021-05-20,selic,3.5,432,macro,daily,% a.a.
2021-05-21,selic,3.5,432,macro,daily,% a.a.
2021-05-22,selic,3.5,432,macro,daily,% a.a.
2021-05-23,selic,3.5,432,macro,daily,% a.a.
2021-05-24,selic,3.5,432,macro,daily,% a.a.
2021-05-25,selic,3.5,432,macro,daily,% a.a.
2021-05-26,selic,3.5,432,macro,daily,% a.a.
2021-05-27,selic,3.5,432,macro,daily,% a.a.
2021-05-28,selic,3.5,432,macro,daily,% a.a.
2021-05-29,selic,3.5,432,macro,daily,% a.a.
2021-05-30,selic,3.5,432,macro,daily,% a.a.
2021-05-31,selic,3.5,432,macro,daily,% a.a.
2021-06-01,credit_balance_pf,2397429.0,20541,credito,monthly,R$ mi
2021-06-01,credit_balance_pj,1816584.0,20540,credito,monthly,R$ mi
2021-06-01,credit_grants_pf,235960.0,20633,credito,monthly,R$ mi
2021-06-01,credit_grants_pj,200054.0,20632,credito,monthly,R$ mi
2021-06-01,credit_interest_pf,1.82,25435,juros,monthly,% a.m.
2021-06-01,credit_interest_pj,1.01,25434,juros,monthly,% a.m.
2021-06-01,delinquency_card,3.97,21129,inadimplencia,monthly,%
2021-06-01,delinquency_personal,3.32,21120,inadimplencia,monthly,%
2021-06-01,delinquency_pf,2.91,21084,inadimplencia,monthly,%
2021-06-01,delinquency_pj,1.54,21083,inadimplencia,monthly,%
2021-06-01,delinquency_revolving,31.12,21127,inadimplencia,monthly,%
2021-06-01,delinquency_vehicle,3.39,21121,inadimplencia,monthly,%
2021-06-01,household_debt,44.53,29037,familias,monthly,%
2021-06-01,household_debt_ex_housing,27.39,29038,familias,monthly,%
2021-06-01,income_commitment,22.96,29034,familias,monthly,%
2021-06-01,ipca,0.53,433,macro,monthly,%
2021-06-01,real_income,14572.0,24380,macro,monthly,R$
2021-06-01,selic,3.5,432,macro,daily,% a.a.
2021-06-01,unemployment,14.2,24369,macro,monthly,%
2021-06-02,selic,3.5,432,macro,daily,% a.a.
2021-06-03,selic,3.5,432,macro,daily,% a.a.
2021-06-04,selic,3.5,432,macro,daily,% a.a.
2021-06-05,selic,3.5,432,macro,daily,% a.a.
2021-06-06,selic,3.5,432,macro,daily,% a.a.
2021-06-07,selic,3.5,432,macro,daily,% a.a.
2021-06-08,selic,3.5,432,macro,daily,% a.a.
2021-06-09,selic,3.5,432,macro,daily,% a.a.
2021-06-10,selic,3.5,432,macro,daily,% a.a.
2021-06-11,selic,3.5,432,macro,daily,% a.a.
2021-06-12,selic,3.5,432,macro,daily,% a.a.
2021-06-13,selic,3.5,432,macro,daily,% a.a.
2021-06-14,selic,3.5,432,macro,daily,% a.a.
2021-06-15,selic,3.5,432,macro,daily,% a.a.
2021-06-16,selic,3.5,432,macro,daily,% a.a.
2021-06-17,selic,4.25,432,macro,daily,% a.a.
2021-06-18,selic,4.25,432,macro,daily,% a.a.
2021-06-19,selic,4.25,432,macro,daily,% a.a.
2021-06-20,selic,4.25,432,macro,daily,% a.a.
2021-06-21,selic,4.25,432,macro,daily,% a.a.
2021-06-22,selic,4.25,432,macro,daily,% a.a.
2021-06-23,selic,4.25,432,macro,daily,% a.a.
2021-06-24,selic,4.25,432,macro,daily,% a.a.
2021-06-25,selic,4.25,432,macro,daily,% a.a.
2021-06-26,selic,4.25,432,macro,daily,% a.a.
2021-06-27,selic,4.25,432,macro,daily,% a.a.
2021-06-28,selic,4.25,432,macro,daily,% a.a.
2021-06-29,selic,4.25,432,macro,daily,% a.a.
2021-06-30,selic,4.25,432,macro,daily,% a.a.
2021-07-01,credit_balance_pf,2438686.0,20541,credito,monthly,R$ mi
2021-07-01,credit_balance_pj,1833179.0,20540,credito,monthly,R$ mi
2021-07-01,credit_grants_pf,240061.0,20633,credito,monthly,R$ mi
2021-07-01,credit_grants_pj,188014.0,20632,credito,monthly,R$ mi
2021-07-01,credit_interest_pf,1.82,25435,juros,monthly,% a.m.
2021-07-01,credit_interest_pj,1.08,25434,juros,monthly,% a.m.
2021-07-01,delinquency_card,4.04,21129,inadimplencia,monthly,%
2021-07-01,delinquency_personal,3.33,21120,inadimplencia,monthly,%
2021-07-01,delinquency_pf,2.94,21084,inadimplencia,monthly,%
2021-07-01,delinquency_pj,1.58,21083,inadimplencia,monthly,%
2021-07-01,delinquency_revolving,32.73,21127,inadimplencia,monthly,%
2021-07-01,delinquency_vehicle,3.42,21121,inadimplencia,monthly,%
2021-07-01,household_debt,45.2,29037,familias,monthly,%
2021-07-01,household_debt_ex_housing,27.84,29038,familias,monthly,%
2021-07-01,income_commitment,23.27,29034,familias,monthly,%
2021-07-01,ipca,0.96,433,macro,monthly,%
2021-07-01,real_income,14157.0,24380,macro,monthly,R$
2021-07-01,selic,4.25,432,macro,daily,% a.a.
2021-07-01,unemployment,13.7,24369,macro,monthly,%
2021-07-02,selic,4.25,432,macro,daily,% a.a.
2021-07-03,selic,4.25,432,macro,daily,% a.a.
2021-07-04,selic,4.25,432,macro,daily,% a.a.
2021-07-05,selic,4.25,432,macro,daily,% a.a.
2021-07-06,selic,4.25,432,macro,daily,% a.a.
2021-07-07,selic,4.25,432,macro,daily,% a.a.
2021-07-08,selic,4.25,432,macro,daily,% a.a.
2021-07-09,selic,4.25,432,macro,daily,% a.a.
2021-07-10,selic,4.25,432,macro,daily,% a.a.
2021-07-11,selic,4.25,432,macro,daily,% a.a.
2021-07-12,selic,4.25,432,macro,daily,% a.a.
2021-07-13,selic,4.25,432,macro,daily,% a.a.
2021-07-14,selic,4.25,432,macro,daily,% a.a.
2021-07-15,selic,4.25,432,macro,daily,% a.a.
2021-07-16,selic,4.25,432,macro,daily,% a.a.
2021-07-17,selic,4.25,432,macro,daily,% a.a.
2021-07-18,selic,4.25,432,macro,daily,% a.a.
2021-07-19,selic,4.25,432,macro,daily,% a.a.
2021-07-20,selic,4.25,432,macro,daily,% a.a.
2021-07-21,selic,4.25,432,macro,daily,% a.a.
2021-07-22,selic,4.25,432,macro,daily,% a.a.
2021-07-23,selic,4.25,432,macro,daily,% a.a.
2021-07-24,selic,4.25,432,macro,daily,% a.a.
2021-07-25,selic,4.25,432,macro,daily,% a.a.
2021-07-26,selic,4.25,432,macro,daily,% a.a.
2021-07-27,selic,4.25,432,macro,daily,% a.a.
2021-07-28,selic,4.25,432,macro,daily,% a.a.
2021-07-29,selic,4.25,432,macro,daily,% a.a.
2021-07-30,selic,4.25,432,macro,daily,% a.a.
2021-07-31,selic,4.25,432,macro,daily,% a.a.
2021-08-01,credit_balance_pf,2495054.0,20541,credito,monthly,R$ mi
2021-08-01,credit_balance_pj,1851006.0,20540,credito,monthly,R$ mi
2021-08-01,credit_grants_pf,258718.0,20633,credito,monthly,R$ mi
2021-08-01,credit_grants_pj,189127.0,20632,credito,monthly,R$ mi
2021-08-01,credit_interest_pf,1.86,25435,juros,monthly,% a.m.
2021-08-01,credit_interest_pj,1.14,25434,juros,monthly,% a.m.
2021-08-01,delinquency_card,4.13,21129,inadimplencia,monthly,%
2021-08-01,delinquency_personal,3.42,21120,inadimplencia,monthly,%
2021-08-01,delinquency_pf,2.96,21084,inadimplencia,monthly,%
2021-08-01,delinquency_pj,1.56,21083,inadimplencia,monthly,%
2021-08-01,delinquency_revolving,33.09,21127,inadimplencia,monthly,%
2021-08-01,delinquency_vehicle,3.43,21121,inadimplencia,monthly,%
2021-08-01,household_debt,46.46,29037,familias,monthly,%
2021-08-01,household_debt_ex_housing,28.73,29038,familias,monthly,%
2021-08-01,income_commitment,23.63,29034,familias,monthly,%
2021-08-01,ipca,0.87,433,macro,monthly,%
2021-08-01,real_income,13634.0,24380,macro,monthly,R$
2021-08-01,selic,4.25,432,macro,daily,% a.a.
2021-08-01,unemployment,13.2,24369,macro,monthly,%
2021-08-02,selic,4.25,432,macro,daily,% a.a.
2021-08-03,selic,4.25,432,macro,daily,% a.a.
2021-08-04,selic,4.25,432,macro,daily,% a.a.
2021-08-05,selic,5.25,432,macro,daily,% a.a.
2021-08-06,selic,5.25,432,macro,daily,% a.a.
2021-08-07,selic,5.25,432,macro,daily,% a.a.
2021-08-08,selic,5.25,432,macro,daily,% a.a.
2021-08-09,selic,5.25,432,macro,daily,% a.a.
2021-08-10,selic,5.25,432,macro,daily,% a.a.
2021-08-11,selic,5.25,432,macro,daily,% a.a.
2021-08-12,selic,5.25,432,macro,daily,% a.a.
2021-08-13,selic,5.25,432,macro,daily,% a.a.
2021-08-14,selic,5.25,432,macro,daily,% a.a.
2021-08-15,selic,5.25,432,macro,daily,% a.a.
2021-08-16,selic,5.25,432,macro,daily,% a.a.
2021-08-17,selic,5.25,432,macro,daily,% a.a.
2021-08-18,selic,5.25,432,macro,daily,% a.a.
2021-08-19,selic,5.25,432,macro,daily,% a.a.
2021-08-20,selic,5.25,432,macro,daily,% a.a.
2021-08-21,selic,5.25,432,macro,daily,% a.a.
2021-08-22,selic,5.25,432,macro,daily,% a.a.
2021-08-23,selic,5.25,432,macro,daily,% a.a.
2021-08-24,selic,5.25,432,macro,daily,% a.a.
2021-08-25,selic,5.25,432,macro,daily,% a.a.
2021-08-26,selic,5.25,432,macro,daily,% a.a.
2021-08-27,selic,5.25,432,macro,daily,% a.a.
2021-08-28,selic,5.25,432,macro,daily,% a.a.
2021-08-29,selic,5.25,432,macro,daily,% a.a.
2021-08-30,selic,5.25,432,macro,daily,% a.a.
2021-08-31,selic,5.25,432,macro,daily,% a.a.
2021-09-01,credit_balance_pf,2546936.0,20541,credito,monthly,R$ mi
2021-09-01,credit_balance_pj,1894119.0,20540,credito,monthly,R$ mi
2021-09-01,credit_grants_pf,252946.0,20633,credito,monthly,R$ mi
2021-09-01,credit_grants_pj,208992.0,20632,credito,monthly,R$ mi
2021-09-01,credit_interest_pf,1.89,25435,juros,monthly,% a.m.
2021-09-01,credit_interest_pj,1.17,25434,juros,monthly,% a.m.
2021-09-01,delinquency_card,4.67,21129,inadimplencia,monthly,%
2021-09-01,delinquency_personal,3.38,21120,inadimplencia,monthly,%
2021-09-01,delinquency_pf,3.01,21084,inadimplencia,monthly,%
2021-09-01,delinquency_pj,1.43,21083,inadimplencia,monthly,%
2021-09-01,delinquency_revolving,36.81,21127,inadimplencia,monthly,%
2021-09-01,delinquency_vehicle,3.46,21121,inadimplencia,monthly,%
2021-09-01,household_debt,47.5,29037,familias,monthly,%
2021-09-01,household_debt_ex_housing,29.47,29038,familias,monthly,%
2021-09-01,income_commitment,24.51,29034,familias,monthly,%
2021-09-01,ipca,1.16,433,macro,monthly,%
2021-09-01,real_income,13218.0,24380,macro,monthly,R$
2021-09-01,selic,5.25,432,macro,daily,% a.a.
2021-09-01,unemployment,12.7,24369,macro,monthly,%
2021-09-02,selic,5.25,432,macro,daily,% a.a.
2021-09-03,selic,5.25,432,macro,daily,% a.a.
2021-09-04,selic,5.25,432,macro,daily,% a.a.
2021-09-05,selic,5.25,432,macro,daily,% a.a.
2021-09-06,selic,5.25,432,macro,daily,% a.a.
2021-09-07,selic,5.25,432,macro,daily,% a.a.
2021-09-08,selic,5.25,432,macro,daily,% a.a.
2021-09-09,selic,5.25,432,macro,daily,% a.a.
2021-09-10,selic,5.25,432,macro,daily,% a.a.
2021-09-11,selic,5.25,432,macro,daily,% a.a.
2021-09-12,selic,5.25,432,macro,daily,% a.a.
2021-09-13,selic,5.25,432,macro,daily,% a.a.
2021-09-14,selic,5.25,432,macro,daily,% a.a.
2021-09-15,selic,5.25,432,macro,daily,% a.a.
2021-09-16,selic,5.25,432,macro,daily,% a.a.
2021-09-17,selic,5.25,432,macro,daily,% a.a.
2021-09-18,selic,5.25,432,macro,daily,% a.a.
2021-09-19,selic,5.25,432,macro,daily,% a.a.
2021-09-20,selic,5.25,432,macro,daily,% a.a.
2021-09-21,selic,5.25,432,macro,daily,% a.a.
2021-09-22,selic,5.25,432,macro,daily,% a.a.
2021-09-23,selic,6.25,432,macro,daily,% a.a.
2021-09-24,selic,6.25,432,macro,daily,% a.a.
2021-09-25,selic,6.25,432,macro,daily,% a.a.
2021-09-26,selic,6.25,432,macro,daily,% a.a.
2021-09-27,selic,6.25,432,macro,daily,% a.a.
2021-09-28,selic,6.25,432,macro,daily,% a.a.
2021-09-29,selic,6.25,432,macro,daily,% a.a.
2021-09-30,selic,6.25,432,macro,daily,% a.a.
2021-10-01,credit_balance_pf,2601017.0,20541,credito,monthly,R$ mi
2021-10-01,credit_balance_pj,1910940.0,20540,credito,monthly,R$ mi
2021-10-01,credit_grants_pf,250107.0,20633,credito,monthly,R$ mi
2021-10-01,credit_grants_pj,193742.0,20632,credito,monthly,R$ mi
2021-10-01,credit_interest_pf,1.98,25435,juros,monthly,% a.m.
2021-10-01,credit_interest_pj,1.3,25434,juros,monthly,% a.m.
2021-10-01,delinquency_card,4.83,21129,inadimplencia,monthly,%
2021-10-01,delinquency_personal,3.31,21120,inadimplencia,monthly,%
2021-10-01,delinquency_pf,2.99,21084,inadimplencia,monthly,%
2021-10-01,delinquency_pj,1.43,21083,inadimplencia,monthly,%
2021-10-01,delinquency_revolving,37.43,21127,inadimplencia,monthly,%
2021-10-01,delinquency_vehicle,3.54,21121,inadimplencia,monthly,%
2021-10-01,household_debt,48.19,29037,familias,monthly,%
2021-10-01,household_debt_ex_housing,30.0,29038,familias,monthly,%
2021-10-01,income_commitment,25.15,29034,familias,monthly,%
2021-10-01,ipca,1.25,433,macro,monthly,%
2021-10-01,real_income,12675.0,24380,macro,monthly,R$
2021-10-01,selic,6.25,432,macro,daily,% a.a.
2021-10-01,unemployment,12.1,24369,macro,monthly,%
2021-10-02,selic,6.25,432,macro,daily,% a.a.
2021-10-03,selic,6.25,432,macro,daily,% a.a.
2021-10-04,selic,6.25,432,macro,daily,% a.a.
2021-10-05,selic,6.25,432,macro,daily,% a.a.
2021-10-06,selic,6.25,432,macro,daily,% a.a.
2021-10-07,selic,6.25,432,macro,daily,% a.a.
2021-10-08,selic,6.25,432,macro,daily,% a.a.
2021-10-09,selic,6.25,432,macro,daily,% a.a.
2021-10-10,selic,6.25,432,macro,daily,% a.a.
2021-10-11,selic,6.25,432,macro,daily,% a.a.
2021-10-12,selic,6.25,432,macro,daily,% a.a.
2021-10-13,selic,6.25,432,macro,daily,% a.a.
2021-10-14,selic,6.25,432,macro,daily,% a.a.
2021-10-15,selic,6.25,432,macro,daily,% a.a.
2021-10-16,selic,6.25,432,macro,daily,% a.a.
2021-10-17,selic,6.25,432,macro,daily,% a.a.
2021-10-18,selic,6.25,432,macro,daily,% a.a.
2021-10-19,selic,6.25,432,macro,daily,% a.a.
2021-10-20,selic,6.25,432,macro,daily,% a.a.
2021-10-21,selic,6.25,432,macro,daily,% a.a.
2021-10-22,selic,6.25,432,macro,daily,% a.a.
2021-10-23,selic,6.25,432,macro,daily,% a.a.
2021-10-24,selic,6.25,432,macro,daily,% a.a.
2021-10-25,selic,6.25,432,macro,daily,% a.a.
2021-10-26,selic,6.25,432,macro,daily,% a.a.
2021-10-27,selic,6.25,432,macro,daily,% a.a.
2021-10-28,selic,7.75,432,macro,daily,% a.a.
2021-10-29,selic,7.75,432,macro,daily,% a.a.
2021-10-30,selic,7.75,432,macro,daily,% a.a.
2021-10-31,selic,7.75,432,macro,daily,% a.a.
2021-11-01,credit_balance_pf,2664395.0,20541,credito,monthly,R$ mi
2021-11-01,credit_balance_pj,1933111.0,20540,credito,monthly,R$ mi
2021-11-01,credit_grants_pf,271405.0,20633,credito,monthly,R$ mi
2021-11-01,credit_grants_pj,205002.0,20632,credito,monthly,R$ mi
2021-11-01,credit_interest_pf,2.04,25435,juros,monthly,% a.m.
2021-11-01,credit_interest_pj,1.38,25434,juros,monthly,% a.m.
2021-11-01,delinquency_card,4.78,21129,inadimplencia,monthly,%
2021-11-01,delinquency_personal,3.3,21120,inadimplencia,monthly,%
2021-11-01,delinquency_pf,3.01,21084,inadimplencia,monthly,%
2021-11-01,delinquency_pj,1.46,21083,inadimplencia,monthly,%
2021-11-01,delinquency_revolving,36.81,21127,inadimplencia,monthly,%
2021-11-01,delinquency_vehicle,3.7,21121,inadimplencia,monthly,%
2021-11-01,household_debt,48.95,29037,familias,monthly,%
2021-11-01,household_debt_ex_housing,30.6,29038,familias,monthly,%
2021-11-01,income_commitment,25.45,29034,familias,monthly,%
2021-11-01,ipca,0.95,433,macro,monthly,%
2021-11-01,real_income,12183.0,24380,macro,monthly,R$
2021-11-01,selic,7.75,432,macro,daily,% a.a.
2021-11-01,unemployment,11.6,24369,macro,monthly,%
2021-11-02,selic,7.75,432,macro,daily,% a.a.
2021-11-03,selic,7.75,432,macro,daily,% a.a.
2021-11-04,selic,7.75,432,macro,daily,% a.a.
2021-11-05,selic,7.75,432,macro,daily,% a.a.
2021-11-06,selic,7.75,432,macro,daily,% a.a.
2021-11-07,selic,7.75,432,macro,daily,% a.a.
2021-11-08,selic,7.75,432,macro,daily,% a.a.
2021-11-09,selic,7.75,432,macro,daily,% a.a.
2021-11-10,selic,7.75,432,macro,daily,% a.a.
2021-11-11,selic,7.75,432,macro,daily,% a.a.
2021-11-12,selic,7.75,432,macro,daily,% a.a.
2021-11-13,selic,7.75,432,macro,daily,% a.a.
2021-11-14,selic,7.75,432,macro,daily,% a.a.
2021-11-15,selic,7.75,432,macro,daily,% a.a.
2021-11-16,selic,7.75,432,macro,daily,% a.a.
2021-11-17,selic,7.75,432,macro,daily,% a.a.
2021-11-18,selic,7.75,432,macro,daily,% a.a.
2021-11-19,selic,7.75,432,macro,daily,% a.a.
2021-11-20,selic,7.75,432,macro,daily,% a.a.
2021-11-21,selic,7.75,432,macro,daily,% a.a.
2021-11-22,selic,7.75,432,macro,daily,% a.a.
2021-11-23,selic,7.75,432,macro,daily,% a.a.
2021-11-24,selic,7.75,432,macro,daily,% a.a.
2021-11-25,selic,7.75,432,macro,daily,% a.a.
2021-11-26,selic,7.75,432,macro,daily,% a.a.
2021-11-27,selic,7.75,432,macro,daily,% a.a.
2021-11-28,selic,7.75,432,macro,daily,% a.a.
2021-11-29,selic,7.75,432,macro,daily,% a.a.
2021-11-30,selic,7.75,432,macro,daily,% a.a.
2021-12-01,credit_balance_pf,2708461.0,20541,credito,monthly,R$ mi
2021-12-01,credit_balance_pj,1974391.0,20540,credito,monthly,R$ mi
2021-12-01,credit_grants_pf,273348.0,20633,credito,monthly,R$ mi
2021-12-01,credit_grants_pj,245662.0,20632,credito,monthly,R$ mi
2021-12-01,credit_interest_pf,2.09,25435,juros,monthly,% a.m.
2021-12-01,credit_interest_pj,1.35,25434,juros,monthly,% a.m.
2021-12-01,delinquency_card,5.0,21129,inadimplencia,monthly,%
2021-12-01,delinquency_personal,3.41,21120,inadimplencia,monthly,%
2021-12-01,delinquency_pf,3.05,21084,inadimplencia,monthly,%
2021-12-01,delinquency_pj,1.4,21083,inadimplencia,monthly,%
2021-12-01,delinquency_revolving,39.59,21127,inadimplencia,monthly,%
2021-12-01,delinquency_vehicle,3.79,21121,inadimplencia,monthly,%
2021-12-01,household_debt,49.48,29037,familias,monthly,%
2021-12-01,household_debt_ex_housing,31.03,29038,familias,monthly,%
2021-12-01,income_commitment,25.58,29034,familias,monthly,%
2021-12-01,ipca,0.73,433,macro,monthly,%
2021-12-01,real_income,11793.0,24380,macro,monthly,R$
2021-12-01,selic,7.75,432,macro,daily,% a.a.
2021-12-01,unemployment,11.1,24369,macro,monthly,%
2021-12-02,selic,7.75,432,macro,daily,% a.a.
2021-12-03,selic,7.75,432,macro,daily,% a.a.
2021-12-04,selic,7.75,432,macro,daily,% a.a.
2021-12-05,selic,7.75,432,macro,daily,% a.a.
2021-12-06,selic,7.75,432,macro,daily,% a.a.
2021-12-07,selic,7.75,432,macro,daily,% a.a.
2021-12-08,selic,7.75,432,macro,daily,% a.a.
2021-12-09,selic,9.25,432,macro,daily,% a.a.
2021-12-10,selic,9.25,432,macro,daily,% a.a.
2021-12-11,selic,9.25,432,macro,daily,% a.a.
2021-12-12,selic,9.25,432,macro,daily,% a.a.
2021-12-13,selic,9.25,432,macro,daily,% a.a.
2021-12-14,selic,9.25,432,macro,daily,% a.a.
2021-12-15,selic,9.25,432,macro,daily,% a.a.
2021-12-16,selic,9.25,432,macro,daily,% a.a.
2021-12-17,selic,9.25,432,macro,daily,% a.a.
2021-12-18,selic,9.25,432,macro,daily,% a.a.
2021-12-19,selic,9.25,432,macro,daily,% a.a.
2021-12-20,selic,9.25,432,macro,daily,% a.a.
2021-12-21,selic,9.25,432,macro,daily,% a.a.
2021-12-22,selic,9.25,432,macro,daily,% a.a.
2021-12-23,selic,9.25,432,macro,daily,% a.a.
2021-12-24,selic,9.25,432,macro,daily,% a.a.
2021-12-25,selic,9.25,432,macro,daily,% a.a.
2021-12-26,selic,9.25,432,macro,daily,% a.a.
2021-12-27,selic,9.25,432,macro,daily,% a.a.
2021-12-28,selic,9.25,432,macro,daily,% a.a.
2021-12-29,selic,9.25,432,macro,daily,% a.a.
2021-12-30,selic,9.25,432,macro,daily,% a.a.
2021-12-31,selic,9.25,432,macro,daily,% a.a.
2022-01-01,credit_balance_pf,2735096.0,20541,credito,monthly,R$ mi
2022-01-01,credit_balance_pj,1947035.0,20540,credito,monthly,R$ mi
2022-01-01,credit_grants_pf,239283.0,20633,credito,monthly,R$ mi
2022-01-01,credit_grants_pj,185292.0,20632,credito,monthly,R$ mi
2022-01-01,credit_interest_pf,2.15,25435,juros,monthly,% a.m.
2022-01-01,credit_interest_pj,1.43,25434,juros,monthly,% a.m.
2022-01-01,delinquency_card,5.49,21129,inadimplencia,monthly,%
2022-01-01,delinquency_personal,3.54,21120,inadimplencia,monthly,%
2022-01-01,delinquency_pf,3.26,21084,inadimplencia,monthly,%
2022-01-01,delinquency_pj,1.46,21083,inadimplencia,monthly,%
2022-01-01,delinquency_revolving,39.92,21127,inadimplencia,monthly,%
2022-01-01,delinquency_vehicle,4.01,21121,inadimplencia,monthly,%
2022-01-01,household_debt,49.67,29037,familias,monthly,%
2022-01-01,household_debt_ex_housing,31.21,29038,familias,monthly,%
2022-01-01,income_commitment,26.02,29034,familias,monthly,%
2022-01-01,ipca,0.54,433,macro,monthly,%
2022-01-01,real_income,11824.0,24380,macro,monthly,R$
2022-01-01,selic,9.25,432,macro,daily,% a.a.
2022-01-01,unemployment,11.2,24369,macro,monthly,%
2022-01-02,selic,9.25,432,macro,daily,% a.a.
2022-01-03,selic,9.25,432,macro,daily,% a.a.
2022-01-04,selic,9.25,432,macro,daily,% a.a.
2022-01-05,selic,9.25,432,macro,daily,% a.a.
2022-01-06,selic,9.25,432,macro,daily,% a.a.
2022-01-07,selic,9.25,432,macro,daily,% a.a.
2022-01-08,selic,9.25,432,macro,daily,% a.a.
2022-01-09,selic,9.25,432,macro,daily,% a.a.
2022-01-10,selic,9.25,432,macro,daily,% a.a.
2022-01-11,selic,9.25,432,macro,daily,% a.a.
2022-01-12,selic,9.25,432,macro,daily,% a.a.
2022-01-13,selic,9.25,432,macro,daily,% a.a.
2022-01-14,selic,9.25,432,macro,daily,% a.a.
2022-01-15,selic,9.25,432,macro,daily,% a.a.
2022-01-16,selic,9.25,432,macro,daily,% a.a.
2022-01-17,selic,9.25,432,macro,daily,% a.a.
2022-01-18,selic,9.25,432,macro,daily,% a.a.
2022-01-19,selic,9.25,432,macro,daily,% a.a.
2022-01-20,selic,9.25,432,macro,daily,% a.a.
2022-01-21,selic,9.25,432,macro,daily,% a.a.
2022-01-22,selic,9.25,432,macro,daily,% a.a.
2022-01-23,selic,9.25,432,macro,daily,% a.a.
2022-01-24,selic,9.25,432,macro,daily,% a.a.
2022-01-25,selic,9.25,432,macro,daily,% a.a.
2022-01-26,selic,9.25,432,macro,daily,% a.a.
2022-01-27,selic,9.25,432,macro,daily,% a.a.
2022-01-28,selic,9.25,432,macro,daily,% a.a.
2022-01-29,selic,9.25,432,macro,daily,% a.a.
2022-01-30,selic,9.25,432,macro,daily,% a.a.
2022-01-31,selic,9.25,432,macro,daily,% a.a.
2022-02-01,credit_balance_pf,2756295.0,20541,credito,monthly,R$ mi
2022-02-01,credit_balance_pj,1971524.0,20540,credito,monthly,R$ mi
2022-02-01,credit_grants_pf,225349.0,20633,credito,monthly,R$ mi
2022-02-01,credit_grants_pj,192368.0,20632,credito,monthly,R$ mi
2022-02-01,credit_interest_pf,2.19,25435,juros,monthly,% a.m.
2022-02-01,credit_interest_pj,1.43,25434,juros,monthly,% a.m.
2022-02-01,delinquency_card,5.79,21129,inadimplencia,monthly,%
2022-02-01,delinquency_personal,3.56,21120,inadimplencia,monthly,%
2022-02-01,delinquency_pf,3.38,21084,inadimplencia,monthly,%
2022-02-01,delinquency_pj,1.44,21083,inadimplencia,monthly,%
2022-02-01,delinquency_revolving,38.32,21127,inadimplencia,monthly,%
2022-02-01,delinquency_vehicle,4.08,21121,inadimplencia,monthly,%
2022-02-01,household_debt,49.54,29037,familias,monthly,%
2022-02-01,household_debt_ex_housing,31.1,29038,familias,monthly,%
2022-02-01,income_commitment,25.65,29034,familias,monthly,%
2022-02-01,ipca,1.01,433,macro,monthly,%
2022-02-01,real_income,11791.0,24380,macro,monthly,R$
2022-02-01,selic,9.25,432,macro,daily,% a.a.
2022-02-01,unemployment,11.2,24369,macro,monthly,%
2022-02-02,selic,9.25,432,macro,daily,% a.a.
2022-02-03,selic,10.75,432,macro,daily,% a.a.
2022-02-04,selic,10.75,432,macro,daily,% a.a.
2022-02-05,selic,10.75,432,macro,daily,% a.a.
2022-02-06,selic,10.75,432,macro,daily,% a.a.
2022-02-07,selic,10.75,432,macro,daily,% a.a.
2022-02-08,selic,10.75,432,macro,daily,% a.a.
2022-02-09,selic,10.75,432,macro,daily,% a.a.
2022-02-10,selic,10.75,432,macro,daily,% a.a.
2022-02-11,selic,10.75,432,macro,daily,% a.a.
2022-02-12,selic,10.75,432,macro,daily,% a.a.
2022-02-13,selic,10.75,432,macro,daily,% a.a.
2022-02-14,selic,10.75,432,macro,daily,% a.a.
2022-02-15,selic,10.75,432,macro,daily,% a.a.
2022-02-16,selic,10.75,432,macro,daily,% a.a.
2022-02-17,selic,10.75,432,macro,daily,% a.a.
2022-02-18,selic,10.75,432,macro,daily,% a.a.
2022-02-19,selic,10.75,432,macro,daily,% a.a.
2022-02-20,selic,10.75,432,macro,daily,% a.a.
2022-02-21,selic,10.75,432,macro,daily,% a.a.
2022-02-22,selic,10.75,432,macro,daily,% a.a.
2022-02-23,selic,10.75,432,macro,daily,% a.a.
2022-02-24,selic,10.75,432,macro,daily,% a.a.
2022-02-25,selic,10.75,432,macro,daily,% a.a.
2022-02-26,selic,10.75,432,macro,daily,% a.a.
2022-02-27,selic,10.75,432,macro,daily,% a.a.
2022-02-28,selic,10.75,432,macro,daily,% a.a.
2022-03-01,credit_balance_pf,2800464.0,20541,credito,monthly,R$ mi
2022-03-01,credit_balance_pj,1994119.0,20540,credito,monthly,R$ mi
2022-03-01,credit_grants_pf,275124.0,20633,credito,monthly,R$ mi
2022-03-01,credit_grants_pj,257795.0,20632,credito,monthly,R$ mi
2022-03-01,credit_interest_pf,2.28,25435,juros,monthly,% a.m.
2022-03-01,credit_interest_pj,1.45,25434,juros,monthly,% a.m.
2022-03-01,delinquency_card,5.86,21129,inadimplencia,monthly,%
2022-03-01,delinquency_personal,3.66,21120,inadimplencia,monthly,%
2022-03-01,delinquency_pf,3.45,21084,inadimplencia,monthly,%
2022-03-01,delinquency_pj,1.55,21083,inadimplencia,monthly,%
2022-03-01,delinquency_revolving,41.36,21127,inadimplencia,monthly,%
2022-03-01,delinquency_vehicle,4.29,21121,inadimplencia,monthly,%
2022-03-01,household_debt,49.6,29037,familias,monthly,%
2022-03-01,household_debt_ex_housing,31.14,29038,familias,monthly,%
2022-03-01,income_commitment,25.4,29034,familias,monthly,%
2022-03-01,ipca,1.62,433,macro,monthly,%
2022-03-01,real_income,11725.0,24380,macro,monthly,R$
2022-03-01,selic,10.75,432,macro,daily,% a.a.
2022-03-01,unemployment,11.1,24369,macro,monthly,%
2022-03-02,selic,10.75,432,macro,daily,% a.a.
2022-03-03,selic,10.75,432,macro,daily,% a.a.
2022-03-04,selic,10.75,432,macro,daily,% a.a.
2022-03-05,selic,10.75,432,macro,daily,% a.a.
2022-03-06,selic,10.75,432,macro,daily,% a.a.
2022-03-07,selic,10.75,432,macro,daily,% a.a.
2022-03-08,selic,10.75,432,macro,daily,% a.a.
2022-03-09,selic,10.75,432,macro,daily,% a.a.
2022-03-10,selic,10.75,432,macro,daily,% a.a.
2022-03-11,selic,10.75,432,macro,daily,% a.a.
2022-03-12,selic,10.75,432,macro,daily,% a.a.
2022-03-13,selic,10.75,432,macro,daily,% a.a.
2022-03-14,selic,10.75,432,macro,daily,% a.a.
2022-03-15,selic,10.75,432,macro,daily,% a.a.
2022-03-16,selic,10.75,432,macro,daily,% a.a.
2022-03-17,selic,11.75,432,macro,daily,% a.a.
2022-03-18,selic,11.75,432,macro,daily,% a.a.
2022-03-19,selic,11.75,432,macro,daily,% a.a.
2022-03-20,selic,11.75,432,macro,daily,% a.a.
2022-03-21,selic,11.75,432,macro,daily,% a.a.
2022-03-22,selic,11.75,432,macro,daily,% a.a.
2022-03-23,selic,11.75,432,macro,daily,% a.a.
2022-03-24,selic,11.75,432,macro,daily,% a.a.
2022-03-25,selic,11.75,432,macro,daily,% a.a.
2022-03-26,selic,11.75,432,macro,daily,% a.a.
2022-03-27,selic,11.75,432,macro,daily,% a.a.
2022-03-28,selic,11.75,432,macro,daily,% a.a.
2022-03-29,selic,11.75,432,macro,daily,% a.a.
2022-03-30,selic,11.75,432,macro,daily,% a.a.
2022-03-31,selic,11.75,432,macro,daily,% a.a.
2022-04-01,credit_balance_pf,2830420.0,20541,credito,monthly,R$ mi
2022-04-01,credit_balance_pj,2003312.0,20540,credito,monthly,R$ mi
2022-04-01,credit_grants_pf,267797.0,20633,credito,monthly,R$ mi
2022-04-01,credit_grants_pj,211435.0,20632,credito,monthly,R$ mi
2022-04-01,credit_interest_pf,2.3,25435,juros,monthly,% a.m.
2022-04-01,credit_interest_pj,1.57,25434,juros,monthly,% a.m.
2022-04-01,delinquency_card,6.33,21129,inadimplencia,monthly,%
2022-04-01,delinquency_personal,3.66,21120,inadimplencia,monthly,%
2022-04-01,delinquency_pf,3.54,21084,inadimplencia,monthly,%
2022-04-01,delinquency_pj,1.57,21083,inadimplencia,monthly,%
2022-04-01,delinquency_revolving,43.03,21127,inadimplencia,monthly,%
2022-04-01,delinquency_vehicle,4.51,21121,inadimplencia,monthly,%
2022-04-01,household_debt,49.67,29037,familias,monthly,%
2022-04-01,household_debt_ex_housing,31.34,29038,familias,monthly,%
2022-04-01,income_commitment,25.6,29034,familias,monthly,%
2022-04-01,ipca,1.06,433,macro,monthly,%
2022-04-01,real_income,11137.0,24380,macro,monthly,R$
2022-04-01,selic,11.75,432,macro,daily,% a.a.
2022-04-01,unemployment,10.5,24369,macro,monthly,%
2022-04-02,selic,11.75,432,macro,daily,% a.a.
2022-04-03,selic,11.75,432,macro,daily,% a.a.
2022-04-04,selic,11.75,432,macro,daily,% a.a.
2022-04-05,selic,11.75,432,macro,daily,% a.a.
2022-04-06,selic,11.75,432,macro,daily,% a.a.
2022-04-07,selic,11.75,432,macro,daily,% a.a.
2022-04-08,selic,11.75,432,macro,daily,% a.a.
2022-04-09,selic,11.75,432,macro,daily,% a.a.
2022-04-10,selic,11.75,432,macro,daily,% a.a.
2022-04-11,selic,11.75,432,macro,daily,% a.a.
2022-04-12,selic,11.75,432,macro,daily,% a.a.
2022-04-13,selic,11.75,432,macro,daily,% a.a.
2022-04-14,selic,11.75,432,macro,daily,% a.a.
2022-04-15,selic,11.75,432,macro,daily,% a.a.
2022-04-16,selic,11.75,432,macro,daily,% a.a.
2022-04-17,selic,11.75,432,macro,daily,% a.a.
2022-04-18,selic,11.75,432,macro,daily,% a.a.
2022-04-19,selic,11.75,432,macro,daily,% a.a.
2022-04-20,selic,11.75,432,macro,daily,% a.a.
2022-04-21,selic,11.75,432,macro,daily,% a.a.
2022-04-22,selic,11.75,432,macro,daily,% a.a.
2022-04-23,selic,11.75,432,macro,daily,% a.a.
2022-04-24,selic,11.75,432,macro,daily,% a.a.
2022-04-25,selic,11.75,432,macro,daily,% a.a.
2022-04-26,selic,11.75,432,macro,daily,% a.a.
2022-04-27,selic,11.75,432,macro,daily,% a.a.
2022-04-28,selic,11.75,432,macro,daily,% a.a.
2022-04-29,selic,11.75,432,macro,daily,% a.a.
2022-04-30,selic,11.75,432,macro,daily,% a.a.
2022-05-01,credit_balance_pf,2875671.0,20541,credito,monthly,R$ mi
2022-05-01,credit_balance_pj,2013726.0,20540,credito,monthly,R$ mi
2022-05-01,credit_grants_pf,290873.0,20633,credito,monthly,R$ mi
2022-05-01,credit_grants_pj,233711.0,20632,credito,monthly,R$ mi
2022-05-01,credit_interest_pf,2.34,25435,juros,monthly,% a.m.
2022-05-01,credit_interest_pj,1.49,25434,juros,monthly,% a.m.
2022-05-01,delinquency_card,6.58,21129,inadimplencia,monthly,%
2022-05-01,delinquency_personal,3.81,21120,inadimplencia,monthly,%
2022-05-01,delinquency_pf,3.65,21084,inadimplencia,monthly,%
2022-05-01,delinquency_pj,1.57,21083,inadimplencia,monthly,%
2022-05-01,delinquency_revolving,45.15,21127,inadimplencia,monthly,%
2022-05-01,delinquency_vehicle,4.81,21121,inadimplencia,monthly,%
2022-05-01,household_debt,49.56,29037,familias,monthly,%
2022-05-01,household_debt_ex_housing,31.29,29038,familias,monthly,%
2022-05-01,income_commitment,25.45,29034,familias,monthly,%
2022-05-01,ipca,0.47,433,macro,monthly,%
2022-05-01,real_income,10434.0,24380,macro,monthly,R$
2022-05-01,selic,11.75,432,macro,daily,% a.a.
2022-05-01,unemployment,9.8,24369,macro,monthly,%
2022-05-02,selic,11.75,432,macro,daily,% a.a.
2022-05-03,selic,11.75,432,macro,daily,% a.a.
2022-05-04,selic,11.75,432,macro,daily,% a.a.
2022-05-05,selic,12.75,432,macro,daily,% a.a.
2022-05-06,selic,12.75,432,macro,daily,% a.a.
2022-05-07,selic,12.75,432,macro,daily,% a.a.
2022-05-08,selic,12.75,432,macro,daily,% a.a.
2022-05-09,selic,12.75,432,macro,daily,% a.a.
2022-05-10,selic,12.75,432,macro,daily,% a.a.
2022-05-11,selic,12.75,432,macro,daily,% a.a.
2022-05-12,selic,12.75,432,macro,daily,% a.a.
2022-05-13,selic,12.75,432,macro,daily,% a.a.
2022-05-14,selic,12.75,432,macro,daily,% a.a.
2022-05-15,selic,12.75,432,macro,daily,% a.a.
2022-05-16,selic,12.75,432,macro,daily,% a.a.
2022-05-17,selic,12.75,432,macro,daily,% a.a.
2022-05-18,selic,12.75,432,macro,daily,% a.a.
2022-05-19,selic,12.75,432,macro,daily,% a.a.
2022-05-20,selic,12.75,432,macro,daily,% a.a.
2022-05-21,selic,12.75,432,macro,daily,% a.a.
2022-05-22,selic,12.75,432,macro,daily,% a.a.
2022-05-23,selic,12.75,432,macro,daily,% a.a.
2022-05-24,selic,12.75,432,macro,daily,% a.a.
2022-05-25,selic,12.75,432,macro,daily,% a.a.
2022-05-26,selic,12.75,432,macro,daily,% a.a.
2022-05-27,selic,12.75,432,macro,daily,% a.a.
2022-05-28,selic,12.75,432,macro,daily,% a.a.
2022-05-29,selic,12.75,432,macro,daily,% a.a.
2022-05-30,selic,12.75,432,macro,daily,% a.a.
2022-05-31,selic,12.75,432,macro,daily,% a.a.
2022-06-01,credit_balance_pf,2913035.0,20541,credito,monthly,R$ mi
2022-06-01,credit_balance_pj,2052569.0,20540,credito,monthly,R$ mi
2022-06-01,credit_grants_pf,287826.0,20633,credito,monthly,R$ mi
2022-06-01,credit_grants_pj,237261.0,20632,credito,monthly,R$ mi
2022-06-01,credit_interest_pf,2.38,25435,juros,monthly,% a.m.
2022-06-01,credit_interest_pj,1.51,25434,juros,monthly,% a.m.
2022-06-01,delinquency_card,6.64,21129,inadimplencia,monthly,%
2022-06-01,delinquency_personal,3.81,21120,inadimplencia,monthly,%
2022-06-01,delinquency_pf,3.57,21084,inadimplencia,monthly,%
2022-06-01,delinquency_pj,1.52,21083,inadimplencia,monthly,%
2022-06-01,delinquency_revolving,44.37,21127,inadimplencia,monthly,%
2022-06-01,delinquency_vehicle,4.84,21121,inadimplencia,monthly,%
2022-06-01,household_debt,49.67,29037,familias,monthly,%
2022-06-01,household_debt_ex_housing,31.36,29038,familias,monthly,%
2022-06-01,income_commitment,25.96,29034,familias,monthly,%
2022-06-01,ipca,0.67,433,macro,monthly,%
2022-06-01,real_income,9895.0,24380,macro,monthly,R$
2022-06-01,selic,12.75,432,macro,daily,% a.a.
2022-06-01,unemployment,9.3,24369,macro,monthly,%
2022-06-02,selic,12.75,432,macro,daily,% a.a.
2022-06-03,selic,12.75,432,macro,daily,% a.a.
2022-06-04,selic,12.75,432,macro,daily,% a.a.
2022-06-05,selic,12.75,432,macro,daily,% a.a.
2022-06-06,selic,12.75,432,macro,daily,% a.a.
2022-06-07,selic,12.75,432,macro,daily,% a.a.
2022-06-08,selic,12.75,432,macro,daily,% a.a.
2022-06-09,selic,12.75,432,macro,daily,% a.a.
2022-06-10,selic,12.75,432,macro,daily,% a.a.
2022-06-11,selic,12.75,432,macro,daily,% a.a.
2022-06-12,selic,12.75,432,macro,daily,% a.a.
2022-06-13,selic,12.75,432,macro,daily,% a.a.
2022-06-14,selic,12.75,432,macro,daily,% a.a.
2022-06-15,selic,12.75,432,macro,daily,% a.a.
2022-06-16,selic,13.25,432,macro,daily,% a.a.
2022-06-17,selic,13.25,432,macro,daily,% a.a.
2022-06-18,selic,13.25,432,macro,daily,% a.a.
2022-06-19,selic,13.25,432,macro,daily,% a.a.
2022-06-20,selic,13.25,432,macro,daily,% a.a.
2022-06-21,selic,13.25,432,macro,daily,% a.a.
2022-06-22,selic,13.25,432,macro,daily,% a.a.
2022-06-23,selic,13.25,432,macro,daily,% a.a.
2022-06-24,selic,13.25,432,macro,daily,% a.a.
2022-06-25,selic,13.25,432,macro,daily,% a.a.
2022-06-26,selic,13.25,432,macro,daily,% a.a.
2022-06-27,selic,13.25,432,macro,daily,% a.a.
2022-06-28,selic,13.25,432,macro,daily,% a.a.
2022-06-29,selic,13.25,432,macro,daily,% a.a.
2022-06-30,selic,13.25,432,macro,daily,% a.a.
2022-07-01,credit_balance_pf,2952207.0,20541,credito,monthly,R$ mi
2022-07-01,credit_balance_pj,2047038.0,20540,credito,monthly,R$ mi
2022-07-01,credit_grants_pf,291986.0,20633,credito,monthly,R$ mi
2022-07-01,credit_grants_pj,217421.0,20632,credito,monthly,R$ mi
2022-07-01,credit_interest_pf,2.45,25435,juros,monthly,% a.m.
2022-07-01,credit_interest_pj,1.63,25434,juros,monthly,% a.m.
2022-07-01,delinquency_card,7.1,21129,inadimplencia,monthly,%
2022-07-01,delinquency_personal,3.91,21120,inadimplencia,monthly,%
2022-07-01,delinquency_pf,3.71,21084,inadimplencia,monthly,%
2022-07-01,delinquency_pj,1.6,21083,inadimplencia,monthly,%
2022-07-01,delinquency_revolving,46.26,21127,inadimplencia,monthly,%
2022-07-01,delinquency_vehicle,4.99,21121,inadimplencia,monthly,%
2022-07-01,household_debt,49.89,29037,familias,monthly,%
2022-07-01,household_debt_ex_housing,31.5,29038,familias,monthly,%
2022-07-01,income_commitment,26.5,29034,familias,monthly,%
2022-07-01,ipca,-0.68,433,macro,monthly,%
2022-07-01,real_income,9700.0,24380,macro,monthly,R$
2022-07-01,selic,13.25,432,macro,daily,% a.a.
2022-07-01,unemployment,9.1,24369,macro,monthly,%
2022-07-02,selic,13.25,432,macro,daily,% a.a.
2022-07-03,selic,13.25,432,macro,daily,% a.a.
2022-07-04,selic,13.25,432,macro,daily,% a.a.
2022-07-05,selic,13.25,432,macro,daily,% a.a.
2022-07-06,selic,13.25,432,macro,daily,% a.a.
2022-07-07,selic,13.25,432,macro,daily,% a.a.
2022-07-08,selic,13.25,432,macro,daily,% a.a.
2022-07-09,selic,13.25,432,macro,daily,% a.a.
2022-07-10,selic,13.25,432,macro,daily,% a.a.
2022-07-11,selic,13.25,432,macro,daily,% a.a.
2022-07-12,selic,13.25,432,macro,daily,% a.a.
2022-07-13,selic,13.25,432,macro,daily,% a.a.
2022-07-14,selic,13.25,432,macro,daily,% a.a.
2022-07-15,selic,13.25,432,macro,daily,% a.a.
2022-07-16,selic,13.25,432,macro,daily,% a.a.
2022-07-17,selic,13.25,432,macro,daily,% a.a.
2022-07-18,selic,13.25,432,macro,daily,% a.a.
2022-07-19,selic,13.25,432,macro,daily,% a.a.
2022-07-20,selic,13.25,432,macro,daily,% a.a.
2022-07-21,selic,13.25,432,macro,daily,% a.a.
2022-07-22,selic,13.25,432,macro,daily,% a.a.
2022-07-23,selic,13.25,432,macro,daily,% a.a.
2022-07-24,selic,13.25,432,macro,daily,% a.a.
2022-07-25,selic,13.25,432,macro,daily,% a.a.
2022-07-26,selic,13.25,432,macro,daily,% a.a.
2022-07-27,selic,13.25,432,macro,daily,% a.a.
2022-07-28,selic,13.25,432,macro,daily,% a.a.
2022-07-29,selic,13.25,432,macro,daily,% a.a.
2022-07-30,selic,13.25,432,macro,daily,% a.a.
2022-07-31,selic,13.25,432,macro,daily,% a.a.
2022-08-01,credit_balance_pf,3008528.0,20541,credito,monthly,R$ mi
2022-08-01,credit_balance_pj,2064183.0,20540,credito,monthly,R$ mi
2022-08-01,credit_grants_pf,319342.0,20633,credito,monthly,R$ mi
2022-08-01,credit_grants_pj,244542.0,20632,credito,monthly,R$ mi
2022-08-01,credit_interest_pf,2.47,25435,juros,monthly,% a.m.
2022-08-01,credit_interest_pj,1.46,25434,juros,monthly,% a.m.
2022-08-01,delinquency_card,7.33,21129,inadimplencia,monthly,%
2022-08-01,delinquency_personal,3.97,21120,inadimplencia,monthly,%
2022-08-01,delinquency_pf,3.78,21084,inadimplencia,monthly,%
2022-08-01,delinquency_pj,1.62,21083,inadimplencia,monthly,%
2022-08-01,delinquency_revolving,46.97,21127,inadimplencia,monthly,%
2022-08-01,delinquency_vehicle,5.14,21121,inadimplencia,monthly,%
2022-08-01,household_debt,49.66,29037,familias,monthly,%
2022-08-01,household_debt_ex_housing,31.42,29038,familias,monthly,%
2022-08-01,income_commitment,26.91,29034,familias,monthly,%
2022-08-01,ipca,-0.36,433,macro,monthly,%
2022-08-01,real_income,9506.0,24380,macro,monthly,R$
2022-08-01,selic,13.25,432,macro,daily,% a.a.
2022-08-01,unemployment,8.9,24369,macro,monthly,%
2022-08-02,selic,13.25,432,macro,daily,% a.a.
2022-08-03,selic,13.25,432,macro,daily,% a.a.
2022-08-04,selic,13.75,432,macro,daily,% a.a.
2022-08-05,selic,13.75,432,macro,daily,% a.a.
2022-08-06,selic,13.75,432,macro,daily,% a.a.
2022-08-07,selic,13.75,432,macro,daily,% a.a.
2022-08-08,selic,13.75,432,macro,daily,% a.a.
2022-08-09,selic,13.75,432,macro,daily,% a.a.
2022-08-10,selic,13.75,432,macro,daily,% a.a.
2022-08-11,selic,13.75,432,macro,daily,% a.a.
2022-08-12,selic,13.75,432,macro,daily,% a.a.
2022-08-13,selic,13.75,432,macro,daily,% a.a.
2022-08-14,selic,13.75,432,macro,daily,% a.a.
2022-08-15,selic,13.75,432,macro,daily,% a.a.
2022-08-16,selic,13.75,432,macro,daily,% a.a.
2022-08-17,selic,13.75,432,macro,daily,% a.a.
2022-08-18,selic,13.75,432,macro,daily,% a.a.
2022-08-19,selic,13.75,432,macro,daily,% a.a.
2022-08-20,selic,13.75,432,macro,daily,% a.a.
2022-08-21,selic,13.75,432,macro,daily,% a.a.
2022-08-22,selic,13.75,432,macro,daily,% a.a.
2022-08-23,selic,13.75,432,macro,daily,% a.a.
2022-08-24,selic,13.75,432,macro,daily,% a.a.
2022-08-25,selic,13.75,432,macro,daily,% a.a.
2022-08-26,selic,13.75,432,macro,daily,% a.a.
2022-08-27,selic,13.75,432,macro,daily,% a.a.
2022-08-28,selic,13.75,432,macro,daily,% a.a.
2022-08-29,selic,13.75,432,macro,daily,% a.a.
2022-08-30,selic,13.75,432,macro,daily,% a.a.
2022-08-31,selic,13.75,432,macro,daily,% a.a.
2022-09-01,credit_balance_pf,3054969.0,20541,credito,monthly,R$ mi
2022-09-01,credit_balance_pj,2109806.0,20540,credito,monthly,R$ mi
2022-09-01,credit_grants_pf,306060.0,20633,credito,monthly,R$ mi
2022-09-01,credit_grants_pj,245787.0,20632,credito,monthly,R$ mi
2022-09-01,credit_interest_pf,2.45,25435,juros,monthly,% a.m.
2022-09-01,credit_interest_pj,1.48,25434,juros,monthly,% a.m.
2022-09-01,delinquency_card,7.61,21129,inadimplencia,monthly,%
2022-09-01,delinquency_personal,3.92,21120,inadimplencia,monthly,%
2022-09-01,delinquency_pf,3.8,21084,inadimplencia,monthly,%
2022-09-01,delinquency_pj,1.65,21083,inadimplencia,monthly,%
2022-09-01,delinquency_revolving,46.24,21127,inadimplencia,monthly,%
2022-09-01,delinquency_vehicle,5.23,21121,inadimplencia,monthly,%
2022-09-01,household_debt,49.59,29037,familias,monthly,%
2022-09-01,household_debt_ex_housing,31.39,29038,familias,monthly,%
2022-09-01,income_commitment,27.17,29034,familias,monthly,%
2022-09-01,ipca,-0.29,433,macro,monthly,%
2022-09-01,real_income,9273.0,24380,macro,monthly,R$
2022-09-01,selic,13.75,432,macro,daily,% a.a.
2022-09-01,unemployment,8.7,24369,macro,monthly,%
2022-09-02,selic,13.75,432,macro,daily,% a.a.
2022-09-03,selic,13.75,432,macro,daily,% a.a.
2022-09-04,selic,13.75,432,macro,daily,% a.a.
2022-09-05,selic,13.75,432,macro,daily,% a.a.
2022-09-06,selic,13.75,432,macro,daily,% a.a.
2022-09-07,selic,13.75,432,macro,daily,% a.a.
2022-09-08,selic,13.75,432,macro,daily,% a.a.
2022-09-09,selic,13.75,432,macro,daily,% a.a.
2022-09-10,selic,13.75,432,macro,daily,% a.a.
2022-09-11,selic,13.75,432,macro,daily,% a.a.
2022-09-12,selic,13.75,432,macro,daily,% a.a.
2022-09-13,selic,13.75,432,macro,daily,% a.a.
2022-09-14,selic,13.75,432,macro,daily,% a.a.
2022-09-15,selic,13.75,432,macro,daily,% a.a.
2022-09-16,selic,13.75,432,macro,daily,% a.a.
2022-09-17,selic,13.75,432,macro,daily,% a.a.
2022-09-18,selic,13.75,432,macro,daily,% a.a.
2022-09-19,selic,13.75,432,macro,daily,% a.a.
2022-09-20,selic,13.75,432,macro,daily,% a.a.
2022-09-21,selic,13.75,432,macro,daily,% a.a.
2022-09-22,selic,13.75,432,macro,daily,% a.a.
2022-09-23,selic,13.75,432,macro,daily,% a.a.
2022-09-24,selic,13.75,432,macro,daily,% a.a.
2022-09-25,selic,13.75,432,macro,daily,% a.a.
2022-09-26,selic,13.75,432,macro,daily,% a.a.
2022-09-27,selic,13.75,432,macro,daily,% a.a.
2022-09-28,selic,13.75,432,macro,daily,% a.a.
2022-09-29,selic,13.75,432,macro,daily,% a.a.
2022-09-30,selic,13.75,432,macro,daily,% a.a.
2022-10-01,credit_balance_pf,3110134.0,20541,credito,monthly,R$ mi
2022-10-01,credit_balance_pj,2105856.0,20540,credito,monthly,R$ mi
2022-10-01,credit_grants_pf,306122.0,20633,credito,monthly,R$ mi
2022-10-01,credit_grants_pj,218632.0,20632,credito,monthly,R$ mi
2022-10-01,credit_interest_pf,2.55,25435,juros,monthly,% a.m.
2022-10-01,credit_interest_pj,1.51,25434,juros,monthly,% a.m.
2022-10-01,delinquency_card,7.87,21129,inadimplencia,monthly,%
2022-10-01,delinquency_personal,3.92,21120,inadimplencia,monthly,%
2022-10-01,delinquency_pf,3.89,21084,inadimplencia,monthly,%
2022-10-01,delinquency_pj,1.77,21083,inadimplencia,monthly,%
2022-10-01,delinquency_revolving,47.19,21127,inadimplencia,monthly,%
2022-10-01,delinquency_vehicle,5.4,21121,inadimplencia,monthly,%
2022-10-01,household_debt,49.76,29037,familias,monthly,%
2022-10-01,household_debt_ex_housing,31.59,29038,familias,monthly,%
2022-10-01,income_commitment,27.21,29034,familias,monthly,%
2022-10-01,ipca,0.59,433,macro,monthly,%
2022-10-01,real_income,8841.0,24380,macro,monthly,R$
2022-10-01,selic,13.75,432,macro,daily,% a.a.
2022-10-01,unemployment,8.3,24369,macro,monthly,%
2022-10-02,selic,13.75,432,macro,daily,% a.a.
2022-10-03,selic,13.75,432,macro,daily,% a.a.
2022-10-04,selic,13.75,432,macro,daily,% a.a.
2022-10-05,selic,13.75,432,macro,daily,% a.a.
2022-10-06,selic,13.75,432,macro,daily,% a.a.
2022-10-07,selic,13.75,432,macro,daily,% a.a.
2022-10-08,selic,13.75,432,macro,daily,% a.a.
2022-10-09,selic,13.75,432,macro,daily,% a.a.
2022-10-10,selic,13.75,432,macro,daily,% a.a.
2022-10-11,selic,13.75,432,macro,daily,% a.a.
2022-10-12,selic,13.75,432,macro,daily,% a.a.
2022-10-13,selic,13.75,432,macro,daily,% a.a.
2022-10-14,selic,13.75,432,macro,daily,% a.a.
2022-10-15,selic,13.75,432,macro,daily,% a.a.
2022-10-16,selic,13.75,432,macro,daily,% a.a.
2022-10-17,selic,13.75,432,macro,daily,% a.a.
2022-10-18,selic,13.75,432,macro,daily,% a.a.
2022-10-19,selic,13.75,432,macro,daily,% a.a.
2022-10-20,selic,13.75,432,macro,daily,% a.a.
2022-10-21,selic,13.75,432,macro,daily,% a.a.
2022-10-22,selic,13.75,432,macro,daily,% a.a.
2022-10-23,selic,13.75,432,macro,daily,% a.a.
2022-10-24,selic,13.75,432,macro,daily,% a.a.
2022-10-25,selic,13.75,432,macro,daily,% a.a.
2022-10-26,selic,13.75,432,macro,daily,% a.a.
2022-10-27,selic,13.75,432,macro,daily,% a.a.
2022-10-28,selic,13.75,432,macro,daily,% a.a.
2022-10-29,selic,13.75,432,macro,daily,% a.a.
2022-10-30,selic,13.75,432,macro,daily,% a.a.
2022-10-31,selic,13.75,432,macro,daily,% a.a.
2022-11-01,credit_balance_pf,3155345.0,20541,credito,monthly,R$ mi
2022-11-01,credit_balance_pj,2130312.0,20540,credito,monthly,R$ mi
2022-11-01,credit_grants_pf,288189.0,20633,credito,monthly,R$ mi
2022-11-01,credit_grants_pj,224925.0,20632,credito,monthly,R$ mi
2022-11-01,credit_interest_pf,2.6,25435,juros,monthly,% a.m.
2022-11-01,credit_interest_pj,1.54,25434,juros,monthly,% a.m.
2022-11-01,delinquency_card,7.84,21129,inadimplencia,monthly,%
2022-11-01,delinquency_personal,3.96,21120,inadimplencia,monthly,%
2022-11-01,delinquency_pf,3.92,21084,inadimplencia,monthly,%
2022-11-01,delinquency_pj,1.81,21083,inadimplencia,monthly,%
2022-11-01,delinquency_revolving,46.86,21127,inadimplencia,monthly,%
2022-11-01,delinquency_vehicle,5.55,21121,inadimplencia,monthly,%
2022-11-01,household_debt,49.51,29037,familias,monthly,%
2022-11-01,household_debt_ex_housing,31.44,29038,familias,monthly,%
2022-11-01,income_commitment,27.32,29034,familias,monthly,%
2022-11-01,ipca,0.41,433,macro,monthly,%
2022-11-01,real_income,8572.0,24380,macro,monthly,R$
2022-11-01,selic,13.75,432,macro,daily,% a.a.
2022-11-01,unemployment,8.1,24369,macro,monthly,%
2022-11-02,selic,13.75,432,macro,daily,% a.a.
2022-11-03,selic,13.75,432,macro,daily,% a.a.
2022-11-04,selic,13.75,432,macro,daily,% a.a.
2022-11-05,selic,13.75,432,macro,daily,% a.a.
2022-11-06,selic,13.75,432,macro,daily,% a.a.
2022-11-07,selic,13.75,432,macro,daily,% a.a.
2022-11-08,selic,13.75,432,macro,daily,% a.a.
2022-11-09,selic,13.75,432,macro,daily,% a.a.
2022-11-10,selic,13.75,432,macro,daily,% a.a.
2022-11-11,selic,13.75,432,macro,daily,% a.a.
2022-11-12,selic,13.75,432,macro,daily,% a.a.
2022-11-13,selic,13.75,432,macro,daily,% a.a.
2022-11-14,selic,13.75,432,macro,daily,% a.a.
2022-11-15,selic,13.75,432,macro,daily,% a.a.
2022-11-16,selic,13.75,432,macro,daily,% a.a.
2022-11-17,selic,13.75,432,macro,daily,% a.a.
2022-11-18,selic,13.75,432,macro,daily,% a.a.
2022-11-19,selic,13.75,432,macro,daily,% a.a.
2022-11-20,selic,13.75,432,macro,daily,% a.a.
2022-11-21,selic,13.75,432,macro,daily,% a.a.
2022-11-22,selic,13.75,432,macro,daily,% a.a.
2022-11-23,selic,13.75,432,macro,daily,% a.a.
2022-11-24,selic,13.75,432,macro,daily,% a.a.
2022-11-25,selic,13.75,432,macro,daily,% a.a.
2022-11-26,selic,13.75,432,macro,daily,% a.a.
2022-11-27,selic,13.75,432,macro,daily,% a.a.
2022-11-28,selic,13.75,432,macro,daily,% a.a.
2022-11-29,selic,13.75,432,macro,daily,% a.a.
2022-11-30,selic,13.75,432,macro,daily,% a.a.
2022-12-01,credit_balance_pf,3187833.0,20541,credito,monthly,R$ mi
2022-12-01,credit_balance_pj,2178236.0,20540,credito,monthly,R$ mi
2022-12-01,credit_grants_pf,288643.0,20633,credito,monthly,R$ mi
2022-12-01,credit_grants_pj,268687.0,20632,credito,monthly,R$ mi
2022-12-01,credit_interest_pf,2.52,25435,juros,monthly,% a.m.
2022-12-01,credit_interest_pj,1.53,25434,juros,monthly,% a.m.
2022-12-01,delinquency_card,7.94,21129,inadimplencia,monthly,%
2022-12-01,delinquency_personal,4.01,21120,inadimplencia,monthly,%
2022-12-01,delinquency_pf,3.94,21084,inadimplencia,monthly,%
2022-12-01,delinquency_pj,1.8,21083,inadimplencia,monthly,%
2022-12-01,delinquency_revolving,48.89,21127,inadimplencia,monthly,%
2022-12-01,delinquency_vehicle,5.46,21121,inadimplencia,monthly,%
2022-12-01,household_debt,49.14,29037,familias,monthly,%
2022-12-01,household_debt_ex_housing,31.16,29038,familias,monthly,%
2022-12-01,income_commitment,27.57,29034,familias,monthly,%
2022-12-01,ipca,0.62,433,macro,monthly,%
2022-12-01,real_income,8410.0,24380,macro,monthly,R$
2022-12-01,selic,13.75,432,macro,daily,% a.a.
2022-12-01,unemployment,7.9,24369,macro,monthly,%
2022-12-02,selic,13.75,432,macro,daily,% a.a.
2022-12-03,selic,13.75,432,macro,daily,% a.a.
2022-12-04,selic,13.75,432,macro,daily,% a.a.
2022-12-05,selic,13.75,432,macro,daily,% a.a.
2022-12-06,selic,13.75,432,macro,daily,% a.a.
2022-12-07,selic,13.75,432,macro,daily,% a.a.
2022-12-08,selic,13.75,432,macro,daily,% a.a.
2022-12-09,selic,13.75,432,macro,daily,% a.a.
2022-12-10,selic,13.75,432,macro,daily,% a.a.
2022-12-11,selic,13.75,432,macro,daily,% a.a.
2022-12-12,selic,13.75,432,macro,daily,% a.a.
2022-12-13,selic,13.75,432,macro,daily,% a.a.
2022-12-14,selic,13.75,432,macro,daily,% a.a.
2022-12-15,selic,13.75,432,macro,daily,% a.a.
2022-12-16,selic,13.75,432,macro,daily,% a.a.
2022-12-17,selic,13.75,432,macro,daily,% a.a.
2022-12-18,selic,13.75,432,macro,daily,% a.a.
2022-12-19,selic,13.75,432,macro,daily,% a.a.
2022-12-20,selic,13.75,432,macro,daily,% a.a.
2022-12-21,selic,13.75,432,macro,daily,% a.a.
2022-12-22,selic,13.75,432,macro,daily,% a.a.
2022-12-23,selic,13.75,432,macro,daily,% a.a.
2022-12-24,selic,13.75,432,macro,daily,% a.a.
2022-12-25,selic,13.75,432,macro,daily,% a.a.
2022-12-26,selic,13.75,432,macro,daily,% a.a.
2022-12-27,selic,13.75,432,macro,daily,% a.a.
2022-12-28,selic,13.75,432,macro,daily,% a.a.
2022-12-29,selic,13.75,432,macro,daily,% a.a.
2022-12-30,selic,13.75,432,macro,daily,% a.a.
2022-12-31,selic,13.75,432,macro,daily,% a.a.
2023-01-01,credit_balance_pf,3221831.0,20541,credito,monthly,R$ mi
2023-01-01,credit_balance_pj,2151399.0,20540,credito,monthly,R$ mi
2023-01-01,credit_grants_pf,272683.0,20633,credito,monthly,R$ mi
2023-01-01,credit_grants_pj,202203.0,20632,credito,monthly,R$ mi
2023-01-01,credit_interest_pf,2.55,25435,juros,monthly,% a.m.
2023-01-01,credit_interest_pj,1.66,25434,juros,monthly,% a.m.
2023-01-01,delinquency_card,8.29,21129,inadimplencia,monthly,%
2023-01-01,delinquency_personal,4.08,21120,inadimplencia,monthly,%
2023-01-01,delinquency_pf,4.11,21084,inadimplencia,monthly,%
2023-01-01,delinquency_pj,1.94,21083,inadimplencia,monthly,%
2023-01-01,delinquency_revolving,49.93,21127,inadimplencia,monthly,%
2023-01-01,delinquency_vehicle,5.59,21121,inadimplencia,monthly,%
2023-01-01,household_debt,49.11,29037,familias,monthly,%
2023-01-01,household_debt_ex_housing,31.2,29038,familias,monthly,%
2023-01-01,income_commitment,27.67,29034,familias,monthly,%
2023-01-01,ipca,0.53,433,macro,monthly,%
2023-01-01,real_income,8823.0,24380,macro,monthly,R$
2023-01-01,selic,13.75,432,macro,daily,% a.a.
2023-01-01,unemployment,8.4,24369,macro,monthly,%
2023-01-02,selic,13.75,432,macro,daily,% a.a.
2023-01-03,selic,13.75,432,macro,daily,% a.a.
2023-01-04,selic,13.75,432,macro,daily,% a.a.
2023-01-05,selic,13.75,432,macro,daily,% a.a.
2023-01-06,selic,13.75,432,macro,daily,% a.a.
2023-01-07,selic,13.75,432,macro,daily,% a.a.
2023-01-08,selic,13.75,432,macro,daily,% a.a.
2023-01-09,selic,13.75,432,macro,daily,% a.a.
2023-01-10,selic,13.75,432,macro,daily,% a.a.
2023-01-11,selic,13.75,432,macro,daily,% a.a.
2023-01-12,selic,13.75,432,macro,daily,% a.a.
2023-01-13,selic,13.75,432,macro,daily,% a.a.
2023-01-14,selic,13.75,432,macro,daily,% a.a.
2023-01-15,selic,13.75,432,macro,daily,% a.a.
2023-01-16,selic,13.75,432,macro,daily,% a.a.
2023-01-17,selic,13.75,432,macro,daily,% a.a.
2023-01-18,selic,13.75,432,macro,daily,% a.a.
2023-01-19,selic,13.75,432,macro,daily,% a.a.
2023-01-20,selic,13.75,432,macro,daily,% a.a.
2023-01-21,selic,13.75,432,macro,daily,% a.a.
2023-01-22,selic,13.75,432,macro,daily,% a.a.
2023-01-23,selic,13.75,432,macro,daily,% a.a.
2023-01-24,selic,13.75,432,macro,daily,% a.a.
2023-01-25,selic,13.75,432,macro,daily,% a.a.
2023-01-26,selic,13.75,432,macro,daily,% a.a.
2023-01-27,selic,13.75,432,macro,daily,% a.a.
2023-01-28,selic,13.75,432,macro,daily,% a.a.
2023-01-29,selic,13.75,432,macro,daily,% a.a.
2023-01-30,selic,13.75,432,macro,daily,% a.a.
2023-01-31,selic,13.75,432,macro,daily,% a.a.
2023-02-01,credit_balance_pf,3234845.0,20541,credito,monthly,R$ mi
2023-02-01,credit_balance_pj,2136105.0,20540,credito,monthly,R$ mi
2023-02-01,credit_grants_pf,243678.0,20633,credito,monthly,R$ mi
2023-02-01,credit_grants_pj,185439.0,20632,credito,monthly,R$ mi
2023-02-01,credit_interest_pf,2.57,25435,juros,monthly,% a.m.
2023-02-01,credit_interest_pj,1.59,25434,juros,monthly,% a.m.
2023-02-01,delinquency_card,8.63,21129,inadimplencia,monthly,%
2023-02-01,delinquency_personal,4.0,21120,inadimplencia,monthly,%
2023-02-01,delinquency_pf,4.16,21084,inadimplencia,monthly,%
2023-02-01,delinquency_pj,2.17,21083,inadimplencia,monthly,%
2023-02-01,delinquency_revolving,48.17,21127,inadimplencia,monthly,%
2023-02-01,delinquency_vehicle,5.67,21121,inadimplencia,monthly,%
2023-02-01,household_debt,48.78,29037,familias,monthly,%
2023-02-01,household_debt_ex_housing,30.94,29038,familias,monthly,%
2023-02-01,income_commitment,27.69,29034,familias,monthly,%
2023-02-01,ipca,0.84,433,macro,monthly,%
2023-02-01,real_income,9047.0,24380,macro,monthly,R$
2023-02-01,selic,13.75,432,macro,daily,% a.a.
2023-02-01,unemployment,8.6,24369,macro,monthly,%
2023-02-02,selic,13.75,432,macro,daily,% a.a.
2023-02-03,selic,13.75,432,macro,daily,% a.a.
2023-02-04,selic,13.75,432,macro,daily,% a.a.
2023-02-05,selic,13.75,432,macro,daily,% a.a.
2023-02-06,selic,13.75,432,macro,daily,% a.a.
2023-02-07,selic,13.75,432,macro,daily,% a.a.
2023-02-08,selic,13.75,432,macro,daily,% a.a.
2023-02-09,selic,13.75,432,macro,daily,% a.a.
2023-02-10,selic,13.75,432,macro,daily,% a.a.
2023-02-11,selic,13.75,432,macro,daily,% a.a.
2023-02-12,selic,13.75,432,macro,daily,% a.a.
2023-02-13,selic,13.75,432,macro,daily,% a.a.
2023-02-14,selic,13.75,432,macro,daily,% a.a.
2023-02-15,selic,13.75,432,macro,daily,% a.a.
2023-02-16,selic,13.75,432,macro,daily,% a.a.
2023-02-17,selic,13.75,432,macro,daily,% a.a.
2023-02-18,selic,13.75,432,macro,daily,% a.a.
2023-02-19,selic,13.75,432,macro,daily,% a.a.
2023-02-20,selic,13.75,432,macro,daily,% a.a.
2023-02-21,selic,13.75,432,macro,daily,% a.a.
2023-02-22,selic,13.75,432,macro,daily,% a.a.
2023-02-23,selic,13.75,432,macro,daily,% a.a.
2023-02-24,selic,13.75,432,macro,daily,% a.a.
2023-02-25,selic,13.75,432,macro,daily,% a.a.
2023-02-26,selic,13.75,432,macro,daily,% a.a.
2023-02-27,selic,13.75,432,macro,daily,% a.a.
2023-02-28,selic,13.75,432,macro,daily,% a.a.
2023-03-01,credit_balance_pf,3269910.0,20541,credito,monthly,R$ mi
2023-03-01,credit_balance_pj,2154900.0,20540,credito,monthly,R$ mi
2023-03-01,credit_grants_pf,289428.0,20633,credito,monthly,R$ mi
2023-03-01,credit_grants_pj,247408.0,20632,credito,monthly,R$ mi
2023-03-01,credit_interest_pf,2.61,25435,juros,monthly,% a.m.
2023-03-01,credit_interest_pj,1.6,25434,juros,monthly,% a.m.
2023-03-01,delinquency_card,8.61,21129,inadimplencia,monthly,%
2023-03-01,delinquency_personal,3.93,21120,inadimplencia,monthly,%
2023-03-01,delinquency_pf,4.11,21084,inadimplencia,monthly,%
2023-03-01,delinquency_pj,2.2,21083,inadimplencia,monthly,%
2023-03-01,delinquency_revolving,52.25,21127,inadimplencia,monthly,%
2023-03-01,delinquency_vehicle,5.53,21121,inadimplencia,monthly,%
2023-03-01,household_debt,48.7,29037,familias,monthly,%
2023-03-01,household_debt_ex_housing,30.81,29038,familias,monthly,%
2023-03-01,income_commitment,27.71,29034,familias,monthly,%
2023-03-01,ipca,0.71,433,macro,monthly,%
2023-03-01,real_income,9247.0,24380,macro,monthly,R$
2023-03-01,selic,13.75,432,macro,daily,% a.a.
2023-03-01,unemployment,8.8,24369,macro,monthly,%
2023-03-02,selic,13.75,432,macro,daily,% a.a.
2023-03-03,selic,13.75,432,macro,daily,% a.a.
2023-03-04,selic,13.75,432,macro,daily,% a.a.
2023-03-05,selic,13.75,432,macro,daily,% a.a.
2023-03-06,selic,13.75,432,macro,daily,% a.a.
2023-03-07,selic,13.75,432,macro,daily,% a.a.
2023-03-08,selic,13.75,432,macro,daily,% a.a.
2023-03-09,selic,13.75,432,macro,daily,% a.a.
2023-03-10,selic,13.75,432,macro,daily,% a.a.
2023-03-11,selic,13.75,432,macro,daily,% a.a.
2023-03-12,selic,13.75,432,macro,daily,% a.a.
2023-03-13,selic,13.75,432,macro,daily,% a.a.
2023-03-14,selic,13.75,432,macro,daily,% a.a.
2023-03-15,selic,13.75,432,macro,daily,% a.a.
2023-03-16,selic,13.75,432,macro,daily,% a.a.
2023-03-17,selic,13.75,432,macro,daily,% a.a.
2023-03-18,selic,13.75,432,macro,daily,% a.a.
2023-03-19,selic,13.75,432,macro,daily,% a.a.
2023-03-20,selic,13.75,432,macro,daily,% a.a.
2023-03-21,selic,13.75,432,macro,daily,% a.a.
2023-03-22,selic,13.75,432,macro,daily,% a.a.
2023-03-23,selic,13.75,432,macro,daily,% a.a.
2023-03-24,selic,13.75,432,macro,daily,% a.a.
2023-03-25,selic,13.75,432,macro,daily,% a.a.
2023-03-26,selic,13.75,432,macro,daily,% a.a.
2023-03-27,selic,13.75,432,macro,daily,% a.a.
2023-03-28,selic,13.75,432,macro,daily,% a.a.
2023-03-29,selic,13.75,432,macro,daily,% a.a.
2023-03-30,selic,13.75,432,macro,daily,% a.a.
2023-03-31,selic,13.75,432,macro,daily,% a.a.
2023-04-01,credit_balance_pf,3281308.0,20541,credito,monthly,R$ mi
2023-04-01,credit_balance_pj,2145000.0,20540,credito,monthly,R$ mi
2023-04-01,credit_grants_pf,255622.0,20633,credito,monthly,R$ mi
2023-04-01,credit_grants_pj,189555.0,20632,credito,monthly,R$ mi
2023-04-01,credit_interest_pf,2.67,25435,juros,monthly,% a.m.
2023-04-01,credit_interest_pj,1.59,25434,juros,monthly,% a.m.
2023-04-01,delinquency_card,8.92,21129,inadimplencia,monthly,%
2023-04-01,delinquency_personal,3.97,21120,inadimplencia,monthly,%
2023-04-01,delinquency_pf,4.26,21084,inadimplencia,monthly,%
2023-04-01,delinquency_pj,2.45,21083,inadimplencia,monthly,%
2023-04-01,delinquency_revolving,52.22,21127,inadimplencia,monthly,%
2023-04-01,delinquency_vehicle,5.58,21121,inadimplencia,monthly,%
2023-04-01,household_debt,48.6,29037,familias,monthly,%
2023-04-01,household_debt_ex_housing,30.7,29038,familias,monthly,%
2023-04-01,income_commitment,27.81,29034,familias,monthly,%
2023-04-01,ipca,0.61,433,macro,monthly,%
2023-04-01,real_income,8916.0,24380,macro,monthly,R$
2023-04-01,selic,13.75,432,macro,daily,% a.a.
2023-04-01,unemployment,8.5,24369,macro,monthly,%
2023-04-02,selic,13.75,432,macro,daily,% a.a.
2023-04-03,selic,13.75,432,macro,daily,% a.a.
2023-04-04,selic,13.75,432,macro,daily,% a.a.
2023-04-05,selic,13.75,432,macro,daily,% a.a.
2023-04-06,selic,13.75,432,macro,daily,% a.a.
2023-04-07,selic,13.75,432,macro,daily,% a.a.
2023-04-08,selic,13.75,432,macro,daily,% a.a.
2023-04-09,selic,13.75,432,macro,daily,% a.a.
2023-04-10,selic,13.75,432,macro,daily,% a.a.
2023-04-11,selic,13.75,432,macro,daily,% a.a.
2023-04-12,selic,13.75,432,macro,daily,% a.a.
2023-04-13,selic,13.75,432,macro,daily,% a.a.
2023-04-14,selic,13.75,432,macro,daily,% a.a.
2023-04-15,selic,13.75,432,macro,daily,% a.a.
2023-04-16,selic,13.75,432,macro,daily,% a.a.
2023-04-17,selic,13.75,432,macro,daily,% a.a.
2023-04-18,selic,13.75,432,macro,daily,% a.a.
2023-04-19,selic,13.75,432,macro,daily,% a.a.
2023-04-20,selic,13.75,432,macro,daily,% a.a.
2023-04-21,selic,13.75,432,macro,daily,% a.a.
2023-04-22,selic,13.75,432,macro,daily,% a.a.
2023-04-23,selic,13.75,432,macro,daily,% a.a.
2023-04-24,selic,13.75,432,macro,daily,% a.a.
2023-04-25,selic,13.75,432,macro,daily,% a.a.
2023-04-26,selic,13.75,432,macro,daily,% a.a.
2023-04-27,selic,13.75,432,macro,daily,% a.a.
2023-04-28,selic,13.75,432,macro,daily,% a.a.
2023-04-29,selic,13.75,432,macro,daily,% a.a.
2023-04-30,selic,13.75,432,macro,daily,% a.a.
2023-05-01,credit_balance_pf,3308178.0,20541,credito,monthly,R$ mi
2023-05-01,credit_balance_pj,2145530.0,20540,credito,monthly,R$ mi
2023-05-01,credit_grants_pf,291098.0,20633,credito,monthly,R$ mi
2023-05-01,credit_grants_pj,224848.0,20632,credito,monthly,R$ mi
2023-05-01,credit_interest_pf,2.68,25435,juros,monthly,% a.m.
2023-05-01,credit_interest_pj,1.57,25434,juros,monthly,% a.m.
2023-05-01,delinquency_card,8.94,21129,inadimplencia,monthly,%
2023-05-01,delinquency_personal,4.01,21120,inadimplencia,monthly,%
2023-05-01,delinquency_pf,4.35,21084,inadimplencia,monthly,%
2023-05-01,delinquency_pj,2.58,21083,inadimplencia,monthly,%
2023-05-01,delinquency_revolving,53.12,21127,inadimplencia,monthly,%
2023-05-01,delinquency_vehicle,5.74,21121,inadimplencia,monthly,%
2023-05-01,household_debt,48.91,29037,familias,monthly,%
2023-05-01,household_debt_ex_housing,30.9,29038,familias,monthly,%
2023-05-01,income_commitment,27.96,29034,familias,monthly,%
2023-05-01,ipca,0.23,433,macro,monthly,%
2023-05-01,real_income,8767.0,24380,macro,monthly,R$
2023-05-01,selic,13.75,432,macro,daily,% a.a.
2023-05-01,unemployment,8.3,24369,macro,monthly,%
2023-05-02,selic,13.75,432,macro,daily,% a.a.
2023-05-03,selic,13.75,432,macro,daily,% a.a.
2023-05-04,selic,13.75,432,macro,daily,% a.a.
2023-05-05,selic,13.75,432,macro,daily,% a.a.
2023-05-06,selic,13.75,432,macro,daily,% a.a.
2023-05-07,selic,13.75,432,macro,daily,% a.a.
2023-05-08,selic,13.75,432,macro,daily,% a.a.
2023-05-09,selic,13.75,432,macro,daily,% a.a.
2023-05-10,selic,13.75,432,macro,daily,% a.a.
2023-05-11,selic,13.75,432,macro,daily,% a.a.
2023-05-12,selic,13.75,432,macro,daily,% a.a.
2023-05-13,selic,13.75,432,macro,daily,% a.a.
2023-05-14,selic,13.75,432,macro,daily,% a.a.
2023-05-15,selic,13.75,432,macro,daily,% a.a.
2023-05-16,selic,13.75,432,macro,daily,% a.a.
2023-05-17,selic,13.75,432,macro,daily,% a.a.
2023-05-18,selic,13.75,432,macro,daily,% a.a.
2023-05-19,selic,13.75,432,macro,daily,% a.a.
2023-05-20,selic,13.75,432,macro,daily,% a.a.
2023-05-21,selic,13.75,432,macro,daily,% a.a.
2023-05-22,selic,13.75,432,macro,daily,% a.a.
2023-05-23,selic,13.75,432,macro,daily,% a.a.
2023-05-24,selic,13.75,432,macro,daily,% a.a.
2023-05-25,selic,13.75,432,macro,daily,% a.a.
2023-05-26,selic,13.75,432,macro,daily,% a.a.
2023-05-27,selic,13.75,432,macro,daily,% a.a.
2023-05-28,selic,13.75,432,macro,daily,% a.a.
2023-05-29,selic,13.75,432,macro,daily,% a.a.
2023-05-30,selic,13.75,432,macro,daily,% a.a.
2023-05-31,selic,13.75,432,macro,daily,% a.a.
2023-06-01,credit_balance_pf,3309846.0,20541,credito,monthly,R$ mi
2023-06-01,credit_balance_pj,2169613.0,20540,credito,monthly,R$ mi
2023-06-01,credit_grants_pf,282248.0,20633,credito,monthly,R$ mi
2023-06-01,credit_grants_pj,243489.0,20632,credito,monthly,R$ mi
2023-06-01,credit_interest_pf,2.63,25435,juros,monthly,% a.m.
2023-06-01,credit_interest_pj,1.5,25434,juros,monthly,% a.m.
2023-06-01,delinquency_card,8.73,21129,inadimplencia,monthly,%
2023-06-01,delinquency_personal,4.04,21120,inadimplencia,monthly,%
2023-06-01,delinquency_pf,4.25,21084,inadimplencia,monthly,%
2023-06-01,delinquency_pj,2.63,21083,inadimplencia,monthly,%
2023-06-01,delinquency_revolving,52.6,21127,inadimplencia,monthly,%
2023-06-01,delinquency_vehicle,5.59,21121,inadimplencia,monthly,%
2023-06-01,household_debt,48.46,29037,familias,monthly,%
2023-06-01,household_debt_ex_housing,30.49,29038,familias,monthly,%
2023-06-01,income_commitment,27.78,29034,familias,monthly,%
2023-06-01,ipca,-0.08,433,macro,monthly,%
2023-06-01,real_income,8468.0,24380,macro,monthly,R$
2023-06-01,selic,13.75,432,macro,daily,% a.a.
2023-06-01,unemployment,8.0,24369,macro,monthly,%
2023-06-02,selic,13.75,432,macro,daily,% a.a.
2023-06-03,selic,13.75,432,macro,daily,% a.a.
2023-06-04,selic,13.75,432,macro,daily,% a.a.
2023-06-05,selic,13.75,432,macro,daily,% a.a.
2023-06-06,selic,13.75,432,macro,daily,% a.a.
2023-06-07,selic,13.75,432,macro,daily,% a.a.
2023-06-08,selic,13.75,432,macro,daily,% a.a.
2023-06-09,selic,13.75,432,macro,daily,% a.a.
2023-06-10,selic,13.75,432,macro,daily,% a.a.
2023-06-11,selic,13.75,432,macro,daily,% a.a.
2023-06-12,selic,13.75,432,macro,daily,% a.a.
2023-06-13,selic,13.75,432,macro,daily,% a.a.
2023-06-14,selic,13.75,432,macro,daily,% a.a.
2023-06-15,selic,13.75,432,macro,daily,% a.a.
2023-06-16,selic,13.75,432,macro,daily,% a.a.
2023-06-17,selic,13.75,432,macro,daily,% a.a.
2023-06-18,selic,13.75,432,macro,daily,% a.a.
2023-06-19,selic,13.75,432,macro,daily,% a.a.
2023-06-20,selic,13.75,432,macro,daily,% a.a.
2023-06-21,selic,13.75,432,macro,daily,% a.a.
2023-06-22,selic,13.75,432,macro,daily,% a.a.
2023-06-23,selic,13.75,432,macro,daily,% a.a.
2023-06-24,selic,13.75,432,macro,daily,% a.a.
2023-06-25,selic,13.75,432,macro,daily,% a.a.
2023-06-26,selic,13.75,432,macro,daily,% a.a.
2023-06-27,selic,13.75,432,macro,daily,% a.a.
2023-06-28,selic,13.75,432,macro,daily,% a.a.
2023-06-29,selic,13.75,432,macro,daily,% a.a.
2023-06-30,selic,13.75,432,macro,daily,% a.a.
2023-07-01,credit_balance_pf,3331330.0,20541,credito,monthly,R$ mi
2023-07-01,credit_balance_pj,2153541.0,20540,credito,monthly,R$ mi
2023-07-01,credit_grants_pf,291920.0,20633,credito,monthly,R$ mi
2023-07-01,credit_grants_pj,207839.0,20632,credito,monthly,R$ mi
2023-07-01,credit_interest_pf,2.6,25435,juros,monthly,% a.m.
2023-07-01,credit_interest_pj,1.49,25434,juros,monthly,% a.m.
2023-07-01,delinquency_card,8.6,21129,inadimplencia,monthly,%
2023-07-01,delinquency_personal,3.95,21120,inadimplencia,monthly,%
2023-07-01,delinquency_pf,4.22,21084,inadimplencia,monthly,%
2023-07-01,delinquency_pj,2.73,21083,inadimplencia,monthly,%
2023-07-01,delinquency_revolving,53.24,21127,inadimplencia,monthly,%
2023-07-01,delinquency_vehicle,5.54,21121,inadimplencia,monthly,%
2023-07-01,household_debt,48.06,29037,familias,monthly,%
2023-07-01,household_debt_ex_housing,30.16,29038,familias,monthly,%
2023-07-01,income_commitment,27.33,29034,familias,monthly,%
2023-07-01,ipca,0.12,433,macro,monthly,%
2023-07-01,real_income,8345.0,24380,macro,monthly,R$
2023-07-01,selic,13.75,432,macro,daily,% a.a.
2023-07-01,unemployment,7.9,24369,macro,monthly,%
2023-07-02,selic,13.75,432,macro,daily,% a.a.
2023-07-03,selic,13.75,432,macro,daily,% a.a.
2023-07-04,selic,13.75,432,macro,daily,% a.a.
2023-07-05,selic,13.75,432,macro,daily,% a.a.
2023-07-06,selic,13.75,432,macro,daily,% a.a.
2023-07-07,selic,13.75,432,macro,daily,% a.a.
2023-07-08,selic,13.75,432,macro,daily,% a.a.
2023-07-09,selic,13.75,432,macro,daily,% a.a.
2023-07-10,selic,13.75,432,macro,daily,% a.a.
2023-07-11,selic,13.75,432,macro,daily,% a.a.
2023-07-12,selic,13.75,432,macro,daily,% a.a.
2023-07-13,selic,13.75,432,macro,daily,% a.a.
2023-07-14,selic,13.75,432,macro,daily,% a.a.
2023-07-15,selic,13.75,432,macro,daily,% a.a.
2023-07-16,selic,13.75,432,macro,daily,% a.a.
2023-07-17,selic,13.75,432,macro,daily,% a.a.
2023-07-18,selic,13.75,432,macro,daily,% a.a.
2023-07-19,selic,13.75,432,macro,daily,% a.a.
2023-07-20,selic,13.75,432,macro,daily,% a.a.
2023-07-21,selic,13.75,432,macro,daily,% a.a.
2023-07-22,selic,13.75,432,macro,daily,% a.a.
2023-07-23,selic,13.75,432,macro,daily,% a.a.
2023-07-24,selic,13.75,432,macro,daily,% a.a.
2023-07-25,selic,13.75,432,macro,daily,% a.a.
2023-07-26,selic,13.75,432,macro,daily,% a.a.
2023-07-27,selic,13.75,432,macro,daily,% a.a.
2023-07-28,selic,13.75,432,macro,daily,% a.a.
2023-07-29,selic,13.75,432,macro,daily,% a.a.
2023-07-30,selic,13.75,432,macro,daily,% a.a.
2023-07-31,selic,13.75,432,macro,daily,% a.a.
2023-08-01,credit_balance_pf,3386405.0,20541,credito,monthly,R$ mi
2023-08-01,credit_balance_pj,2172658.0,20540,credito,monthly,R$ mi
2023-08-01,credit_grants_pf,322838.0,20633,credito,monthly,R$ mi
2023-08-01,credit_grants_pj,234528.0,20632,credito,monthly,R$ mi
2023-08-01,credit_interest_pf,2.56,25435,juros,monthly,% a.m.
2023-08-01,credit_interest_pj,1.47,25434,juros,monthly,% a.m.
2023-08-01,delinquency_card,8.51,21129,inadimplencia,monthly,%
2023-08-01,delinquency_personal,3.84,21120,inadimplencia,monthly,%
2023-08-01,delinquency_pf,4.12,21084,inadimplencia,monthly,%
2023-08-01,delinquency_pj,2.82,21083,inadimplencia,monthly,%
2023-08-01,delinquency_revolving,53.19,21127,inadimplencia,monthly,%
2023-08-01,delinquency_vehicle,5.48,21121,inadimplencia,monthly,%
2023-08-01,household_debt,48.25,29037,familias,monthly,%
2023-08-01,household_debt_ex_housing,30.31,29038,familias,monthly,%
2023-08-01,income_commitment,26.89,29034,familias,monthly,%
2023-08-01,ipca,0.23,433,macro,monthly,%
2023-08-01,real_income,8240.0,24380,macro,monthly,R$
2023-08-01,selic,13.75,432,macro,daily,% a.a.
2023-08-01,unemployment,7.8,24369,macro,monthly,%
2023-08-02,selic,13.75,432,macro,daily,% a.a.
2023-08-03,selic,13.25,432,macro,daily,% a.a.
2023-08-04,selic,13.25,432,macro,daily,% a.a.
2023-08-05,selic,13.25,432,macro,daily,% a.a.
2023-08-06,selic,13.25,432,macro,daily,% a.a.
2023-08-07,selic,13.25,432,macro,daily,% a.a.
2023-08-08,selic,13.25,432,macro,daily,% a.a.
2023-08-09,selic,13.25,432,macro,daily,% a.a.
2023-08-10,selic,13.25,432,macro,daily,% a.a.
2023-08-11,selic,13.25,432,macro,daily,% a.a.
2023-08-12,selic,13.25,432,macro,daily,% a.a.
2023-08-13,selic,13.25,432,macro,daily,% a.a.
2023-08-14,selic,13.25,432,macro,daily,% a.a.
2023-08-15,selic,13.25,432,macro,daily,% a.a.
2023-08-16,selic,13.25,432,macro,daily,% a.a.
2023-08-17,selic,13.25,432,macro,daily,% a.a.
2023-08-18,selic,13.25,432,macro,daily,% a.a.
2023-08-19,selic,13.25,432,macro,daily,% a.a.
2023-08-20,selic,13.25,432,macro,daily,% a.a.
2023-08-21,selic,13.25,432,macro,daily,% a.a.
2023-08-22,selic,13.25,432,macro,daily,% a.a.
2023-08-23,selic,13.25,432,macro,daily,% a.a.
2023-08-24,selic,13.25,432,macro,daily,% a.a.
2023-08-25,selic,13.25,432,macro,daily,% a.a.
2023-08-26,selic,13.25,432,macro,daily,% a.a.
2023-08-27,selic,13.25,432,macro,daily,% a.a.
2023-08-28,selic,13.25,432,macro,daily,% a.a.
2023-08-29,selic,13.25,432,macro,daily,% a.a.
2023-08-30,selic,13.25,432,macro,daily,% a.a.
2023-08-31,selic,13.25,432,macro,daily,% a.a.
2023-09-01,credit_balance_pf,3410769.0,20541,credito,monthly,R$ mi
2023-09-01,credit_balance_pj,2215175.0,20540,credito,monthly,R$ mi
2023-09-01,credit_grants_pf,300826.0,20633,credito,monthly,R$ mi
2023-09-01,credit_grants_pj,246787.0,20632,credito,monthly,R$ mi
2023-09-01,credit_interest_pf,2.52,25435,juros,monthly,% a.m.
2023-09-01,credit_interest_pj,1.5,25434,juros,monthly,% a.m.
2023-09-01,delinquency_card,8.39,21129,inadimplencia,monthly,%
2023-09-01,delinquency_personal,3.78,21120,inadimplencia,monthly,%
2023-09-01,delinquency_pf,4.0,21084,inadimplencia,monthly,%
2023-09-01,delinquency_pj,2.82,21083,inadimplencia,monthly,%
2023-09-01,delinquency_revolving,53.09,21127,inadimplencia,monthly,%
2023-09-01,delinquency_vehicle,5.4,21121,inadimplencia,monthly,%
2023-09-01,household_debt,48.14,29037,familias,monthly,%
2023-09-01,household_debt_ex_housing,30.14,29038,familias,monthly,%
2023-09-01,income_commitment,26.78,29034,familias,monthly,%
2023-09-01,ipca,0.26,433,macro,monthly,%
2023-09-01,real_income,8150.0,24380,macro,monthly,R$
2023-09-01,selic,13.25,432,macro,daily,% a.a.
2023-09-01,unemployment,7.7,24369,macro,monthly,%
2023-09-02,selic,13.25,432,macro,daily,% a.a.
2023-09-03,selic,13.25,432,macro,daily,% a.a.
2023-09-04,selic,13.25,432,macro,daily,% a.a.
2023-09-05,selic,13.25,432,macro,daily,% a.a.
2023-09-06,selic,13.25,432,macro,daily,% a.a.
2023-09-07,selic,13.25,432,macro,daily,% a.a.
2023-09-08,selic,13.25,432,macro,daily,% a.a.
2023-09-09,selic,13.25,432,macro,daily,% a.a.
2023-09-10,selic,13.25,432,macro,daily,% a.a.
2023-09-11,selic,13.25,432,macro,daily,% a.a.
2023-09-12,selic,13.25,432,macro,daily,% a.a.
2023-09-13,selic,13.25,432,macro,daily,% a.a.
2023-09-14,selic,13.25,432,macro,daily,% a.a.
2023-09-15,selic,13.25,432,macro,daily,% a.a.
2023-09-16,selic,13.25,432,macro,daily,% a.a.
2023-09-17,selic,13.25,432,macro,daily,% a.a.
2023-09-18,selic,13.25,432,macro,daily,% a.a.
2023-09-19,selic,13.25,432,macro,daily,% a.a.
2023-09-20,selic,13.25,432,macro,daily,% a.a.
2023-09-21,selic,12.75,432,macro,daily,% a.a.
2023-09-22,selic,12.75,432,macro,daily,% a.a.
2023-09-23,selic,12.75,432,macro,daily,% a.a.
2023-09-24,selic,12.75,432,macro,daily,% a.a.
2023-09-25,selic,12.75,432,macro,daily,% a.a.
2023-09-26,selic,12.75,432,macro,daily,% a.a.
2023-09-27,selic,12.75,432,macro,daily,% a.a.
2023-09-28,selic,12.75,432,macro,daily,% a.a.
2023-09-29,selic,12.75,432,macro,daily,% a.a.
2023-09-30,selic,12.75,432,macro,daily,% a.a.
2023-10-01,credit_balance_pf,3449000.0,20541,credito,monthly,R$ mi
2023-10-01,credit_balance_pj,2204808.0,20540,credito,monthly,R$ mi
2023-10-01,credit_grants_pf,312870.0,20633,credito,monthly,R$ mi
2023-10-01,credit_grants_pj,229029.0,20632,credito,monthly,R$ mi
2023-10-01,credit_interest_pf,2.48,25435,juros,monthly,% a.m.
2023-10-01,credit_interest_pj,1.5,25434,juros,monthly,% a.m.
2023-10-01,delinquency_card,8.25,21129,inadimplencia,monthly,%
2023-10-01,delinquency_personal,3.78,21120,inadimplencia,monthly,%
2023-10-01,delinquency_pf,3.97,21084,inadimplencia,monthly,%
2023-10-01,delinquency_pj,2.92,21083,inadimplencia,monthly,%
2023-10-01,delinquency_revolving,55.0,21127,inadimplencia,monthly,%
2023-10-01,delinquency_vehicle,5.39,21121,inadimplencia,monthly,%
2023-10-01,household_debt,48.2,29037,familias,monthly,%
2023-10-01,household_debt_ex_housing,30.18,29038,familias,monthly,%
2023-10-01,income_commitment,26.79,29034,familias,monthly,%
2023-10-01,ipca,0.24,433,macro,monthly,%
2023-10-01,real_income,8094.0,24380,macro,monthly,R$
2023-10-01,selic,12.75,432,macro,daily,% a.a.
2023-10-01,unemployment,7.6,24369,macro,monthly,%
2023-10-02,selic,12.75,432,macro,daily,% a.a.
2023-10-03,selic,12.75,432,macro,daily,% a.a.
2023-10-04,selic,12.75,432,macro,daily,% a.a.
2023-10-05,selic,12.75,432,macro,daily,% a.a.
2023-10-06,selic,12.75,432,macro,daily,% a.a.
2023-10-07,selic,12.75,432,macro,daily,% a.a.
2023-10-08,selic,12.75,432,macro,daily,% a.a.
2023-10-09,selic,12.75,432,macro,daily,% a.a.
2023-10-10,selic,12.75,432,macro,daily,% a.a.
2023-10-11,selic,12.75,432,macro,daily,% a.a.
2023-10-12,selic,12.75,432,macro,daily,% a.a.
2023-10-13,selic,12.75,432,macro,daily,% a.a.
2023-10-14,selic,12.75,432,macro,daily,% a.a.
2023-10-15,selic,12.75,432,macro,daily,% a.a.
2023-10-16,selic,12.75,432,macro,daily,% a.a.
2023-10-17,selic,12.75,432,macro,daily,% a.a.
2023-10-18,selic,12.75,432,macro,daily,% a.a.
2023-10-19,selic,12.75,432,macro,daily,% a.a.
2023-10-20,selic,12.75,432,macro,daily,% a.a.
2023-10-21,selic,12.75,432,macro,daily,% a.a.
2023-10-22,selic,12.75,432,macro,daily,% a.a.
2023-10-23,selic,12.75,432,macro,daily,% a.a.
2023-10-24,selic,12.75,432,macro,daily,% a.a.
2023-10-25,selic,12.75,432,macro,daily,% a.a.
2023-10-26,selic,12.75,432,macro,daily,% a.a.
2023-10-27,selic,12.75,432,macro,daily,% a.a.
2023-10-28,selic,12.75,432,macro,daily,% a.a.
2023-10-29,selic,12.75,432,macro,daily,% a.a.
2023-10-30,selic,12.75,432,macro,daily,% a.a.
2023-10-31,selic,12.75,432,macro,daily,% a.a.
2023-11-01,credit_balance_pf,3490337.0,20541,credito,monthly,R$ mi
2023-11-01,credit_balance_pj,2220766.0,20540,credito,monthly,R$ mi
2023-11-01,credit_grants_pf,317236.0,20633,credito,monthly,R$ mi
2023-11-01,credit_grants_pj,235702.0,20632,credito,monthly,R$ mi
2023-11-01,credit_interest_pf,2.47,25435,juros,monthly,% a.m.
2023-11-01,credit_interest_pj,1.46,25434,juros,monthly,% a.m.
2023-11-01,delinquency_card,7.63,21129,inadimplencia,monthly,%
2023-11-01,delinquency_personal,3.72,21120,inadimplencia,monthly,%
2023-11-01,delinquency_pf,3.88,21084,inadimplencia,monthly,%
2023-11-01,delinquency_pj,2.99,21083,inadimplencia,monthly,%
2023-11-01,delinquency_revolving,53.21,21127,inadimplencia,monthly,%
2023-11-01,delinquency_vehicle,5.47,21121,inadimplencia,monthly,%
2023-11-01,household_debt,48.19,29037,familias,monthly,%
2023-11-01,household_debt_ex_housing,30.19,29038,familias,monthly,%
2023-11-01,income_commitment,26.49,29034,familias,monthly,%
2023-11-01,ipca,0.28,433,macro,monthly,%
2023-11-01,real_income,8037.0,24380,macro,monthly,R$
2023-11-01,selic,12.75,432,macro,daily,% a.a.
2023-11-01,unemployment,7.5,24369,macro,monthly,%
2023-11-02,selic,12.25,432,macro,daily,% a.a.
2023-11-03,selic,12.25,432,macro,daily,% a.a.
2023-11-04,selic,12.25,432,macro,daily,% a.a.
2023-11-05,selic,12.25,432,macro,daily,% a.a.
2023-11-06,selic,12.25,432,macro,daily,% a.a.
2023-11-07,selic,12.25,432,macro,daily,% a.a.
2023-11-08,selic,12.25,432,macro,daily,% a.a.
2023-11-09,selic,12.25,432,macro,daily,% a.a.
2023-11-10,selic,12.25,432,macro,daily,% a.a.
2023-11-11,selic,12.25,432,macro,daily,% a.a.
2023-11-12,selic,12.25,432,macro,daily,% a.a.
2023-11-13,selic,12.25,432,macro,daily,% a.a.
2023-11-14,selic,12.25,432,macro,daily,% a.a.
2023-11-15,selic,12.25,432,macro,daily,% a.a.
2023-11-16,selic,12.25,432,macro,daily,% a.a.
2023-11-17,selic,12.25,432,macro,daily,% a.a.
2023-11-18,selic,12.25,432,macro,daily,% a.a.
2023-11-19,selic,12.25,432,macro,daily,% a.a.
2023-11-20,selic,12.25,432,macro,daily,% a.a.
2023-11-21,selic,12.25,432,macro,daily,% a.a.
2023-11-22,selic,12.25,432,macro,daily,% a.a.
2023-11-23,selic,12.25,432,macro,daily,% a.a.
2023-11-24,selic,12.25,432,macro,daily,% a.a.
2023-11-25,selic,12.25,432,macro,daily,% a.a.
2023-11-26,selic,12.25,432,macro,daily,% a.a.
2023-11-27,selic,12.25,432,macro,daily,% a.a.
2023-11-28,selic,12.25,432,macro,daily,% a.a.
2023-11-29,selic,12.25,432,macro,daily,% a.a.
2023-11-30,selic,12.25,432,macro,daily,% a.a.
2023-12-01,credit_balance_pf,3521672.0,20541,credito,monthly,R$ mi
2023-12-01,credit_balance_pj,2283485.0,20540,credito,monthly,R$ mi
2023-12-01,credit_grants_pf,310877.0,20633,credito,monthly,R$ mi
2023-12-01,credit_grants_pj,286894.0,20632,credito,monthly,R$ mi
2023-12-01,credit_interest_pf,2.42,25435,juros,monthly,% a.m.
2023-12-01,credit_interest_pj,1.4,25434,juros,monthly,% a.m.
2023-12-01,delinquency_card,7.49,21129,inadimplencia,monthly,%
2023-12-01,delinquency_personal,3.67,21120,inadimplencia,monthly,%
2023-12-01,delinquency_pf,3.75,21084,inadimplencia,monthly,%
2023-12-01,delinquency_pj,2.59,21083,inadimplencia,monthly,%
2023-12-01,delinquency_revolving,54.01,21127,inadimplencia,monthly,%
2023-12-01,delinquency_vehicle,5.29,21121,inadimplencia,monthly,%
2023-12-01,household_debt,47.75,29037,familias,monthly,%
2023-12-01,household_debt_ex_housing,29.86,29038,familias,monthly,%
2023-12-01,income_commitment,25.84,29034,familias,monthly,%
2023-12-01,ipca,0.56,433,macro,monthly,%
2023-12-01,real_income,7926.0,24380,macro,monthly,R$
2023-12-01,selic,12.25,432,macro,daily,% a.a.
2023-12-01,unemployment,7.4,24369,macro,monthly,%
2023-12-02,selic,12.25,432,macro,daily,% a.a.
2023-12-03,selic,12.25,432,macro,daily,% a.a.
2023-12-04,selic,12.25,432,macro,daily,% a.a.
2023-12-05,selic,12.25,432,macro,daily,% a.a.
2023-12-06,selic,12.25,432,macro,daily,% a.a.
2023-12-07,selic,12.25,432,macro,daily,% a.a.
2023-12-08,selic,12.25,432,macro,daily,% a.a.
2023-12-09,selic,12.25,432,macro,daily,% a.a.
2023-12-10,selic,12.25,432,macro,daily,% a.a.
2023-12-11,selic,12.25,432,macro,daily,% a.a.
2023-12-12,selic,12.25,432,macro,daily,% a.a.
2023-12-13,selic,12.25,432,macro,daily,% a.a.
2023-12-14,selic,11.75,432,macro,daily,% a.a.
2023-12-15,selic,11.75,432,macro,daily,% a.a.
2023-12-16,selic,11.75,432,macro,daily,% a.a.
2023-12-17,selic,11.75,432,macro,daily,% a.a.
2023-12-18,selic,11.75,432,macro,daily,% a.a.
2023-12-19,selic,11.75,432,macro,daily,% a.a.
2023-12-20,selic,11.75,432,macro,daily,% a.a.
2023-12-21,selic,11.75,432,macro,daily,% a.a.
2023-12-22,selic,11.75,432,macro,daily,% a.a.
2023-12-23,selic,11.75,432,macro,daily,% a.a.
2023-12-24,selic,11.75,432,macro,daily,% a.a.
2023-12-25,selic,11.75,432,macro,daily,% a.a.
2023-12-26,selic,11.75,432,macro,daily,% a.a.
2023-12-27,selic,11.75,432,macro,daily,% a.a.
2023-12-28,selic,11.75,432,macro,daily,% a.a.
2023-12-29,selic,11.75,432,macro,daily,% a.a.
2023-12-30,selic,11.75,432,macro,daily,% a.a.
2023-12-31,selic,11.75,432,macro,daily,% a.a.
2024-01-01,credit_balance_pf,3560345.0,20541,credito,monthly,R$ mi
2024-01-01,credit_balance_pj,2234362.0,20540,credito,monthly,R$ mi
2024-01-01,credit_grants_pf,314388.0,20633,credito,monthly,R$ mi
2024-01-01,credit_grants_pj,219926.0,20632,credito,monthly,R$ mi
2024-01-01,credit_interest_pf,2.36,25435,juros,monthly,% a.m.
2024-01-01,credit_interest_pj,1.49,25434,juros,monthly,% a.m.
2024-01-01,delinquency_card,7.34,21129,inadimplencia,monthly,%
2024-01-01,delinquency_personal,3.65,21120,inadimplencia,monthly,%
2024-01-01,delinquency_pf,3.76,21084,inadimplencia,monthly,%
2024-01-01,delinquency_pj,2.77,21083,inadimplencia,monthly,%
2024-01-01,delinquency_revolving,53.78,21127,inadimplencia,monthly,%
2024-01-01,delinquency_vehicle,5.25,21121,inadimplencia,monthly,%
2024-01-01,household_debt,47.96,29037,familias,monthly,%
2024-01-01,household_debt_ex_housing,30.13,29038,familias,monthly,%
2024-01-01,income_commitment,25.72,29034,familias,monthly,%
2024-01-01,ipca,0.42,433,macro,monthly,%
2024-01-01,real_income,8133.0,24380,macro,monthly,R$
2024-01-01,selic,11.75,432,macro,daily,% a.a.
2024-01-01,unemployment,7.6,24369,macro,monthly,%
2024-01-02,selic,11.75,432,macro,daily,% a.a.
2024-01-03,selic,11.75,432,macro,daily,% a.a.
2024-01-04,selic,11.75,432,macro,daily,% a.a.
2024-01-05,selic,11.75,432,macro,daily,% a.a.
2024-01-06,selic,11.75,432,macro,daily,% a.a.
2024-01-07,selic,11.75,432,macro,daily,% a.a.
2024-01-08,selic,11.75,432,macro,daily,% a.a.
2024-01-09,selic,11.75,432,macro,daily,% a.a.
2024-01-10,selic,11.75,432,macro,daily,% a.a.
2024-01-11,selic,11.75,432,macro,daily,% a.a.
2024-01-12,selic,11.75,432,macro,daily,% a.a.
2024-01-13,selic,11.75,432,macro,daily,% a.a.
2024-01-14,selic,11.75,432,macro,daily,% a.a.
2024-01-15,selic,11.75,432,macro,daily,% a.a.
2024-01-16,selic,11.75,432,macro,daily,% a.a.
2024-01-17,selic,11.75,432,macro,daily,% a.a.
2024-01-18,selic,11.75,432,macro,daily,% a.a.
2024-01-19,selic,11.75,432,macro,daily,% a.a.
2024-01-20,selic,11.75,432,macro,daily,% a.a.
2024-01-21,selic,11.75,432,macro,daily,% a.a.
2024-01-22,selic,11.75,432,macro,daily,% a.a.
2024-01-23,selic,11.75,432,macro,daily,% a.a.
2024-01-24,selic,11.75,432,macro,daily,% a.a.
2024-01-25,selic,11.75,432,macro,daily,% a.a.
2024-01-26,selic,11.75,432,macro,daily,% a.a.
2024-01-27,selic,11.75,432,macro,daily,% a.a.
2024-01-28,selic,11.75,432,macro,daily,% a.a.
2024-01-29,selic,11.75,432,macro,daily,% a.a.
2024-01-30,selic,11.75,432,macro,daily,% a.a.
2024-01-31,selic,11.75,432,macro,daily,% a.a.
2024-02-01,credit_balance_pf,3580652.0,20541,credito,monthly,R$ mi
2024-02-01,credit_balance_pj,2235302.0,20540,credito,monthly,R$ mi
2024-02-01,credit_grants_pf,291440.0,20633,credito,monthly,R$ mi
2024-02-01,credit_grants_pj,214350.0,20632,credito,monthly,R$ mi
2024-02-01,credit_interest_pf,2.36,25435,juros,monthly,% a.m.
2024-02-01,credit_interest_pj,1.44,25434,juros,monthly,% a.m.
2024-02-01,delinquency_card,7.4,21129,inadimplencia,monthly,%
2024-02-01,delinquency_personal,3.59,21120,inadimplencia,monthly,%
2024-02-01,delinquency_pf,3.76,21084,inadimplencia,monthly,%
2024-02-01,delinquency_pj,2.76,21083,inadimplencia,monthly,%
2024-02-01,delinquency_revolving,52.58,21127,inadimplencia,monthly,%
2024-02-01,delinquency_vehicle,5.11,21121,inadimplencia,monthly,%
2024-02-01,household_debt,47.93,29037,familias,monthly,%
2024-02-01,household_debt_ex_housing,30.11,29038,familias,monthly,%
2024-02-01,income_commitment,25.83,29034,familias,monthly,%
2024-02-01,ipca,0.83,433,macro,monthly,%
2024-02-01,real_income,8374.0,24380,macro,monthly,R$
2024-02-01,selic,11.25,432,macro,daily,% a.a.
2024-02-01,unemployment,7.8,24369,macro,monthly,%
2024-02-02,selic,11.25,432,macro,daily,% a.a.
2024-02-03,selic,11.25,432,macro,daily,% a.a.
2024-02-04,selic,11.25,432,macro,daily,% a.a.
2024-02-05,selic,11.25,432,macro,daily,% a.a.
2024-02-06,selic,11.25,432,macro,daily,% a.a.
2024-02-07,selic,11.25,432,macro,daily,% a.a.
2024-02-08,selic,11.25,432,macro,daily,% a.a.
2024-02-09,selic,11.25,432,macro,daily,% a.a.
2024-02-10,selic,11.25,432,macro,daily,% a.a.
2024-02-11,selic,11.25,432,macro,daily,% a.a.
2024-02-12,selic,11.25,432,macro,daily,% a.a.
2024-02-13,selic,11.25,432,macro,daily,% a.a.
2024-02-14,selic,11.25,432,macro,daily,% a.a.
2024-02-15,selic,11.25,432,macro,daily,% a.a.
2024-02-16,selic,11.25,432,macro,daily,% a.a.
2024-02-17,selic,11.25,432,macro,daily,% a.a.
2024-02-18,selic,11.25,432,macro,daily,% a.a.
2024-02-19,selic,11.25,432,macro,daily,% a.a.
2024-02-20,selic,11.25,432,macro,daily,% a.a.
2024-02-21,selic,11.25,432,macro,daily,% a.a.
2024-02-22,selic,11.25,432,macro,daily,% a.a.
2024-02-23,selic,11.25,432,macro,daily,% a.a.
2024-02-24,selic,11.25,432,macro,daily,% a.a.
2024-02-25,selic,11.25,432,macro,daily,% a.a.
2024-02-26,selic,11.25,432,macro,daily,% a.a.
2024-02-27,selic,11.25,432,macro,daily,% a.a.
2024-02-28,selic,11.25,432,macro,daily,% a.a.
2024-02-29,selic,11.25,432,macro,daily,% a.a.
2024-03-01,credit_balance_pf,3613967.0,20541,credito,monthly,R$ mi
2024-03-01,credit_balance_pj,2285775.0,20540,credito,monthly,R$ mi
2024-03-01,credit_grants_pf,305408.0,20633,credito,monthly,R$ mi
2024-03-01,credit_grants_pj,264161.0,20632,credito,monthly,R$ mi
2024-03-01,credit_interest_pf,2.39,25435,juros,monthly,% a.m.
2024-03-01,credit_interest_pj,1.43,25434,juros,monthly,% a.m.
2024-03-01,delinquency_card,7.28,21129,inadimplencia,monthly,%
2024-03-01,delinquency_personal,3.57,21120,inadimplencia,monthly,%
2024-03-01,delinquency_pf,3.71,21084,inadimplencia,monthly,%
2024-03-01,delinquency_pj,2.71,21083,inadimplencia,monthly,%
2024-03-01,delinquency_revolving,51.8,21127,inadimplencia,monthly,%
2024-03-01,delinquency_vehicle,4.97,21121,inadimplencia,monthly,%
2024-03-01,household_debt,47.79,29037,familias,monthly,%
2024-03-01,household_debt_ex_housing,29.99,29038,familias,monthly,%
2024-03-01,income_commitment,26.13,29034,familias,monthly,%
2024-03-01,ipca,0.16,433,macro,monthly,%
2024-03-01,real_income,8453.0,24380,macro,monthly,R$
2024-03-01,selic,11.25,432,macro,daily,% a.a.
2024-03-01,unemployment,7.9,24369,macro,monthly,%
2024-03-02,selic,11.25,432,macro,daily,% a.a.
2024-03-03,selic,11.25,432,macro,daily,% a.a.
2024-03-04,selic,11.25,432,macro,daily,% a.a.
2024-03-05,selic,11.25,432,macro,daily,% a.a.
2024-03-06,selic,11.25,432,macro,daily,% a.a.
2024-03-07,selic,11.25,432,macro,daily,% a.a.
2024-03-08,selic,11.25,432,macro,daily,% a.a.
2024-03-09,selic,11.25,432,macro,daily,% a.a.
2024-03-10,selic,11.25,432,macro,daily,% a.a.
2024-03-11,selic,11.25,432,macro,daily,% a.a.
2024-03-12,selic,11.25,432,macro,daily,% a.a.
2024-03-13,selic,11.25,432,macro,daily,% a.a.
2024-03-14,selic,11.25,432,macro,daily,% a.a.
2024-03-15,selic,11.25,432,macro,daily,% a.a.
2024-03-16,selic,11.25,432,macro,daily,% a.a.
2024-03-17,selic,11.25,432,macro,daily,% a.a.
2024-03-18,selic,11.25,432,macro,daily,% a.a.
2024-03-19,selic,11.25,432,macro,daily,% a.a.
2024-03-20,selic,11.25,432,macro,daily,% a.a.
2024-03-21,selic,10.75,432,macro,daily,% a.a.
2024-03-22,selic,10.75,432,macro,daily,% a.a.
2024-03-23,selic,10.75,432,macro,daily,% a.a.
2024-03-24,selic,10.75,432,macro,daily,% a.a.
2024-03-25,selic,10.75,432,macro,daily,% a.a.
2024-03-26,selic,10.75,432,macro,daily,% a.a.
2024-03-27,selic,10.75,432,macro,daily,% a.a.
2024-03-28,selic,10.75,432,macro,daily,% a.a.
2024-03-29,selic,10.75,432,macro,daily,% a.a.
2024-03-30,selic,10.75,432,macro,daily,% a.a.
2024-03-31,selic,10.75,432,macro,daily,% a.a.
2024-04-01,credit_balance_pf,3646659.0,20541,credito,monthly,R$ mi
2024-04-01,credit_balance_pj,2268879.0,20540,credito,monthly,R$ mi
2024-04-01,credit_grants_pf,320982.0,20633,credito,monthly,R$ mi
2024-04-01,credit_grants_pj,247448.0,20632,credito,monthly,R$ mi
2024-04-01,credit_interest_pf,2.38,25435,juros,monthly,% a.m.
2024-04-01,credit_interest_pj,1.4,25434,juros,monthly,% a.m.
2024-04-01,delinquency_card,7.46,21129,inadimplencia,monthly,%
2024-04-01,delinquency_personal,3.56,21120,inadimplencia,monthly,%
2024-04-01,delinquency_pf,3.75,21084,inadimplencia,monthly,%
2024-04-01,delinquency_pj,2.76,21083,inadimplencia,monthly,%
2024-04-01,delinquency_revolving,53.06,21127,inadimplencia,monthly,%
2024-04-01,delinquency_vehicle,4.89,21121,inadimplencia,monthly,%
2024-04-01,household_debt,47.66,29037,familias,monthly,%
2024-04-01,household_debt_ex_housing,29.9,29038,familias,monthly,%
2024-04-01,income_commitment,26.13,29034,familias,monthly,%
2024-04-01,ipca,0.38,433,macro,monthly,%
2024-04-01,real_income,8046.0,24380,macro,monthly,R$
2024-04-01,selic,10.75,432,macro,daily,% a.a.
2024-04-01,unemployment,7.5,24369,macro,monthly,%
2024-04-02,selic,10.75,432,macro,daily,% a.a.
2024-04-03,selic,10.75,432,macro,daily,% a.a.
2024-04-04,selic,10.75,432,macro,daily,% a.a.
2024-04-05,selic,10.75,432,macro,daily,% a.a.
2024-04-06,selic,10.75,432,macro,daily,% a.a.
2024-04-07,selic,10.75,432,macro,daily,% a.a.
2024-04-08,selic,10.75,432,macro,daily,% a.a.
2024-04-09,selic,10.75,432,macro,daily,% a.a.
2024-04-10,selic,10.75,432,macro,daily,% a.a.
2024-04-11,selic,10.75,432,macro,daily,% a.a.
2024-04-12,selic,10.75,432,macro,daily,% a.a.
2024-04-13,selic,10.75,432,macro,daily,% a.a.
2024-04-14,selic,10.75,432,macro,daily,% a.a.
2024-04-15,selic,10.75,432,macro,daily,% a.a.
2024-04-16,selic,10.75,432,macro,daily,% a.a.
2024-04-17,selic,10.75,432,macro,daily,% a.a.
2024-04-18,selic,10.75,432,macro,daily,% a.a.
2024-04-19,selic,10.75,432,macro,daily,% a.a.
2024-04-20,selic,10.75,432,macro,daily,% a.a.
2024-04-21,selic,10.75,432,macro,daily,% a.a.
2024-04-22,selic,10.75,432,macro,daily,% a.a.
2024-04-23,selic,10.75,432,macro,daily,% a.a.
2024-04-24,selic,10.75,432,macro,daily,% a.a.
2024-04-25,selic,10.75,432,macro,daily,% a.a.
2024-04-26,selic,10.75,432,macro,daily,% a.a.
2024-04-27,selic,10.75,432,macro,daily,% a.a.
2024-04-28,selic,10.75,432,macro,daily,% a.a.
2024-04-29,selic,10.75,432,macro,daily,% a.a.
2024-04-30,selic,10.75,432,macro,daily,% a.a.
2024-05-01,credit_balance_pf,3675652.0,20541,credito,monthly,R$ mi
2024-05-01,credit_balance_pj,2278309.0,20540,credito,monthly,R$ mi
2024-05-01,credit_grants_pf,329539.0,20633,credito,monthly,R$ mi
2024-05-01,credit_grants_pj,245576.0,20632,credito,monthly,R$ mi
2024-05-01,credit_interest_pf,2.37,25435,juros,monthly,% a.m.
2024-05-01,credit_interest_pj,1.38,25434,juros,monthly,% a.m.
2024-05-01,delinquency_card,7.56,21129,inadimplencia,monthly,%
2024-05-01,delinquency_personal,3.64,21120,inadimplencia,monthly,%
2024-05-01,delinquency_pf,3.82,21084,inadimplencia,monthly,%
2024-05-01,delinquency_pj,2.8,21083,inadimplencia,monthly,%
2024-05-01,delinquency_revolving,55.32,21127,inadimplencia,monthly,%
2024-05-01,delinquency_vehicle,4.92,21121,inadimplencia,monthly,%
2024-05-01,household_debt,47.61,29037,familias,monthly,%
2024-05-01,household_debt_ex_housing,29.84,29038,familias,monthly,%
2024-05-01,income_commitment,26.02,29034,familias,monthly,%
2024-05-01,ipca,0.46,433,macro,monthly,%
2024-05-01,real_income,7623.0,24380,macro,monthly,R$
2024-05-01,selic,10.75,432,macro,daily,% a.a.
2024-05-01,unemployment,7.1,24369,macro,monthly,%
2024-05-02,selic,10.75,432,macro,daily,% a.a.
2024-05-03,selic,10.75,432,macro,daily,% a.a.
2024-05-04,selic,10.75,432,macro,daily,% a.a.
2024-05-05,selic,10.75,432,macro,daily,% a.a.
2024-05-06,selic,10.75,432,macro,daily,% a.a.
2024-05-07,selic,10.75,432,macro,daily,% a.a.
2024-05-08,selic,10.75,432,macro,daily,% a.a.
2024-05-09,selic,10.5,432,macro,daily,% a.a.
2024-05-10,selic,10.5,432,macro,daily,% a.a.
2024-05-11,selic,10.5,432,macro,daily,% a.a.
2024-05-12,selic,10.5,432,macro,daily,% a.a.
2024-05-13,selic,10.5,432,macro,daily,% a.a.
2024-05-14,selic,10.5,432,macro,daily,% a.a.
2024-05-15,selic,10.5,432,macro,daily,% a.a.
2024-05-16,selic,10.5,432,macro,daily,% a.a.
2024-05-17,selic,10.5,432,macro,daily,% a.a.
2024-05-18,selic,10.5,432,macro,daily,% a.a.
2024-05-19,selic,10.5,432,macro,daily,% a.a.
2024-05-20,selic,10.5,432,macro,daily,% a.a.
2024-05-21,selic,10.5,432,macro,daily,% a.a.
2024-05-22,selic,10.5,432,macro,daily,% a.a.
2024-05-23,selic,10.5,432,macro,daily,% a.a.
2024-05-24,selic,10.5,432,macro,daily,% a.a.
2024-05-25,selic,10.5,432,macro,daily,% a.a.
2024-05-26,selic,10.5,432,macro,daily,% a.a.
2024-05-27,selic,10.5,432,macro,daily,% a.a.
2024-05-28,selic,10.5,432,macro,daily,% a.a.
2024-05-29,selic,10.5,432,macro,daily,% a.a.
2024-05-30,selic,10.5,432,macro,daily,% a.a.
2024-05-31,selic,10.5,432,macro,daily,% a.a.
2024-06-01,credit_balance_pf,3705041.0,20541,credito,monthly,R$ mi
2024-06-01,credit_balance_pj,2336858.0,20540,credito,monthly,R$ mi
2024-06-01,credit_grants_pf,313832.0,20633,credito,monthly,R$ mi
2024-06-01,credit_grants_pj,280315.0,20632,credito,monthly,R$ mi
2024-06-01,credit_interest_pf,2.38,25435,juros,monthly,% a.m.
2024-06-01,credit_interest_pj,1.4,25434,juros,monthly,% a.m.
2024-06-01,delinquency_card,7.47,21129,inadimplencia,monthly,%
2024-06-01,delinquency_personal,3.57,21120,inadimplencia,monthly,%
2024-06-01,delinquency_pf,3.71,21084,inadimplencia,monthly,%
2024-06-01,delinquency_pj,2.64,21083,inadimplencia,monthly,%
2024-06-01,delinquency_revolving,53.09,21127,inadimplencia,monthly,%
2024-06-01,delinquency_vehicle,4.63,21121,inadimplencia,monthly,%
2024-06-01,household_debt,47.7,29037,familias,monthly,%
2024-06-01,household_debt_ex_housing,29.85,29038,familias,monthly,%
2024-06-01,income_commitment,26.38,29034,familias,monthly,%
2024-06-01,ipca,0.21,433,macro,monthly,%
2024-06-01,real_income,7388.0,24380,macro,monthly,R$
2024-06-01,selic,10.5,432,macro,daily,% a.a.
2024-06-01,unemployment,6.9,24369,macro,monthly,%
2024-06-02,selic,10.5,432,macro,daily,% a.a.
2024-06-03,selic,10.5,432,macro,daily,% a.a.
2024-06-04,selic,10.5,432,macro,daily,% a.a.
2024-06-05,selic,10.5,432,macro,daily,% a.a.
2024-06-06,selic,10.5,432,macro,daily,% a.a.
2024-06-07,selic,10.5,432,macro,daily,% a.a.
2024-06-08,selic,10.5,432,macro,daily,% a.a.
2024-06-09,selic,10.5,432,macro,daily,% a.a.
2024-06-10,selic,10.5,432,macro,daily,% a.a.
2024-06-11,selic,10.5,432,macro,daily,% a.a.
2024-06-12,selic,10.5,432,macro,daily,% a.a.
2024-06-13,selic,10.5,432,macro,daily,% a.a.
2024-06-14,selic,10.5,432,macro,daily,% a.a.
2024-06-15,selic,10.5,432,macro,daily,% a.a.
2024-06-16,selic,10.5,432,macro,daily,% a.a.
2024-06-17,selic,10.5,432,macro,daily,% a.a.
2024-06-18,selic,10.5,432,macro,daily,% a.a.
2024-06-19,selic,10.5,432,macro,daily,% a.a.
2024-06-20,selic,10.5,432,macro,daily,% a.a.
2024-06-21,selic,10.5,432,macro,daily,% a.a.
2024-06-22,selic,10.5,432,macro,daily,% a.a.
2024-06-23,selic,10.5,432,macro,daily,% a.a.
2024-06-24,selic,10.5,432,macro,daily,% a.a.
2024-06-25,selic,10.5,432,macro,daily,% a.a.
2024-06-26,selic,10.5,432,macro,daily,% a.a.
2024-06-27,selic,10.5,432,macro,daily,% a.a.
2024-06-28,selic,10.5,432,macro,daily,% a.a.
2024-06-29,selic,10.5,432,macro,daily,% a.a.
2024-06-30,selic,10.5,432,macro,daily,% a.a.
2024-07-01,credit_balance_pf,3745844.0,20541,credito,monthly,R$ mi
2024-07-01,credit_balance_pj,2323362.0,20540,credito,monthly,R$ mi
2024-07-01,credit_grants_pf,351472.0,20633,credito,monthly,R$ mi
2024-07-01,credit_grants_pj,268876.0,20632,credito,monthly,R$ mi
2024-07-01,credit_interest_pf,2.37,25435,juros,monthly,% a.m.
2024-07-01,credit_interest_pj,1.4,25434,juros,monthly,% a.m.
2024-07-01,delinquency_card,7.38,21129,inadimplencia,monthly,%
2024-07-01,delinquency_personal,3.65,21120,inadimplencia,monthly,%
2024-07-01,delinquency_pf,3.78,21084,inadimplencia,monthly,%
2024-07-01,delinquency_pj,2.52,21083,inadimplencia,monthly,%
2024-07-01,delinquency_revolving,54.8,21127,inadimplencia,monthly,%
2024-07-01,delinquency_vehicle,4.72,21121,inadimplencia,monthly,%
2024-07-01,household_debt,47.93,29037,familias,monthly,%
2024-07-01,household_debt_ex_housing,30.03,29038,familias,monthly,%
2024-07-01,income_commitment,26.53,29034,familias,monthly,%
2024-07-01,ipca,0.38,433,macro,monthly,%
2024-07-01,real_income,7279.0,24380,macro,monthly,R$
2024-07-01,selic,10.5,432,macro,daily,% a.a.
2024-07-01,unemployment,6.8,24369,macro,monthly,%
2024-07-02,selic,10.5,432,macro,daily,% a.a.
2024-07-03,selic,10.5,432,macro,daily,% a.a.
2024-07-04,selic,10.5,432,macro,daily,% a.a.
2024-07-05,selic,10.5,432,macro,daily,% a.a.
2024-07-06,selic,10.5,432,macro,daily,% a.a.
2024-07-07,selic,10.5,432,macro,daily,% a.a.
2024-07-08,selic,10.5,432,macro,daily,% a.a.
2024-07-09,selic,10.5,432,macro,daily,% a.a.
2024-07-10,selic,10.5,432,macro,daily,% a.a.
2024-07-11,selic,10.5,432,macro,daily,% a.a.
2024-07-12,selic,10.5,432,macro,daily,% a.a.
2024-07-13,selic,10.5,432,macro,daily,% a.a.
2024-07-14,selic,10.5,432,macro,daily,% a.a.
2024-07-15,selic,10.5,432,macro,daily,% a.a.
2024-07-16,selic,10.5,432,macro,daily,% a.a.
2024-07-17,selic,10.5,432,macro,daily,% a.a.
2024-07-18,selic,10.5,432,macro,daily,% a.a.
2024-07-19,selic,10.5,432,macro,daily,% a.a.
2024-07-20,selic,10.5,432,macro,daily,% a.a.
2024-07-21,selic,10.5,432,macro,daily,% a.a.
2024-07-22,selic,10.5,432,macro,daily,% a.a.
2024-07-23,selic,10.5,432,macro,daily,% a.a.
2024-07-24,selic,10.5,432,macro,daily,% a.a.
2024-07-25,selic,10.5,432,macro,daily,% a.a.
2024-07-26,selic,10.5,432,macro,daily,% a.a.
2024-07-27,selic,10.5,432,macro,daily,% a.a.
2024-07-28,selic,10.5,432,macro,daily,% a.a.
2024-07-29,selic,10.5,432,macro,daily,% a.a.
2024-07-30,selic,10.5,432,macro,daily,% a.a.
2024-07-31,selic,10.5,432,macro,daily,% a.a.
2024-08-01,credit_balance_pf,3790900.0,20541,credito,monthly,R$ mi
2024-08-01,credit_balance_pj,2344397.0,20540,credito,monthly,R$ mi
2024-08-01,credit_grants_pf,347106.0,20633,credito,monthly,R$ mi
2024-08-01,credit_grants_pj,279944.0,20632,credito,monthly,R$ mi
2024-08-01,credit_interest_pf,2.35,25435,juros,monthly,% a.m.
2024-08-01,credit_interest_pj,1.4,25434,juros,monthly,% a.m.
2024-08-01,delinquency_card,7.51,21129,inadimplencia,monthly,%
2024-08-01,delinquency_personal,3.62,21120,inadimplencia,monthly,%
2024-08-01,delinquency_pf,3.82,21084,inadimplencia,monthly,%
2024-08-01,delinquency_pj,2.55,21083,inadimplencia,monthly,%
2024-08-01,delinquency_revolving,55.39,21127,inadimplencia,monthly,%
2024-08-01,delinquency_vehicle,4.65,21121,inadimplencia,monthly,%
2024-08-01,household_debt,48.14,29037,familias,monthly,%
2024-08-01,household_debt_ex_housing,30.15,29038,familias,monthly,%
2024-08-01,income_commitment,26.73,29034,familias,monthly,%
2024-08-01,ipca,-0.02,433,macro,monthly,%
2024-08-01,real_income,7128.0,24380,macro,monthly,R$
2024-08-01,selic,10.5,432,macro,daily,% a.a.
2024-08-01,unemployment,6.6,24369,macro,monthly,%
2024-08-02,selic,10.5,432,macro,daily,% a.a.
2024-08-03,selic,10.5,432,macro,daily,% a.a.
2024-08-04,selic,10.5,432,macro,daily,% a.a.
2024-08-05,selic,10.5,432,macro,daily,% a.a.
2024-08-06,selic,10.5,432,macro,daily,% a.a.
2024-08-07,selic,10.5,432,macro,daily,% a.a.
2024-08-08,selic,10.5,432,macro,daily,% a.a.
2024-08-09,selic,10.5,432,macro,daily,% a.a.
2024-08-10,selic,10.5,432,macro,daily,% a.a.
2024-08-11,selic,10.5,432,macro,daily,% a.a.
2024-08-12,selic,10.5,432,macro,daily,% a.a.
2024-08-13,selic,10.5,432,macro,daily,% a.a.
2024-08-14,selic,10.5,432,macro,daily,% a.a.
2024-08-15,selic,10.5,432,macro,daily,% a.a.
2024-08-16,selic,10.5,432,macro,daily,% a.a.
2024-08-17,selic,10.5,432,macro,daily,% a.a.
2024-08-18,selic,10.5,432,macro,daily,% a.a.
2024-08-19,selic,10.5,432,macro,daily,% a.a.
2024-08-20,selic,10.5,432,macro,daily,% a.a.
2024-08-21,selic,10.5,432,macro,daily,% a.a.
2024-08-22,selic,10.5,432,macro,daily,% a.a.
2024-08-23,selic,10.5,432,macro,daily,% a.a.
2024-08-24,selic,10.5,432,macro,daily,% a.a.
2024-08-25,selic,10.5,432,macro,daily,% a.a.
2024-08-26,selic,10.5,432,macro,daily,% a.a.
2024-08-27,selic,10.5,432,macro,daily,% a.a.
2024-08-28,selic,10.5,432,macro,daily,% a.a.
2024-08-29,selic,10.5,432,macro,daily,% a.a.
2024-08-30,selic,10.5,432,macro,daily,% a.a.
2024-08-31,selic,10.5,432,macro,daily,% a.a.
2024-09-01,credit_balance_pf,3831700.0,20541,credito,monthly,R$ mi
2024-09-01,credit_balance_pj,2384828.0,20540,credito,monthly,R$ mi
2024-09-01,credit_grants_pf,348030.0,20633,credito,monthly,R$ mi
2024-09-01,credit_grants_pj,291116.0,20632,credito,monthly,R$ mi
2024-09-01,credit_interest_pf,2.36,25435,juros,monthly,% a.m.
2024-09-01,credit_interest_pj,1.35,25434,juros,monthly,% a.m.
2024-09-01,delinquency_card,7.51,21129,inadimplencia,monthly,%
2024-09-01,delinquency_personal,3.68,21120,inadimplencia,monthly,%
2024-09-01,delinquency_pf,3.83,21084,inadimplencia,monthly,%
2024-09-01,delinquency_pj,2.56,21083,inadimplencia,monthly,%
2024-09-01,delinquency_revolving,54.47,21127,inadimplencia,monthly,%
2024-09-01,delinquency_vehicle,4.61,21121,inadimplencia,monthly,%
2024-09-01,household_debt,48.14,29037,familias,monthly,%
2024-09-01,household_debt_ex_housing,30.12,29038,familias,monthly,%
2024-09-01,income_commitment,26.49,29034,familias,monthly,%
2024-09-01,ipca,0.44,433,macro,monthly,%
2024-09-01,real_income,6854.0,24380,macro,monthly,R$
2024-09-01,selic,10.5,432,macro,daily,% a.a.
2024-09-01,unemployment,6.4,24369,macro,monthly,%
2024-09-02,selic,10.5,432,macro,daily,% a.a.
2024-09-03,selic,10.5,432,macro,daily,% a.a.
2024-09-04,selic,10.5,432,macro,daily,% a.a.
2024-09-05,selic,10.5,432,macro,daily,% a.a.
2024-09-06,selic,10.5,432,macro,daily,% a.a.
2024-09-07,selic,10.5,432,macro,daily,% a.a.
2024-09-08,selic,10.5,432,macro,daily,% a.a.
2024-09-09,selic,10.5,432,macro,daily,% a.a.
2024-09-10,selic,10.5,432,macro,daily,% a.a.
2024-09-11,selic,10.5,432,macro,daily,% a.a.
2024-09-12,selic,10.5,432,macro,daily,% a.a.
2024-09-13,selic,10.5,432,macro,daily,% a.a.
2024-09-14,selic,10.5,432,macro,daily,% a.a.
2024-09-15,selic,10.5,432,macro,daily,% a.a.
2024-09-16,selic,10.5,432,macro,daily,% a.a.
2024-09-17,selic,10.5,432,macro,daily,% a.a.
2024-09-18,selic,10.5,432,macro,daily,% a.a.
2024-09-19,selic,10.75,432,macro,daily,% a.a.
2024-09-20,selic,10.75,432,macro,daily,% a.a.
2024-09-21,selic,10.75,432,macro,daily,% a.a.
2024-09-22,selic,10.75,432,macro,daily,% a.a.
2024-09-23,selic,10.75,432,macro,daily,% a.a.
2024-09-24,selic,10.75,432,macro,daily,% a.a.
2024-09-25,selic,10.75,432,macro,daily,% a.a.
2024-09-26,selic,10.75,432,macro,daily,% a.a.
2024-09-27,selic,10.75,432,macro,daily,% a.a.
2024-09-28,selic,10.75,432,macro,daily,% a.a.
2024-09-29,selic,10.75,432,macro,daily,% a.a.
2024-09-30,selic,10.75,432,macro,daily,% a.a.
2024-10-01,credit_balance_pf,3877584.0,20541,credito,monthly,R$ mi
2024-10-01,credit_balance_pj,2397533.0,20540,credito,monthly,R$ mi
2024-10-01,credit_grants_pf,358711.0,20633,credito,monthly,R$ mi
2024-10-01,credit_grants_pj,290629.0,20632,credito,monthly,R$ mi
2024-10-01,credit_interest_pf,2.37,25435,juros,monthly,% a.m.
2024-10-01,credit_interest_pj,1.43,25434,juros,monthly,% a.m.
2024-10-01,delinquency_card,7.3,21129,inadimplencia,monthly,%
2024-10-01,delinquency_personal,3.7,21120,inadimplencia,monthly,%
2024-10-01,delinquency_pf,3.79,21084,inadimplencia,monthly,%
2024-10-01,delinquency_pj,2.52,21083,inadimplencia,monthly,%
2024-10-01,delinquency_revolving,55.05,21127,inadimplencia,monthly,%
2024-10-01,delinquency_vehicle,4.53,21121,inadimplencia,monthly,%
2024-10-01,household_debt,48.19,29037,familias,monthly,%
2024-10-01,household_debt_ex_housing,30.17,29038,familias,monthly,%
2024-10-01,income_commitment,26.39,29034,familias,monthly,%
2024-10-01,ipca,0.56,433,macro,monthly,%
2024-10-01,real_income,6699.0,24380,macro,monthly,R$
2024-10-01,selic,10.75,432,macro,daily,% a.a.
2024-10-01,unemployment,6.2,24369,macro,monthly,%
2024-10-02,selic,10.75,432,macro,daily,% a.a.
2024-10-03,selic,10.75,432,macro,daily,% a.a.
2024-10-04,selic,10.75,432,macro,daily,% a.a.
2024-10-05,selic,10.75,432,macro,daily,% a.a.
2024-10-06,selic,10.75,432,macro,daily,% a.a.
2024-10-07,selic,10.75,432,macro,daily,% a.a.
2024-10-08,selic,10.75,432,macro,daily,% a.a.
2024-10-09,selic,10.75,432,macro,daily,% a.a.
2024-10-10,selic,10.75,432,macro,daily,% a.a.
2024-10-11,selic,10.75,432,macro,daily,% a.a.
2024-10-12,selic,10.75,432,macro,daily,% a.a.
2024-10-13,selic,10.75,432,macro,daily,% a.a.
2024-10-14,selic,10.75,432,macro,daily,% a.a.
2024-10-15,selic,10.75,432,macro,daily,% a.a.
2024-10-16,selic,10.75,432,macro,daily,% a.a.
2024-10-17,selic,10.75,432,macro,daily,% a.a.
2024-10-18,selic,10.75,432,macro,daily,% a.a.
2024-10-19,selic,10.75,432,macro,daily,% a.a.
2024-10-20,selic,10.75,432,macro,daily,% a.a.
2024-10-21,selic,10.75,432,macro,daily,% a.a.
2024-10-22,selic,10.75,432,macro,daily,% a.a.
2024-10-23,selic,10.75,432,macro,daily,% a.a.
2024-10-24,selic,10.75,432,macro,daily,% a.a.
2024-10-25,selic,10.75,432,macro,daily,% a.a.
2024-10-26,selic,10.75,432,macro,daily,% a.a.
2024-10-27,selic,10.75,432,macro,daily,% a.a.
2024-10-28,selic,10.75,432,macro,daily,% a.a.
2024-10-29,selic,10.75,432,macro,daily,% a.a.
2024-10-30,selic,10.75,432,macro,daily,% a.a.
2024-10-31,selic,10.75,432,macro,daily,% a.a.
2024-11-01,credit_balance_pf,3929668.0,20541,credito,monthly,R$ mi
2024-11-01,credit_balance_pj,2436022.0,20540,credito,monthly,R$ mi
2024-11-01,credit_grants_pf,342829.0,20633,credito,monthly,R$ mi
2024-11-01,credit_grants_pj,277465.0,20632,credito,monthly,R$ mi
2024-11-01,credit_interest_pf,2.4,25435,juros,monthly,% a.m.
2024-11-01,credit_interest_pj,1.46,25434,juros,monthly,% a.m.
2024-11-01,delinquency_card,7.03,21129,inadimplencia,monthly,%
2024-11-01,delinquency_personal,3.66,21120,inadimplencia,monthly,%
2024-11-01,delinquency_pf,3.75,21084,inadimplencia,monthly,%
2024-11-01,delinquency_pj,2.5,21083,inadimplencia,monthly,%
2024-11-01,delinquency_revolving,53.83,21127,inadimplencia,monthly,%
2024-11-01,delinquency_vehicle,4.43,21121,inadimplencia,monthly,%
2024-11-01,household_debt,48.33,29037,familias,monthly,%
2024-11-01,household_debt_ex_housing,30.28,29038,familias,monthly,%
2024-11-01,income_commitment,26.39,29034,familias,monthly,%
2024-11-01,ipca,0.39,433,macro,monthly,%
2024-11-01,real_income,6632.0,24380,macro,monthly,R$
2024-11-01,selic,10.75,432,macro,daily,% a.a.
2024-11-01,unemployment,6.1,24369,macro,monthly,%
2024-11-02,selic,10.75,432,macro,daily,% a.a.
2024-11-03,selic,10.75,432,macro,daily,% a.a.
2024-11-04,selic,10.75,432,macro,daily,% a.a.
2024-11-05,selic,10.75,432,macro,daily,% a.a.
2024-11-06,selic,10.75,432,macro,daily,% a.a.
2024-11-07,selic,11.25,432,macro,daily,% a.a.
2024-11-08,selic,11.25,432,macro,daily,% a.a.
2024-11-09,selic,11.25,432,macro,daily,% a.a.
2024-11-10,selic,11.25,432,macro,daily,% a.a.
2024-11-11,selic,11.25,432,macro,daily,% a.a.
2024-11-12,selic,11.25,432,macro,daily,% a.a.
2024-11-13,selic,11.25,432,macro,daily,% a.a.
2024-11-14,selic,11.25,432,macro,daily,% a.a.
2024-11-15,selic,11.25,432,macro,daily,% a.a.
2024-11-16,selic,11.25,432,macro,daily,% a.a.
2024-11-17,selic,11.25,432,macro,daily,% a.a.
2024-11-18,selic,11.25,432,macro,daily,% a.a.
2024-11-19,selic,11.25,432,macro,daily,% a.a.
2024-11-20,selic,11.25,432,macro,daily,% a.a.
2024-11-21,selic,11.25,432,macro,daily,% a.a.
2024-11-22,selic,11.25,432,macro,daily,% a.a.
2024-11-23,selic,11.25,432,macro,daily,% a.a.
2024-11-24,selic,11.25,432,macro,daily,% a.a.
2024-11-25,selic,11.25,432,macro,daily,% a.a.
2024-11-26,selic,11.25,432,macro,daily,% a.a.
2024-11-27,selic,11.25,432,macro,daily,% a.a.
2024-11-28,selic,11.25,432,macro,daily,% a.a.
2024-11-29,selic,11.25,432,macro,daily,% a.a.
2024-11-30,selic,11.25,432,macro,daily,% a.a.
2024-12-01,credit_balance_pf,3965425.0,20541,credito,monthly,R$ mi
2024-12-01,credit_balance_pj,2499177.0,20540,credito,monthly,R$ mi
2024-12-01,credit_grants_pf,358619.0,20633,credito,monthly,R$ mi
2024-12-01,credit_grants_pj,340808.0,20632,credito,monthly,R$ mi
2024-12-01,credit_interest_pf,2.41,25435,juros,monthly,% a.m.
2024-12-01,credit_interest_pj,1.46,25434,juros,monthly,% a.m.
2024-12-01,delinquency_card,6.84,21129,inadimplencia,monthly,%
2024-12-01,delinquency_personal,3.65,21120,inadimplencia,monthly,%
2024-12-01,delinquency_pf,3.63,21084,inadimplencia,monthly,%
2024-12-01,delinquency_pj,2.21,21083,inadimplencia,monthly,%
2024-12-01,delinquency_revolving,54.7,21127,inadimplencia,monthly,%
2024-12-01,delinquency_vehicle,4.27,21121,inadimplencia,monthly,%
2024-12-01,household_debt,48.45,29037,familias,monthly,%
2024-12-01,household_debt_ex_housing,30.3,29038,familias,monthly,%
2024-12-01,income_commitment,26.8,29034,familias,monthly,%
2024-12-01,ipca,0.52,433,macro,monthly,%
2024-12-01,real_income,6684.0,24380,macro,monthly,R$
2024-12-01,selic,11.25,432,macro,daily,% a.a.
2024-12-01,unemployment,6.2,24369,macro,monthly,%
2024-12-02,selic,11.25,432,macro,daily,% a.a.
2024-12-03,selic,11.25,432,macro,daily,% a.a.
2024-12-04,selic,11.25,432,macro,daily,% a.a.
2024-12-05,selic,11.25,432,macro,daily,% a.a.
2024-12-06,selic,11.25,432,macro,daily,% a.a.
2024-12-07,selic,11.25,432,macro,daily,% a.a.
2024-12-08,selic,11.25,432,macro,daily,% a.a.
2024-12-09,selic,11.25,432,macro,daily,% a.a.
2024-12-10,selic,11.25,432,macro,daily,% a.a.
2024-12-11,selic,11.25,432,macro,daily,% a.a.
2024-12-12,selic,12.25,432,macro,daily,% a.a.
2024-12-13,selic,12.25,432,macro,daily,% a.a.
2024-12-14,selic,12.25,432,macro,daily,% a.a.
2024-12-15,selic,12.25,432,macro,daily,% a.a.
2024-12-16,selic,12.25,432,macro,daily,% a.a.
2024-12-17,selic,12.25,432,macro,daily,% a.a.
2024-12-18,selic,12.25,432,macro,daily,% a.a.
2024-12-19,selic,12.25,432,macro,daily,% a.a.
2024-12-20,selic,12.25,432,macro,daily,% a.a.
2024-12-21,selic,12.25,432,macro,daily,% a.a.
2024-12-22,selic,12.25,432,macro,daily,% a.a.
2024-12-23,selic,12.25,432,macro,daily,% a.a.
2024-12-24,selic,12.25,432,macro,daily,% a.a.
2024-12-25,selic,12.25,432,macro,daily,% a.a.
2024-12-26,selic,12.25,432,macro,daily,% a.a.
2024-12-27,selic,12.25,432,macro,daily,% a.a.
2024-12-28,selic,12.25,432,macro,daily,% a.a.
2024-12-29,selic,12.25,432,macro,daily,% a.a.
2024-12-30,selic,12.25,432,macro,daily,% a.a.
2024-12-31,selic,12.25,432,macro,daily,% a.a.
2025-01-01,credit_balance_pf,4013059.0,20541,credito,monthly,R$ mi
2025-01-01,credit_balance_pj,2451957.0,20540,credito,monthly,R$ mi
2025-01-01,credit_grants_pf,337762.0,20633,credito,monthly,R$ mi
2025-01-01,credit_grants_pj,254132.0,20632,credito,monthly,R$ mi
2025-01-01,credit_interest_pf,2.47,25435,juros,monthly,% a.m.
2025-01-01,credit_interest_pj,1.61,25434,juros,monthly,% a.m.
2025-01-01,delinquency_card,7.14,21129,inadimplencia,monthly,%
2025-01-01,delinquency_personal,3.96,21120,inadimplencia,monthly,%
2025-01-01,delinquency_pf,3.89,21084,inadimplencia,monthly,%
2025-01-01,delinquency_pj,2.43,21083,inadimplencia,monthly,%
2025-01-01,delinquency_revolving,55.02,21127,inadimplencia,monthly,%
2025-01-01,delinquency_vehicle,4.46,21121,inadimplencia,monthly,%
2025-01-01,household_debt,48.64,29037,familias,monthly,%
2025-01-01,household_debt_ex_housing,30.52,29038,familias,monthly,%
2025-01-01,income_commitment,26.71,29034,familias,monthly,%
2025-01-01,ipca,0.16,433,macro,monthly,%
2025-01-01,real_income,7062.0,24380,macro,monthly,R$
2025-01-01,selic,12.25,432,macro,daily,% a.a.
2025-01-01,unemployment,6.5,24369,macro,monthly,%
2025-01-02,selic,12.25,432,macro,daily,% a.a.
2025-01-03,selic,12.25,432,macro,daily,% a.a.
2025-01-04,selic,12.25,432,macro,daily,% a.a.
2025-01-05,selic,12.25,432,macro,daily,% a.a.
2025-01-06,selic,12.25,432,macro,daily,% a.a.
2025-01-07,selic,12.25,432,macro,daily,% a.a.
2025-01-08,selic,12.25,432,macro,daily,% a.a.
2025-01-09,selic,12.25,432,macro,daily,% a.a.
2025-01-10,selic,12.25,432,macro,daily,% a.a.
2025-01-11,selic,12.25,432,macro,daily,% a.a.
2025-01-12,selic,12.25,432,macro,daily,% a.a.
2025-01-13,selic,12.25,432,macro,daily,% a.a.
2025-01-14,selic,12.25,432,macro,daily,% a.a.
2025-01-15,selic,12.25,432,macro,daily,% a.a.
2025-01-16,selic,12.25,432,macro,daily,% a.a.
2025-01-17,selic,12.25,432,macro,daily,% a.a.
2025-01-18,selic,12.25,432,macro,daily,% a.a.
2025-01-19,selic,12.25,432,macro,daily,% a.a.
2025-01-20,selic,12.25,432,macro,daily,% a.a.
2025-01-21,selic,12.25,432,macro,daily,% a.a.
2025-01-22,selic,12.25,432,macro,daily,% a.a.
2025-01-23,selic,12.25,432,macro,daily,% a.a.
2025-01-24,selic,12.25,432,macro,daily,% a.a.
2025-01-25,selic,12.25,432,macro,daily,% a.a.
2025-01-26,selic,12.25,432,macro,daily,% a.a.
2025-01-27,selic,12.25,432,macro,daily,% a.a.
2025-01-28,selic,12.25,432,macro,daily,% a.a.
2025-01-29,selic,12.25,432,macro,daily,% a.a.
2025-01-30,selic,13.25,432,macro,daily,% a.a.
2025-01-31,selic,13.25,432,macro,daily,% a.a.
2025-02-01,credit_balance_pf,4034293.0,20541,credito,monthly,R$ mi
2025-02-01,credit_balance_pj,2477151.0,20540,credito,monthly,R$ mi
2025-02-01,credit_grants_pf,328225.0,20633,credito,monthly,R$ mi
2025-02-01,credit_grants_pj,262741.0,20632,credito,monthly,R$ mi
2025-02-01,credit_interest_pf,2.55,25435,juros,monthly,% a.m.
2025-02-01,credit_interest_pj,1.56,25434,juros,monthly,% a.m.
2025-02-01,delinquency_card,7.43,21129,inadimplencia,monthly,%
2025-02-01,delinquency_personal,4.02,21120,inadimplencia,monthly,%
2025-02-01,delinquency_pf,3.96,21084,inadimplencia,monthly,%
2025-02-01,delinquency_pj,2.52,21083,inadimplencia,monthly,%
2025-02-01,delinquency_revolving,54.54,21127,inadimplencia,monthly,%
2025-02-01,delinquency_vehicle,4.54,21121,inadimplencia,monthly,%
2025-02-01,household_debt,48.6,29037,familias,monthly,%
2025-02-01,household_debt_ex_housing,30.45,29038,familias,monthly,%
2025-02-01,income_commitment,26.85,29034,familias,monthly,%
2025-02-01,ipca,1.31,433,macro,monthly,%
2025-02-01,real_income,7328.0,24380,macro,monthly,R$
2025-02-01,selic,13.25,432,macro,daily,% a.a.
2025-02-01,unemployment,6.8,24369,macro,monthly,%
2025-02-02,selic,13.25,432,macro,daily,% a.a.
2025-02-03,selic,13.25,432,macro,daily,% a.a.
2025-02-04,selic,13.25,432,macro,daily,% a.a.
2025-02-05,selic,13.25,432,macro,daily,% a.a.
2025-02-06,selic,13.25,432,macro,daily,% a.a.
2025-02-07,selic,13.25,432,macro,daily,% a.a.
2025-02-08,selic,13.25,432,macro,daily,% a.a.
2025-02-09,selic,13.25,432,macro,daily,% a.a.
2025-02-10,selic,13.25,432,macro,daily,% a.a.
2025-02-11,selic,13.25,432,macro,daily,% a.a.
2025-02-12,selic,13.25,432,macro,daily,% a.a.
2025-02-13,selic,13.25,432,macro,daily,% a.a.
2025-02-14,selic,13.25,432,macro,daily,% a.a.
2025-02-15,selic,13.25,432,macro,daily,% a.a.
2025-02-16,selic,13.25,432,macro,daily,% a.a.
2025-02-17,selic,13.25,432,macro,daily,% a.a.
2025-02-18,selic,13.25,432,macro,daily,% a.a.
2025-02-19,selic,13.25,432,macro,daily,% a.a.
2025-02-20,selic,13.25,432,macro,daily,% a.a.
2025-02-21,selic,13.25,432,macro,daily,% a.a.
2025-02-22,selic,13.25,432,macro,daily,% a.a.
2025-02-23,selic,13.25,432,macro,daily,% a.a.
2025-02-24,selic,13.25,432,macro,daily,% a.a.
2025-02-25,selic,13.25,432,macro,daily,% a.a.
2025-02-26,selic,13.25,432,macro,daily,% a.a.
2025-02-27,selic,13.25,432,macro,daily,% a.a.
2025-02-28,selic,13.25,432,macro,daily,% a.a.
2025-03-01,credit_balance_pf,4078202.0,20541,credito,monthly,R$ mi
2025-03-01,credit_balance_pj,2498262.0,20540,credito,monthly,R$ mi
2025-03-01,credit_grants_pf,337442.0,20633,credito,monthly,R$ mi
2025-03-01,credit_grants_pj,283032.0,20632,credito,monthly,R$ mi
2025-03-01,credit_interest_pf,2.58,25435,juros,monthly,% a.m.
2025-03-01,credit_interest_pj,1.66,25434,juros,monthly,% a.m.
2025-03-01,delinquency_card,7.79,21129,inadimplencia,monthly,%
2025-03-01,delinquency_personal,4.0,21120,inadimplencia,monthly,%
2025-03-01,delinquency_pf,4.03,21084,inadimplencia,monthly,%
2025-03-01,delinquency_pj,2.49,21083,inadimplencia,monthly,%
2025-03-01,delinquency_revolving,55.64,21127,inadimplencia,monthly,%
2025-03-01,delinquency_vehicle,4.83,21121,inadimplencia,monthly,%
2025-03-01,household_debt,48.87,29037,familias,monthly,%
2025-03-01,household_debt_ex_housing,30.62,29038,familias,monthly,%
2025-03-01,income_commitment,26.96,29034,familias,monthly,%
2025-03-01,ipca,0.56,433,macro,monthly,%
2025-03-01,real_income,7566.0,24380,macro,monthly,R$
2025-03-01,selic,13.25,432,macro,daily,% a.a.
2025-03-01,unemployment,7.0,24369,macro,monthly,%
2025-03-02,selic,13.25,432,macro,daily,% a.a.
2025-03-03,selic,13.25,432,macro,daily,% a.a.
2025-03-04,selic,13.25,432,macro,daily,% a.a.
2025-03-05,selic,13.25,432,macro,daily,% a.a.
2025-03-06,selic,13.25,432,macro,daily,% a.a.
2025-03-07,selic,13.25,432,macro,daily,% a.a.
2025-03-08,selic,13.25,432,macro,daily,% a.a.
2025-03-09,selic,13.25,432,macro,daily,% a.a.
2025-03-10,selic,13.25,432,macro,daily,% a.a.
2025-03-11,selic,13.25,432,macro,daily,% a.a.
2025-03-12,selic,13.25,432,macro,daily,% a.a.
2025-03-13,selic,13.25,432,macro,daily,% a.a.
2025-03-14,selic,13.25,432,macro,daily,% a.a.
2025-03-15,selic,13.25,432,macro,daily,% a.a.
2025-03-16,selic,13.25,432,macro,daily,% a.a.
2025-03-17,selic,13.25,432,macro,daily,% a.a.
2025-03-18,selic,13.25,432,macro,daily,% a.a.
2025-03-19,selic,13.25,432,macro,daily,% a.a.
2025-03-20,selic,14.25,432,macro,daily,% a.a.
2025-03-21,selic,14.25,432,macro,daily,% a.a.
2025-03-22,selic,14.25,432,macro,daily,% a.a.
2025-03-23,selic,14.25,432,macro,daily,% a.a.
2025-03-24,selic,14.25,432,macro,daily,% a.a.
2025-03-25,selic,14.25,432,macro,daily,% a.a.
2025-03-26,selic,14.25,432,macro,daily,% a.a.
2025-03-27,selic,14.25,432,macro,daily,% a.a.
2025-03-28,selic,14.25,432,macro,daily,% a.a.
2025-03-29,selic,14.25,432,macro,daily,% a.a.
2025-03-30,selic,14.25,432,macro,daily,% a.a.
2025-03-31,selic,14.25,432,macro,daily,% a.a.
2025-04-01,credit_balance_pf,4111522.0,20541,credito,monthly,R$ mi
2025-04-01,credit_balance_pj,2512426.0,20540,credito,monthly,R$ mi
2025-04-01,credit_grants_pf,349001.0,20633,credito,monthly,R$ mi
2025-04-01,credit_grants_pj,295572.0,20632,credito,monthly,R$ mi
2025-04-01,credit_interest_pf,2.62,25435,juros,monthly,% a.m.
2025-04-01,credit_interest_pj,1.64,25434,juros,monthly,% a.m.
2025-04-01,delinquency_card,8.24,21129,inadimplencia,monthly,%
2025-04-01,delinquency_personal,4.15,21120,inadimplencia,monthly,%
2025-04-01,delinquency_pf,4.25,21084,inadimplencia,monthly,%
2025-04-01,delinquency_pj,2.72,21083,inadimplencia,monthly,%
2025-04-01,delinquency_revolving,56.79,21127,inadimplencia,monthly,%
2025-04-01,delinquency_vehicle,4.99,21121,inadimplencia,monthly,%
2025-04-01,household_debt,48.93,29037,familias,monthly,%
2025-04-01,household_debt_ex_housing,30.68,29038,familias,monthly,%
2025-04-01,income_commitment,27.12,29034,familias,monthly,%
2025-04-01,ipca,0.43,433,macro,monthly,%
2025-04-01,real_income,7130.0,24380,macro,monthly,R$
2025-04-01,selic,14.25,432,macro,daily,% a.a.
2025-04-01,unemployment,6.6,24369,macro,monthly,%
2025-04-02,selic,14.25,432,macro,daily,% a.a.
2025-04-03,selic,14.25,432,macro,daily,% a.a.
2025-04-04,selic,14.25,432,macro,daily,% a.a.
2025-04-05,selic,14.25,432,macro,daily,% a.a.
2025-04-06,selic,14.25,432,macro,daily,% a.a.
2025-04-07,selic,14.25,432,macro,daily,% a.a.
2025-04-08,selic,14.25,432,macro,daily,% a.a.
2025-04-09,selic,14.25,432,macro,daily,% a.a.
2025-04-10,selic,14.25,432,macro,daily,% a.a.
2025-04-11,selic,14.25,432,macro,daily,% a.a.
2025-04-12,selic,14.25,432,macro,daily,% a.a.
2025-04-13,selic,14.25,432,macro,daily,% a.a.
2025-04-14,selic,14.25,432,macro,daily,% a.a.
2025-04-15,selic,14.25,432,macro,daily,% a.a.
2025-04-16,selic,14.25,432,macro,daily,% a.a.
2025-04-17,selic,14.25,432,macro,daily,% a.a.
2025-04-18,selic,14.25,432,macro,daily,% a.a.
2025-04-19,selic,14.25,432,macro,daily,% a.a.
2025-04-20,selic,14.25,432,macro,daily,% a.a.
2025-04-21,selic,14.25,432,macro,daily,% a.a.
2025-04-22,selic,14.25,432,macro,daily,% a.a.
2025-04-23,selic,14.25,432,macro,daily,% a.a.
2025-04-24,selic,14.25,432,macro,daily,% a.a.
2025-04-25,selic,14.25,432,macro,daily,% a.a.
2025-04-26,selic,14.25,432,macro,daily,% a.a.
2025-04-27,selic,14.25,432,macro,daily,% a.a.
2025-04-28,selic,14.25,432,macro,daily,% a.a.
2025-04-29,selic,14.25,432,macro,daily,% a.a.
2025-04-30,selic,14.25,432,macro,daily,% a.a.
2025-05-01,credit_balance_pf,4133579.0,20541,credito,monthly,R$ mi
2025-05-01,credit_balance_pj,2532708.0,20540,credito,monthly,R$ mi
2025-05-01,credit_grants_pf,348206.0,20633,credito,monthly,R$ mi
2025-05-01,credit_grants_pj,300034.0,20632,credito,monthly,R$ mi
2025-05-01,credit_interest_pf,2.64,25435,juros,monthly,% a.m.
2025-05-01,credit_interest_pj,1.6,25434,juros,monthly,% a.m.
2025-05-01,delinquency_card,8.47,21129,inadimplencia,monthly,%
2025-05-01,delinquency_personal,4.25,21120,inadimplencia,monthly,%
2025-05-01,delinquency_pf,4.36,21084,inadimplencia,monthly,%
2025-05-01,delinquency_pj,2.67,21083,inadimplencia,monthly,%
2025-05-01,delinquency_revolving,58.6,21127,inadimplencia,monthly,%
2025-05-01,delinquency_vehicle,5.27,21121,inadimplencia,monthly,%
2025-05-01,household_debt,48.87,29037,familias,monthly,%
2025-05-01,household_debt_ex_housing,30.58,29038,familias,monthly,%
2025-05-01,income_commitment,27.19,29034,familias,monthly,%
2025-05-01,ipca,0.26,433,macro,monthly,%
2025-05-01,real_income,6690.0,24380,macro,monthly,R$
2025-05-01,selic,14.25,432,macro,daily,% a.a.
2025-05-01,unemployment,6.2,24369,macro,monthly,%
2025-05-02,selic,14.25,432,macro,daily,% a.a.
2025-05-03,selic,14.25,432,macro,daily,% a.a.
2025-05-04,selic,14.25,432,macro,daily,% a.a.
2025-05-05,selic,14.25,432,macro,daily,% a.a.
2025-05-06,selic,14.25,432,macro,daily,% a.a.
2025-05-07,selic,14.25,432,macro,daily,% a.a.
2025-05-08,selic,14.75,432,macro,daily,% a.a.
2025-05-09,selic,14.75,432,macro,daily,% a.a.
2025-05-10,selic,14.75,432,macro,daily,% a.a.
2025-05-11,selic,14.75,432,macro,daily,% a.a.
2025-05-12,selic,14.75,432,macro,daily,% a.a.
2025-05-13,selic,14.75,432,macro,daily,% a.a.
2025-05-14,selic,14.75,432,macro,daily,% a.a.
2025-05-15,selic,14.75,432,macro,daily,% a.a.
2025-05-16,selic,14.75,432,macro,daily,% a.a.
2025-05-17,selic,14.75,432,macro,daily,% a.a.
2025-05-18,selic,14.75,432,macro,daily,% a.a.
2025-05-19,selic,14.75,432,macro,daily,% a.a.
2025-05-20,selic,14.75,432,macro,daily,% a.a.
2025-05-21,selic,14.75,432,macro,daily,% a.a.
2025-05-22,selic,14.75,432,macro,daily,% a.a.
2025-05-23,selic,14.75,432,macro,daily,% a.a.
2025-05-24,selic,14.75,432,macro,daily,% a.a.
2025-05-25,selic,14.75,432,macro,daily,% a.a.
2025-05-26,selic,14.75,432,macro,daily,% a.a.
2025-05-27,selic,14.75,432,macro,daily,% a.a.
2025-05-28,selic,14.75,432,macro,daily,% a.a.
2025-05-29,selic,14.75,432,macro,daily,% a.a.
2025-05-30,selic,14.75,432,macro,daily,% a.a.
2025-05-31,selic,14.75,432,macro,daily,% a.a.
2025-06-01,credit_balance_pf,4155970.0,20541,credito,monthly,R$ mi
2025-06-01,credit_balance_pj,2547693.0,20540,credito,monthly,R$ mi
2025-06-01,credit_grants_pf,350156.0,20633,credito,monthly,R$ mi
2025-06-01,credit_grants_pj,291040.0,20632,credito,monthly,R$ mi
2025-06-01,credit_interest_pf,2.65,25435,juros,monthly,% a.m.
2025-06-01,credit_interest_pj,1.61,25434,juros,monthly,% a.m.
2025-06-01,delinquency_card,8.51,21129,inadimplencia,monthly,%
2025-06-01,delinquency_personal,4.42,21120,inadimplencia,monthly,%
2025-06-01,delinquency_pf,4.41,21084,inadimplencia,monthly,%
2025-06-01,delinquency_pj,2.67,21083,inadimplencia,monthly,%
2025-06-01,delinquency_revolving,57.17,21127,inadimplencia,monthly,%
2025-06-01,delinquency_vehicle,5.27,21121,inadimplencia,monthly,%
2025-06-01,household_debt,48.82,29037,familias,monthly,%
2025-06-01,household_debt_ex_housing,30.53,29038,familias,monthly,%
2025-06-01,income_commitment,27.17,29034,familias,monthly,%
2025-06-01,ipca,0.24,433,macro,monthly,%
2025-06-01,real_income,6253.0,24380,macro,monthly,R$
2025-06-01,selic,14.75,432,macro,daily,% a.a.
2025-06-01,unemployment,5.8,24369,macro,monthly,%
2025-06-02,selic,14.75,432,macro,daily,% a.a.
2025-06-03,selic,14.75,432,macro,daily,% a.a.
2025-06-04,selic,14.75,432,macro,daily,% a.a.
2025-06-05,selic,14.75,432,macro,daily,% a.a.
2025-06-06,selic,14.75,432,macro,daily,% a.a.
2025-06-07,selic,14.75,432,macro,daily,% a.a.
2025-06-08,selic,14.75,432,macro,daily,% a.a.
2025-06-09,selic,14.75,432,macro,daily,% a.a.
2025-06-10,selic,14.75,432,macro,daily,% a.a.
2025-06-11,selic,14.75,432,macro,daily,% a.a.
2025-06-12,selic,14.75,432,macro,daily,% a.a.
2025-06-13,selic,14.75,432,macro,daily,% a.a.
2025-06-14,selic,14.75,432,macro,daily,% a.a.
2025-06-15,selic,14.75,432,macro,daily,% a.a.
2025-06-16,selic,14.75,432,macro,daily,% a.a.
2025-06-17,selic,14.75,432,macro,daily,% a.a.
2025-06-18,selic,14.75,432,macro,daily,% a.a.
2025-06-19,selic,15.0,432,macro,daily,% a.a.
2025-06-20,selic,15.0,432,macro,daily,% a.a.
2025-06-21,selic,15.0,432,macro,daily,% a.a.
2025-06-22,selic,15.0,432,macro,daily,% a.a.
2025-06-23,selic,15.0,432,macro,daily,% a.a.
2025-06-24,selic,15.0,432,macro,daily,% a.a.
2025-06-25,selic,15.0,432,macro,daily,% a.a.
2025-06-26,selic,15.0,432,macro,daily,% a.a.
2025-06-27,selic,15.0,432,macro,daily,% a.a.
2025-06-28,selic,15.0,432,macro,daily,% a.a.
2025-06-29,selic,15.0,432,macro,daily,% a.a.
2025-06-30,selic,15.0,432,macro,daily,% a.a.
2025-07-01,credit_balance_pf,4188808.0,20541,credito,monthly,R$ mi
2025-07-01,credit_balance_pj,2544400.0,20540,credito,monthly,R$ mi
2025-07-01,credit_grants_pf,365381.0,20633,credito,monthly,R$ mi
2025-07-01,credit_grants_pj,284467.0,20632,credito,monthly,R$ mi
2025-07-01,credit_interest_pf,2.62,25435,juros,monthly,% a.m.
2025-07-01,credit_interest_pj,1.64,25434,juros,monthly,% a.m.
2025-07-01,delinquency_card,8.73,21129,inadimplencia,monthly,%
2025-07-01,delinquency_personal,4.64,21120,inadimplencia,monthly,%
2025-07-01,delinquency_pf,4.66,21084,inadimplencia,monthly,%
2025-07-01,delinquency_pj,2.79,21083,inadimplencia,monthly,%
2025-07-01,delinquency_revolving,60.28,21127,inadimplencia,monthly,%
2025-07-01,delinquency_vehicle,5.41,21121,inadimplencia,monthly,%
2025-07-01,household_debt,48.78,29037,familias,monthly,%
2025-07-01,household_debt_ex_housing,30.52,29038,familias,monthly,%
2025-07-01,income_commitment,27.32,29034,familias,monthly,%
2025-07-01,ipca,0.26,433,macro,monthly,%
2025-07-01,real_income,6118.0,24380,macro,monthly,R$
2025-07-01,selic,15.0,432,macro,daily,% a.a.
2025-07-01,unemployment,5.6,24369,macro,monthly,%
2025-07-02,selic,15.0,432,macro,daily,% a.a.
2025-07-03,selic,15.0,432,macro,daily,% a.a.
2025-07-04,selic,15.0,432,macro,daily,% a.a.
2025-07-05,selic,15.0,432,macro,daily,% a.a.
2025-07-06,selic,15.0,432,macro,daily,% a.a.
2025-07-07,selic,15.0,432,macro,daily,% a.a.
2025-07-08,selic,15.0,432,macro,daily,% a.a.
2025-07-09,selic,15.0,432,macro,daily,% a.a.
2025-07-10,selic,15.0,432,macro,daily,% a.a.
2025-07-11,selic,15.0,432,macro,daily,% a.a.
2025-07-12,selic,15.0,432,macro,daily,% a.a.
2025-07-13,selic,15.0,432,macro,daily,% a.a.
2025-07-14,selic,15.0,432,macro,daily,% a.a.
2025-07-15,selic,15.0,432,macro,daily,% a.a.
2025-07-16,selic,15.0,432,macro,daily,% a.a.
2025-07-17,selic,15.0,432,macro,daily,% a.a.
2025-07-18,selic,15.0,432,macro,daily,% a.a.
2025-07-19,selic,15.0,432,macro,daily,% a.a.
2025-07-20,selic,15.0,432,macro,daily,% a.a.
2025-07-21,selic,15.0,432,macro,daily,% a.a.
2025-07-22,selic,15.0,432,macro,daily,% a.a.
2025-07-23,selic,15.0,432,macro,daily,% a.a.
2025-07-24,selic,15.0,432,macro,daily,% a.a.
2025-07-25,selic,15.0,432,macro,daily,% a.a.
2025-07-26,selic,15.0,432,macro,daily,% a.a.
2025-07-27,selic,15.0,432,macro,daily,% a.a.
2025-07-28,selic,15.0,432,macro,daily,% a.a.
2025-07-29,selic,15.0,432,macro,daily,% a.a.
2025-07-30,selic,15.0,432,macro,daily,% a.a.
2025-07-31,selic,15.0,432,macro,daily,% a.a.
2025-08-01,credit_balance_pf,4228171.0,20541,credito,monthly,R$ mi
2025-08-01,credit_balance_pj,2546265.0,20540,credito,monthly,R$ mi
2025-08-01,credit_grants_pf,367634.0,20633,credito,monthly,R$ mi
2025-08-01,credit_grants_pj,276003.0,20632,credito,monthly,R$ mi
2025-08-01,credit_interest_pf,2.63,25435,juros,monthly,% a.m.
2025-08-01,credit_interest_pj,1.64,25434,juros,monthly,% a.m.
2025-08-01,delinquency_card,8.96,21129,inadimplencia,monthly,%
2025-08-01,delinquency_personal,4.83,21120,inadimplencia,monthly,%
2025-08-01,delinquency_pf,4.92,21084,inadimplencia,monthly,%
2025-08-01,delinquency_pj,2.85,21083,inadimplencia,monthly,%
2025-08-01,delinquency_revolving,60.49,21127,inadimplencia,monthly,%
2025-08-01,delinquency_vehicle,5.5,21121,inadimplencia,monthly,%
2025-08-01,household_debt,48.93,29037,familias,monthly,%
2025-08-01,household_debt_ex_housing,30.61,29038,familias,monthly,%
2025-08-01,income_commitment,27.55,29034,familias,monthly,%
2025-08-01,ipca,-0.11,433,macro,monthly,%
2025-08-01,real_income,6084.0,24380,macro,monthly,R$
2025-08-01,selic,15.0,432,macro,daily,% a.a.
2025-08-01,unemployment,5.6,24369,macro,monthly,%
2025-08-02,selic,15.0,432,macro,daily,% a.a.
2025-08-03,selic,15.0,432,macro,daily,% a.a.
2025-08-04,selic,15.0,432,macro,daily,% a.a.
2025-08-05,selic,15.0,432,macro,daily,% a.a.
2025-08-06,selic,15.0,432,macro,daily,% a.a.
2025-08-07,selic,15.0,432,macro,daily,% a.a.
2025-08-08,selic,15.0,432,macro,daily,% a.a.
2025-08-09,selic,15.0,432,macro,daily,% a.a.
2025-08-10,selic,15.0,432,macro,daily,% a.a.
2025-08-11,selic,15.0,432,macro,daily,% a.a.
2025-08-12,selic,15.0,432,macro,daily,% a.a.
2025-08-13,selic,15.0,432,macro,daily,% a.a.
2025-08-14,selic,15.0,432,macro,daily,% a.a.
2025-08-15,selic,15.0,432,macro,daily,% a.a.
2025-08-16,selic,15.0,432,macro,daily,% a.a.
2025-08-17,selic,15.0,432,macro,daily,% a.a.
2025-08-18,selic,15.0,432,macro,daily,% a.a.
2025-08-19,selic,15.0,432,macro,daily,% a.a.
2025-08-20,selic,15.0,432,macro,daily,% a.a.
2025-08-21,selic,15.0,432,macro,daily,% a.a.
2025-08-22,selic,15.0,432,macro,daily,% a.a.
2025-08-23,selic,15.0,432,macro,daily,% a.a.
2025-08-24,selic,15.0,432,macro,daily,% a.a.
2025-08-25,selic,15.0,432,macro,daily,% a.a.
2025-08-26,selic,15.0,432,macro,daily,% a.a.
2025-08-27,selic,15.0,432,macro,daily,% a.a.
2025-08-28,selic,15.0,432,macro,daily,% a.a.
2025-08-29,selic,15.0,432,macro,daily,% a.a.
2025-08-30,selic,15.0,432,macro,daily,% a.a.
2025-08-31,selic,15.0,432,macro,daily,% a.a.
2025-09-01,credit_balance_pf,4262888.0,20541,credito,monthly,R$ mi
2025-09-01,credit_balance_pj,2589817.0,20540,credito,monthly,R$ mi
2025-09-01,credit_grants_pf,378569.0,20633,credito,monthly,R$ mi
2025-09-01,credit_grants_pj,321483.0,20632,credito,monthly,R$ mi
2025-09-01,credit_interest_pf,2.63,25435,juros,monthly,% a.m.
2025-09-01,credit_interest_pj,1.57,25434,juros,monthly,% a.m.
2025-09-01,delinquency_card,9.09,21129,inadimplencia,monthly,%
2025-09-01,delinquency_personal,4.7,21120,inadimplencia,monthly,%
2025-09-01,delinquency_pf,4.89,21084,inadimplencia,monthly,%
2025-09-01,delinquency_pj,2.77,21083,inadimplencia,monthly,%
2025-09-01,delinquency_revolving,61.27,21127,inadimplencia,monthly,%
2025-09-01,delinquency_vehicle,5.52,21121,inadimplencia,monthly,%
2025-09-01,household_debt,49.11,29037,familias,monthly,%
2025-09-01,household_debt_ex_housing,30.69,29038,familias,monthly,%
2025-09-01,income_commitment,27.77,29034,familias,monthly,%
2025-09-01,ipca,0.48,433,macro,monthly,%
2025-09-01,real_income,6045.0,24380,macro,monthly,R$
2025-09-01,selic,15.0,432,macro,daily,% a.a.
2025-09-01,unemployment,5.6,24369,macro,monthly,%
2025-09-02,selic,15.0,432,macro,daily,% a.a.
2025-09-03,selic,15.0,432,macro,daily,% a.a.
2025-09-04,selic,15.0,432,macro,daily,% a.a.
2025-09-05,selic,15.0,432,macro,daily,% a.a.
2025-09-06,selic,15.0,432,macro,daily,% a.a.
2025-09-07,selic,15.0,432,macro,daily,% a.a.
2025-09-08,selic,15.0,432,macro,daily,% a.a.
2025-09-09,selic,15.0,432,macro,daily,% a.a.
2025-09-10,selic,15.0,432,macro,daily,% a.a.
2025-09-11,selic,15.0,432,macro,daily,% a.a.
2025-09-12,selic,15.0,432,macro,daily,% a.a.
2025-09-13,selic,15.0,432,macro,daily,% a.a.
2025-09-14,selic,15.0,432,macro,daily,% a.a.
2025-09-15,selic,15.0,432,macro,daily,% a.a.
2025-09-16,selic,15.0,432,macro,daily,% a.a.
2025-09-17,selic,15.0,432,macro,daily,% a.a.
2025-09-18,selic,15.0,432,macro,daily,% a.a.
2025-09-19,selic,15.0,432,macro,daily,% a.a.
2025-09-20,selic,15.0,432,macro,daily,% a.a.
2025-09-21,selic,15.0,432,macro,daily,% a.a.
2025-09-22,selic,15.0,432,macro,daily,% a.a.
2025-09-23,selic,15.0,432,macro,daily,% a.a.
2025-09-24,selic,15.0,432,macro,daily,% a.a.
2025-09-25,selic,15.0,432,macro,daily,% a.a.
2025-09-26,selic,15.0,432,macro,daily,% a.a.
2025-09-27,selic,15.0,432,macro,daily,% a.a.
2025-09-28,selic,15.0,432,macro,daily,% a.a.
2025-09-29,selic,15.0,432,macro,daily,% a.a.
2025-09-30,selic,15.0,432,macro,daily,% a.a.
2025-10-01,credit_balance_pf,4326256.0,20541,credito,monthly,R$ mi
2025-10-01,credit_balance_pj,2597630.0,20540,credito,monthly,R$ mi
2025-10-01,credit_grants_pf,393377.0,20633,credito,monthly,R$ mi
2025-10-01,credit_grants_pj,298284.0,20632,credito,monthly,R$ mi
2025-10-01,credit_interest_pf,2.65,25435,juros,monthly,% a.m.
2025-10-01,credit_interest_pj,1.65,25434,juros,monthly,% a.m.
2025-10-01,delinquency_card,8.66,21129,inadimplencia,monthly,%
2025-10-01,delinquency_personal,4.79,21120,inadimplencia,monthly,%
2025-10-01,delinquency_pf,4.99,21084,inadimplencia,monthly,%
2025-10-01,delinquency_pj,2.82,21083,inadimplencia,monthly,%
2025-10-01,delinquency_revolving,57.67,21127,inadimplencia,monthly,%
2025-10-01,delinquency_vehicle,5.52,21121,inadimplencia,monthly,%
2025-10-01,household_debt,49.46,29037,familias,monthly,%
2025-10-01,household_debt_ex_housing,30.99,29038,familias,monthly,%
2025-10-01,income_commitment,27.92,29034,familias,monthly,%
2025-10-01,ipca,0.09,433,macro,monthly,%
2025-10-01,real_income,5910.0,24380,macro,monthly,R$
2025-10-01,selic,15.0,432,macro,daily,% a.a.
2025-10-01,unemployment,5.4,24369,macro,monthly,%
2025-10-02,selic,15.0,432,macro,daily,% a.a.
2025-10-03,selic,15.0,432,macro,daily,% a.a.
2025-10-04,selic,15.0,432,macro,daily,% a.a.
2025-10-05,selic,15.0,432,macro,daily,% a.a.
2025-10-06,selic,15.0,432,macro,daily,% a.a.
2025-10-07,selic,15.0,432,macro,daily,% a.a.
2025-10-08,selic,15.0,432,macro,daily,% a.a.
2025-10-09,selic,15.0,432,macro,daily,% a.a.
2025-10-10,selic,15.0,432,macro,daily,% a.a.
2025-10-11,selic,15.0,432,macro,daily,% a.a.
2025-10-12,selic,15.0,432,macro,daily,% a.a.
2025-10-13,selic,15.0,432,macro,daily,% a.a.
2025-10-14,selic,15.0,432,macro,daily,% a.a.
2025-10-15,selic,15.0,432,macro,daily,% a.a.
2025-10-16,selic,15.0,432,macro,daily,% a.a.
2025-10-17,selic,15.0,432,macro,daily,% a.a.
2025-10-18,selic,15.0,432,macro,daily,% a.a.
2025-10-19,selic,15.0,432,macro,daily,% a.a.
2025-10-20,selic,15.0,432,macro,daily,% a.a.
2025-10-21,selic,15.0,432,macro,daily,% a.a.
2025-10-22,selic,15.0,432,macro,daily,% a.a.
2025-10-23,selic,15.0,432,macro,daily,% a.a.
2025-10-24,selic,15.0,432,macro,daily,% a.a.
2025-10-25,selic,15.0,432,macro,daily,% a.a.
2025-10-26,selic,15.0,432,macro,daily,% a.a.
2025-10-27,selic,15.0,432,macro,daily,% a.a.
2025-10-28,selic,15.0,432,macro,daily,% a.a.
2025-10-29,selic,15.0,432,macro,daily,% a.a.
2025-10-30,selic,15.0,432,macro,daily,% a.a.
2025-10-31,selic,15.0,432,macro,daily,% a.a.
2025-11-01,credit_balance_pf,4387321.0,20541,credito,monthly,R$ mi
2025-11-01,credit_balance_pj,2616902.0,20540,credito,monthly,R$ mi
2025-11-01,credit_grants_pf,378650.0,20633,credito,monthly,R$ mi
2025-11-01,credit_grants_pj,274299.0,20632,credito,monthly,R$ mi
2025-11-01,credit_interest_pf,2.71,25435,juros,monthly,% a.m.
2025-11-01,credit_interest_pj,1.56,25434,juros,monthly,% a.m.
2025-11-01,delinquency_card,9.02,21129,inadimplencia,monthly,%
2025-11-01,delinquency_personal,4.81,21120,inadimplencia,monthly,%
2025-11-01,delinquency_pf,5.12,21084,inadimplencia,monthly,%
2025-11-01,delinquency_pj,2.75,21083,inadimplencia,monthly,%
2025-11-01,delinquency_revolving,61.9,21127,inadimplencia,monthly,%
2025-11-01,delinquency_vehicle,5.5,21121,inadimplencia,monthly,%
2025-11-01,household_debt,49.63,29037,familias,monthly,%
2025-11-01,household_debt_ex_housing,31.13,29038,familias,monthly,%
2025-11-01,income_commitment,27.89,29034,familias,monthly,%
2025-11-01,ipca,0.18,433,macro,monthly,%
2025-11-01,real_income,5644.0,24380,macro,monthly,R$
2025-11-01,selic,15.0,432,macro,daily,% a.a.
2025-11-01,unemployment,5.2,24369,macro,monthly,%
2025-11-02,selic,15.0,432,macro,daily,% a.a.
2025-11-03,selic,15.0,432,macro,daily,% a.a.
2025-11-04,selic,15.0,432,macro,daily,% a.a.
2025-11-05,selic,15.0,432,macro,daily,% a.a.
2025-11-06,selic,15.0,432,macro,daily,% a.a.
2025-11-07,selic,15.0,432,macro,daily,% a.a.
2025-11-08,selic,15.0,432,macro,daily,% a.a.
2025-11-09,selic,15.0,432,macro,daily,% a.a.
2025-11-10,selic,15.0,432,macro,daily,% a.a.
2025-11-11,selic,15.0,432,macro,daily,% a.a.
2025-11-12,selic,15.0,432,macro,daily,% a.a.
2025-11-13,selic,15.0,432,macro,daily,% a.a.
2025-11-14,selic,15.0,432,macro,daily,% a.a.
2025-11-15,selic,15.0,432,macro,daily,% a.a.
2025-11-16,selic,15.0,432,macro,daily,% a.a.
2025-11-17,selic,15.0,432,macro,daily,% a.a.
2025-11-18,selic,15.0,432,macro,daily,% a.a.
2025-11-19,selic,15.0,432,macro,daily,% a.a.
2025-11-20,selic,15.0,432,macro,daily,% a.a.
2025-11-21,selic,15.0,432,macro,daily,% a.a.
2025-11-22,selic,15.0,432,macro,daily,% a.a.
2025-11-23,selic,15.0,432,macro,daily,% a.a.
2025-11-24,selic,15.0,432,macro,daily,% a.a.
2025-11-25,selic,15.0,432,macro,daily,% a.a.
2025-11-26,selic,15.0,432,macro,daily,% a.a.
2025-11-27,selic,15.0,432,macro,daily,% a.a.
2025-11-28,selic,15.0,432,macro,daily,% a.a.
2025-11-29,selic,15.0,432,macro,daily,% a.a.
2025-11-30,selic,15.0,432,macro,daily,% a.a.
2025-12-01,credit_balance_pf,4435517.0,20541,credito,monthly,R$ mi
2025-12-01,credit_balance_pj,2701735.0,20540,credito,monthly,R$ mi
2025-12-01,credit_grants_pf,407588.0,20633,credito,monthly,R$ mi
2025-12-01,credit_grants_pj,396721.0,20632,credito,monthly,R$ mi
2025-12-01,credit_interest_pf,2.7,25435,juros,monthly,% a.m.
2025-12-01,credit_interest_pj,1.52,25434,juros,monthly,% a.m.
2025-12-01,delinquency_card,8.89,21129,inadimplencia,monthly,%
2025-12-01,delinquency_personal,5.0,21120,inadimplencia,monthly,%
2025-12-01,delinquency_pf,5.12,21084,inadimplencia,monthly,%
2025-12-01,delinquency_pj,2.7,21083,inadimplencia,monthly,%
2025-12-01,delinquency_revolving,64.49,21127,inadimplencia,monthly,%
2025-12-01,delinquency_vehicle,5.69,21121,inadimplencia,monthly,%
2025-12-01,household_debt,49.7,29037,familias,monthly,%
2025-12-01,household_debt_ex_housing,31.16,29038,familias,monthly,%
2025-12-01,income_commitment,28.09,29034,familias,monthly,%
2025-12-01,ipca,0.33,433,macro,monthly,%
2025-12-01,real_income,5503.0,24380,macro,monthly,R$
2025-12-01,selic,15.0,432,macro,daily,% a.a.
2025-12-01,unemployment,5.1,24369,macro,monthly,%
2025-12-02,selic,15.0,432,macro,daily,% a.a.
2025-12-03,selic,15.0,432,macro,daily,% a.a.
2025-12-04,selic,15.0,432,macro,daily,% a.a.
2025-12-05,selic,15.0,432,macro,daily,% a.a.
2025-12-06,selic,15.0,432,macro,daily,% a.a.
2025-12-07,selic,15.0,432,macro,daily,% a.a.
2025-12-08,selic,15.0,432,macro,daily,% a.a.
2025-12-09,selic,15.0,432,macro,daily,% a.a.
2025-12-10,selic,15.0,432,macro,daily,% a.a.
2025-12-11,selic,15.0,432,macro,daily,% a.a.
2025-12-12,selic,15.0,432,macro,daily,% a.a.
2025-12-13,selic,15.0,432,macro,daily,% a.a.
2025-12-14,selic,15.0,432,macro,daily,% a.a.
2025-12-15,selic,15.0,432,macro,daily,% a.a.
2025-12-16,selic,15.0,432,macro,daily,% a.a.
2025-12-17,selic,15.0,432,macro,daily,% a.a.
2025-12-18,selic,15.0,432,macro,daily,% a.a.
2025-12-19,selic,15.0,432,macro,daily,% a.a.
2025-12-20,selic,15.0,432,macro,daily,% a.a.
2025-12-21,selic,15.0,432,macro,daily,% a.a.
2025-12-22,selic,15.0,432,macro,daily,% a.a.
2025-12-23,selic,15.0,432,macro,daily,% a.a.
2025-12-24,selic,15.0,432,macro,daily,% a.a.
2025-12-25,selic,15.0,432,macro,daily,% a.a.
2025-12-26,selic,15.0,432,macro,daily,% a.a.
2025-12-27,selic,15.0,432,macro,daily,% a.a.
2025-12-28,selic,15.0,432,macro,daily,% a.a.
2025-12-29,selic,15.0,432,macro,daily,% a.a.
2025-12-30,selic,15.0,432,macro,daily,% a.a.
2025-12-31,selic,15.0,432,macro,daily,% a.a.
2026-01-01,credit_balance_pf,4476542.0,20541,credito,monthly,R$ mi
2026-01-01,credit_balance_pj,2654220.0,20540,credito,monthly,R$ mi
2026-01-01,credit_grants_pf,364450.0,20633,credito,monthly,R$ mi
2026-01-01,credit_grants_pj,285024.0,20632,credito,monthly,R$ mi
2026-01-01,credit_interest_pf,2.72,25435,juros,monthly,% a.m.
2026-01-01,credit_interest_pj,1.6,25434,juros,monthly,% a.m.
2026-01-01,delinquency_card,9.19,21129,inadimplencia,monthly,%
2026-01-01,delinquency_personal,5.08,21120,inadimplencia,monthly,%
2026-01-01,delinquency_pf,5.38,21084,inadimplencia,monthly,%
2026-01-01,delinquency_pj,2.87,21083,inadimplencia,monthly,%
2026-01-01,delinquency_revolving,63.52,21127,inadimplencia,monthly,%
2026-01-01,delinquency_vehicle,5.69,21121,inadimplencia,monthly,%
2026-01-01,household_debt,49.92,29037,familias,monthly,%
2026-01-01,household_debt_ex_housing,31.35,29038,familias,monthly,%
2026-01-01,income_commitment,28.23,29034,familias,monthly,%
2026-01-01,ipca,0.33,433,macro,monthly,%
2026-01-01,real_income,5851.0,24380,macro,monthly,R$
2026-01-01,selic,15.0,432,macro,daily,% a.a.
2026-01-01,unemployment,5.4,24369,macro,monthly,%
2026-01-02,selic,15.0,432,macro,daily,% a.a.
2026-01-03,selic,15.0,432,macro,daily,% a.a.
2026-01-04,selic,15.0,432,macro,daily,% a.a.
2026-01-05,selic,15.0,432,macro,daily,% a.a.
2026-01-06,selic,15.0,432,macro,daily,% a.a.
2026-01-07,selic,15.0,432,macro,daily,% a.a.
2026-01-08,selic,15.0,432,macro,daily,% a.a.
2026-01-09,selic,15.0,432,macro,daily,% a.a.
2026-01-10,selic,15.0,432,macro,daily,% a.a.
2026-01-11,selic,15.0,432,macro,daily,% a.a.
2026-01-12,selic,15.0,432,macro,daily,% a.a.
2026-01-13,selic,15.0,432,macro,daily,% a.a.
2026-01-14,selic,15.0,432,macro,daily,% a.a.
2026-01-15,selic,15.0,432,macro,daily,% a.a.
2026-01-16,selic,15.0,432,macro,daily,% a.a.
2026-01-17,selic,15.0,432,macro,daily,% a.a.
2026-01-18,selic,15.0,432,macro,daily,% a.a.
2026-01-19,selic,15.0,432,macro,daily,% a.a.
2026-01-20,selic,15.0,432,macro,daily,% a.a.
2026-01-21,selic,15.0,432,macro,daily,% a.a.
2026-01-22,selic,15.0,432,macro,daily,% a.a.
2026-01-23,selic,15.0,432,macro,daily,% a.a.
2026-01-24,selic,15.0,432,macro,daily,% a.a.
2026-01-25,selic,15.0,432,macro,daily,% a.a.
2026-01-26,selic,15.0,432,macro,daily,% a.a.
2026-01-27,selic,15.0,432,macro,daily,% a.a.
2026-01-28,selic,15.0,432,macro,daily,% a.a.
2026-01-29,selic,15.0,432,macro,daily,% a.a.
2026-01-30,selic,15.0,432,macro,daily,% a.a.
2026-01-31,selic,15.0,432,macro,daily,% a.a.
2026-02-01,credit_balance_pf,4501299.0,20541,credito,monthly,R$ mi
2026-02-01,credit_balance_pj,2656484.0,20540,credito,monthly,R$ mi
2026-02-01,credit_grants_pf,337956.0,20633,credito,monthly,R$ mi
2026-02-01,credit_grants_pj,272549.0,20632,credito,monthly,R$ mi
2026-02-01,credit_interest_pf,2.74,25435,juros,monthly,% a.m.
2026-02-01,credit_interest_pj,1.59,25434,juros,monthly,% a.m.
2026-02-01,delinquency_card,9.37,21129,inadimplencia,monthly,%
2026-02-01,delinquency_personal,5.42,21120,inadimplencia,monthly,%
2026-02-01,delinquency_pf,5.56,21084,inadimplencia,monthly,%
2026-02-01,delinquency_pj,3.07,21083,inadimplencia,monthly,%
2026-02-01,delinquency_revolving,60.74,21127,inadimplencia,monthly,%
2026-02-01,delinquency_vehicle,5.99,21121,inadimplencia,monthly,%
2026-02-01,household_debt,49.81,29037,familias,monthly,%
2026-02-01,household_debt_ex_housing,31.24,29038,familias,monthly,%
2026-02-01,income_commitment,28.27,29034,familias,monthly,%
2026-02-01,ipca,0.7,433,macro,monthly,%
2026-02-01,real_income,6243.0,24380,macro,monthly,R$
2026-02-01,selic,15.0,432,macro,daily,% a.a.
2026-02-01,unemployment,5.8,24369,macro,monthly,%
2026-02-02,selic,15.0,432,macro,daily,% a.a.
2026-02-03,selic,15.0,432,macro,daily,% a.a.
2026-02-04,selic,15.0,432,macro,daily,% a.a.
2026-02-05,selic,15.0,432,macro,daily,% a.a.
2026-02-06,selic,15.0,432,macro,daily,% a.a.
2026-02-07,selic,15.0,432,macro,daily,% a.a.
2026-02-08,selic,15.0,432,macro,daily,% a.a.
2026-02-09,selic,15.0,432,macro,daily,% a.a.
2026-02-10,selic,15.0,432,macro,daily,% a.a.
2026-02-11,selic,15.0,432,macro,daily,% a.a.
2026-02-12,selic,15.0,432,macro,daily,% a.a.
2026-02-13,selic,15.0,432,macro,daily,% a.a.
2026-02-14,selic,15.0,432,macro,daily,% a.a.
2026-02-15,selic,15.0,432,macro,daily,% a.a.
2026-02-16,selic,15.0,432,macro,daily,% a.a.
2026-02-17,selic,15.0,432,macro,daily,% a.a.
2026-02-18,selic,15.0,432,macro,daily,% a.a.
2026-02-19,selic,15.0,432,macro,daily,% a.a.
2026-02-20,selic,15.0,432,macro,daily,% a.a.
2026-02-21,selic,15.0,432,macro,daily,% a.a.
2026-02-22,selic,15.0,432,macro,daily,% a.a.
2026-02-23,selic,15.0,432,macro,daily,% a.a.
2026-02-24,selic,15.0,432,macro,daily,% a.a.
2026-02-25,selic,15.0,432,macro,daily,% a.a.
2026-02-26,selic,15.0,432,macro,daily,% a.a.
2026-02-27,selic,15.0,432,macro,daily,% a.a.
2026-02-28,selic,15.0,432,macro,daily,% a.a.
2026-03-01,credit_balance_pf,4553022.0,20541,credito,monthly,R$ mi
2026-03-01,credit_balance_pj,2687535.0,20540,credito,monthly,R$ mi
2026-03-01,credit_grants_pf,397284.0,20633,credito,monthly,R$ mi
2026-03-01,credit_grants_pj,344943.0,20632,credito,monthly,R$ mi
2026-03-01,credit_interest_pf,2.75,25435,juros,monthly,% a.m.
2026-03-01,credit_interest_pj,1.61,25434,juros,monthly,% a.m.
2026-03-01,delinquency_card,9.05,21129,inadimplencia,monthly,%
2026-03-01,delinquency_personal,5.26,21120,inadimplencia,monthly,%
2026-03-01,delinquency_pf,5.39,21084,inadimplencia,monthly,%
2026-03-01,delinquency_pj,3.06,21083,inadimplencia,monthly,%
2026-03-01,delinquency_revolving,61.02,21127,inadimplencia,monthly,%
2026-03-01,delinquency_vehicle,6.11,21121,inadimplencia,monthly,%
2026-03-01,household_debt,49.85,29037,familias,monthly,%
2026-03-01,household_debt_ex_housing,31.24,29038,familias,monthly,%
2026-03-01,income_commitment,28.24,29034,familias,monthly,%
2026-03-01,ipca,0.88,433,macro,monthly,%
2026-03-01,real_income,6579.0,24380,macro,monthly,R$
2026-03-01,selic,15.0,432,macro,daily,% a.a.
2026-03-01,unemployment,6.1,24369,macro,monthly,%
2026-03-02,selic,15.0,432,macro,daily,% a.a.
2026-03-03,selic,15.0,432,macro,daily,% a.a.
2026-03-04,selic,15.0,432,macro,daily,% a.a.
2026-03-05,selic,15.0,432,macro,daily,% a.a.
2026-03-06,selic,15.0,432,macro,daily,% a.a.
2026-03-07,selic,15.0,432,macro,daily,% a.a.
2026-03-08,selic,15.0,432,macro,daily,% a.a.
2026-03-09,selic,15.0,432,macro,daily,% a.a.
2026-03-10,selic,15.0,432,macro,daily,% a.a.
2026-03-11,selic,15.0,432,macro,daily,% a.a.
2026-03-12,selic,15.0,432,macro,daily,% a.a.
2026-03-13,selic,15.0,432,macro,daily,% a.a.
2026-03-14,selic,15.0,432,macro,daily,% a.a.
2026-03-15,selic,15.0,432,macro,daily,% a.a.
2026-03-16,selic,15.0,432,macro,daily,% a.a.
2026-03-17,selic,15.0,432,macro,daily,% a.a.
2026-03-18,selic,15.0,432,macro,daily,% a.a.
2026-03-19,selic,14.75,432,macro,daily,% a.a.
2026-03-20,selic,14.75,432,macro,daily,% a.a.
2026-03-21,selic,14.75,432,macro,daily,% a.a.
2026-03-22,selic,14.75,432,macro,daily,% a.a.
2026-03-23,selic,14.75,432,macro,daily,% a.a.
2026-03-24,selic,14.75,432,macro,daily,% a.a.
2026-03-25,selic,14.75,432,macro,daily,% a.a.
2026-03-26,selic,14.75,432,macro,daily,% a.a.
2026-03-27,selic,14.75,432,macro,daily,% a.a.
2026-03-28,selic,14.75,432,macro,daily,% a.a.
2026-03-29,selic,14.75,432,macro,daily,% a.a.
2026-03-30,selic,14.75,432,macro,daily,% a.a.
2026-03-31,selic,14.75,432,macro,daily,% a.a.
2026-04-01,credit_balance_pf,4574368.0,20541,credito,monthly,R$ mi
2026-04-01,credit_balance_pj,2685397.0,20540,credito,monthly,R$ mi
2026-04-01,credit_grants_pf,378710.0,20633,credito,monthly,R$ mi
2026-04-01,credit_grants_pj,314249.0,20632,credito,monthly,R$ mi
2026-04-01,credit_interest_pf,2.78,25435,juros,monthly,% a.m.
2026-04-01,credit_interest_pj,1.65,25434,juros,monthly,% a.m.
2026-04-01,delinquency_card,9.21,21129,inadimplencia,monthly,%
2026-04-01,delinquency_personal,5.44,21120,inadimplencia,monthly,%
2026-04-01,delinquency_pf,5.51,21084,inadimplencia,monthly,%
2026-04-01,delinquency_pj,3.15,21083,inadimplencia,monthly,%
2026-04-01,delinquency_revolving,60.61,21127,inadimplencia,monthly,%
2026-04-01,delinquency_vehicle,6.24,21121,inadimplencia,monthly,%
2026-04-01,household_debt,49.88,29037,familias,monthly,%
2026-04-01,household_debt_ex_housing,31.19,29038,familias,monthly,%
2026-04-01,income_commitment,28.38,29034,familias,monthly,%
2026-04-01,ipca,0.67,433,macro,monthly,%
2026-04-01,real_income,6322.0,24380,macro,monthly,R$
2026-04-01,selic,14.75,432,macro,daily,% a.a.
2026-04-01,unemployment,5.8,24369,macro,monthly,%
2026-04-02,selic,14.75,432,macro,daily,% a.a.
2026-04-03,selic,14.75,432,macro,daily,% a.a.
2026-04-04,selic,14.75,432,macro,daily,% a.a.
2026-04-05,selic,14.75,432,macro,daily,% a.a.
2026-04-06,selic,14.75,432,macro,daily,% a.a.
2026-04-07,selic,14.75,432,macro,daily,% a.a.
2026-04-08,selic,14.75,432,macro,daily,% a.a.
2026-04-09,selic,14.75,432,macro,daily,% a.a.
2026-04-10,selic,14.75,432,macro,daily,% a.a.
2026-04-11,selic,14.75,432,macro,daily,% a.a.
2026-04-12,selic,14.75,432,macro,daily,% a.a.
2026-04-13,selic,14.75,432,macro,daily,% a.a.
2026-04-14,selic,14.75,432,macro,daily,% a.a.
2026-04-15,selic,14.75,432,macro,daily,% a.a.
2026-04-16,selic,14.75,432,macro,daily,% a.a.
2026-04-17,selic,14.75,432,macro,daily,% a.a.
2026-04-18,selic,14.75,432,macro,daily,% a.a.
2026-04-19,selic,14.75,432,macro,daily,% a.a.
2026-04-20,selic,14.75,432,macro,daily,% a.a.
2026-04-21,selic,14.75,432,macro,daily,% a.a.
2026-04-22,selic,14.75,432,macro,daily,% a.a.
2026-04-23,selic,14.75,432,macro,daily,% a.a.
2026-04-24,selic,14.75,432,macro,daily,% a.a.
2026-04-25,selic,14.75,432,macro,daily,% a.a.
2026-04-26,selic,14.75,432,macro,daily,% a.a.
2026-04-27,selic,14.75,432,macro,daily,% a.a.
2026-04-28,selic,14.75,432,macro,daily,% a.a.
2026-04-29,selic,14.75,432,macro,daily,% a.a.
2026-04-30,selic,14.5,432,macro,daily,% a.a.
2026-05-01,credit_balance_pf,4597168.0,20541,credito,monthly,R$ mi
2026-05-01,credit_balance_pj,2708154.0,20540,credito,monthly,R$ mi
2026-05-01,credit_grants_pf,376976.0,20633,credito,monthly,R$ mi
2026-05-01,credit_grants_pj,324375.0,20632,credito,monthly,R$ mi
2026-05-01,credit_interest_pf,2.76,25435,juros,monthly,% a.m.
2026-05-01,credit_interest_pj,1.62,25434,juros,monthly,% a.m.
2026-05-01,delinquency_card,9.44,21129,inadimplencia,monthly,%
2026-05-01,delinquency_personal,5.6,21120,inadimplencia,monthly,%
2026-05-01,delinquency_pf,5.63,21084,inadimplencia,monthly,%
2026-05-01,delinquency_pj,3.25,21083,inadimplencia,monthly,%
2026-05-01,delinquency_revolving,63.07,21127,inadimplencia,monthly,%
2026-05-01,delinquency_vehicle,6.47,21121,inadimplencia,monthly,%
2026-05-01,household_debt,49.82,29037,familias,monthly,%
2026-05-01,household_debt_ex_housing,31.05,29038,familias,monthly,%
2026-05-01,income_commitment,28.47,29034,familias,monthly,%
2026-05-01,ipca,0.58,433,macro,monthly,%
2026-05-01,real_income,6065.0,24380,macro,monthly,R$
2026-05-01,selic,14.5,432,macro,daily,% a.a.
2026-05-01,unemployment,5.6,24369,macro,monthly,%
2026-05-02,selic,14.5,432,macro,daily,% a.a.
2026-05-03,selic,14.5,432,macro,daily,% a.a.
2026-05-04,selic,14.5,432,macro,daily,% a.a.
2026-05-05,selic,14.5,432,macro,daily,% a.a.
2026-05-06,selic,14.5,432,macro,daily,% a.a.
2026-05-07,selic,14.5,432,macro,daily,% a.a.
2026-05-08,selic,14.5,432,macro,daily,% a.a.
2026-05-09,selic,14.5,432,macro,daily,% a.a.
2026-05-10,selic,14.5,432,macro,daily,% a.a.
2026-05-11,selic,14.5,432,macro,daily,% a.a.
2026-05-12,selic,14.5,432,macro,daily,% a.a.
2026-05-13,selic,14.5,432,macro,daily,% a.a.
2026-05-14,selic,14.5,432,macro,daily,% a.a.
2026-05-15,selic,14.5,432,macro,daily,% a.a.
2026-05-16,selic,14.5,432,macro,daily,% a.a.
2026-05-17,selic,14.5,432,macro,daily,% a.a.
2026-05-18,selic,14.5,432,macro,daily,% a.a.
2026-05-19,selic,14.5,432,macro,daily,% a.a.
2026-05-20,selic,14.5,432,macro,daily,% a.a.
2026-05-21,selic,14.5,432,macro,daily,% a.a.
2026-05-22,selic,14.5,432,macro,daily,% a.a.
2026-05-23,selic,14.5,432,macro,daily,% a.a.
2026-05-24,selic,14.5,432,macro,daily,% a.a.
2026-05-25,selic,14.5,432,macro,daily,% a.a.
2026-05-26,selic,14.5,432,macro,daily,% a.a.
2026-05-27,selic,14.5,432,macro,daily,% a.a.
2026-05-28,selic,14.5,432,macro,daily,% a.a.
2026-05-29,selic,14.5,432,macro,daily,% a.a.
2026-05-30,selic,14.5,432,macro,daily,% a.a.
2026-05-31,selic,14.5,432,macro,daily,% a.a.
2026-06-01,credit_balance_pf,4602668.0,20541,credito,monthly,R$ mi
2026-06-01,credit_balance_pj,2750634.0,20540,credito,monthly,R$ mi
2026-06-01,credit_grants_pf,385590.0,20633,credito,monthly,R$ mi
2026-06-01,credit_grants_pj,362683.0,20632,credito,monthly,R$ mi
2026-06-01,credit_interest_pf,2.74,25435,juros,monthly,% a.m.
2026-06-01,credit_interest_pj,1.58,25434,juros,monthly,% a.m.
2026-06-01,delinquency_card,9.09,21129,inadimplencia,monthly,%
2026-06-01,delinquency_personal,5.45,21120,inadimplencia,monthly,%
2026-06-01,delinquency_pf,5.42,21084,inadimplencia,monthly,%
2026-06-01,delinquency_pj,3.18,21083,inadimplencia,monthly,%
2026-06-01,delinquency_revolving,62.65,21127,inadimplencia,monthly,%
2026-06-01,delinquency_vehicle,6.57,21121,inadimplencia,monthly,%
2026-06-01,household_debt,49.65,29037,familias,monthly,%
2026-06-01,household_debt_ex_housing,30.77,29038,familias,monthly,%
2026-06-01,income_commitment,28.66,29034,familias,monthly,%
2026-06-01,ipca,0.16,433,macro,monthly,%
2026-06-01,real_income,5861.0,24380,macro,monthly,R$
2026-06-01,selic,14.5,432,macro,daily,% a.a.
2026-06-01,unemployment,5.4,24369,macro,monthly,%
2026-06-02,selic,14.5,432,macro,daily,% a.a.
2026-06-03,selic,14.5,432,macro,daily,% a.a.
2026-06-04,selic,14.5,432,macro,daily,% a.a.
2026-06-05,selic,14.5,432,macro,daily,% a.a.
2026-06-06,selic,14.5,432,macro,daily,% a.a.
2026-06-07,selic,14.5,432,macro,daily,% a.a.
2026-06-08,selic,14.5,432,macro,daily,% a.a.
2026-06-09,selic,14.5,432,macro,daily,% a.a.
2026-06-10,selic,14.5,432,macro,daily,% a.a.
2026-06-11,selic,14.5,432,macro,daily,% a.a.
2026-06-12,selic,14.5,432,macro,daily,% a.a.
2026-06-13,selic,14.5,432,macro,daily,% a.a.
2026-06-14,selic,14.5,432,macro,daily,% a.a.
2026-06-15,selic,14.5,432,macro,daily,% a.a.
2026-06-16,selic,14.5,432,macro,daily,% a.a.
2026-06-17,selic,14.5,432,macro,daily,% a.a.
2026-06-18,selic,14.25,432,macro,daily,% a.a.
2026-06-19,selic,14.25,432,macro,daily,% a.a.
2026-06-20,selic,14.25,432,macro,daily,% a.a.
2026-06-21,selic,14.25,432,macro,daily,% a.a.
2026-06-22,selic,14.25,432,macro,daily,% a.a.
2026-06-23,selic,14.25,432,macro,daily,% a.a.
2026-06-24,selic,14.25,432,macro,daily,% a.a.
2026-06-25,selic,14.25,432,macro,daily,% a.a.
2026-06-26,selic,14.25,432,macro,daily,% a.a.
2026-06-27,selic,14.25,432,macro,daily,% a.a.
2026-06-28,selic,14.25,432,macro,daily,% a.a.
2026-06-29,selic,14.25,432,macro,daily,% a.a.
2026-06-30,selic,14.25,432,macro,daily,% a.a.
2026-07-01,credit_balance_pf,4633143.0,20541,credito,monthly,R$ mi
2026-07-01,credit_balance_pj,2729162.0,20540,credito,monthly,R$ mi
2026-07-01,credit_grants_pf,400840.0,20633,credito,monthly,R$ mi
2026-07-01,credit_grants_pj,329483.0,20632,credito,monthly,R$ mi
2026-07-01,credit_interest_pf,2.69,25435,juros,monthly,% a.m.
2026-07-01,credit_interest_pj,1.59,25434,juros,monthly,% a.m.
2026-07-01,delinquency_card,9.51,21129,inadimplencia,monthly,%
2026-07-01,delinquency_personal,5.96,21120,inadimplencia,monthly,%
2026-07-01,delinquency_pf,5.8,21084,inadimplencia,monthly,%
2026-07-01,delinquency_pj,3.32,21083,inadimplencia,monthly,%
2026-07-01,delinquency_revolving,65.55,21127,inadimplencia,monthly,%
2026-07-01,delinquency_vehicle,6.63,21121,inadimplencia,monthly,%
2026-07-01,household_debt,49.86,29037,familias,monthly,%
2026-07-01,household_debt_ex_housing,30.81,29038,familias,monthly,%
2026-07-01,income_commitment,28.72,29034,familias,monthly,%
2026-07-01,ipca,0.07,433,macro,monthly,%
2026-07-01,real_income,5819.0,24380,macro,monthly,R$
2026-07-01,selic,14.25,432,macro,daily,% a.a.
2026-07-01,unemployment,5.3,24369,macro,monthly,%
2026-07-02,selic,14.25,432,macro,daily,% a.a.
2026-07-03,selic,14.25,432,macro,daily,% a.a.
2026-07-04,selic,14.25,432,macro,daily,% a.a.
2026-07-05,selic,14.25,432,macro,daily,% a.a.
2026-07-06,selic,14.25,432,macro,daily,% a.a.
2026-07-07,selic,14.25,432,macro,daily,% a.a.
2026-07-08,selic,14.25,432,macro,daily,% a.a.
2026-07-09,selic,14.25,432,macro,daily,% a.a.
2026-07-10,selic,14.25,432,macro,daily,% a.a.
2026-07-11,selic,14.25,432,macro,daily,% a.a.
2026-07-12,selic,14.25,432,macro,daily,% a.a.
2026-07-13,selic,14.25,432,macro,daily,% a.a.
2026-07-14,selic,14.25,432,macro,daily,% a.a.
2026-07-15,selic,14.25,432,macro,daily,% a.a.
2026-07-16,selic,14.25,432,macro,daily,% a.a.
2026-07-17,selic,14.25,432,macro,daily,% a.a.
2026-07-18,selic,14.25,432,macro,daily,% a.a.
2026-07-19,selic,14.25,432,macro,daily,% a.a.
2026-07-20,selic,14.25,432,macro,daily,% a.a.
2026-07-21,selic,14.25,432,macro,daily,% a.a.
2026-07-22,selic,14.25,432,macro,daily,% a.a.
2026-07-23,selic,14.25,432,macro,daily,% a.a.
2026-07-24,selic,14.25,432,macro,daily,% a.a.
2026-07-25,selic,14.25,432,macro,daily,% a.a.
2026-07-26,selic,14.25,432,macro,daily,% a.a.
2026-07-27,selic,14.25,432,macro,daily,% a.a.
2026-07-28,selic,14.25,432,macro,daily,% a.a.
2026-07-29,selic,14.25,432,macro,daily,% a.a.
2026-07-30,selic,14.25,432,macro,daily,% a.a.
2026-07-31,selic,14.25,432,macro,daily,% a.a.
2026-08-01,credit_balance_pf,4670170.0,20541,credito,monthly,R$ mi
2026-08-01,credit_balance_pj,2727499.0,20540,credito,monthly,R$ mi
2026-08-01,credit_grants_pf,394254.0,20633,credito,monthly,R$ mi
2026-08-01,credit_grants_pj,334993.0,20632,credito,monthly,R$ mi
2026-08-01,credit_interest_pf,2.73,25435,juros,monthly,% a.m.
2026-08-01,credit_interest_pj,1.51,25434,juros,monthly,% a.m.
2026-08-01,delinquency_card,9.96,21129,inadimplencia,monthly,%
2026-08-01,delinquency_personal,6.17,21120,inadimplencia,monthly,%
2026-08-01,delinquency_pf,6.03,21084,inadimplencia,monthly,%
2026-08-01,delinquency_pj,3.35,21083,inadimplencia,monthly,%
2026-08-01,delinquency_revolving,66.15,21127,inadimplencia,monthly,%
2026-08-01,delinquency_vehicle,6.57,21121,inadimplencia,monthly,%
2026-08-01,ipca,-0.32,433,macro,monthly,%
2026-08-01,real_income,5784.0,24380,macro,monthly,R$
2026-08-01,selic,14.25,432,macro,daily,% a.a.
2026-08-01,unemployment,5.3,24369,macro,monthly,%
2026-08-02,selic,14.25,432,macro,daily,% a.a.
2026-08-03,selic,14.25,432,macro,daily,% a.a.
2026-08-04,selic,14.25,432,macro,daily,% a.a.
2026-08-05,selic,14.25,432,macro,daily,% a.a.
2026-08-06,selic,14.0,432,macro,daily,% a.a.
2026-08-07,selic,14.0,432,macro,daily,% a.a.
2026-08-08,selic,14.0,432,macro,daily,% a.a.
2026-08-09,selic,14.0,432,macro,daily,% a.a.
2026-08-10,selic,14.0,432,macro,daily,% a.a.
2026-08-11,selic,14.0,432,macro,daily,% a.a.
2026-08-12,selic,14.0,432,macro,daily,% a.a.
2026-08-13,selic,14.0,432,macro,daily,% a.a.
2026-08-14,selic,14.0,432,macro,daily,% a.a.
2026-08-15,selic,14.0,432,macro,daily,% a.a.
2026-08-16,selic,14.0,432,macro,daily,% a.a.
2026-08-17,selic,14.0,432,macro,daily,% a.a.
2026-08-18,selic,14.0,432,macro,daily,% a.a.
2026-08-19,selic,14.0,432,macro,daily,% a.a.
2026-08-20,selic,14.0,432,macro,daily,% a.a.
2026-08-21,selic,14.0,432,macro,daily,% a.a.
2026-08-22,selic,14.0,432,macro,daily,% a.a.
2026-08-23,selic,14.0,432,macro,daily,% a.a.
2026-08-24,selic,14.0,432,macro,daily,% a.a.
2026-08-25,selic,14.0,432,macro,daily,% a.a.
2026-08-26,selic,14.0,432,macro,daily,% a.a.
2026-08-27,selic,14.0,432,macro,daily,% a.a.
2026-08-28,selic,14.0,432,macro,daily,% a.a.
2026-08-29,selic,14.0,432,macro,daily,% a.a.
2026-08-30,selic,14.0,432,macro,daily,% a.a.
2026-08-31,selic,14.0,432,macro,daily,% a.a.
2026-09-01,ipca,0.82,433,macro,monthly,%
2026-09-01,selic,14.0,432,macro,daily,% a.a.
2026-09-02,selic,14.0,432,macro,daily,% a.a.
2026-09-03,selic,14.0,432,macro,daily,% a.a.
2026-09-04,selic,14.0,432,macro,daily,% a.a.
2026-09-05,selic,14.0,432,macro,daily,% a.a.
2026-09-06,selic,14.0,432,macro,daily,% a.a.
2026-09-07,selic,14.0,432,macro,daily,% a.a.
2026-09-08,selic,14.0,432,macro,daily,% a.a.
2026-09-09,selic,14.0,432,macro,daily,% a.a.
2026-09-10,selic,14.0,432,macro,daily,% a.a.
2026-09-11,selic,14.0,432,macro,daily,% a.a.
2026-09-12,selic,14.0,432,macro,daily,% a.a.
2026-09-13,selic,14.0,432,macro,daily,% a.a.
2026-09-14,selic,14.0,432,macro,daily,% a.a.
2026-09-15,selic,14.0,432,macro,daily,% a.a.
2026-09-16,selic,14.0,432,macro,daily,% a.a.
2026-09-17,selic,13.75,432,macro,daily,% a.a.
2026-09-18,selic,13.75,432,macro,daily,% a.a.
2026-09-19,selic,13.75,432,macro,daily,% a.a.
2026-09-20,selic,13.75,432,macro,daily,% a.a.
2026-09-21,selic,13.75,432,macro,daily,% a.a.
2026-09-22,selic,13.75,432,macro,daily,% a.a.
2026-09-23,selic,13.75,432,macro,daily,% a.a.
2026-09-24,selic,13.75,432,macro,daily,% a.a.
2026-09-25,selic,13.75,432,macro,daily,% a.a.
2026-09-26,selic,13.75,432,macro,daily,% a.a.
2026-09-27,selic,13.75,432,macro,daily,% a.a.
2026-09-28,selic,13.75,432,macro,daily,% a.a.
2026-09-29,selic,13.75,432,macro,daily,% a.a.
2026-09-30,selic,13.75,432,macro,daily,% a.a.
2026-10-01,selic,13.75,432,macro,daily,% a.a.
2026-10-02,selic,13.75,432,macro,daily,% a.a.
2026-10-03,selic,13.75,432,macro,daily,% a.a.
2026-10-04,selic,13.75,432,macro,daily,% a.a.
2026-10-05,selic,13.75,432,macro,daily,% a.a.
2026-10-06,selic,13.75,432,macro,daily,% a.a.
2026-10-07,selic,13.75,432,macro,daily,% a.a.
2026-10-08,selic,13.75,432,macro,daily,% a.a.
2026-10-09,selic,13.75,432,macro,daily,% a.a.
2026-10-10,selic,13.75,432,macro,daily,% a.a.
