date,uf,gender,key,value,unit,source
2012-03-01,AC,men,real_income,3224.0,R$,IBGE SIDRA 5436
2012-03-01,AC,total,real_income,2970.0,R$,IBGE SIDRA 5436
2012-03-01,AC,women,real_income,2583.0,R$,IBGE SIDRA 5436
2012-03-01,AL,men,real_income,2081.0,R$,IBGE SIDRA 5436
2012-03-01,AL,total,real_income,1994.0,R$,IBGE SIDRA 5436
2012-03-01,AL,women,real_income,1829.0,R$,IBGE SIDRA 5436
2012-03-01,AM,men,real_income,3160.0,R$,IBGE SIDRA 5436
2012-03-01,AM,total,real_income,2914.0,R$,IBGE SIDRA 5436
2012-03-01,AM,women,real_income,2499.0,R$,IBGE SIDRA 5436
2012-03-01,AP,men,real_income,2857.0,R$,IBGE SIDRA 5436
2012-03-01,AP,total,real_income,2750.0,R$,IBGE SIDRA 5436
2012-03-01,AP,women,real_income,2587.0,R$,IBGE SIDRA 5436
2012-03-01,BA,men,real_income,2379.0,R$,IBGE SIDRA 5436
2012-03-01,BA,total,real_income,2193.0,R$,IBGE SIDRA 5436
2012-03-01,BA,women,real_income,1903.0,R$,IBGE SIDRA 5436
2012-03-01,BR,men,real_income,3557.0,R$,IBGE SIDRA 5436
2012-03-01,BR,total,real_income,3166.0,R$,IBGE SIDRA 5436
2012-03-01,BR,women,real_income,2598.0,R$,IBGE SIDRA 5436
2012-03-01,CE,men,real_income,2278.0,R$,IBGE SIDRA 5436
2012-03-01,CE,total,real_income,2100.0,R$,IBGE SIDRA 5436
2012-03-01,CE,women,real_income,1824.0,R$,IBGE SIDRA 5436
2012-03-01,DF,men,real_income,6953.0,R$,IBGE SIDRA 5436
2012-03-01,DF,total,real_income,6138.0,R$,IBGE SIDRA 5436
2012-03-01,DF,women,real_income,5143.0,R$,IBGE SIDRA 5436
2012-03-01,ES,men,real_income,3410.0,R$,IBGE SIDRA 5436
2012-03-01,ES,total,real_income,3014.0,R$,IBGE SIDRA 5436
2012-03-01,ES,women,real_income,2412.0,R$,IBGE SIDRA 5436
2012-03-01,GO,men,real_income,3551.0,R$,IBGE SIDRA 5436
2012-03-01,GO,total,real_income,3084.0,R$,IBGE SIDRA 5436
2012-03-01,GO,women,real_income,2404.0,R$,IBGE SIDRA 5436
2012-03-01,MA,men,real_income,1851.0,R$,IBGE SIDRA 5436
2012-03-01,MA,total,real_income,1729.0,R$,IBGE SIDRA 5436
2012-03-01,MA,women,real_income,1529.0,R$,IBGE SIDRA 5436
2012-03-01,MG,men,real_income,3174.0,R$,IBGE SIDRA 5436
2012-03-01,MG,total,real_income,2801.0,R$,IBGE SIDRA 5436
2012-03-01,MG,women,real_income,2265.0,R$,IBGE SIDRA 5436
2012-03-01,MS,men,real_income,3600.0,R$,IBGE SIDRA 5436
2012-03-01,MS,total,real_income,3183.0,R$,IBGE SIDRA 5436
2012-03-01,MS,women,real_income,2571.0,R$,IBGE SIDRA 5436
2012-03-01,MT,men,real_income,3974.0,R$,IBGE SIDRA 5436
2012-03-01,MT,total,real_income,3436.0,R$,IBGE SIDRA 5436
2012-03-01,MT,women,real_income,2526.0,R$,IBGE SIDRA 5436
2012-03-01,PA,men,real_income,2428.0,R$,IBGE SIDRA 5436
2012-03-01,PA,total,real_income,2257.0,R$,IBGE SIDRA 5436
2012-03-01,PA,women,real_income,1957.0,R$,IBGE SIDRA 5436
2012-03-01,PB,men,real_income,2093.0,R$,IBGE SIDRA 5436
2012-03-01,PB,total,real_income,1990.0,R$,IBGE SIDRA 5436
2012-03-01,PB,women,real_income,1818.0,R$,IBGE SIDRA 5436
2012-03-01,PE,men,real_income,2670.0,R$,IBGE SIDRA 5436
2012-03-01,PE,total,real_income,2515.0,R$,IBGE SIDRA 5436
2012-03-01,PE,women,real_income,2271.0,R$,IBGE SIDRA 5436
2012-03-01,PI,men,real_income,2058.0,R$,IBGE SIDRA 5436
2012-03-01,PI,total,real_income,1906.0,R$,IBGE SIDRA 5436
2012-03-01,PI,women,real_income,1678.0,R$,IBGE SIDRA 5436
2012-03-01,PR,men,real_income,4001.0,R$,IBGE SIDRA 5436
2012-03-01,PR,total,real_income,3461.0,R$,IBGE SIDRA 5436
2012-03-01,PR,women,real_income,2680.0,R$,IBGE SIDRA 5436
2012-03-01,RJ,men,real_income,3881.0,R$,IBGE SIDRA 5436
2012-03-01,RJ,total,real_income,3427.0,R$,IBGE SIDRA 5436
2012-03-01,RJ,women,real_income,2821.0,R$,IBGE SIDRA 5436
2012-03-01,RN,men,real_income,2342.0,R$,IBGE SIDRA 5436
2012-03-01,RN,total,real_income,2199.0,R$,IBGE SIDRA 5436
2012-03-01,RN,women,real_income,1960.0,R$,IBGE SIDRA 5436
2012-03-01,RO,men,real_income,3024.0,R$,IBGE SIDRA 5436
2012-03-01,RO,total,real_income,2749.0,R$,IBGE SIDRA 5436
2012-03-01,RO,women,real_income,2272.0,R$,IBGE SIDRA 5436
2012-03-01,RR,men,real_income,3424.0,R$,IBGE SIDRA 5436
2012-03-01,RR,total,real_income,3251.0,R$,IBGE SIDRA 5436
2012-03-01,RR,women,real_income,2995.0,R$,IBGE SIDRA 5436
2012-03-01,RS,men,real_income,3790.0,R$,IBGE SIDRA 5436
2012-03-01,RS,total,real_income,3364.0,R$,IBGE SIDRA 5436
2012-03-01,RS,women,real_income,2783.0,R$,IBGE SIDRA 5436
2012-03-01,SC,men,real_income,3933.0,R$,IBGE SIDRA 5436
2012-03-01,SC,total,real_income,3465.0,R$,IBGE SIDRA 5436
2012-03-01,SC,women,real_income,2825.0,R$,IBGE SIDRA 5436
2012-03-01,SE,men,real_income,2562.0,R$,IBGE SIDRA 5436
2012-03-01,SE,total,real_income,2424.0,R$,IBGE SIDRA 5436
2012-03-01,SE,women,real_income,2202.0,R$,IBGE SIDRA 5436
2012-03-01,SP,men,real_income,4736.0,R$,IBGE SIDRA 5436
2012-03-01,SP,total,real_income,4058.0,R$,IBGE SIDRA 5436
2012-03-01,SP,women,real_income,3146.0,R$,IBGE SIDRA 5436
2012-03-01,TO,men,real_income,2768.0,R$,IBGE SIDRA 5436
2012-03-01,TO,total,real_income,2624.0,R$,IBGE SIDRA 5436
2012-03-01,TO,women,real_income,2383.0,R$,IBGE SIDRA 5436
2012-03-01,AC,men,unemployment,7.1,%,IBGE SIDRA 6396
2012-03-01,AC,total,unemployment,9.2,%,IBGE SIDRA 6396
2012-03-01,AC,women,unemployment,12.1,%,IBGE SIDRA 6396
2012-03-01,AL,men,unemployment,8.0,%,IBGE SIDRA 6396
2012-03-01,AL,total,unemployment,11.3,%,IBGE SIDRA 6396
2012-03-01,AL,women,unemployment,16.9,%,IBGE SIDRA 6396
2012-03-01,AM,men,unemployment,8.7,%,IBGE SIDRA 6396
2012-03-01,AM,total,unemployment,11.1,%,IBGE SIDRA 6396
2012-03-01,AM,women,unemployment,14.5,%,IBGE SIDRA 6396
2012-03-01,AP,men,unemployment,10.4,%,IBGE SIDRA 6396
2012-03-01,AP,total,unemployment,12.6,%,IBGE SIDRA 6396
2012-03-01,AP,women,unemployment,15.8,%,IBGE SIDRA 6396
2012-03-01,BA,men,unemployment,8.7,%,IBGE SIDRA 6396
2012-03-01,BA,total,unemployment,11.6,%,IBGE SIDRA 6396
2012-03-01,BA,women,unemployment,15.7,%,IBGE SIDRA 6396
2012-03-01,BR,men,unemployment,6.2,%,IBGE SIDRA 6396
2012-03-01,BR,total,unemployment,8.0,%,IBGE SIDRA 6396
2012-03-01,BR,women,unemployment,10.4,%,IBGE SIDRA 6396
2012-03-01,CE,men,unemployment,6.2,%,IBGE SIDRA 6396
2012-03-01,CE,total,unemployment,7.3,%,IBGE SIDRA 6396
2012-03-01,CE,women,unemployment,8.9,%,IBGE SIDRA 6396
2012-03-01,DF,men,unemployment,6.7,%,IBGE SIDRA 6396
2012-03-01,DF,total,unemployment,8.8,%,IBGE SIDRA 6396
2012-03-01,DF,women,unemployment,11.2,%,IBGE SIDRA 6396
2012-03-01,ES,men,unemployment,6.0,%,IBGE SIDRA 6396
2012-03-01,ES,total,unemployment,7.6,%,IBGE SIDRA 6396
2012-03-01,ES,women,unemployment,9.8,%,IBGE SIDRA 6396
2012-03-01,GO,men,unemployment,4.4,%,IBGE SIDRA 6396
2012-03-01,GO,total,unemployment,6.3,%,IBGE SIDRA 6396
2012-03-01,GO,women,unemployment,8.9,%,IBGE SIDRA 6396
2012-03-01,MA,men,unemployment,6.2,%,IBGE SIDRA 6396
2012-03-01,MA,total,unemployment,7.9,%,IBGE SIDRA 6396
2012-03-01,MA,women,unemployment,10.7,%,IBGE SIDRA 6396
2012-03-01,MG,men,unemployment,5.9,%,IBGE SIDRA 6396
2012-03-01,MG,total,unemployment,7.9,%,IBGE SIDRA 6396
2012-03-01,MG,women,unemployment,10.5,%,IBGE SIDRA 6396
2012-03-01,MS,men,unemployment,6.1,%,IBGE SIDRA 6396
2012-03-01,MS,total,unemployment,7.6,%,IBGE SIDRA 6396
2012-03-01,MS,women,unemployment,9.6,%,IBGE SIDRA 6396
2012-03-01,MT,men,unemployment,4.7,%,IBGE SIDRA 6396
2012-03-01,MT,total,unemployment,6.6,%,IBGE SIDRA 6396
2012-03-01,MT,women,unemployment,9.5,%,IBGE SIDRA 6396
2012-03-01,PA,men,unemployment,5.7,%,IBGE SIDRA 6396
2012-03-01,PA,total,unemployment,8.0,%,IBGE SIDRA 6396
2012-03-01,PA,women,unemployment,11.6,%,IBGE SIDRA 6396
2012-03-01,PB,men,unemployment,7.4,%,IBGE SIDRA 6396
2012-03-01,PB,total,unemployment,10.0,%,IBGE SIDRA 6396
2012-03-01,PB,women,unemployment,13.8,%,IBGE SIDRA 6396
2012-03-01,PE,men,unemployment,7.1,%,IBGE SIDRA 6396
2012-03-01,PE,total,unemployment,9.6,%,IBGE SIDRA 6396
2012-03-01,PE,women,unemployment,13.1,%,IBGE SIDRA 6396
2012-03-01,PI,men,unemployment,6.7,%,IBGE SIDRA 6396
2012-03-01,PI,total,unemployment,7.7,%,IBGE SIDRA 6396
2012-03-01,PI,women,unemployment,9.1,%,IBGE SIDRA 6396
2012-03-01,PR,men,unemployment,3.9,%,IBGE SIDRA 6396
2012-03-01,PR,total,unemployment,5.6,%,IBGE SIDRA 6396
2012-03-01,PR,women,unemployment,7.9,%,IBGE SIDRA 6396
2012-03-01,RJ,men,unemployment,6.7,%,IBGE SIDRA 6396
2012-03-01,RJ,total,unemployment,8.5,%,IBGE SIDRA 6396
2012-03-01,RJ,women,unemployment,10.9,%,IBGE SIDRA 6396
2012-03-01,RN,men,unemployment,9.6,%,IBGE SIDRA 6396
2012-03-01,RN,total,unemployment,11.6,%,IBGE SIDRA 6396
2012-03-01,RN,women,unemployment,14.7,%,IBGE SIDRA 6396
2012-03-01,RO,men,unemployment,5.8,%,IBGE SIDRA 6396
2012-03-01,RO,total,unemployment,8.1,%,IBGE SIDRA 6396
2012-03-01,RO,women,unemployment,11.6,%,IBGE SIDRA 6396
2012-03-01,RR,men,unemployment,6.1,%,IBGE SIDRA 6396
2012-03-01,RR,total,unemployment,8.5,%,IBGE SIDRA 6396
2012-03-01,RR,women,unemployment,11.8,%,IBGE SIDRA 6396
2012-03-01,RS,men,unemployment,4.1,%,IBGE SIDRA 6396
2012-03-01,RS,total,unemployment,5.3,%,IBGE SIDRA 6396
2012-03-01,RS,women,unemployment,6.9,%,IBGE SIDRA 6396
2012-03-01,SC,men,unemployment,3.1,%,IBGE SIDRA 6396
2012-03-01,SC,total,unemployment,4.1,%,IBGE SIDRA 6396
2012-03-01,SC,women,unemployment,5.5,%,IBGE SIDRA 6396
2012-03-01,SE,men,unemployment,8.2,%,IBGE SIDRA 6396
2012-03-01,SE,total,unemployment,10.5,%,IBGE SIDRA 6396
2012-03-01,SE,women,unemployment,13.8,%,IBGE SIDRA 6396
2012-03-01,SP,men,unemployment,6.3,%,IBGE SIDRA 6396
2012-03-01,SP,total,unemployment,7.8,%,IBGE SIDRA 6396
2012-03-01,SP,women,unemployment,9.8,%,IBGE SIDRA 6396
2012-03-01,TO,men,unemployment,7.5,%,IBGE SIDRA 6396
2012-03-01,TO,total,unemployment,8.4,%,IBGE SIDRA 6396
2012-03-01,TO,women,unemployment,9.8,%,IBGE SIDRA 6396
2012-06-01,AC,men,real_income,3007.0,R$,IBGE SIDRA 5436
2012-06-01,AC,total,real_income,2859.0,R$,IBGE SIDRA 5436
2012-06-01,AC,women,real_income,2623.0,R$,IBGE SIDRA 5436
2012-06-01,AL,men,real_income,2133.0,R$,IBGE SIDRA 5436
2012-06-01,AL,total,real_income,2054.0,R$,IBGE SIDRA 5436
2012-06-01,AL,women,real_income,1913.0,R$,IBGE SIDRA 5436
2012-06-01,AM,men,real_income,3129.0,R$,IBGE SIDRA 5436
2012-06-01,AM,total,real_income,2964.0,R$,IBGE SIDRA 5436
2012-06-01,AM,women,real_income,2679.0,R$,IBGE SIDRA 5436
2012-06-01,AP,men,real_income,2914.0,R$,IBGE SIDRA 5436
2012-06-01,AP,total,real_income,2800.0,R$,IBGE SIDRA 5436
2012-06-01,AP,women,real_income,2633.0,R$,IBGE SIDRA 5436
2012-06-01,BA,men,real_income,2358.0,R$,IBGE SIDRA 5436
2012-06-01,BA,total,real_income,2148.0,R$,IBGE SIDRA 5436
2012-06-01,BA,women,real_income,1831.0,R$,IBGE SIDRA 5436
2012-06-01,BR,men,real_income,3554.0,R$,IBGE SIDRA 5436
2012-06-01,BR,total,real_income,3176.0,R$,IBGE SIDRA 5436
2012-06-01,BR,women,real_income,2633.0,R$,IBGE SIDRA 5436
2012-06-01,CE,men,real_income,2296.0,R$,IBGE SIDRA 5436
2012-06-01,CE,total,real_income,2114.0,R$,IBGE SIDRA 5436
2012-06-01,CE,women,real_income,1844.0,R$,IBGE SIDRA 5436
2012-06-01,DF,men,real_income,6944.0,R$,IBGE SIDRA 5436
2012-06-01,DF,total,real_income,6130.0,R$,IBGE SIDRA 5436
2012-06-01,DF,women,real_income,5160.0,R$,IBGE SIDRA 5436
2012-06-01,ES,men,real_income,3502.0,R$,IBGE SIDRA 5436
2012-06-01,ES,total,real_income,3046.0,R$,IBGE SIDRA 5436
2012-06-01,ES,women,real_income,2374.0,R$,IBGE SIDRA 5436
2012-06-01,GO,men,real_income,3509.0,R$,IBGE SIDRA 5436
2012-06-01,GO,total,real_income,3083.0,R$,IBGE SIDRA 5436
2012-06-01,GO,women,real_income,2456.0,R$,IBGE SIDRA 5436
2012-06-01,MA,men,real_income,1845.0,R$,IBGE SIDRA 5436
2012-06-01,MA,total,real_income,1722.0,R$,IBGE SIDRA 5436
2012-06-01,MA,women,real_income,1522.0,R$,IBGE SIDRA 5436
2012-06-01,MG,men,real_income,3185.0,R$,IBGE SIDRA 5436
2012-06-01,MG,total,real_income,2814.0,R$,IBGE SIDRA 5436
2012-06-01,MG,women,real_income,2275.0,R$,IBGE SIDRA 5436
2012-06-01,MS,men,real_income,3614.0,R$,IBGE SIDRA 5436
2012-06-01,MS,total,real_income,3159.0,R$,IBGE SIDRA 5436
2012-06-01,MS,women,real_income,2502.0,R$,IBGE SIDRA 5436
2012-06-01,MT,men,real_income,3631.0,R$,IBGE SIDRA 5436
2012-06-01,MT,total,real_income,3222.0,R$,IBGE SIDRA 5436
2012-06-01,MT,women,real_income,2520.0,R$,IBGE SIDRA 5436
2012-06-01,PA,men,real_income,2444.0,R$,IBGE SIDRA 5436
2012-06-01,PA,total,real_income,2275.0,R$,IBGE SIDRA 5436
2012-06-01,PA,women,real_income,1975.0,R$,IBGE SIDRA 5436
2012-06-01,PB,men,real_income,2095.0,R$,IBGE SIDRA 5436
2012-06-01,PB,total,real_income,2012.0,R$,IBGE SIDRA 5436
2012-06-01,PB,women,real_income,1879.0,R$,IBGE SIDRA 5436
2012-06-01,PE,men,real_income,2887.0,R$,IBGE SIDRA 5436
2012-06-01,PE,total,real_income,2728.0,R$,IBGE SIDRA 5436
2012-06-01,PE,women,real_income,2485.0,R$,IBGE SIDRA 5436
2012-06-01,PI,men,real_income,1979.0,R$,IBGE SIDRA 5436
2012-06-01,PI,total,real_income,1872.0,R$,IBGE SIDRA 5436
2012-06-01,PI,women,real_income,1707.0,R$,IBGE SIDRA 5436
2012-06-01,PR,men,real_income,3946.0,R$,IBGE SIDRA 5436
2012-06-01,PR,total,real_income,3417.0,R$,IBGE SIDRA 5436
2012-06-01,PR,women,real_income,2672.0,R$,IBGE SIDRA 5436
2012-06-01,RJ,men,real_income,3889.0,R$,IBGE SIDRA 5436
2012-06-01,RJ,total,real_income,3436.0,R$,IBGE SIDRA 5436
2012-06-01,RJ,women,real_income,2844.0,R$,IBGE SIDRA 5436
2012-06-01,RN,men,real_income,2329.0,R$,IBGE SIDRA 5436
2012-06-01,RN,total,real_income,2201.0,R$,IBGE SIDRA 5436
2012-06-01,RN,women,real_income,2002.0,R$,IBGE SIDRA 5436
2012-06-01,RO,men,real_income,2857.0,R$,IBGE SIDRA 5436
2012-06-01,RO,total,real_income,2663.0,R$,IBGE SIDRA 5436
2012-06-01,RO,women,real_income,2323.0,R$,IBGE SIDRA 5436
2012-06-01,RR,men,real_income,3652.0,R$,IBGE SIDRA 5436
2012-06-01,RR,total,real_income,3325.0,R$,IBGE SIDRA 5436
2012-06-01,RR,women,real_income,2864.0,R$,IBGE SIDRA 5436
2012-06-01,RS,men,real_income,3802.0,R$,IBGE SIDRA 5436
2012-06-01,RS,total,real_income,3345.0,R$,IBGE SIDRA 5436
2012-06-01,RS,women,real_income,2727.0,R$,IBGE SIDRA 5436
2012-06-01,SC,men,real_income,3886.0,R$,IBGE SIDRA 5436
2012-06-01,SC,total,real_income,3388.0,R$,IBGE SIDRA 5436
2012-06-01,SC,women,real_income,2713.0,R$,IBGE SIDRA 5436
2012-06-01,SE,men,real_income,2642.0,R$,IBGE SIDRA 5436
2012-06-01,SE,total,real_income,2396.0,R$,IBGE SIDRA 5436
2012-06-01,SE,women,real_income,2014.0,R$,IBGE SIDRA 5436
2012-06-01,SP,men,real_income,4713.0,R$,IBGE SIDRA 5436
2012-06-01,SP,total,real_income,4092.0,R$,IBGE SIDRA 5436
2012-06-01,SP,women,real_income,3265.0,R$,IBGE SIDRA 5436
2012-06-01,TO,men,real_income,2774.0,R$,IBGE SIDRA 5436
2012-06-01,TO,total,real_income,2663.0,R$,IBGE SIDRA 5436
2012-06-01,TO,women,real_income,2484.0,R$,IBGE SIDRA 5436
2012-06-01,AC,men,unemployment,6.8,%,IBGE SIDRA 6396
2012-06-01,AC,total,unemployment,9.0,%,IBGE SIDRA 6396
2012-06-01,AC,women,unemployment,12.2,%,IBGE SIDRA 6396
2012-06-01,AL,men,unemployment,9.4,%,IBGE SIDRA 6396
2012-06-01,AL,total,unemployment,11.7,%,IBGE SIDRA 6396
2012-06-01,AL,women,unemployment,15.6,%,IBGE SIDRA 6396
2012-06-01,AM,men,unemployment,7.0,%,IBGE SIDRA 6396
2012-06-01,AM,total,unemployment,9.1,%,IBGE SIDRA 6396
2012-06-01,AM,women,unemployment,12.1,%,IBGE SIDRA 6396
2012-06-01,AP,men,unemployment,11.7,%,IBGE SIDRA 6396
2012-06-01,AP,total,unemployment,14.7,%,IBGE SIDRA 6396
2012-06-01,AP,women,unemployment,18.7,%,IBGE SIDRA 6396
2012-06-01,BA,men,unemployment,9.2,%,IBGE SIDRA 6396
2012-06-01,BA,total,unemployment,11.4,%,IBGE SIDRA 6396
2012-06-01,BA,women,unemployment,14.3,%,IBGE SIDRA 6396
2012-06-01,BR,men,unemployment,6.1,%,IBGE SIDRA 6396
2012-06-01,BR,total,unemployment,7.6,%,IBGE SIDRA 6396
2012-06-01,BR,women,unemployment,9.5,%,IBGE SIDRA 6396
2012-06-01,CE,men,unemployment,7.3,%,IBGE SIDRA 6396
2012-06-01,CE,total,unemployment,8.2,%,IBGE SIDRA 6396
2012-06-01,CE,women,unemployment,9.4,%,IBGE SIDRA 6396
2012-06-01,DF,men,unemployment,6.4,%,IBGE SIDRA 6396
2012-06-01,DF,total,unemployment,8.5,%,IBGE SIDRA 6396
2012-06-01,DF,women,unemployment,10.8,%,IBGE SIDRA 6396
2012-06-01,ES,men,unemployment,5.9,%,IBGE SIDRA 6396
2012-06-01,ES,total,unemployment,7.2,%,IBGE SIDRA 6396
2012-06-01,ES,women,unemployment,9.0,%,IBGE SIDRA 6396
2012-06-01,GO,men,unemployment,3.8,%,IBGE SIDRA 6396
2012-06-01,GO,total,unemployment,5.3,%,IBGE SIDRA 6396
2012-06-01,GO,women,unemployment,7.4,%,IBGE SIDRA 6396
2012-06-01,MA,men,unemployment,7.8,%,IBGE SIDRA 6396
2012-06-01,MA,total,unemployment,9.3,%,IBGE SIDRA 6396
2012-06-01,MA,women,unemployment,11.6,%,IBGE SIDRA 6396
2012-06-01,MG,men,unemployment,5.4,%,IBGE SIDRA 6396
2012-06-01,MG,total,unemployment,7.2,%,IBGE SIDRA 6396
2012-06-01,MG,women,unemployment,9.7,%,IBGE SIDRA 6396
2012-06-01,MS,men,unemployment,5.6,%,IBGE SIDRA 6396
2012-06-01,MS,total,unemployment,7.1,%,IBGE SIDRA 6396
2012-06-01,MS,women,unemployment,9.1,%,IBGE SIDRA 6396
2012-06-01,MT,men,unemployment,4.5,%,IBGE SIDRA 6396
2012-06-01,MT,total,unemployment,5.8,%,IBGE SIDRA 6396
2012-06-01,MT,women,unemployment,7.7,%,IBGE SIDRA 6396
2012-06-01,PA,men,unemployment,5.8,%,IBGE SIDRA 6396
2012-06-01,PA,total,unemployment,7.9,%,IBGE SIDRA 6396
2012-06-01,PA,women,unemployment,11.1,%,IBGE SIDRA 6396
2012-06-01,PB,men,unemployment,7.9,%,IBGE SIDRA 6396
2012-06-01,PB,total,unemployment,9.4,%,IBGE SIDRA 6396
2012-06-01,PB,women,unemployment,11.6,%,IBGE SIDRA 6396
2012-06-01,PE,men,unemployment,6.4,%,IBGE SIDRA 6396
2012-06-01,PE,total,unemployment,8.3,%,IBGE SIDRA 6396
2012-06-01,PE,women,unemployment,11.0,%,IBGE SIDRA 6396
2012-06-01,PI,men,unemployment,6.1,%,IBGE SIDRA 6396
2012-06-01,PI,total,unemployment,7.1,%,IBGE SIDRA 6396
2012-06-01,PI,women,unemployment,8.5,%,IBGE SIDRA 6396
2012-06-01,PR,men,unemployment,4.2,%,IBGE SIDRA 6396
2012-06-01,PR,total,unemployment,5.3,%,IBGE SIDRA 6396
2012-06-01,PR,women,unemployment,6.8,%,IBGE SIDRA 6396
2012-06-01,RJ,men,unemployment,6.1,%,IBGE SIDRA 6396
2012-06-01,RJ,total,unemployment,7.5,%,IBGE SIDRA 6396
2012-06-01,RJ,women,unemployment,9.3,%,IBGE SIDRA 6396
2012-06-01,RN,men,unemployment,9.7,%,IBGE SIDRA 6396
2012-06-01,RN,total,unemployment,11.4,%,IBGE SIDRA 6396
2012-06-01,RN,women,unemployment,13.9,%,IBGE SIDRA 6396
2012-06-01,RO,men,unemployment,4.2,%,IBGE SIDRA 6396
2012-06-01,RO,total,unemployment,6.3,%,IBGE SIDRA 6396
2012-06-01,RO,women,unemployment,9.4,%,IBGE SIDRA 6396
2012-06-01,RR,men,unemployment,4.9,%,IBGE SIDRA 6396
2012-06-01,RR,total,unemployment,5.9,%,IBGE SIDRA 6396
2012-06-01,RR,women,unemployment,7.3,%,IBGE SIDRA 6396
2012-06-01,RS,men,unemployment,4.2,%,IBGE SIDRA 6396
2012-06-01,RS,total,unemployment,5.1,%,IBGE SIDRA 6396
2012-06-01,RS,women,unemployment,6.2,%,IBGE SIDRA 6396
2012-06-01,SC,men,unemployment,2.9,%,IBGE SIDRA 6396
2012-06-01,SC,total,unemployment,3.8,%,IBGE SIDRA 6396
2012-06-01,SC,women,unemployment,4.9,%,IBGE SIDRA 6396
2012-06-01,SE,men,unemployment,9.4,%,IBGE SIDRA 6396
2012-06-01,SE,total,unemployment,10.9,%,IBGE SIDRA 6396
2012-06-01,SE,women,unemployment,13.1,%,IBGE SIDRA 6396
2012-06-01,SP,men,unemployment,6.2,%,IBGE SIDRA 6396
2012-06-01,SP,total,unemployment,7.5,%,IBGE SIDRA 6396
2012-06-01,SP,women,unemployment,9.2,%,IBGE SIDRA 6396
2012-06-01,TO,men,unemployment,6.0,%,IBGE SIDRA 6396
2012-06-01,TO,total,unemployment,7.7,%,IBGE SIDRA 6396
2012-06-01,TO,women,unemployment,10.3,%,IBGE SIDRA 6396
2012-09-01,AC,men,real_income,2963.0,R$,IBGE SIDRA 5436
2012-09-01,AC,total,real_income,2862.0,R$,IBGE SIDRA 5436
2012-09-01,AC,women,real_income,2700.0,R$,IBGE SIDRA 5436
2012-09-01,AL,men,real_income,2131.0,R$,IBGE SIDRA 5436
2012-09-01,AL,total,real_income,2084.0,R$,IBGE SIDRA 5436
2012-09-01,AL,women,real_income,2003.0,R$,IBGE SIDRA 5436
2012-09-01,AM,men,real_income,2986.0,R$,IBGE SIDRA 5436
2012-09-01,AM,total,real_income,2889.0,R$,IBGE SIDRA 5436
2012-09-01,AM,women,real_income,2717.0,R$,IBGE SIDRA 5436
2012-09-01,AP,men,real_income,2925.0,R$,IBGE SIDRA 5436
2012-09-01,AP,total,real_income,2745.0,R$,IBGE SIDRA 5436
2012-09-01,AP,women,real_income,2478.0,R$,IBGE SIDRA 5436
2012-09-01,BA,men,real_income,2270.0,R$,IBGE SIDRA 5436
2012-09-01,BA,total,real_income,2108.0,R$,IBGE SIDRA 5436
2012-09-01,BA,women,real_income,1863.0,R$,IBGE SIDRA 5436
2012-09-01,BR,men,real_income,3585.0,R$,IBGE SIDRA 5436
2012-09-01,BR,total,real_income,3196.0,R$,IBGE SIDRA 5436
2012-09-01,BR,women,real_income,2643.0,R$,IBGE SIDRA 5436
2012-09-01,CE,men,real_income,2263.0,R$,IBGE SIDRA 5436
2012-09-01,CE,total,real_income,2128.0,R$,IBGE SIDRA 5436
2012-09-01,CE,women,real_income,1926.0,R$,IBGE SIDRA 5436
2012-09-01,DF,men,real_income,6880.0,R$,IBGE SIDRA 5436
2012-09-01,DF,total,real_income,6050.0,R$,IBGE SIDRA 5436
2012-09-01,DF,women,real_income,5093.0,R$,IBGE SIDRA 5436
2012-09-01,ES,men,real_income,3413.0,R$,IBGE SIDRA 5436
2012-09-01,ES,total,real_income,2978.0,R$,IBGE SIDRA 5436
2012-09-01,ES,women,real_income,2336.0,R$,IBGE SIDRA 5436
2012-09-01,GO,men,real_income,3650.0,R$,IBGE SIDRA 5436
2012-09-01,GO,total,real_income,3154.0,R$,IBGE SIDRA 5436
2012-09-01,GO,women,real_income,2421.0,R$,IBGE SIDRA 5436
2012-09-01,MA,men,real_income,1908.0,R$,IBGE SIDRA 5436
2012-09-01,MA,total,real_income,1762.0,R$,IBGE SIDRA 5436
2012-09-01,MA,women,real_income,1525.0,R$,IBGE SIDRA 5436
2012-09-01,MG,men,real_income,3248.0,R$,IBGE SIDRA 5436
2012-09-01,MG,total,real_income,2849.0,R$,IBGE SIDRA 5436
2012-09-01,MG,women,real_income,2278.0,R$,IBGE SIDRA 5436
2012-09-01,MS,men,real_income,3507.0,R$,IBGE SIDRA 5436
2012-09-01,MS,total,real_income,3122.0,R$,IBGE SIDRA 5436
2012-09-01,MS,women,real_income,2561.0,R$,IBGE SIDRA 5436
2012-09-01,MT,men,real_income,3759.0,R$,IBGE SIDRA 5436
2012-09-01,MT,total,real_income,3264.0,R$,IBGE SIDRA 5436
2012-09-01,MT,women,real_income,2430.0,R$,IBGE SIDRA 5436
2012-09-01,PA,men,real_income,2458.0,R$,IBGE SIDRA 5436
2012-09-01,PA,total,real_income,2263.0,R$,IBGE SIDRA 5436
2012-09-01,PA,women,real_income,1922.0,R$,IBGE SIDRA 5436
2012-09-01,PB,men,real_income,2034.0,R$,IBGE SIDRA 5436
2012-09-01,PB,total,real_income,1939.0,R$,IBGE SIDRA 5436
2012-09-01,PB,women,real_income,1786.0,R$,IBGE SIDRA 5436
2012-09-01,PE,men,real_income,2905.0,R$,IBGE SIDRA 5436
2012-09-01,PE,total,real_income,2674.0,R$,IBGE SIDRA 5436
2012-09-01,PE,women,real_income,2324.0,R$,IBGE SIDRA 5436
2012-09-01,PI,men,real_income,2068.0,R$,IBGE SIDRA 5436
2012-09-01,PI,total,real_income,1919.0,R$,IBGE SIDRA 5436
2012-09-01,PI,women,real_income,1696.0,R$,IBGE SIDRA 5436
2012-09-01,PR,men,real_income,4081.0,R$,IBGE SIDRA 5436
2012-09-01,PR,total,real_income,3520.0,R$,IBGE SIDRA 5436
2012-09-01,PR,women,real_income,2738.0,R$,IBGE SIDRA 5436
2012-09-01,RJ,men,real_income,3783.0,R$,IBGE SIDRA 5436
2012-09-01,RJ,total,real_income,3380.0,R$,IBGE SIDRA 5436
2012-09-01,RJ,women,real_income,2844.0,R$,IBGE SIDRA 5436
2012-09-01,RN,men,real_income,2351.0,R$,IBGE SIDRA 5436
2012-09-01,RN,total,real_income,2175.0,R$,IBGE SIDRA 5436
2012-09-01,RN,women,real_income,1900.0,R$,IBGE SIDRA 5436
2012-09-01,RO,men,real_income,2943.0,R$,IBGE SIDRA 5436
2012-09-01,RO,total,real_income,2708.0,R$,IBGE SIDRA 5436
2012-09-01,RO,women,real_income,2300.0,R$,IBGE SIDRA 5436
2012-09-01,RR,men,real_income,3594.0,R$,IBGE SIDRA 5436
2012-09-01,RR,total,real_income,3384.0,R$,IBGE SIDRA 5436
2012-09-01,RR,women,real_income,3092.0,R$,IBGE SIDRA 5436
2012-09-01,RS,men,real_income,3902.0,R$,IBGE SIDRA 5436
2012-09-01,RS,total,real_income,3441.0,R$,IBGE SIDRA 5436
2012-09-01,RS,women,real_income,2825.0,R$,IBGE SIDRA 5436
2012-09-01,SC,men,real_income,4013.0,R$,IBGE SIDRA 5436
2012-09-01,SC,total,real_income,3490.0,R$,IBGE SIDRA 5436
2012-09-01,SC,women,real_income,2797.0,R$,IBGE SIDRA 5436
2012-09-01,SE,men,real_income,2570.0,R$,IBGE SIDRA 5436
2012-09-01,SE,total,real_income,2376.0,R$,IBGE SIDRA 5436
2012-09-01,SE,women,real_income,2074.0,R$,IBGE SIDRA 5436
2012-09-01,SP,men,real_income,4786.0,R$,IBGE SIDRA 5436
2012-09-01,SP,total,real_income,4133.0,R$,IBGE SIDRA 5436
2012-09-01,SP,women,real_income,3274.0,R$,IBGE SIDRA 5436
2012-09-01,TO,men,real_income,2850.0,R$,IBGE SIDRA 5436
2012-09-01,TO,total,real_income,2672.0,R$,IBGE SIDRA 5436
2012-09-01,TO,women,real_income,2379.0,R$,IBGE SIDRA 5436
2012-09-01,AC,men,unemployment,5.7,%,IBGE SIDRA 6396
2012-09-01,AC,total,unemployment,7.7,%,IBGE SIDRA 6396
2012-09-01,AC,women,unemployment,10.7,%,IBGE SIDRA 6396
2012-09-01,AL,men,unemployment,9.7,%,IBGE SIDRA 6396
2012-09-01,AL,total,unemployment,11.6,%,IBGE SIDRA 6396
2012-09-01,AL,women,unemployment,14.5,%,IBGE SIDRA 6396
2012-09-01,AM,men,unemployment,7.0,%,IBGE SIDRA 6396
2012-09-01,AM,total,unemployment,9.5,%,IBGE SIDRA 6396
2012-09-01,AM,women,unemployment,13.3,%,IBGE SIDRA 6396
2012-09-01,AP,men,unemployment,10.5,%,IBGE SIDRA 6396
2012-09-01,AP,total,unemployment,14.2,%,IBGE SIDRA 6396
2012-09-01,AP,women,unemployment,18.9,%,IBGE SIDRA 6396
2012-09-01,BA,men,unemployment,8.6,%,IBGE SIDRA 6396
2012-09-01,BA,total,unemployment,10.8,%,IBGE SIDRA 6396
2012-09-01,BA,women,unemployment,13.8,%,IBGE SIDRA 6396
2012-09-01,BR,men,unemployment,5.7,%,IBGE SIDRA 6396
2012-09-01,BR,total,unemployment,7.1,%,IBGE SIDRA 6396
2012-09-01,BR,women,unemployment,9.0,%,IBGE SIDRA 6396
2012-09-01,CE,men,unemployment,6.9,%,IBGE SIDRA 6396
2012-09-01,CE,total,unemployment,8.1,%,IBGE SIDRA 6396
2012-09-01,CE,women,unemployment,9.8,%,IBGE SIDRA 6396
2012-09-01,DF,men,unemployment,7.2,%,IBGE SIDRA 6396
2012-09-01,DF,total,unemployment,8.7,%,IBGE SIDRA 6396
2012-09-01,DF,women,unemployment,10.2,%,IBGE SIDRA 6396
2012-09-01,ES,men,unemployment,5.7,%,IBGE SIDRA 6396
2012-09-01,ES,total,unemployment,6.9,%,IBGE SIDRA 6396
2012-09-01,ES,women,unemployment,8.5,%,IBGE SIDRA 6396
2012-09-01,GO,men,unemployment,3.7,%,IBGE SIDRA 6396
2012-09-01,GO,total,unemployment,5.0,%,IBGE SIDRA 6396
2012-09-01,GO,women,unemployment,6.7,%,IBGE SIDRA 6396
2012-09-01,MA,men,unemployment,6.0,%,IBGE SIDRA 6396
2012-09-01,MA,total,unemployment,7.8,%,IBGE SIDRA 6396
2012-09-01,MA,women,unemployment,10.5,%,IBGE SIDRA 6396
2012-09-01,MG,men,unemployment,5.1,%,IBGE SIDRA 6396
2012-09-01,MG,total,unemployment,6.4,%,IBGE SIDRA 6396
2012-09-01,MG,women,unemployment,8.2,%,IBGE SIDRA 6396
2012-09-01,MS,men,unemployment,3.7,%,IBGE SIDRA 6396
2012-09-01,MS,total,unemployment,5.0,%,IBGE SIDRA 6396
2012-09-01,MS,women,unemployment,6.7,%,IBGE SIDRA 6396
2012-09-01,MT,men,unemployment,3.6,%,IBGE SIDRA 6396
2012-09-01,MT,total,unemployment,5.2,%,IBGE SIDRA 6396
2012-09-01,MT,women,unemployment,7.8,%,IBGE SIDRA 6396
2012-09-01,PA,men,unemployment,5.4,%,IBGE SIDRA 6396
2012-09-01,PA,total,unemployment,7.2,%,IBGE SIDRA 6396
2012-09-01,PA,women,unemployment,9.9,%,IBGE SIDRA 6396
2012-09-01,PB,men,unemployment,7.2,%,IBGE SIDRA 6396
2012-09-01,PB,total,unemployment,8.6,%,IBGE SIDRA 6396
2012-09-01,PB,women,unemployment,10.6,%,IBGE SIDRA 6396
2012-09-01,PE,men,unemployment,7.6,%,IBGE SIDRA 6396
2012-09-01,PE,total,unemployment,9.4,%,IBGE SIDRA 6396
2012-09-01,PE,women,unemployment,11.8,%,IBGE SIDRA 6396
2012-09-01,PI,men,unemployment,5.8,%,IBGE SIDRA 6396
2012-09-01,PI,total,unemployment,6.2,%,IBGE SIDRA 6396
2012-09-01,PI,women,unemployment,6.7,%,IBGE SIDRA 6396
2012-09-01,PR,men,unemployment,3.7,%,IBGE SIDRA 6396
2012-09-01,PR,total,unemployment,4.7,%,IBGE SIDRA 6396
2012-09-01,PR,women,unemployment,5.9,%,IBGE SIDRA 6396
2012-09-01,RJ,men,unemployment,5.7,%,IBGE SIDRA 6396
2012-09-01,RJ,total,unemployment,7.5,%,IBGE SIDRA 6396
2012-09-01,RJ,women,unemployment,9.7,%,IBGE SIDRA 6396
2012-09-01,RN,men,unemployment,10.0,%,IBGE SIDRA 6396
2012-09-01,RN,total,unemployment,11.4,%,IBGE SIDRA 6396
2012-09-01,RN,women,unemployment,13.6,%,IBGE SIDRA 6396
2012-09-01,RO,men,unemployment,4.3,%,IBGE SIDRA 6396
2012-09-01,RO,total,unemployment,5.9,%,IBGE SIDRA 6396
2012-09-01,RO,women,unemployment,8.4,%,IBGE SIDRA 6396
2012-09-01,RR,men,unemployment,5.7,%,IBGE SIDRA 6396
2012-09-01,RR,total,unemployment,7.5,%,IBGE SIDRA 6396
2012-09-01,RR,women,unemployment,9.9,%,IBGE SIDRA 6396
2012-09-01,RS,men,unemployment,3.5,%,IBGE SIDRA 6396
2012-09-01,RS,total,unemployment,4.7,%,IBGE SIDRA 6396
2012-09-01,RS,women,unemployment,6.0,%,IBGE SIDRA 6396
2012-09-01,SC,men,unemployment,2.6,%,IBGE SIDRA 6396
2012-09-01,SC,total,unemployment,3.2,%,IBGE SIDRA 6396
2012-09-01,SC,women,unemployment,3.9,%,IBGE SIDRA 6396
2012-09-01,SE,men,unemployment,9.3,%,IBGE SIDRA 6396
2012-09-01,SE,total,unemployment,10.6,%,IBGE SIDRA 6396
2012-09-01,SE,women,unemployment,12.5,%,IBGE SIDRA 6396
2012-09-01,SP,men,unemployment,5.7,%,IBGE SIDRA 6396
2012-09-01,SP,total,unemployment,7.0,%,IBGE SIDRA 6396
2012-09-01,SP,women,unemployment,8.5,%,IBGE SIDRA 6396
2012-09-01,TO,men,unemployment,6.0,%,IBGE SIDRA 6396
2012-09-01,TO,total,unemployment,7.3,%,IBGE SIDRA 6396
2012-09-01,TO,women,unemployment,9.3,%,IBGE SIDRA 6396
2012-12-01,AC,men,real_income,3105.0,R$,IBGE SIDRA 5436
2012-12-01,AC,total,real_income,2904.0,R$,IBGE SIDRA 5436
2012-12-01,AC,women,real_income,2596.0,R$,IBGE SIDRA 5436
2012-12-01,AL,men,real_income,2048.0,R$,IBGE SIDRA 5436
2012-12-01,AL,total,real_income,1936.0,R$,IBGE SIDRA 5436
2012-12-01,AL,women,real_income,1735.0,R$,IBGE SIDRA 5436
2012-12-01,AM,men,real_income,2914.0,R$,IBGE SIDRA 5436
2012-12-01,AM,total,real_income,2809.0,R$,IBGE SIDRA 5436
2012-12-01,AM,women,real_income,2628.0,R$,IBGE SIDRA 5436
2012-12-01,AP,men,real_income,3210.0,R$,IBGE SIDRA 5436
2012-12-01,AP,total,real_income,2955.0,R$,IBGE SIDRA 5436
2012-12-01,AP,women,real_income,2579.0,R$,IBGE SIDRA 5436
2012-12-01,BA,men,real_income,2272.0,R$,IBGE SIDRA 5436
2012-12-01,BA,total,real_income,2103.0,R$,IBGE SIDRA 5436
2012-12-01,BA,women,real_income,1853.0,R$,IBGE SIDRA 5436
2012-12-01,BR,men,real_income,3567.0,R$,IBGE SIDRA 5436
2012-12-01,BR,total,real_income,3181.0,R$,IBGE SIDRA 5436
2012-12-01,BR,women,real_income,2632.0,R$,IBGE SIDRA 5436
2012-12-01,CE,men,real_income,2191.0,R$,IBGE SIDRA 5436
2012-12-01,CE,total,real_income,2094.0,R$,IBGE SIDRA 5436
2012-12-01,CE,women,real_income,1946.0,R$,IBGE SIDRA 5436
2012-12-01,DF,men,real_income,6938.0,R$,IBGE SIDRA 5436
2012-12-01,DF,total,real_income,6212.0,R$,IBGE SIDRA 5436
2012-12-01,DF,women,real_income,5361.0,R$,IBGE SIDRA 5436
2012-12-01,ES,men,real_income,3446.0,R$,IBGE SIDRA 5436
2012-12-01,ES,total,real_income,3008.0,R$,IBGE SIDRA 5436
2012-12-01,ES,women,real_income,2375.0,R$,IBGE SIDRA 5436
2012-12-01,GO,men,real_income,3630.0,R$,IBGE SIDRA 5436
2012-12-01,GO,total,real_income,3140.0,R$,IBGE SIDRA 5436
2012-12-01,GO,women,real_income,2414.0,R$,IBGE SIDRA 5436
2012-12-01,MA,men,real_income,1844.0,R$,IBGE SIDRA 5436
2012-12-01,MA,total,real_income,1726.0,R$,IBGE SIDRA 5436
2012-12-01,MA,women,real_income,1530.0,R$,IBGE SIDRA 5436
2012-12-01,MG,men,real_income,3216.0,R$,IBGE SIDRA 5436
2012-12-01,MG,total,real_income,2808.0,R$,IBGE SIDRA 5436
2012-12-01,MG,women,real_income,2231.0,R$,IBGE SIDRA 5436
2012-12-01,MS,men,real_income,3563.0,R$,IBGE SIDRA 5436
2012-12-01,MS,total,real_income,3162.0,R$,IBGE SIDRA 5436
2012-12-01,MS,women,real_income,2558.0,R$,IBGE SIDRA 5436
2012-12-01,MT,men,real_income,3643.0,R$,IBGE SIDRA 5436
2012-12-01,MT,total,real_income,3235.0,R$,IBGE SIDRA 5436
2012-12-01,MT,women,real_income,2543.0,R$,IBGE SIDRA 5436
2012-12-01,PA,men,real_income,2471.0,R$,IBGE SIDRA 5436
2012-12-01,PA,total,real_income,2319.0,R$,IBGE SIDRA 5436
2012-12-01,PA,women,real_income,2052.0,R$,IBGE SIDRA 5436
2012-12-01,PB,men,real_income,2054.0,R$,IBGE SIDRA 5436
2012-12-01,PB,total,real_income,1938.0,R$,IBGE SIDRA 5436
2012-12-01,PB,women,real_income,1753.0,R$,IBGE SIDRA 5436
2012-12-01,PE,men,real_income,2932.0,R$,IBGE SIDRA 5436
2012-12-01,PE,total,real_income,2724.0,R$,IBGE SIDRA 5436
2012-12-01,PE,women,real_income,2417.0,R$,IBGE SIDRA 5436
2012-12-01,PI,men,real_income,1999.0,R$,IBGE SIDRA 5436
2012-12-01,PI,total,real_income,1860.0,R$,IBGE SIDRA 5436
2012-12-01,PI,women,real_income,1643.0,R$,IBGE SIDRA 5436
2012-12-01,PR,men,real_income,3931.0,R$,IBGE SIDRA 5436
2012-12-01,PR,total,real_income,3423.0,R$,IBGE SIDRA 5436
2012-12-01,PR,women,real_income,2723.0,R$,IBGE SIDRA 5436
2012-12-01,RJ,men,real_income,3779.0,R$,IBGE SIDRA 5436
2012-12-01,RJ,total,real_income,3326.0,R$,IBGE SIDRA 5436
2012-12-01,RJ,women,real_income,2723.0,R$,IBGE SIDRA 5436
2012-12-01,RN,men,real_income,2355.0,R$,IBGE SIDRA 5436
2012-12-01,RN,total,real_income,2188.0,R$,IBGE SIDRA 5436
2012-12-01,RN,women,real_income,1927.0,R$,IBGE SIDRA 5436
2012-12-01,RO,men,real_income,2910.0,R$,IBGE SIDRA 5436
2012-12-01,RO,total,real_income,2648.0,R$,IBGE SIDRA 5436
2012-12-01,RO,women,real_income,2189.0,R$,IBGE SIDRA 5436
2012-12-01,RR,men,real_income,3570.0,R$,IBGE SIDRA 5436
2012-12-01,RR,total,real_income,3248.0,R$,IBGE SIDRA 5436
2012-12-01,RR,women,real_income,2781.0,R$,IBGE SIDRA 5436
2012-12-01,RS,men,real_income,3969.0,R$,IBGE SIDRA 5436
2012-12-01,RS,total,real_income,3448.0,R$,IBGE SIDRA 5436
2012-12-01,RS,women,real_income,2747.0,R$,IBGE SIDRA 5436
2012-12-01,SC,men,real_income,3992.0,R$,IBGE SIDRA 5436
2012-12-01,SC,total,real_income,3481.0,R$,IBGE SIDRA 5436
2012-12-01,SC,women,real_income,2788.0,R$,IBGE SIDRA 5436
2012-12-01,SE,men,real_income,2690.0,R$,IBGE SIDRA 5436
2012-12-01,SE,total,real_income,2374.0,R$,IBGE SIDRA 5436
2012-12-01,SE,women,real_income,1893.0,R$,IBGE SIDRA 5436
2012-12-01,SP,men,real_income,4759.0,R$,IBGE SIDRA 5436
2012-12-01,SP,total,real_income,4132.0,R$,IBGE SIDRA 5436
2012-12-01,SP,women,real_income,3300.0,R$,IBGE SIDRA 5436
2012-12-01,TO,men,real_income,2808.0,R$,IBGE SIDRA 5436
2012-12-01,TO,total,real_income,2581.0,R$,IBGE SIDRA 5436
2012-12-01,TO,women,real_income,2202.0,R$,IBGE SIDRA 5436
2012-12-01,AC,men,unemployment,5.9,%,IBGE SIDRA 6396
2012-12-01,AC,total,unemployment,8.2,%,IBGE SIDRA 6396
2012-12-01,AC,women,unemployment,11.4,%,IBGE SIDRA 6396
2012-12-01,AL,men,unemployment,8.6,%,IBGE SIDRA 6396
2012-12-01,AL,total,unemployment,11.1,%,IBGE SIDRA 6396
2012-12-01,AL,women,unemployment,15.3,%,IBGE SIDRA 6396
2012-12-01,AM,men,unemployment,6.2,%,IBGE SIDRA 6396
2012-12-01,AM,total,unemployment,8.3,%,IBGE SIDRA 6396
2012-12-01,AM,women,unemployment,11.5,%,IBGE SIDRA 6396
2012-12-01,AP,men,unemployment,9.3,%,IBGE SIDRA 6396
2012-12-01,AP,total,unemployment,12.0,%,IBGE SIDRA 6396
2012-12-01,AP,women,unemployment,15.6,%,IBGE SIDRA 6396
2012-12-01,BA,men,unemployment,9.5,%,IBGE SIDRA 6396
2012-12-01,BA,total,unemployment,10.8,%,IBGE SIDRA 6396
2012-12-01,BA,women,unemployment,12.6,%,IBGE SIDRA 6396
2012-12-01,BR,men,unemployment,5.7,%,IBGE SIDRA 6396
2012-12-01,BR,total,unemployment,6.9,%,IBGE SIDRA 6396
2012-12-01,BR,women,unemployment,8.5,%,IBGE SIDRA 6396
2012-12-01,CE,men,unemployment,6.5,%,IBGE SIDRA 6396
2012-12-01,CE,total,unemployment,7.5,%,IBGE SIDRA 6396
2012-12-01,CE,women,unemployment,9.2,%,IBGE SIDRA 6396
2012-12-01,DF,men,unemployment,6.6,%,IBGE SIDRA 6396
2012-12-01,DF,total,unemployment,8.9,%,IBGE SIDRA 6396
2012-12-01,DF,women,unemployment,11.4,%,IBGE SIDRA 6396
2012-12-01,ES,men,unemployment,5.5,%,IBGE SIDRA 6396
2012-12-01,ES,total,unemployment,6.7,%,IBGE SIDRA 6396
2012-12-01,ES,women,unemployment,8.3,%,IBGE SIDRA 6396
2012-12-01,GO,men,unemployment,4.3,%,IBGE SIDRA 6396
2012-12-01,GO,total,unemployment,5.1,%,IBGE SIDRA 6396
2012-12-01,GO,women,unemployment,6.3,%,IBGE SIDRA 6396
2012-12-01,MA,men,unemployment,5.6,%,IBGE SIDRA 6396
2012-12-01,MA,total,unemployment,7.6,%,IBGE SIDRA 6396
2012-12-01,MA,women,unemployment,10.7,%,IBGE SIDRA 6396
2012-12-01,MG,men,unemployment,5.3,%,IBGE SIDRA 6396
2012-12-01,MG,total,unemployment,6.3,%,IBGE SIDRA 6396
2012-12-01,MG,women,unemployment,7.6,%,IBGE SIDRA 6396
2012-12-01,MS,men,unemployment,3.8,%,IBGE SIDRA 6396
2012-12-01,MS,total,unemployment,5.0,%,IBGE SIDRA 6396
2012-12-01,MS,women,unemployment,6.8,%,IBGE SIDRA 6396
2012-12-01,MT,men,unemployment,3.4,%,IBGE SIDRA 6396
2012-12-01,MT,total,unemployment,4.7,%,IBGE SIDRA 6396
2012-12-01,MT,women,unemployment,6.8,%,IBGE SIDRA 6396
2012-12-01,PA,men,unemployment,4.9,%,IBGE SIDRA 6396
2012-12-01,PA,total,unemployment,6.9,%,IBGE SIDRA 6396
2012-12-01,PA,women,unemployment,9.9,%,IBGE SIDRA 6396
2012-12-01,PB,men,unemployment,7.5,%,IBGE SIDRA 6396
2012-12-01,PB,total,unemployment,9.1,%,IBGE SIDRA 6396
2012-12-01,PB,women,unemployment,11.6,%,IBGE SIDRA 6396
2012-12-01,PE,men,unemployment,7.9,%,IBGE SIDRA 6396
2012-12-01,PE,total,unemployment,9.2,%,IBGE SIDRA 6396
2012-12-01,PE,women,unemployment,11.1,%,IBGE SIDRA 6396
2012-12-01,PI,men,unemployment,6.0,%,IBGE SIDRA 6396
2012-12-01,PI,total,unemployment,7.0,%,IBGE SIDRA 6396
2012-12-01,PI,women,unemployment,8.5,%,IBGE SIDRA 6396
2012-12-01,PR,men,unemployment,3.6,%,IBGE SIDRA 6396
2012-12-01,PR,total,unemployment,4.5,%,IBGE SIDRA 6396
2012-12-01,PR,women,unemployment,5.6,%,IBGE SIDRA 6396
2012-12-01,RJ,men,unemployment,5.6,%,IBGE SIDRA 6396
2012-12-01,RJ,total,unemployment,6.9,%,IBGE SIDRA 6396
2012-12-01,RJ,women,unemployment,8.5,%,IBGE SIDRA 6396
2012-12-01,RN,men,unemployment,10.3,%,IBGE SIDRA 6396
2012-12-01,RN,total,unemployment,11.6,%,IBGE SIDRA 6396
2012-12-01,RN,women,unemployment,13.5,%,IBGE SIDRA 6396
2012-12-01,RO,men,unemployment,3.4,%,IBGE SIDRA 6396
2012-12-01,RO,total,unemployment,5.2,%,IBGE SIDRA 6396
2012-12-01,RO,women,unemployment,8.0,%,IBGE SIDRA 6396
2012-12-01,RR,men,unemployment,5.6,%,IBGE SIDRA 6396
2012-12-01,RR,total,unemployment,8.4,%,IBGE SIDRA 6396
2012-12-01,RR,women,unemployment,12.1,%,IBGE SIDRA 6396
2012-12-01,RS,men,unemployment,3.4,%,IBGE SIDRA 6396
2012-12-01,RS,total,unemployment,4.4,%,IBGE SIDRA 6396
2012-12-01,RS,women,unemployment,5.6,%,IBGE SIDRA 6396
2012-12-01,SC,men,unemployment,2.3,%,IBGE SIDRA 6396
2012-12-01,SC,total,unemployment,2.7,%,IBGE SIDRA 6396
2012-12-01,SC,women,unemployment,3.2,%,IBGE SIDRA 6396
2012-12-01,SE,men,unemployment,7.2,%,IBGE SIDRA 6396
2012-12-01,SE,total,unemployment,9.7,%,IBGE SIDRA 6396
2012-12-01,SE,women,unemployment,13.0,%,IBGE SIDRA 6396
2012-12-01,SP,men,unemployment,5.7,%,IBGE SIDRA 6396
2012-12-01,SP,total,unemployment,6.8,%,IBGE SIDRA 6396
2012-12-01,SP,women,unemployment,8.1,%,IBGE SIDRA 6396
2012-12-01,TO,men,unemployment,5.4,%,IBGE SIDRA 6396
2012-12-01,TO,total,unemployment,7.7,%,IBGE SIDRA 6396
2012-12-01,TO,women,unemployment,11.3,%,IBGE SIDRA 6396
2013-03-01,AC,men,real_income,2898.0,R$,IBGE SIDRA 5436
2013-03-01,AC,total,real_income,2755.0,R$,IBGE SIDRA 5436
2013-03-01,AC,women,real_income,2533.0,R$,IBGE SIDRA 5436
2013-03-01,AL,men,real_income,2151.0,R$,IBGE SIDRA 5436
2013-03-01,AL,total,real_income,2064.0,R$,IBGE SIDRA 5436
2013-03-01,AL,women,real_income,1915.0,R$,IBGE SIDRA 5436
2013-03-01,AM,men,real_income,3031.0,R$,IBGE SIDRA 5436
2013-03-01,AM,total,real_income,2864.0,R$,IBGE SIDRA 5436
2013-03-01,AM,women,real_income,2578.0,R$,IBGE SIDRA 5436
2013-03-01,AP,men,real_income,2867.0,R$,IBGE SIDRA 5436
2013-03-01,AP,total,real_income,2686.0,R$,IBGE SIDRA 5436
2013-03-01,AP,women,real_income,2403.0,R$,IBGE SIDRA 5436
2013-03-01,BA,men,real_income,2341.0,R$,IBGE SIDRA 5436
2013-03-01,BA,total,real_income,2146.0,R$,IBGE SIDRA 5436
2013-03-01,BA,women,real_income,1843.0,R$,IBGE SIDRA 5436
2013-03-01,BR,men,real_income,3621.0,R$,IBGE SIDRA 5436
2013-03-01,BR,total,real_income,3232.0,R$,IBGE SIDRA 5436
2013-03-01,BR,women,real_income,2672.0,R$,IBGE SIDRA 5436
2013-03-01,CE,men,real_income,2342.0,R$,IBGE SIDRA 5436
2013-03-01,CE,total,real_income,2210.0,R$,IBGE SIDRA 5436
2013-03-01,CE,women,real_income,2013.0,R$,IBGE SIDRA 5436
2013-03-01,DF,men,real_income,6787.0,R$,IBGE SIDRA 5436
2013-03-01,DF,total,real_income,6095.0,R$,IBGE SIDRA 5436
2013-03-01,DF,women,real_income,5277.0,R$,IBGE SIDRA 5436
2013-03-01,ES,men,real_income,3455.0,R$,IBGE SIDRA 5436
2013-03-01,ES,total,real_income,3059.0,R$,IBGE SIDRA 5436
2013-03-01,ES,women,real_income,2482.0,R$,IBGE SIDRA 5436
2013-03-01,GO,men,real_income,3694.0,R$,IBGE SIDRA 5436
2013-03-01,GO,total,real_income,3174.0,R$,IBGE SIDRA 5436
2013-03-01,GO,women,real_income,2417.0,R$,IBGE SIDRA 5436
2013-03-01,MA,men,real_income,1938.0,R$,IBGE SIDRA 5436
2013-03-01,MA,total,real_income,1780.0,R$,IBGE SIDRA 5436
2013-03-01,MA,women,real_income,1525.0,R$,IBGE SIDRA 5436
2013-03-01,MG,men,real_income,3299.0,R$,IBGE SIDRA 5436
2013-03-01,MG,total,real_income,2884.0,R$,IBGE SIDRA 5436
2013-03-01,MG,women,real_income,2281.0,R$,IBGE SIDRA 5436
2013-03-01,MS,men,real_income,3533.0,R$,IBGE SIDRA 5436
2013-03-01,MS,total,real_income,3107.0,R$,IBGE SIDRA 5436
2013-03-01,MS,women,real_income,2456.0,R$,IBGE SIDRA 5436
2013-03-01,MT,men,real_income,3786.0,R$,IBGE SIDRA 5436
2013-03-01,MT,total,real_income,3379.0,R$,IBGE SIDRA 5436
2013-03-01,MT,women,real_income,2689.0,R$,IBGE SIDRA 5436
2013-03-01,PA,men,real_income,2376.0,R$,IBGE SIDRA 5436
2013-03-01,PA,total,real_income,2195.0,R$,IBGE SIDRA 5436
2013-03-01,PA,women,real_income,1877.0,R$,IBGE SIDRA 5436
2013-03-01,PB,men,real_income,2131.0,R$,IBGE SIDRA 5436
2013-03-01,PB,total,real_income,2002.0,R$,IBGE SIDRA 5436
2013-03-01,PB,women,real_income,1795.0,R$,IBGE SIDRA 5436
2013-03-01,PE,men,real_income,2862.0,R$,IBGE SIDRA 5436
2013-03-01,PE,total,real_income,2714.0,R$,IBGE SIDRA 5436
2013-03-01,PE,women,real_income,2482.0,R$,IBGE SIDRA 5436
2013-03-01,PI,men,real_income,2015.0,R$,IBGE SIDRA 5436
2013-03-01,PI,total,real_income,1904.0,R$,IBGE SIDRA 5436
2013-03-01,PI,women,real_income,1729.0,R$,IBGE SIDRA 5436
2013-03-01,PR,men,real_income,4025.0,R$,IBGE SIDRA 5436
2013-03-01,PR,total,real_income,3518.0,R$,IBGE SIDRA 5436
2013-03-01,PR,women,real_income,2804.0,R$,IBGE SIDRA 5436
2013-03-01,RJ,men,real_income,3875.0,R$,IBGE SIDRA 5436
2013-03-01,RJ,total,real_income,3443.0,R$,IBGE SIDRA 5436
2013-03-01,RJ,women,real_income,2860.0,R$,IBGE SIDRA 5436
2013-03-01,RN,men,real_income,2483.0,R$,IBGE SIDRA 5436
2013-03-01,RN,total,real_income,2252.0,R$,IBGE SIDRA 5436
2013-03-01,RN,women,real_income,1884.0,R$,IBGE SIDRA 5436
2013-03-01,RO,men,real_income,2882.0,R$,IBGE SIDRA 5436
2013-03-01,RO,total,real_income,2701.0,R$,IBGE SIDRA 5436
2013-03-01,RO,women,real_income,2365.0,R$,IBGE SIDRA 5436
2013-03-01,RR,men,real_income,3769.0,R$,IBGE SIDRA 5436
2013-03-01,RR,total,real_income,3512.0,R$,IBGE SIDRA 5436
2013-03-01,RR,women,real_income,3127.0,R$,IBGE SIDRA 5436
2013-03-01,RS,men,real_income,3990.0,R$,IBGE SIDRA 5436
2013-03-01,RS,total,real_income,3500.0,R$,IBGE SIDRA 5436
2013-03-01,RS,women,real_income,2828.0,R$,IBGE SIDRA 5436
2013-03-01,SC,men,real_income,3976.0,R$,IBGE SIDRA 5436
2013-03-01,SC,total,real_income,3460.0,R$,IBGE SIDRA 5436
2013-03-01,SC,women,real_income,2767.0,R$,IBGE SIDRA 5436
2013-03-01,SE,men,real_income,2785.0,R$,IBGE SIDRA 5436
2013-03-01,SE,total,real_income,2473.0,R$,IBGE SIDRA 5436
2013-03-01,SE,women,real_income,2013.0,R$,IBGE SIDRA 5436
2013-03-01,SP,men,real_income,4813.0,R$,IBGE SIDRA 5436
2013-03-01,SP,total,real_income,4163.0,R$,IBGE SIDRA 5436
2013-03-01,SP,women,real_income,3308.0,R$,IBGE SIDRA 5436
2013-03-01,TO,men,real_income,2851.0,R$,IBGE SIDRA 5436
2013-03-01,TO,total,real_income,2604.0,R$,IBGE SIDRA 5436
2013-03-01,TO,women,real_income,2206.0,R$,IBGE SIDRA 5436
2013-03-01,AC,men,unemployment,8.7,%,IBGE SIDRA 6396
2013-03-01,AC,total,unemployment,10.9,%,IBGE SIDRA 6396
2013-03-01,AC,women,unemployment,13.9,%,IBGE SIDRA 6396
2013-03-01,AL,men,unemployment,9.8,%,IBGE SIDRA 6396
2013-03-01,AL,total,unemployment,12.2,%,IBGE SIDRA 6396
2013-03-01,AL,women,unemployment,16.1,%,IBGE SIDRA 6396
2013-03-01,AM,men,unemployment,7.9,%,IBGE SIDRA 6396
2013-03-01,AM,total,unemployment,10.4,%,IBGE SIDRA 6396
2013-03-01,AM,women,unemployment,13.9,%,IBGE SIDRA 6396
2013-03-01,AP,men,unemployment,8.0,%,IBGE SIDRA 6396
2013-03-01,AP,total,unemployment,11.5,%,IBGE SIDRA 6396
2013-03-01,AP,women,unemployment,16.3,%,IBGE SIDRA 6396
2013-03-01,BA,men,unemployment,10.9,%,IBGE SIDRA 6396
2013-03-01,BA,total,unemployment,13.4,%,IBGE SIDRA 6396
2013-03-01,BA,women,unemployment,17.0,%,IBGE SIDRA 6396
2013-03-01,BR,men,unemployment,6.5,%,IBGE SIDRA 6396
2013-03-01,BR,total,unemployment,8.0,%,IBGE SIDRA 6396
2013-03-01,BR,women,unemployment,10.2,%,IBGE SIDRA 6396
2013-03-01,CE,men,unemployment,7.9,%,IBGE SIDRA 6396
2013-03-01,CE,total,unemployment,8.9,%,IBGE SIDRA 6396
2013-03-01,CE,women,unemployment,10.4,%,IBGE SIDRA 6396
2013-03-01,DF,men,unemployment,7.8,%,IBGE SIDRA 6396
2013-03-01,DF,total,unemployment,9.7,%,IBGE SIDRA 6396
2013-03-01,DF,women,unemployment,11.9,%,IBGE SIDRA 6396
2013-03-01,ES,men,unemployment,6.5,%,IBGE SIDRA 6396
2013-03-01,ES,total,unemployment,7.8,%,IBGE SIDRA 6396
2013-03-01,ES,women,unemployment,9.6,%,IBGE SIDRA 6396
2013-03-01,GO,men,unemployment,5.4,%,IBGE SIDRA 6396
2013-03-01,GO,total,unemployment,6.8,%,IBGE SIDRA 6396
2013-03-01,GO,women,unemployment,8.7,%,IBGE SIDRA 6396
2013-03-01,MA,men,unemployment,7.5,%,IBGE SIDRA 6396
2013-03-01,MA,total,unemployment,9.5,%,IBGE SIDRA 6396
2013-03-01,MA,women,unemployment,12.6,%,IBGE SIDRA 6396
2013-03-01,MG,men,unemployment,5.7,%,IBGE SIDRA 6396
2013-03-01,MG,total,unemployment,7.5,%,IBGE SIDRA 6396
2013-03-01,MG,women,unemployment,9.9,%,IBGE SIDRA 6396
2013-03-01,MS,men,unemployment,4.1,%,IBGE SIDRA 6396
2013-03-01,MS,total,unemployment,4.8,%,IBGE SIDRA 6396
2013-03-01,MS,women,unemployment,5.8,%,IBGE SIDRA 6396
2013-03-01,MT,men,unemployment,4.3,%,IBGE SIDRA 6396
2013-03-01,MT,total,unemployment,5.8,%,IBGE SIDRA 6396
2013-03-01,MT,women,unemployment,8.2,%,IBGE SIDRA 6396
2013-03-01,PA,men,unemployment,5.6,%,IBGE SIDRA 6396
2013-03-01,PA,total,unemployment,7.8,%,IBGE SIDRA 6396
2013-03-01,PA,women,unemployment,11.2,%,IBGE SIDRA 6396
2013-03-01,PB,men,unemployment,7.6,%,IBGE SIDRA 6396
2013-03-01,PB,total,unemployment,9.6,%,IBGE SIDRA 6396
2013-03-01,PB,women,unemployment,12.5,%,IBGE SIDRA 6396
2013-03-01,PE,men,unemployment,8.2,%,IBGE SIDRA 6396
2013-03-01,PE,total,unemployment,10.7,%,IBGE SIDRA 6396
2013-03-01,PE,women,unemployment,14.2,%,IBGE SIDRA 6396
2013-03-01,PI,men,unemployment,7.0,%,IBGE SIDRA 6396
2013-03-01,PI,total,unemployment,8.4,%,IBGE SIDRA 6396
2013-03-01,PI,women,unemployment,10.4,%,IBGE SIDRA 6396
2013-03-01,PR,men,unemployment,3.8,%,IBGE SIDRA 6396
2013-03-01,PR,total,unemployment,4.9,%,IBGE SIDRA 6396
2013-03-01,PR,women,unemployment,6.4,%,IBGE SIDRA 6396
2013-03-01,RJ,men,unemployment,5.6,%,IBGE SIDRA 6396
2013-03-01,RJ,total,unemployment,7.3,%,IBGE SIDRA 6396
2013-03-01,RJ,women,unemployment,9.5,%,IBGE SIDRA 6396
2013-03-01,RN,men,unemployment,10.8,%,IBGE SIDRA 6396
2013-03-01,RN,total,unemployment,12.2,%,IBGE SIDRA 6396
2013-03-01,RN,women,unemployment,14.2,%,IBGE SIDRA 6396
2013-03-01,RO,men,unemployment,4.3,%,IBGE SIDRA 6396
2013-03-01,RO,total,unemployment,6.2,%,IBGE SIDRA 6396
2013-03-01,RO,women,unemployment,9.3,%,IBGE SIDRA 6396
2013-03-01,RR,men,unemployment,6.1,%,IBGE SIDRA 6396
2013-03-01,RR,total,unemployment,8.9,%,IBGE SIDRA 6396
2013-03-01,RR,women,unemployment,12.7,%,IBGE SIDRA 6396
2013-03-01,RS,men,unemployment,4.2,%,IBGE SIDRA 6396
2013-03-01,RS,total,unemployment,5.4,%,IBGE SIDRA 6396
2013-03-01,RS,women,unemployment,6.9,%,IBGE SIDRA 6396
2013-03-01,SC,men,unemployment,3.1,%,IBGE SIDRA 6396
2013-03-01,SC,total,unemployment,3.7,%,IBGE SIDRA 6396
2013-03-01,SC,women,unemployment,4.4,%,IBGE SIDRA 6396
2013-03-01,SE,men,unemployment,9.3,%,IBGE SIDRA 6396
2013-03-01,SE,total,unemployment,11.6,%,IBGE SIDRA 6396
2013-03-01,SE,women,unemployment,14.7,%,IBGE SIDRA 6396
2013-03-01,SP,men,unemployment,6.5,%,IBGE SIDRA 6396
2013-03-01,SP,total,unemployment,7.8,%,IBGE SIDRA 6396
2013-03-01,SP,women,unemployment,9.4,%,IBGE SIDRA 6396
2013-03-01,TO,men,unemployment,6.8,%,IBGE SIDRA 6396
2013-03-01,TO,total,unemployment,9.3,%,IBGE SIDRA 6396
2013-03-01,TO,women,unemployment,13.0,%,IBGE SIDRA 6396
2013-06-01,AC,men,real_income,2903.0,R$,IBGE SIDRA 5436
2013-06-01,AC,total,real_income,2760.0,R$,IBGE SIDRA 5436
2013-06-01,AC,women,real_income,2528.0,R$,IBGE SIDRA 5436
2013-06-01,AL,men,real_income,2130.0,R$,IBGE SIDRA 5436
2013-06-01,AL,total,real_income,2042.0,R$,IBGE SIDRA 5436
2013-06-01,AL,women,real_income,1891.0,R$,IBGE SIDRA 5436
2013-06-01,AM,men,real_income,2949.0,R$,IBGE SIDRA 5436
2013-06-01,AM,total,real_income,2843.0,R$,IBGE SIDRA 5436
2013-06-01,AM,women,real_income,2661.0,R$,IBGE SIDRA 5436
2013-06-01,AP,men,real_income,2936.0,R$,IBGE SIDRA 5436
2013-06-01,AP,total,real_income,2775.0,R$,IBGE SIDRA 5436
2013-06-01,AP,women,real_income,2505.0,R$,IBGE SIDRA 5436
2013-06-01,BA,men,real_income,2338.0,R$,IBGE SIDRA 5436
2013-06-01,BA,total,real_income,2167.0,R$,IBGE SIDRA 5436
2013-06-01,BA,women,real_income,1908.0,R$,IBGE SIDRA 5436
2013-06-01,BR,men,real_income,3662.0,R$,IBGE SIDRA 5436
2013-06-01,BR,total,real_income,3268.0,R$,IBGE SIDRA 5436
2013-06-01,BR,women,real_income,2703.0,R$,IBGE SIDRA 5436
2013-06-01,CE,men,real_income,2374.0,R$,IBGE SIDRA 5436
2013-06-01,CE,total,real_income,2236.0,R$,IBGE SIDRA 5436
2013-06-01,CE,women,real_income,2028.0,R$,IBGE SIDRA 5436
2013-06-01,DF,men,real_income,7008.0,R$,IBGE SIDRA 5436
2013-06-01,DF,total,real_income,6242.0,R$,IBGE SIDRA 5436
2013-06-01,DF,women,real_income,5344.0,R$,IBGE SIDRA 5436
2013-06-01,ES,men,real_income,3458.0,R$,IBGE SIDRA 5436
2013-06-01,ES,total,real_income,3034.0,R$,IBGE SIDRA 5436
2013-06-01,ES,women,real_income,2420.0,R$,IBGE SIDRA 5436
2013-06-01,GO,men,real_income,3688.0,R$,IBGE SIDRA 5436
2013-06-01,GO,total,real_income,3189.0,R$,IBGE SIDRA 5436
2013-06-01,GO,women,real_income,2435.0,R$,IBGE SIDRA 5436
2013-06-01,MA,men,real_income,1986.0,R$,IBGE SIDRA 5436
2013-06-01,MA,total,real_income,1842.0,R$,IBGE SIDRA 5436
2013-06-01,MA,women,real_income,1611.0,R$,IBGE SIDRA 5436
2013-06-01,MG,men,real_income,3250.0,R$,IBGE SIDRA 5436
2013-06-01,MG,total,real_income,2843.0,R$,IBGE SIDRA 5436
2013-06-01,MG,women,real_income,2259.0,R$,IBGE SIDRA 5436
2013-06-01,MS,men,real_income,3563.0,R$,IBGE SIDRA 5436
2013-06-01,MS,total,real_income,3164.0,R$,IBGE SIDRA 5436
2013-06-01,MS,women,real_income,2542.0,R$,IBGE SIDRA 5436
2013-06-01,MT,men,real_income,3754.0,R$,IBGE SIDRA 5436
2013-06-01,MT,total,real_income,3354.0,R$,IBGE SIDRA 5436
2013-06-01,MT,women,real_income,2701.0,R$,IBGE SIDRA 5436
2013-06-01,PA,men,real_income,2425.0,R$,IBGE SIDRA 5436
2013-06-01,PA,total,real_income,2257.0,R$,IBGE SIDRA 5436
2013-06-01,PA,women,real_income,1964.0,R$,IBGE SIDRA 5436
2013-06-01,PB,men,real_income,2202.0,R$,IBGE SIDRA 5436
2013-06-01,PB,total,real_income,2067.0,R$,IBGE SIDRA 5436
2013-06-01,PB,women,real_income,1851.0,R$,IBGE SIDRA 5436
2013-06-01,PE,men,real_income,2979.0,R$,IBGE SIDRA 5436
2013-06-01,PE,total,real_income,2812.0,R$,IBGE SIDRA 5436
2013-06-01,PE,women,real_income,2562.0,R$,IBGE SIDRA 5436
2013-06-01,PI,men,real_income,2075.0,R$,IBGE SIDRA 5436
2013-06-01,PI,total,real_income,1971.0,R$,IBGE SIDRA 5436
2013-06-01,PI,women,real_income,1803.0,R$,IBGE SIDRA 5436
2013-06-01,PR,men,real_income,3974.0,R$,IBGE SIDRA 5436
2013-06-01,PR,total,real_income,3498.0,R$,IBGE SIDRA 5436
2013-06-01,PR,women,real_income,2822.0,R$,IBGE SIDRA 5436
2013-06-01,RJ,men,real_income,3941.0,R$,IBGE SIDRA 5436
2013-06-01,RJ,total,real_income,3427.0,R$,IBGE SIDRA 5436
2013-06-01,RJ,women,real_income,2742.0,R$,IBGE SIDRA 5436
2013-06-01,RN,men,real_income,2503.0,R$,IBGE SIDRA 5436
2013-06-01,RN,total,real_income,2312.0,R$,IBGE SIDRA 5436
2013-06-01,RN,women,real_income,2004.0,R$,IBGE SIDRA 5436
2013-06-01,RO,men,real_income,2781.0,R$,IBGE SIDRA 5436
2013-06-01,RO,total,real_income,2593.0,R$,IBGE SIDRA 5436
2013-06-01,RO,women,real_income,2250.0,R$,IBGE SIDRA 5436
2013-06-01,RR,men,real_income,3807.0,R$,IBGE SIDRA 5436
2013-06-01,RR,total,real_income,3533.0,R$,IBGE SIDRA 5436
2013-06-01,RR,women,real_income,3144.0,R$,IBGE SIDRA 5436
2013-06-01,RS,men,real_income,4092.0,R$,IBGE SIDRA 5436
2013-06-01,RS,total,real_income,3550.0,R$,IBGE SIDRA 5436
2013-06-01,RS,women,real_income,2823.0,R$,IBGE SIDRA 5436
2013-06-01,SC,men,real_income,3979.0,R$,IBGE SIDRA 5436
2013-06-01,SC,total,real_income,3464.0,R$,IBGE SIDRA 5436
2013-06-01,SC,women,real_income,2781.0,R$,IBGE SIDRA 5436
2013-06-01,SE,men,real_income,2798.0,R$,IBGE SIDRA 5436
2013-06-01,SE,total,real_income,2551.0,R$,IBGE SIDRA 5436
2013-06-01,SE,women,real_income,2179.0,R$,IBGE SIDRA 5436
2013-06-01,SP,men,real_income,4905.0,R$,IBGE SIDRA 5436
2013-06-01,SP,total,real_income,4262.0,R$,IBGE SIDRA 5436
2013-06-01,SP,women,real_income,3406.0,R$,IBGE SIDRA 5436
2013-06-01,TO,men,real_income,2917.0,R$,IBGE SIDRA 5436
2013-06-01,TO,total,real_income,2679.0,R$,IBGE SIDRA 5436
2013-06-01,TO,women,real_income,2284.0,R$,IBGE SIDRA 5436
2013-06-01,AC,men,unemployment,7.4,%,IBGE SIDRA 6396
2013-06-01,AC,total,unemployment,9.5,%,IBGE SIDRA 6396
2013-06-01,AC,women,unemployment,12.6,%,IBGE SIDRA 6396
2013-06-01,AL,men,unemployment,9.7,%,IBGE SIDRA 6396
2013-06-01,AL,total,unemployment,10.8,%,IBGE SIDRA 6396
2013-06-01,AL,women,unemployment,12.6,%,IBGE SIDRA 6396
2013-06-01,AM,men,unemployment,7.5,%,IBGE SIDRA 6396
2013-06-01,AM,total,unemployment,10.3,%,IBGE SIDRA 6396
2013-06-01,AM,women,unemployment,14.4,%,IBGE SIDRA 6396
2013-06-01,AP,men,unemployment,9.5,%,IBGE SIDRA 6396
2013-06-01,AP,total,unemployment,14.4,%,IBGE SIDRA 6396
2013-06-01,AP,women,unemployment,21.5,%,IBGE SIDRA 6396
2013-06-01,BA,men,unemployment,9.4,%,IBGE SIDRA 6396
2013-06-01,BA,total,unemployment,11.9,%,IBGE SIDRA 6396
2013-06-01,BA,women,unemployment,15.2,%,IBGE SIDRA 6396
2013-06-01,BR,men,unemployment,6.0,%,IBGE SIDRA 6396
2013-06-01,BR,total,unemployment,7.5,%,IBGE SIDRA 6396
2013-06-01,BR,women,unemployment,9.5,%,IBGE SIDRA 6396
2013-06-01,CE,men,unemployment,7.5,%,IBGE SIDRA 6396
2013-06-01,CE,total,unemployment,8.5,%,IBGE SIDRA 6396
2013-06-01,CE,women,unemployment,10.0,%,IBGE SIDRA 6396
2013-06-01,DF,men,unemployment,7.2,%,IBGE SIDRA 6396
2013-06-01,DF,total,unemployment,9.2,%,IBGE SIDRA 6396
2013-06-01,DF,women,unemployment,11.4,%,IBGE SIDRA 6396
2013-06-01,ES,men,unemployment,6.7,%,IBGE SIDRA 6396
2013-06-01,ES,total,unemployment,7.7,%,IBGE SIDRA 6396
2013-06-01,ES,women,unemployment,9.1,%,IBGE SIDRA 6396
2013-06-01,GO,men,unemployment,4.7,%,IBGE SIDRA 6396
2013-06-01,GO,total,unemployment,5.8,%,IBGE SIDRA 6396
2013-06-01,GO,women,unemployment,7.4,%,IBGE SIDRA 6396
2013-06-01,MA,men,unemployment,7.4,%,IBGE SIDRA 6396
2013-06-01,MA,total,unemployment,9.4,%,IBGE SIDRA 6396
2013-06-01,MA,women,unemployment,12.5,%,IBGE SIDRA 6396
2013-06-01,MG,men,unemployment,5.2,%,IBGE SIDRA 6396
2013-06-01,MG,total,unemployment,7.0,%,IBGE SIDRA 6396
2013-06-01,MG,women,unemployment,9.4,%,IBGE SIDRA 6396
2013-06-01,MS,men,unemployment,4.1,%,IBGE SIDRA 6396
2013-06-01,MS,total,unemployment,5.0,%,IBGE SIDRA 6396
2013-06-01,MS,women,unemployment,6.2,%,IBGE SIDRA 6396
2013-06-01,MT,men,unemployment,3.2,%,IBGE SIDRA 6396
2013-06-01,MT,total,unemployment,4.5,%,IBGE SIDRA 6396
2013-06-01,MT,women,unemployment,6.6,%,IBGE SIDRA 6396
2013-06-01,PA,men,unemployment,6.0,%,IBGE SIDRA 6396
2013-06-01,PA,total,unemployment,7.7,%,IBGE SIDRA 6396
2013-06-01,PA,women,unemployment,10.3,%,IBGE SIDRA 6396
2013-06-01,PB,men,unemployment,7.3,%,IBGE SIDRA 6396
2013-06-01,PB,total,unemployment,9.0,%,IBGE SIDRA 6396
2013-06-01,PB,women,unemployment,11.5,%,IBGE SIDRA 6396
2013-06-01,PE,men,unemployment,8.3,%,IBGE SIDRA 6396
2013-06-01,PE,total,unemployment,9.7,%,IBGE SIDRA 6396
2013-06-01,PE,women,unemployment,11.7,%,IBGE SIDRA 6396
2013-06-01,PI,men,unemployment,5.8,%,IBGE SIDRA 6396
2013-06-01,PI,total,unemployment,7.5,%,IBGE SIDRA 6396
2013-06-01,PI,women,unemployment,9.9,%,IBGE SIDRA 6396
2013-06-01,PR,men,unemployment,3.7,%,IBGE SIDRA 6396
2013-06-01,PR,total,unemployment,4.6,%,IBGE SIDRA 6396
2013-06-01,PR,women,unemployment,5.8,%,IBGE SIDRA 6396
2013-06-01,RJ,men,unemployment,5.6,%,IBGE SIDRA 6396
2013-06-01,RJ,total,unemployment,7.0,%,IBGE SIDRA 6396
2013-06-01,RJ,women,unemployment,8.8,%,IBGE SIDRA 6396
2013-06-01,RN,men,unemployment,9.2,%,IBGE SIDRA 6396
2013-06-01,RN,total,unemployment,10.9,%,IBGE SIDRA 6396
2013-06-01,RN,women,unemployment,13.5,%,IBGE SIDRA 6396
2013-06-01,RO,men,unemployment,3.9,%,IBGE SIDRA 6396
2013-06-01,RO,total,unemployment,4.8,%,IBGE SIDRA 6396
2013-06-01,RO,women,unemployment,6.4,%,IBGE SIDRA 6396
2013-06-01,RR,men,unemployment,5.2,%,IBGE SIDRA 6396
2013-06-01,RR,total,unemployment,8.7,%,IBGE SIDRA 6396
2013-06-01,RR,women,unemployment,13.1,%,IBGE SIDRA 6396
2013-06-01,RS,men,unemployment,3.4,%,IBGE SIDRA 6396
2013-06-01,RS,total,unemployment,4.6,%,IBGE SIDRA 6396
2013-06-01,RS,women,unemployment,6.0,%,IBGE SIDRA 6396
2013-06-01,SC,men,unemployment,2.7,%,IBGE SIDRA 6396
2013-06-01,SC,total,unemployment,3.5,%,IBGE SIDRA 6396
2013-06-01,SC,women,unemployment,4.4,%,IBGE SIDRA 6396
2013-06-01,SE,men,unemployment,9.0,%,IBGE SIDRA 6396
2013-06-01,SE,total,unemployment,11.4,%,IBGE SIDRA 6396
2013-06-01,SE,women,unemployment,14.5,%,IBGE SIDRA 6396
2013-06-01,SP,men,unemployment,6.0,%,IBGE SIDRA 6396
2013-06-01,SP,total,unemployment,7.5,%,IBGE SIDRA 6396
2013-06-01,SP,women,unemployment,9.4,%,IBGE SIDRA 6396
2013-06-01,TO,men,unemployment,6.9,%,IBGE SIDRA 6396
2013-06-01,TO,total,unemployment,8.2,%,IBGE SIDRA 6396
2013-06-01,TO,women,unemployment,10.4,%,IBGE SIDRA 6396
2013-09-01,AC,men,real_income,2999.0,R$,IBGE SIDRA 5436
2013-09-01,AC,total,real_income,2823.0,R$,IBGE SIDRA 5436
2013-09-01,AC,women,real_income,2546.0,R$,IBGE SIDRA 5436
2013-09-01,AL,men,real_income,2188.0,R$,IBGE SIDRA 5436
2013-09-01,AL,total,real_income,2100.0,R$,IBGE SIDRA 5436
2013-09-01,AL,women,real_income,1946.0,R$,IBGE SIDRA 5436
2013-09-01,AM,men,real_income,2833.0,R$,IBGE SIDRA 5436
2013-09-01,AM,total,real_income,2748.0,R$,IBGE SIDRA 5436
2013-09-01,AM,women,real_income,2606.0,R$,IBGE SIDRA 5436
2013-09-01,AP,men,real_income,3074.0,R$,IBGE SIDRA 5436
2013-09-01,AP,total,real_income,2957.0,R$,IBGE SIDRA 5436
2013-09-01,AP,women,real_income,2771.0,R$,IBGE SIDRA 5436
2013-09-01,BA,men,real_income,2335.0,R$,IBGE SIDRA 5436
2013-09-01,BA,total,real_income,2147.0,R$,IBGE SIDRA 5436
2013-09-01,BA,women,real_income,1862.0,R$,IBGE SIDRA 5436
2013-09-01,BR,men,real_income,3690.0,R$,IBGE SIDRA 5436
2013-09-01,BR,total,real_income,3311.0,R$,IBGE SIDRA 5436
2013-09-01,BR,women,real_income,2772.0,R$,IBGE SIDRA 5436
2013-09-01,CE,men,real_income,2417.0,R$,IBGE SIDRA 5436
2013-09-01,CE,total,real_income,2293.0,R$,IBGE SIDRA 5436
2013-09-01,CE,women,real_income,2108.0,R$,IBGE SIDRA 5436
2013-09-01,DF,men,real_income,6807.0,R$,IBGE SIDRA 5436
2013-09-01,DF,total,real_income,6015.0,R$,IBGE SIDRA 5436
2013-09-01,DF,women,real_income,5077.0,R$,IBGE SIDRA 5436
2013-09-01,ES,men,real_income,3517.0,R$,IBGE SIDRA 5436
2013-09-01,ES,total,real_income,3156.0,R$,IBGE SIDRA 5436
2013-09-01,ES,women,real_income,2619.0,R$,IBGE SIDRA 5436
2013-09-01,GO,men,real_income,3762.0,R$,IBGE SIDRA 5436
2013-09-01,GO,total,real_income,3283.0,R$,IBGE SIDRA 5436
2013-09-01,GO,women,real_income,2574.0,R$,IBGE SIDRA 5436
2013-09-01,MA,men,real_income,1896.0,R$,IBGE SIDRA 5436
2013-09-01,MA,total,real_income,1779.0,R$,IBGE SIDRA 5436
2013-09-01,MA,women,real_income,1590.0,R$,IBGE SIDRA 5436
2013-09-01,MG,men,real_income,3319.0,R$,IBGE SIDRA 5436
2013-09-01,MG,total,real_income,2916.0,R$,IBGE SIDRA 5436
2013-09-01,MG,women,real_income,2342.0,R$,IBGE SIDRA 5436
2013-09-01,MS,men,real_income,3774.0,R$,IBGE SIDRA 5436
2013-09-01,MS,total,real_income,3296.0,R$,IBGE SIDRA 5436
2013-09-01,MS,women,real_income,2572.0,R$,IBGE SIDRA 5436
2013-09-01,MT,men,real_income,3713.0,R$,IBGE SIDRA 5436
2013-09-01,MT,total,real_income,3308.0,R$,IBGE SIDRA 5436
2013-09-01,MT,women,real_income,2659.0,R$,IBGE SIDRA 5436
2013-09-01,PA,men,real_income,2438.0,R$,IBGE SIDRA 5436
2013-09-01,PA,total,real_income,2346.0,R$,IBGE SIDRA 5436
2013-09-01,PA,women,real_income,2181.0,R$,IBGE SIDRA 5436
2013-09-01,PB,men,real_income,2240.0,R$,IBGE SIDRA 5436
2013-09-01,PB,total,real_income,2121.0,R$,IBGE SIDRA 5436
2013-09-01,PB,women,real_income,1931.0,R$,IBGE SIDRA 5436
2013-09-01,PE,men,real_income,3104.0,R$,IBGE SIDRA 5436
2013-09-01,PE,total,real_income,2895.0,R$,IBGE SIDRA 5436
2013-09-01,PE,women,real_income,2580.0,R$,IBGE SIDRA 5436
2013-09-01,PI,men,real_income,2254.0,R$,IBGE SIDRA 5436
2013-09-01,PI,total,real_income,2137.0,R$,IBGE SIDRA 5436
2013-09-01,PI,women,real_income,1945.0,R$,IBGE SIDRA 5436
2013-09-01,PR,men,real_income,4089.0,R$,IBGE SIDRA 5436
2013-09-01,PR,total,real_income,3584.0,R$,IBGE SIDRA 5436
2013-09-01,PR,women,real_income,2880.0,R$,IBGE SIDRA 5436
2013-09-01,RJ,men,real_income,4043.0,R$,IBGE SIDRA 5436
2013-09-01,RJ,total,real_income,3576.0,R$,IBGE SIDRA 5436
2013-09-01,RJ,women,real_income,2955.0,R$,IBGE SIDRA 5436
2013-09-01,RN,men,real_income,2424.0,R$,IBGE SIDRA 5436
2013-09-01,RN,total,real_income,2259.0,R$,IBGE SIDRA 5436
2013-09-01,RN,women,real_income,1995.0,R$,IBGE SIDRA 5436
2013-09-01,RO,men,real_income,2826.0,R$,IBGE SIDRA 5436
2013-09-01,RO,total,real_income,2668.0,R$,IBGE SIDRA 5436
2013-09-01,RO,women,real_income,2375.0,R$,IBGE SIDRA 5436
2013-09-01,RR,men,real_income,3812.0,R$,IBGE SIDRA 5436
2013-09-01,RR,total,real_income,3580.0,R$,IBGE SIDRA 5436
2013-09-01,RR,women,real_income,3235.0,R$,IBGE SIDRA 5436
2013-09-01,RS,men,real_income,4250.0,R$,IBGE SIDRA 5436
2013-09-01,RS,total,real_income,3704.0,R$,IBGE SIDRA 5436
2013-09-01,RS,women,real_income,2964.0,R$,IBGE SIDRA 5436
2013-09-01,SC,men,real_income,3965.0,R$,IBGE SIDRA 5436
2013-09-01,SC,total,real_income,3516.0,R$,IBGE SIDRA 5436
2013-09-01,SC,women,real_income,2910.0,R$,IBGE SIDRA 5436
2013-09-01,SE,men,real_income,2784.0,R$,IBGE SIDRA 5436
2013-09-01,SE,total,real_income,2552.0,R$,IBGE SIDRA 5436
2013-09-01,SE,women,real_income,2210.0,R$,IBGE SIDRA 5436
2013-09-01,SP,men,real_income,4878.0,R$,IBGE SIDRA 5436
2013-09-01,SP,total,real_income,4247.0,R$,IBGE SIDRA 5436
2013-09-01,SP,women,real_income,3430.0,R$,IBGE SIDRA 5436
2013-09-01,TO,men,real_income,2744.0,R$,IBGE SIDRA 5436
2013-09-01,TO,total,real_income,2503.0,R$,IBGE SIDRA 5436
2013-09-01,TO,women,real_income,2119.0,R$,IBGE SIDRA 5436
2013-09-01,AC,men,unemployment,7.0,%,IBGE SIDRA 6396
2013-09-01,AC,total,unemployment,8.9,%,IBGE SIDRA 6396
2013-09-01,AC,women,unemployment,11.6,%,IBGE SIDRA 6396
2013-09-01,AL,men,unemployment,8.9,%,IBGE SIDRA 6396
2013-09-01,AL,total,unemployment,10.6,%,IBGE SIDRA 6396
2013-09-01,AL,women,unemployment,13.1,%,IBGE SIDRA 6396
2013-09-01,AM,men,unemployment,6.2,%,IBGE SIDRA 6396
2013-09-01,AM,total,unemployment,8.4,%,IBGE SIDRA 6396
2013-09-01,AM,women,unemployment,11.7,%,IBGE SIDRA 6396
2013-09-01,AP,men,unemployment,7.3,%,IBGE SIDRA 6396
2013-09-01,AP,total,unemployment,10.9,%,IBGE SIDRA 6396
2013-09-01,AP,women,unemployment,16.0,%,IBGE SIDRA 6396
2013-09-01,BA,men,unemployment,8.7,%,IBGE SIDRA 6396
2013-09-01,BA,total,unemployment,10.7,%,IBGE SIDRA 6396
2013-09-01,BA,women,unemployment,13.6,%,IBGE SIDRA 6396
2013-09-01,BR,men,unemployment,5.6,%,IBGE SIDRA 6396
2013-09-01,BR,total,unemployment,7.0,%,IBGE SIDRA 6396
2013-09-01,BR,women,unemployment,8.8,%,IBGE SIDRA 6396
2013-09-01,CE,men,unemployment,6.5,%,IBGE SIDRA 6396
2013-09-01,CE,total,unemployment,7.3,%,IBGE SIDRA 6396
2013-09-01,CE,women,unemployment,8.5,%,IBGE SIDRA 6396
2013-09-01,DF,men,unemployment,7.0,%,IBGE SIDRA 6396
2013-09-01,DF,total,unemployment,8.9,%,IBGE SIDRA 6396
2013-09-01,DF,women,unemployment,11.1,%,IBGE SIDRA 6396
2013-09-01,ES,men,unemployment,6.3,%,IBGE SIDRA 6396
2013-09-01,ES,total,unemployment,7.2,%,IBGE SIDRA 6396
2013-09-01,ES,women,unemployment,8.4,%,IBGE SIDRA 6396
2013-09-01,GO,men,unemployment,4.5,%,IBGE SIDRA 6396
2013-09-01,GO,total,unemployment,5.2,%,IBGE SIDRA 6396
2013-09-01,GO,women,unemployment,6.2,%,IBGE SIDRA 6396
2013-09-01,MA,men,unemployment,6.0,%,IBGE SIDRA 6396
2013-09-01,MA,total,unemployment,7.5,%,IBGE SIDRA 6396
2013-09-01,MA,women,unemployment,10.0,%,IBGE SIDRA 6396
2013-09-01,MG,men,unemployment,4.9,%,IBGE SIDRA 6396
2013-09-01,MG,total,unemployment,6.3,%,IBGE SIDRA 6396
2013-09-01,MG,women,unemployment,8.3,%,IBGE SIDRA 6396
2013-09-01,MS,men,unemployment,3.5,%,IBGE SIDRA 6396
2013-09-01,MS,total,unemployment,4.4,%,IBGE SIDRA 6396
2013-09-01,MS,women,unemployment,5.8,%,IBGE SIDRA 6396
2013-09-01,MT,men,unemployment,2.7,%,IBGE SIDRA 6396
2013-09-01,MT,total,unemployment,3.9,%,IBGE SIDRA 6396
2013-09-01,MT,women,unemployment,5.7,%,IBGE SIDRA 6396
2013-09-01,PA,men,unemployment,5.7,%,IBGE SIDRA 6396
2013-09-01,PA,total,unemployment,7.7,%,IBGE SIDRA 6396
2013-09-01,PA,women,unemployment,11.0,%,IBGE SIDRA 6396
2013-09-01,PB,men,unemployment,6.6,%,IBGE SIDRA 6396
2013-09-01,PB,total,unemployment,8.6,%,IBGE SIDRA 6396
2013-09-01,PB,women,unemployment,11.4,%,IBGE SIDRA 6396
2013-09-01,PE,men,unemployment,6.6,%,IBGE SIDRA 6396
2013-09-01,PE,total,unemployment,8.5,%,IBGE SIDRA 6396
2013-09-01,PE,women,unemployment,11.2,%,IBGE SIDRA 6396
2013-09-01,PI,men,unemployment,6.5,%,IBGE SIDRA 6396
2013-09-01,PI,total,unemployment,7.5,%,IBGE SIDRA 6396
2013-09-01,PI,women,unemployment,8.9,%,IBGE SIDRA 6396
2013-09-01,PR,men,unemployment,3.6,%,IBGE SIDRA 6396
2013-09-01,PR,total,unemployment,4.2,%,IBGE SIDRA 6396
2013-09-01,PR,women,unemployment,5.1,%,IBGE SIDRA 6396
2013-09-01,RJ,men,unemployment,5.3,%,IBGE SIDRA 6396
2013-09-01,RJ,total,unemployment,6.9,%,IBGE SIDRA 6396
2013-09-01,RJ,women,unemployment,9.0,%,IBGE SIDRA 6396
2013-09-01,RN,men,unemployment,8.8,%,IBGE SIDRA 6396
2013-09-01,RN,total,unemployment,10.2,%,IBGE SIDRA 6396
2013-09-01,RN,women,unemployment,12.3,%,IBGE SIDRA 6396
2013-09-01,RO,men,unemployment,3.2,%,IBGE SIDRA 6396
2013-09-01,RO,total,unemployment,4.6,%,IBGE SIDRA 6396
2013-09-01,RO,women,unemployment,6.9,%,IBGE SIDRA 6396
2013-09-01,RR,men,unemployment,5.9,%,IBGE SIDRA 6396
2013-09-01,RR,total,unemployment,8.0,%,IBGE SIDRA 6396
2013-09-01,RR,women,unemployment,10.9,%,IBGE SIDRA 6396
2013-09-01,RS,men,unemployment,3.7,%,IBGE SIDRA 6396
2013-09-01,RS,total,unemployment,4.9,%,IBGE SIDRA 6396
2013-09-01,RS,women,unemployment,6.4,%,IBGE SIDRA 6396
2013-09-01,SC,men,unemployment,2.3,%,IBGE SIDRA 6396
2013-09-01,SC,total,unemployment,2.8,%,IBGE SIDRA 6396
2013-09-01,SC,women,unemployment,3.5,%,IBGE SIDRA 6396
2013-09-01,SE,men,unemployment,8.3,%,IBGE SIDRA 6396
2013-09-01,SE,total,unemployment,10.1,%,IBGE SIDRA 6396
2013-09-01,SE,women,unemployment,12.6,%,IBGE SIDRA 6396
2013-09-01,SP,men,unemployment,6.1,%,IBGE SIDRA 6396
2013-09-01,SP,total,unemployment,7.4,%,IBGE SIDRA 6396
2013-09-01,SP,women,unemployment,9.0,%,IBGE SIDRA 6396
2013-09-01,TO,men,unemployment,5.2,%,IBGE SIDRA 6396
2013-09-01,TO,total,unemployment,6.2,%,IBGE SIDRA 6396
2013-09-01,TO,women,unemployment,7.7,%,IBGE SIDRA 6396
2013-12-01,AC,men,real_income,2888.0,R$,IBGE SIDRA 5436
2013-12-01,AC,total,real_income,2746.0,R$,IBGE SIDRA 5436
2013-12-01,AC,women,real_income,2508.0,R$,IBGE SIDRA 5436
2013-12-01,AL,men,real_income,2252.0,R$,IBGE SIDRA 5436
2013-12-01,AL,total,real_income,2115.0,R$,IBGE SIDRA 5436
2013-12-01,AL,women,real_income,1877.0,R$,IBGE SIDRA 5436
2013-12-01,AM,men,real_income,3041.0,R$,IBGE SIDRA 5436
2013-12-01,AM,total,real_income,2902.0,R$,IBGE SIDRA 5436
2013-12-01,AM,women,real_income,2671.0,R$,IBGE SIDRA 5436
2013-12-01,AP,men,real_income,3259.0,R$,IBGE SIDRA 5436
2013-12-01,AP,total,real_income,3096.0,R$,IBGE SIDRA 5436
2013-12-01,AP,women,real_income,2831.0,R$,IBGE SIDRA 5436
2013-12-01,BA,men,real_income,2361.0,R$,IBGE SIDRA 5436
2013-12-01,BA,total,real_income,2170.0,R$,IBGE SIDRA 5436
2013-12-01,BA,women,real_income,1883.0,R$,IBGE SIDRA 5436
2013-12-01,BR,men,real_income,3673.0,R$,IBGE SIDRA 5436
2013-12-01,BR,total,real_income,3281.0,R$,IBGE SIDRA 5436
2013-12-01,BR,women,real_income,2724.0,R$,IBGE SIDRA 5436
2013-12-01,CE,men,real_income,2309.0,R$,IBGE SIDRA 5436
2013-12-01,CE,total,real_income,2172.0,R$,IBGE SIDRA 5436
2013-12-01,CE,women,real_income,1969.0,R$,IBGE SIDRA 5436
2013-12-01,DF,men,real_income,7080.0,R$,IBGE SIDRA 5436
2013-12-01,DF,total,real_income,6245.0,R$,IBGE SIDRA 5436
2013-12-01,DF,women,real_income,5250.0,R$,IBGE SIDRA 5436
2013-12-01,ES,men,real_income,3528.0,R$,IBGE SIDRA 5436
2013-12-01,ES,total,real_income,3170.0,R$,IBGE SIDRA 5436
2013-12-01,ES,women,real_income,2616.0,R$,IBGE SIDRA 5436
2013-12-01,GO,men,real_income,3740.0,R$,IBGE SIDRA 5436
2013-12-01,GO,total,real_income,3238.0,R$,IBGE SIDRA 5436
2013-12-01,GO,women,real_income,2491.0,R$,IBGE SIDRA 5436
2013-12-01,MA,men,real_income,1810.0,R$,IBGE SIDRA 5436
2013-12-01,MA,total,real_income,1693.0,R$,IBGE SIDRA 5436
2013-12-01,MA,women,real_income,1501.0,R$,IBGE SIDRA 5436
2013-12-01,MG,men,real_income,3369.0,R$,IBGE SIDRA 5436
2013-12-01,MG,total,real_income,2945.0,R$,IBGE SIDRA 5436
2013-12-01,MG,women,real_income,2346.0,R$,IBGE SIDRA 5436
2013-12-01,MS,men,real_income,3775.0,R$,IBGE SIDRA 5436
2013-12-01,MS,total,real_income,3290.0,R$,IBGE SIDRA 5436
2013-12-01,MS,women,real_income,2574.0,R$,IBGE SIDRA 5436
2013-12-01,MT,men,real_income,3859.0,R$,IBGE SIDRA 5436
2013-12-01,MT,total,real_income,3390.0,R$,IBGE SIDRA 5436
2013-12-01,MT,women,real_income,2639.0,R$,IBGE SIDRA 5436
2013-12-01,PA,men,real_income,2353.0,R$,IBGE SIDRA 5436
2013-12-01,PA,total,real_income,2272.0,R$,IBGE SIDRA 5436
2013-12-01,PA,women,real_income,2128.0,R$,IBGE SIDRA 5436
2013-12-01,PB,men,real_income,2257.0,R$,IBGE SIDRA 5436
2013-12-01,PB,total,real_income,2106.0,R$,IBGE SIDRA 5436
2013-12-01,PB,women,real_income,1858.0,R$,IBGE SIDRA 5436
2013-12-01,PE,men,real_income,3211.0,R$,IBGE SIDRA 5436
2013-12-01,PE,total,real_income,2947.0,R$,IBGE SIDRA 5436
2013-12-01,PE,women,real_income,2554.0,R$,IBGE SIDRA 5436
2013-12-01,PI,men,real_income,2263.0,R$,IBGE SIDRA 5436
2013-12-01,PI,total,real_income,2110.0,R$,IBGE SIDRA 5436
2013-12-01,PI,women,real_income,1863.0,R$,IBGE SIDRA 5436
2013-12-01,PR,men,real_income,4084.0,R$,IBGE SIDRA 5436
2013-12-01,PR,total,real_income,3563.0,R$,IBGE SIDRA 5436
2013-12-01,PR,women,real_income,2842.0,R$,IBGE SIDRA 5436
2013-12-01,RJ,men,real_income,4079.0,R$,IBGE SIDRA 5436
2013-12-01,RJ,total,real_income,3590.0,R$,IBGE SIDRA 5436
2013-12-01,RJ,women,real_income,2936.0,R$,IBGE SIDRA 5436
2013-12-01,RN,men,real_income,2487.0,R$,IBGE SIDRA 5436
2013-12-01,RN,total,real_income,2303.0,R$,IBGE SIDRA 5436
2013-12-01,RN,women,real_income,2019.0,R$,IBGE SIDRA 5436
2013-12-01,RO,men,real_income,2916.0,R$,IBGE SIDRA 5436
2013-12-01,RO,total,real_income,2693.0,R$,IBGE SIDRA 5436
2013-12-01,RO,women,real_income,2282.0,R$,IBGE SIDRA 5436
2013-12-01,RR,men,real_income,3612.0,R$,IBGE SIDRA 5436
2013-12-01,RR,total,real_income,3346.0,R$,IBGE SIDRA 5436
2013-12-01,RR,women,real_income,2951.0,R$,IBGE SIDRA 5436
2013-12-01,RS,men,real_income,4201.0,R$,IBGE SIDRA 5436
2013-12-01,RS,total,real_income,3673.0,R$,IBGE SIDRA 5436
2013-12-01,RS,women,real_income,2962.0,R$,IBGE SIDRA 5436
2013-12-01,SC,men,real_income,4124.0,R$,IBGE SIDRA 5436
2013-12-01,SC,total,real_income,3571.0,R$,IBGE SIDRA 5436
2013-12-01,SC,women,real_income,2809.0,R$,IBGE SIDRA 5436
2013-12-01,SE,men,real_income,2778.0,R$,IBGE SIDRA 5436
2013-12-01,SE,total,real_income,2534.0,R$,IBGE SIDRA 5436
2013-12-01,SE,women,real_income,2178.0,R$,IBGE SIDRA 5436
2013-12-01,SP,men,real_income,4760.0,R$,IBGE SIDRA 5436
2013-12-01,SP,total,real_income,4143.0,R$,IBGE SIDRA 5436
2013-12-01,SP,women,real_income,3344.0,R$,IBGE SIDRA 5436
2013-12-01,TO,men,real_income,2752.0,R$,IBGE SIDRA 5436
2013-12-01,TO,total,real_income,2531.0,R$,IBGE SIDRA 5436
2013-12-01,TO,women,real_income,2161.0,R$,IBGE SIDRA 5436
2013-12-01,AC,men,unemployment,5.6,%,IBGE SIDRA 6396
2013-12-01,AC,total,unemployment,7.0,%,IBGE SIDRA 6396
2013-12-01,AC,women,unemployment,9.1,%,IBGE SIDRA 6396
2013-12-01,AL,men,unemployment,7.3,%,IBGE SIDRA 6396
2013-12-01,AL,total,unemployment,9.5,%,IBGE SIDRA 6396
2013-12-01,AL,women,unemployment,12.9,%,IBGE SIDRA 6396
2013-12-01,AM,men,unemployment,6.2,%,IBGE SIDRA 6396
2013-12-01,AM,total,unemployment,7.7,%,IBGE SIDRA 6396
2013-12-01,AM,women,unemployment,9.9,%,IBGE SIDRA 6396
2013-12-01,AP,men,unemployment,7.1,%,IBGE SIDRA 6396
2013-12-01,AP,total,unemployment,9.2,%,IBGE SIDRA 6396
2013-12-01,AP,women,unemployment,12.4,%,IBGE SIDRA 6396
2013-12-01,BA,men,unemployment,7.5,%,IBGE SIDRA 6396
2013-12-01,BA,total,unemployment,9.1,%,IBGE SIDRA 6396
2013-12-01,BA,women,unemployment,11.2,%,IBGE SIDRA 6396
2013-12-01,BR,men,unemployment,5.1,%,IBGE SIDRA 6396
2013-12-01,BR,total,unemployment,6.2,%,IBGE SIDRA 6396
2013-12-01,BR,women,unemployment,7.8,%,IBGE SIDRA 6396
2013-12-01,CE,men,unemployment,6.2,%,IBGE SIDRA 6396
2013-12-01,CE,total,unemployment,6.9,%,IBGE SIDRA 6396
2013-12-01,CE,women,unemployment,7.9,%,IBGE SIDRA 6396
2013-12-01,DF,men,unemployment,6.7,%,IBGE SIDRA 6396
2013-12-01,DF,total,unemployment,8.5,%,IBGE SIDRA 6396
2013-12-01,DF,women,unemployment,10.6,%,IBGE SIDRA 6396
2013-12-01,ES,men,unemployment,5.0,%,IBGE SIDRA 6396
2013-12-01,ES,total,unemployment,5.9,%,IBGE SIDRA 6396
2013-12-01,ES,women,unemployment,7.3,%,IBGE SIDRA 6396
2013-12-01,GO,men,unemployment,3.1,%,IBGE SIDRA 6396
2013-12-01,GO,total,unemployment,3.9,%,IBGE SIDRA 6396
2013-12-01,GO,women,unemployment,5.1,%,IBGE SIDRA 6396
2013-12-01,MA,men,unemployment,4.6,%,IBGE SIDRA 6396
2013-12-01,MA,total,unemployment,5.6,%,IBGE SIDRA 6396
2013-12-01,MA,women,unemployment,7.2,%,IBGE SIDRA 6396
2013-12-01,MG,men,unemployment,4.6,%,IBGE SIDRA 6396
2013-12-01,MG,total,unemployment,5.8,%,IBGE SIDRA 6396
2013-12-01,MG,women,unemployment,7.4,%,IBGE SIDRA 6396
2013-12-01,MS,men,unemployment,3.2,%,IBGE SIDRA 6396
2013-12-01,MS,total,unemployment,4.5,%,IBGE SIDRA 6396
2013-12-01,MS,women,unemployment,6.4,%,IBGE SIDRA 6396
2013-12-01,MT,men,unemployment,2.9,%,IBGE SIDRA 6396
2013-12-01,MT,total,unemployment,3.8,%,IBGE SIDRA 6396
2013-12-01,MT,women,unemployment,5.0,%,IBGE SIDRA 6396
2013-12-01,PA,men,unemployment,4.8,%,IBGE SIDRA 6396
2013-12-01,PA,total,unemployment,6.1,%,IBGE SIDRA 6396
2013-12-01,PA,women,unemployment,8.2,%,IBGE SIDRA 6396
2013-12-01,PB,men,unemployment,6.6,%,IBGE SIDRA 6396
2013-12-01,PB,total,unemployment,8.5,%,IBGE SIDRA 6396
2013-12-01,PB,women,unemployment,11.3,%,IBGE SIDRA 6396
2013-12-01,PE,men,unemployment,6.1,%,IBGE SIDRA 6396
2013-12-01,PE,total,unemployment,7.4,%,IBGE SIDRA 6396
2013-12-01,PE,women,unemployment,9.3,%,IBGE SIDRA 6396
2013-12-01,PI,men,unemployment,6.0,%,IBGE SIDRA 6396
2013-12-01,PI,total,unemployment,7.0,%,IBGE SIDRA 6396
2013-12-01,PI,women,unemployment,8.5,%,IBGE SIDRA 6396
2013-12-01,PR,men,unemployment,3.1,%,IBGE SIDRA 6396
2013-12-01,PR,total,unemployment,3.8,%,IBGE SIDRA 6396
2013-12-01,PR,women,unemployment,4.6,%,IBGE SIDRA 6396
2013-12-01,RJ,men,unemployment,4.7,%,IBGE SIDRA 6396
2013-12-01,RJ,total,unemployment,6.2,%,IBGE SIDRA 6396
2013-12-01,RJ,women,unemployment,8.2,%,IBGE SIDRA 6396
2013-12-01,RN,men,unemployment,8.4,%,IBGE SIDRA 6396
2013-12-01,RN,total,unemployment,9.8,%,IBGE SIDRA 6396
2013-12-01,RN,women,unemployment,11.9,%,IBGE SIDRA 6396
2013-12-01,RO,men,unemployment,3.6,%,IBGE SIDRA 6396
2013-12-01,RO,total,unemployment,4.9,%,IBGE SIDRA 6396
2013-12-01,RO,women,unemployment,7.2,%,IBGE SIDRA 6396
2013-12-01,RR,men,unemployment,4.4,%,IBGE SIDRA 6396
2013-12-01,RR,total,unemployment,6.7,%,IBGE SIDRA 6396
2013-12-01,RR,women,unemployment,10.0,%,IBGE SIDRA 6396
2013-12-01,RS,men,unemployment,3.8,%,IBGE SIDRA 6396
2013-12-01,RS,total,unemployment,4.7,%,IBGE SIDRA 6396
2013-12-01,RS,women,unemployment,5.9,%,IBGE SIDRA 6396
2013-12-01,SC,men,unemployment,2.2,%,IBGE SIDRA 6396
2013-12-01,SC,total,unemployment,2.6,%,IBGE SIDRA 6396
2013-12-01,SC,women,unemployment,3.0,%,IBGE SIDRA 6396
2013-12-01,SE,men,unemployment,7.1,%,IBGE SIDRA 6396
2013-12-01,SE,total,unemployment,8.8,%,IBGE SIDRA 6396
2013-12-01,SE,women,unemployment,11.1,%,IBGE SIDRA 6396
2013-12-01,SP,men,unemployment,5.5,%,IBGE SIDRA 6396
2013-12-01,SP,total,unemployment,6.6,%,IBGE SIDRA 6396
2013-12-01,SP,women,unemployment,8.0,%,IBGE SIDRA 6396
2013-12-01,TO,men,unemployment,5.5,%,IBGE SIDRA 6396
2013-12-01,TO,total,unemployment,6.5,%,IBGE SIDRA 6396
2013-12-01,TO,women,unemployment,8.0,%,IBGE SIDRA 6396
2014-03-01,AC,men,real_income,2747.0,R$,IBGE SIDRA 5436
2014-03-01,AC,total,real_income,2710.0,R$,IBGE SIDRA 5436
2014-03-01,AC,women,real_income,2647.0,R$,IBGE SIDRA 5436
2014-03-01,AL,men,real_income,2366.0,R$,IBGE SIDRA 5436
2014-03-01,AL,total,real_income,2215.0,R$,IBGE SIDRA 5436
2014-03-01,AL,women,real_income,1959.0,R$,IBGE SIDRA 5436
2014-03-01,AM,men,real_income,3038.0,R$,IBGE SIDRA 5436
2014-03-01,AM,total,real_income,2854.0,R$,IBGE SIDRA 5436
2014-03-01,AM,women,real_income,2542.0,R$,IBGE SIDRA 5436
2014-03-01,AP,men,real_income,3134.0,R$,IBGE SIDRA 5436
2014-03-01,AP,total,real_income,3082.0,R$,IBGE SIDRA 5436
2014-03-01,AP,women,real_income,2996.0,R$,IBGE SIDRA 5436
2014-03-01,BA,men,real_income,2395.0,R$,IBGE SIDRA 5436
2014-03-01,BA,total,real_income,2222.0,R$,IBGE SIDRA 5436
2014-03-01,BA,women,real_income,1967.0,R$,IBGE SIDRA 5436
2014-03-01,BR,men,real_income,3755.0,R$,IBGE SIDRA 5436
2014-03-01,BR,total,real_income,3347.0,R$,IBGE SIDRA 5436
2014-03-01,BR,women,real_income,2767.0,R$,IBGE SIDRA 5436
2014-03-01,CE,men,real_income,2432.0,R$,IBGE SIDRA 5436
2014-03-01,CE,total,real_income,2245.0,R$,IBGE SIDRA 5436
2014-03-01,CE,women,real_income,1962.0,R$,IBGE SIDRA 5436
2014-03-01,DF,men,real_income,6531.0,R$,IBGE SIDRA 5436
2014-03-01,DF,total,real_income,5816.0,R$,IBGE SIDRA 5436
2014-03-01,DF,women,real_income,4953.0,R$,IBGE SIDRA 5436
2014-03-01,ES,men,real_income,3572.0,R$,IBGE SIDRA 5436
2014-03-01,ES,total,real_income,3177.0,R$,IBGE SIDRA 5436
2014-03-01,ES,women,real_income,2591.0,R$,IBGE SIDRA 5436
2014-03-01,GO,men,real_income,3656.0,R$,IBGE SIDRA 5436
2014-03-01,GO,total,real_income,3211.0,R$,IBGE SIDRA 5436
2014-03-01,GO,women,real_income,2562.0,R$,IBGE SIDRA 5436
2014-03-01,MA,men,real_income,1894.0,R$,IBGE SIDRA 5436
2014-03-01,MA,total,real_income,1745.0,R$,IBGE SIDRA 5436
2014-03-01,MA,women,real_income,1497.0,R$,IBGE SIDRA 5436
2014-03-01,MG,men,real_income,3432.0,R$,IBGE SIDRA 5436
2014-03-01,MG,total,real_income,2980.0,R$,IBGE SIDRA 5436
2014-03-01,MG,women,real_income,2347.0,R$,IBGE SIDRA 5436
2014-03-01,MS,men,real_income,3692.0,R$,IBGE SIDRA 5436
2014-03-01,MS,total,real_income,3210.0,R$,IBGE SIDRA 5436
2014-03-01,MS,women,real_income,2499.0,R$,IBGE SIDRA 5436
2014-03-01,MT,men,real_income,3672.0,R$,IBGE SIDRA 5436
2014-03-01,MT,total,real_income,3298.0,R$,IBGE SIDRA 5436
2014-03-01,MT,women,real_income,2682.0,R$,IBGE SIDRA 5436
2014-03-01,PA,men,real_income,2389.0,R$,IBGE SIDRA 5436
2014-03-01,PA,total,real_income,2284.0,R$,IBGE SIDRA 5436
2014-03-01,PA,women,real_income,2095.0,R$,IBGE SIDRA 5436
2014-03-01,PB,men,real_income,2362.0,R$,IBGE SIDRA 5436
2014-03-01,PB,total,real_income,2227.0,R$,IBGE SIDRA 5436
2014-03-01,PB,women,real_income,2008.0,R$,IBGE SIDRA 5436
2014-03-01,PE,men,real_income,3345.0,R$,IBGE SIDRA 5436
2014-03-01,PE,total,real_income,3030.0,R$,IBGE SIDRA 5436
2014-03-01,PE,women,real_income,2560.0,R$,IBGE SIDRA 5436
2014-03-01,PI,men,real_income,2247.0,R$,IBGE SIDRA 5436
2014-03-01,PI,total,real_income,2085.0,R$,IBGE SIDRA 5436
2014-03-01,PI,women,real_income,1837.0,R$,IBGE SIDRA 5436
2014-03-01,PR,men,real_income,4123.0,R$,IBGE SIDRA 5436
2014-03-01,PR,total,real_income,3620.0,R$,IBGE SIDRA 5436
2014-03-01,PR,women,real_income,2920.0,R$,IBGE SIDRA 5436
2014-03-01,RJ,men,real_income,4117.0,R$,IBGE SIDRA 5436
2014-03-01,RJ,total,real_income,3641.0,R$,IBGE SIDRA 5436
2014-03-01,RJ,women,real_income,3007.0,R$,IBGE SIDRA 5436
2014-03-01,RN,men,real_income,2730.0,R$,IBGE SIDRA 5436
2014-03-01,RN,total,real_income,2493.0,R$,IBGE SIDRA 5436
2014-03-01,RN,women,real_income,2126.0,R$,IBGE SIDRA 5436
2014-03-01,RO,men,real_income,2893.0,R$,IBGE SIDRA 5436
2014-03-01,RO,total,real_income,2696.0,R$,IBGE SIDRA 5436
2014-03-01,RO,women,real_income,2341.0,R$,IBGE SIDRA 5436
2014-03-01,RR,men,real_income,3436.0,R$,IBGE SIDRA 5436
2014-03-01,RR,total,real_income,3422.0,R$,IBGE SIDRA 5436
2014-03-01,RR,women,real_income,3399.0,R$,IBGE SIDRA 5436
2014-03-01,RS,men,real_income,4166.0,R$,IBGE SIDRA 5436
2014-03-01,RS,total,real_income,3649.0,R$,IBGE SIDRA 5436
2014-03-01,RS,women,real_income,2943.0,R$,IBGE SIDRA 5436
2014-03-01,SC,men,real_income,4068.0,R$,IBGE SIDRA 5436
2014-03-01,SC,total,real_income,3595.0,R$,IBGE SIDRA 5436
2014-03-01,SC,women,real_income,2949.0,R$,IBGE SIDRA 5436
2014-03-01,SE,men,real_income,3032.0,R$,IBGE SIDRA 5436
2014-03-01,SE,total,real_income,2714.0,R$,IBGE SIDRA 5436
2014-03-01,SE,women,real_income,2229.0,R$,IBGE SIDRA 5436
2014-03-01,SP,men,real_income,5056.0,R$,IBGE SIDRA 5436
2014-03-01,SP,total,real_income,4343.0,R$,IBGE SIDRA 5436
2014-03-01,SP,women,real_income,3431.0,R$,IBGE SIDRA 5436
2014-03-01,TO,men,real_income,2720.0,R$,IBGE SIDRA 5436
2014-03-01,TO,total,real_income,2534.0,R$,IBGE SIDRA 5436
2014-03-01,TO,women,real_income,2217.0,R$,IBGE SIDRA 5436
2014-03-01,AC,men,unemployment,6.4,%,IBGE SIDRA 6396
2014-03-01,AC,total,unemployment,8.1,%,IBGE SIDRA 6396
2014-03-01,AC,women,unemployment,10.6,%,IBGE SIDRA 6396
2014-03-01,AL,men,unemployment,8.1,%,IBGE SIDRA 6396
2014-03-01,AL,total,unemployment,9.9,%,IBGE SIDRA 6396
2014-03-01,AL,women,unemployment,12.6,%,IBGE SIDRA 6396
2014-03-01,AM,men,unemployment,6.2,%,IBGE SIDRA 6396
2014-03-01,AM,total,unemployment,8.3,%,IBGE SIDRA 6396
2014-03-01,AM,women,unemployment,11.6,%,IBGE SIDRA 6396
2014-03-01,AP,men,unemployment,7.7,%,IBGE SIDRA 6396
2014-03-01,AP,total,unemployment,11.4,%,IBGE SIDRA 6396
2014-03-01,AP,women,unemployment,16.6,%,IBGE SIDRA 6396
2014-03-01,BA,men,unemployment,9.5,%,IBGE SIDRA 6396
2014-03-01,BA,total,unemployment,11.6,%,IBGE SIDRA 6396
2014-03-01,BA,women,unemployment,14.5,%,IBGE SIDRA 6396
2014-03-01,BR,men,unemployment,5.9,%,IBGE SIDRA 6396
2014-03-01,BR,total,unemployment,7.2,%,IBGE SIDRA 6396
2014-03-01,BR,women,unemployment,9.0,%,IBGE SIDRA 6396
2014-03-01,CE,men,unemployment,7.1,%,IBGE SIDRA 6396
2014-03-01,CE,total,unemployment,7.9,%,IBGE SIDRA 6396
2014-03-01,CE,women,unemployment,9.1,%,IBGE SIDRA 6396
2014-03-01,DF,men,unemployment,7.8,%,IBGE SIDRA 6396
2014-03-01,DF,total,unemployment,9.0,%,IBGE SIDRA 6396
2014-03-01,DF,women,unemployment,10.4,%,IBGE SIDRA 6396
2014-03-01,ES,men,unemployment,5.0,%,IBGE SIDRA 6396
2014-03-01,ES,total,unemployment,6.4,%,IBGE SIDRA 6396
2014-03-01,ES,women,unemployment,8.3,%,IBGE SIDRA 6396
2014-03-01,GO,men,unemployment,4.3,%,IBGE SIDRA 6396
2014-03-01,GO,total,unemployment,5.7,%,IBGE SIDRA 6396
2014-03-01,GO,women,unemployment,7.7,%,IBGE SIDRA 6396
2014-03-01,MA,men,unemployment,5.2,%,IBGE SIDRA 6396
2014-03-01,MA,total,unemployment,6.5,%,IBGE SIDRA 6396
2014-03-01,MA,women,unemployment,8.4,%,IBGE SIDRA 6396
2014-03-01,MG,men,unemployment,5.6,%,IBGE SIDRA 6396
2014-03-01,MG,total,unemployment,7.1,%,IBGE SIDRA 6396
2014-03-01,MG,women,unemployment,9.0,%,IBGE SIDRA 6396
2014-03-01,MS,men,unemployment,3.5,%,IBGE SIDRA 6396
2014-03-01,MS,total,unemployment,4.7,%,IBGE SIDRA 6396
2014-03-01,MS,women,unemployment,6.4,%,IBGE SIDRA 6396
2014-03-01,MT,men,unemployment,3.3,%,IBGE SIDRA 6396
2014-03-01,MT,total,unemployment,4.5,%,IBGE SIDRA 6396
2014-03-01,MT,women,unemployment,6.3,%,IBGE SIDRA 6396
2014-03-01,PA,men,unemployment,6.0,%,IBGE SIDRA 6396
2014-03-01,PA,total,unemployment,7.7,%,IBGE SIDRA 6396
2014-03-01,PA,women,unemployment,10.5,%,IBGE SIDRA 6396
2014-03-01,PB,men,unemployment,7.6,%,IBGE SIDRA 6396
2014-03-01,PB,total,unemployment,9.3,%,IBGE SIDRA 6396
2014-03-01,PB,women,unemployment,12.0,%,IBGE SIDRA 6396
2014-03-01,PE,men,unemployment,7.4,%,IBGE SIDRA 6396
2014-03-01,PE,total,unemployment,8.8,%,IBGE SIDRA 6396
2014-03-01,PE,women,unemployment,10.9,%,IBGE SIDRA 6396
2014-03-01,PI,men,unemployment,6.2,%,IBGE SIDRA 6396
2014-03-01,PI,total,unemployment,7.1,%,IBGE SIDRA 6396
2014-03-01,PI,women,unemployment,8.4,%,IBGE SIDRA 6396
2014-03-01,PR,men,unemployment,3.4,%,IBGE SIDRA 6396
2014-03-01,PR,total,unemployment,4.2,%,IBGE SIDRA 6396
2014-03-01,PR,women,unemployment,5.2,%,IBGE SIDRA 6396
2014-03-01,RJ,men,unemployment,5.0,%,IBGE SIDRA 6396
2014-03-01,RJ,total,unemployment,6.7,%,IBGE SIDRA 6396
2014-03-01,RJ,women,unemployment,8.9,%,IBGE SIDRA 6396
2014-03-01,RN,men,unemployment,10.8,%,IBGE SIDRA 6396
2014-03-01,RN,total,unemployment,11.8,%,IBGE SIDRA 6396
2014-03-01,RN,women,unemployment,13.4,%,IBGE SIDRA 6396
2014-03-01,RO,men,unemployment,3.5,%,IBGE SIDRA 6396
2014-03-01,RO,total,unemployment,5.0,%,IBGE SIDRA 6396
2014-03-01,RO,women,unemployment,7.4,%,IBGE SIDRA 6396
2014-03-01,RR,men,unemployment,4.3,%,IBGE SIDRA 6396
2014-03-01,RR,total,unemployment,7.7,%,IBGE SIDRA 6396
2014-03-01,RR,women,unemployment,12.3,%,IBGE SIDRA 6396
2014-03-01,RS,men,unemployment,4.0,%,IBGE SIDRA 6396
2014-03-01,RS,total,unemployment,5.4,%,IBGE SIDRA 6396
2014-03-01,RS,women,unemployment,7.2,%,IBGE SIDRA 6396
2014-03-01,SC,men,unemployment,2.6,%,IBGE SIDRA 6396
2014-03-01,SC,total,unemployment,3.1,%,IBGE SIDRA 6396
2014-03-01,SC,women,unemployment,3.7,%,IBGE SIDRA 6396
2014-03-01,SE,men,unemployment,7.6,%,IBGE SIDRA 6396
2014-03-01,SE,total,unemployment,9.6,%,IBGE SIDRA 6396
2014-03-01,SE,women,unemployment,12.3,%,IBGE SIDRA 6396
2014-03-01,SP,men,unemployment,6.3,%,IBGE SIDRA 6396
2014-03-01,SP,total,unemployment,7.3,%,IBGE SIDRA 6396
2014-03-01,SP,women,unemployment,8.6,%,IBGE SIDRA 6396
2014-03-01,TO,men,unemployment,6.3,%,IBGE SIDRA 6396
2014-03-01,TO,total,unemployment,8.6,%,IBGE SIDRA 6396
2014-03-01,TO,women,unemployment,12.3,%,IBGE SIDRA 6396
2014-06-01,AC,men,real_income,2827.0,R$,IBGE SIDRA 5436
2014-06-01,AC,total,real_income,2723.0,R$,IBGE SIDRA 5436
2014-06-01,AC,women,real_income,2550.0,R$,IBGE SIDRA 5436
2014-06-01,AL,men,real_income,2317.0,R$,IBGE SIDRA 5436
2014-06-01,AL,total,real_income,2135.0,R$,IBGE SIDRA 5436
2014-06-01,AL,women,real_income,1844.0,R$,IBGE SIDRA 5436
2014-06-01,AM,men,real_income,3092.0,R$,IBGE SIDRA 5436
2014-06-01,AM,total,real_income,2873.0,R$,IBGE SIDRA 5436
2014-06-01,AM,women,real_income,2517.0,R$,IBGE SIDRA 5436
2014-06-01,AP,men,real_income,3078.0,R$,IBGE SIDRA 5436
2014-06-01,AP,total,real_income,3045.0,R$,IBGE SIDRA 5436
2014-06-01,AP,women,real_income,2994.0,R$,IBGE SIDRA 5436
2014-06-01,BA,men,real_income,2379.0,R$,IBGE SIDRA 5436
2014-06-01,BA,total,real_income,2197.0,R$,IBGE SIDRA 5436
2014-06-01,BA,women,real_income,1928.0,R$,IBGE SIDRA 5436
2014-06-01,BR,men,real_income,3715.0,R$,IBGE SIDRA 5436
2014-06-01,BR,total,real_income,3320.0,R$,IBGE SIDRA 5436
2014-06-01,BR,women,real_income,2761.0,R$,IBGE SIDRA 5436
2014-06-01,CE,men,real_income,2340.0,R$,IBGE SIDRA 5436
2014-06-01,CE,total,real_income,2186.0,R$,IBGE SIDRA 5436
2014-06-01,CE,women,real_income,1962.0,R$,IBGE SIDRA 5436
2014-06-01,DF,men,real_income,6482.0,R$,IBGE SIDRA 5436
2014-06-01,DF,total,real_income,5737.0,R$,IBGE SIDRA 5436
2014-06-01,DF,women,real_income,4849.0,R$,IBGE SIDRA 5436
2014-06-01,ES,men,real_income,3478.0,R$,IBGE SIDRA 5436
2014-06-01,ES,total,real_income,3096.0,R$,IBGE SIDRA 5436
2014-06-01,ES,women,real_income,2527.0,R$,IBGE SIDRA 5436
2014-06-01,GO,men,real_income,3624.0,R$,IBGE SIDRA 5436
2014-06-01,GO,total,real_income,3171.0,R$,IBGE SIDRA 5436
2014-06-01,GO,women,real_income,2511.0,R$,IBGE SIDRA 5436
2014-06-01,MA,men,real_income,1774.0,R$,IBGE SIDRA 5436
2014-06-01,MA,total,real_income,1653.0,R$,IBGE SIDRA 5436
2014-06-01,MA,women,real_income,1454.0,R$,IBGE SIDRA 5436
2014-06-01,MG,men,real_income,3362.0,R$,IBGE SIDRA 5436
2014-06-01,MG,total,real_income,2926.0,R$,IBGE SIDRA 5436
2014-06-01,MG,women,real_income,2325.0,R$,IBGE SIDRA 5436
2014-06-01,MS,men,real_income,3809.0,R$,IBGE SIDRA 5436
2014-06-01,MS,total,real_income,3296.0,R$,IBGE SIDRA 5436
2014-06-01,MS,women,real_income,2580.0,R$,IBGE SIDRA 5436
2014-06-01,MT,men,real_income,3846.0,R$,IBGE SIDRA 5436
2014-06-01,MT,total,real_income,3432.0,R$,IBGE SIDRA 5436
2014-06-01,MT,women,real_income,2751.0,R$,IBGE SIDRA 5436
2014-06-01,PA,men,real_income,2438.0,R$,IBGE SIDRA 5436
2014-06-01,PA,total,real_income,2317.0,R$,IBGE SIDRA 5436
2014-06-01,PA,women,real_income,2104.0,R$,IBGE SIDRA 5436
2014-06-01,PB,men,real_income,2388.0,R$,IBGE SIDRA 5436
2014-06-01,PB,total,real_income,2281.0,R$,IBGE SIDRA 5436
2014-06-01,PB,women,real_income,2108.0,R$,IBGE SIDRA 5436
2014-06-01,PE,men,real_income,3197.0,R$,IBGE SIDRA 5436
2014-06-01,PE,total,real_income,3019.0,R$,IBGE SIDRA 5436
2014-06-01,PE,women,real_income,2744.0,R$,IBGE SIDRA 5436
2014-06-01,PI,men,real_income,2182.0,R$,IBGE SIDRA 5436
2014-06-01,PI,total,real_income,2081.0,R$,IBGE SIDRA 5436
2014-06-01,PI,women,real_income,1923.0,R$,IBGE SIDRA 5436
2014-06-01,PR,men,real_income,4113.0,R$,IBGE SIDRA 5436
2014-06-01,PR,total,real_income,3596.0,R$,IBGE SIDRA 5436
2014-06-01,PR,women,real_income,2886.0,R$,IBGE SIDRA 5436
2014-06-01,RJ,men,real_income,3997.0,R$,IBGE SIDRA 5436
2014-06-01,RJ,total,real_income,3558.0,R$,IBGE SIDRA 5436
2014-06-01,RJ,women,real_income,2965.0,R$,IBGE SIDRA 5436
2014-06-01,RN,men,real_income,2600.0,R$,IBGE SIDRA 5436
2014-06-01,RN,total,real_income,2364.0,R$,IBGE SIDRA 5436
2014-06-01,RN,women,real_income,2009.0,R$,IBGE SIDRA 5436
2014-06-01,RO,men,real_income,2849.0,R$,IBGE SIDRA 5436
2014-06-01,RO,total,real_income,2680.0,R$,IBGE SIDRA 5436
2014-06-01,RO,women,real_income,2363.0,R$,IBGE SIDRA 5436
2014-06-01,RR,men,real_income,3520.0,R$,IBGE SIDRA 5436
2014-06-01,RR,total,real_income,3349.0,R$,IBGE SIDRA 5436
2014-06-01,RR,women,real_income,3102.0,R$,IBGE SIDRA 5436
2014-06-01,RS,men,real_income,4109.0,R$,IBGE SIDRA 5436
2014-06-01,RS,total,real_income,3587.0,R$,IBGE SIDRA 5436
2014-06-01,RS,women,real_income,2900.0,R$,IBGE SIDRA 5436
2014-06-01,SC,men,real_income,3990.0,R$,IBGE SIDRA 5436
2014-06-01,SC,total,real_income,3493.0,R$,IBGE SIDRA 5436
2014-06-01,SC,women,real_income,2800.0,R$,IBGE SIDRA 5436
2014-06-01,SE,men,real_income,3215.0,R$,IBGE SIDRA 5436
2014-06-01,SE,total,real_income,2928.0,R$,IBGE SIDRA 5436
2014-06-01,SE,women,real_income,2484.0,R$,IBGE SIDRA 5436
2014-06-01,SP,men,real_income,5010.0,R$,IBGE SIDRA 5436
2014-06-01,SP,total,real_income,4349.0,R$,IBGE SIDRA 5436
2014-06-01,SP,women,real_income,3480.0,R$,IBGE SIDRA 5436
2014-06-01,TO,men,real_income,2803.0,R$,IBGE SIDRA 5436
2014-06-01,TO,total,real_income,2607.0,R$,IBGE SIDRA 5436
2014-06-01,TO,women,real_income,2280.0,R$,IBGE SIDRA 5436
2014-06-01,AC,men,unemployment,7.9,%,IBGE SIDRA 6396
2014-06-01,AC,total,unemployment,9.7,%,IBGE SIDRA 6396
2014-06-01,AC,women,unemployment,12.3,%,IBGE SIDRA 6396
2014-06-01,AL,men,unemployment,8.6,%,IBGE SIDRA 6396
2014-06-01,AL,total,unemployment,9.9,%,IBGE SIDRA 6396
2014-06-01,AL,women,unemployment,11.8,%,IBGE SIDRA 6396
2014-06-01,AM,men,unemployment,6.5,%,IBGE SIDRA 6396
2014-06-01,AM,total,unemployment,8.4,%,IBGE SIDRA 6396
2014-06-01,AM,women,unemployment,11.3,%,IBGE SIDRA 6396
2014-06-01,AP,men,unemployment,6.2,%,IBGE SIDRA 6396
2014-06-01,AP,total,unemployment,9.9,%,IBGE SIDRA 6396
2014-06-01,AP,women,unemployment,14.9,%,IBGE SIDRA 6396
2014-06-01,BA,men,unemployment,8.8,%,IBGE SIDRA 6396
2014-06-01,BA,total,unemployment,10.1,%,IBGE SIDRA 6396
2014-06-01,BA,women,unemployment,11.8,%,IBGE SIDRA 6396
2014-06-01,BR,men,unemployment,5.8,%,IBGE SIDRA 6396
2014-06-01,BR,total,unemployment,6.9,%,IBGE SIDRA 6396
2014-06-01,BR,women,unemployment,8.4,%,IBGE SIDRA 6396
2014-06-01,CE,men,unemployment,6.8,%,IBGE SIDRA 6396
2014-06-01,CE,total,unemployment,7.5,%,IBGE SIDRA 6396
2014-06-01,CE,women,unemployment,8.7,%,IBGE SIDRA 6396
2014-06-01,DF,men,unemployment,7.2,%,IBGE SIDRA 6396
2014-06-01,DF,total,unemployment,9.1,%,IBGE SIDRA 6396
2014-06-01,DF,women,unemployment,11.4,%,IBGE SIDRA 6396
2014-06-01,ES,men,unemployment,5.5,%,IBGE SIDRA 6396
2014-06-01,ES,total,unemployment,6.6,%,IBGE SIDRA 6396
2014-06-01,ES,women,unemployment,8.2,%,IBGE SIDRA 6396
2014-06-01,GO,men,unemployment,4.1,%,IBGE SIDRA 6396
2014-06-01,GO,total,unemployment,5.4,%,IBGE SIDRA 6396
2014-06-01,GO,women,unemployment,7.2,%,IBGE SIDRA 6396
2014-06-01,MA,men,unemployment,5.8,%,IBGE SIDRA 6396
2014-06-01,MA,total,unemployment,7.3,%,IBGE SIDRA 6396
2014-06-01,MA,women,unemployment,9.5,%,IBGE SIDRA 6396
2014-06-01,MG,men,unemployment,5.6,%,IBGE SIDRA 6396
2014-06-01,MG,total,unemployment,6.9,%,IBGE SIDRA 6396
2014-06-01,MG,women,unemployment,8.6,%,IBGE SIDRA 6396
2014-06-01,MS,men,unemployment,3.5,%,IBGE SIDRA 6396
2014-06-01,MS,total,unemployment,3.9,%,IBGE SIDRA 6396
2014-06-01,MS,women,unemployment,4.5,%,IBGE SIDRA 6396
2014-06-01,MT,men,unemployment,3.3,%,IBGE SIDRA 6396
2014-06-01,MT,total,unemployment,4.0,%,IBGE SIDRA 6396
2014-06-01,MT,women,unemployment,5.1,%,IBGE SIDRA 6396
2014-06-01,PA,men,unemployment,6.1,%,IBGE SIDRA 6396
2014-06-01,PA,total,unemployment,7.1,%,IBGE SIDRA 6396
2014-06-01,PA,women,unemployment,8.7,%,IBGE SIDRA 6396
2014-06-01,PB,men,unemployment,7.7,%,IBGE SIDRA 6396
2014-06-01,PB,total,unemployment,8.9,%,IBGE SIDRA 6396
2014-06-01,PB,women,unemployment,10.8,%,IBGE SIDRA 6396
2014-06-01,PE,men,unemployment,7.2,%,IBGE SIDRA 6396
2014-06-01,PE,total,unemployment,8.0,%,IBGE SIDRA 6396
2014-06-01,PE,women,unemployment,9.2,%,IBGE SIDRA 6396
2014-06-01,PI,men,unemployment,5.9,%,IBGE SIDRA 6396
2014-06-01,PI,total,unemployment,7.1,%,IBGE SIDRA 6396
2014-06-01,PI,women,unemployment,8.9,%,IBGE SIDRA 6396
2014-06-01,PR,men,unemployment,3.2,%,IBGE SIDRA 6396
2014-06-01,PR,total,unemployment,4.2,%,IBGE SIDRA 6396
2014-06-01,PR,women,unemployment,5.6,%,IBGE SIDRA 6396
2014-06-01,RJ,men,unemployment,5.0,%,IBGE SIDRA 6396
2014-06-01,RJ,total,unemployment,6.5,%,IBGE SIDRA 6396
2014-06-01,RJ,women,unemployment,8.5,%,IBGE SIDRA 6396
2014-06-01,RN,men,unemployment,10.2,%,IBGE SIDRA 6396
2014-06-01,RN,total,unemployment,11.7,%,IBGE SIDRA 6396
2014-06-01,RN,women,unemployment,13.9,%,IBGE SIDRA 6396
2014-06-01,RO,men,unemployment,2.9,%,IBGE SIDRA 6396
2014-06-01,RO,total,unemployment,4.2,%,IBGE SIDRA 6396
2014-06-01,RO,women,unemployment,6.2,%,IBGE SIDRA 6396
2014-06-01,RR,men,unemployment,4.2,%,IBGE SIDRA 6396
2014-06-01,RR,total,unemployment,5.5,%,IBGE SIDRA 6396
2014-06-01,RR,women,unemployment,7.1,%,IBGE SIDRA 6396
2014-06-01,RS,men,unemployment,4.1,%,IBGE SIDRA 6396
2014-06-01,RS,total,unemployment,5.0,%,IBGE SIDRA 6396
2014-06-01,RS,women,unemployment,6.1,%,IBGE SIDRA 6396
2014-06-01,SC,men,unemployment,2.3,%,IBGE SIDRA 6396
2014-06-01,SC,total,unemployment,2.8,%,IBGE SIDRA 6396
2014-06-01,SC,women,unemployment,3.5,%,IBGE SIDRA 6396
2014-06-01,SE,men,unemployment,7.2,%,IBGE SIDRA 6396
2014-06-01,SE,total,unemployment,9.8,%,IBGE SIDRA 6396
2014-06-01,SE,women,unemployment,13.4,%,IBGE SIDRA 6396
2014-06-01,SP,men,unemployment,6.2,%,IBGE SIDRA 6396
2014-06-01,SP,total,unemployment,7.1,%,IBGE SIDRA 6396
2014-06-01,SP,women,unemployment,8.3,%,IBGE SIDRA 6396
2014-06-01,TO,men,unemployment,6.7,%,IBGE SIDRA 6396
2014-06-01,TO,total,unemployment,7.8,%,IBGE SIDRA 6396
2014-06-01,TO,women,unemployment,9.6,%,IBGE SIDRA 6396
2014-09-01,AC,men,real_income,2744.0,R$,IBGE SIDRA 5436
2014-09-01,AC,total,real_income,2682.0,R$,IBGE SIDRA 5436
2014-09-01,AC,women,real_income,2579.0,R$,IBGE SIDRA 5436
2014-09-01,AL,men,real_income,2294.0,R$,IBGE SIDRA 5436
2014-09-01,AL,total,real_income,2172.0,R$,IBGE SIDRA 5436
2014-09-01,AL,women,real_income,1972.0,R$,IBGE SIDRA 5436
2014-09-01,AM,men,real_income,3073.0,R$,IBGE SIDRA 5436
2014-09-01,AM,total,real_income,2852.0,R$,IBGE SIDRA 5436
2014-09-01,AM,women,real_income,2481.0,R$,IBGE SIDRA 5436
2014-09-01,AP,men,real_income,3157.0,R$,IBGE SIDRA 5436
2014-09-01,AP,total,real_income,3171.0,R$,IBGE SIDRA 5436
2014-09-01,AP,women,real_income,3192.0,R$,IBGE SIDRA 5436
2014-09-01,BA,men,real_income,2440.0,R$,IBGE SIDRA 5436
2014-09-01,BA,total,real_income,2266.0,R$,IBGE SIDRA 5436
2014-09-01,BA,women,real_income,2006.0,R$,IBGE SIDRA 5436
2014-09-01,BR,men,real_income,3759.0,R$,IBGE SIDRA 5436
2014-09-01,BR,total,real_income,3349.0,R$,IBGE SIDRA 5436
2014-09-01,BR,women,real_income,2767.0,R$,IBGE SIDRA 5436
2014-09-01,CE,men,real_income,2366.0,R$,IBGE SIDRA 5436
2014-09-01,CE,total,real_income,2216.0,R$,IBGE SIDRA 5436
2014-09-01,CE,women,real_income,1997.0,R$,IBGE SIDRA 5436
2014-09-01,DF,men,real_income,6321.0,R$,IBGE SIDRA 5436
2014-09-01,DF,total,real_income,5621.0,R$,IBGE SIDRA 5436
2014-09-01,DF,women,real_income,4789.0,R$,IBGE SIDRA 5436
2014-09-01,ES,men,real_income,3550.0,R$,IBGE SIDRA 5436
2014-09-01,ES,total,real_income,3159.0,R$,IBGE SIDRA 5436
2014-09-01,ES,women,real_income,2582.0,R$,IBGE SIDRA 5436
2014-09-01,GO,men,real_income,3683.0,R$,IBGE SIDRA 5436
2014-09-01,GO,total,real_income,3265.0,R$,IBGE SIDRA 5436
2014-09-01,GO,women,real_income,2648.0,R$,IBGE SIDRA 5436
2014-09-01,MA,men,real_income,1803.0,R$,IBGE SIDRA 5436
2014-09-01,MA,total,real_income,1696.0,R$,IBGE SIDRA 5436
2014-09-01,MA,women,real_income,1525.0,R$,IBGE SIDRA 5436
2014-09-01,MG,men,real_income,3481.0,R$,IBGE SIDRA 5436
2014-09-01,MG,total,real_income,3034.0,R$,IBGE SIDRA 5436
2014-09-01,MG,women,real_income,2410.0,R$,IBGE SIDRA 5436
2014-09-01,MS,men,real_income,3855.0,R$,IBGE SIDRA 5436
2014-09-01,MS,total,real_income,3324.0,R$,IBGE SIDRA 5436
2014-09-01,MS,women,real_income,2589.0,R$,IBGE SIDRA 5436
2014-09-01,MT,men,real_income,3853.0,R$,IBGE SIDRA 5436
2014-09-01,MT,total,real_income,3411.0,R$,IBGE SIDRA 5436
2014-09-01,MT,women,real_income,2710.0,R$,IBGE SIDRA 5436
2014-09-01,PA,men,real_income,2464.0,R$,IBGE SIDRA 5436
2014-09-01,PA,total,real_income,2312.0,R$,IBGE SIDRA 5436
2014-09-01,PA,women,real_income,2031.0,R$,IBGE SIDRA 5436
2014-09-01,PB,men,real_income,2419.0,R$,IBGE SIDRA 5436
2014-09-01,PB,total,real_income,2277.0,R$,IBGE SIDRA 5436
2014-09-01,PB,women,real_income,2054.0,R$,IBGE SIDRA 5436
2014-09-01,PE,men,real_income,3040.0,R$,IBGE SIDRA 5436
2014-09-01,PE,total,real_income,2804.0,R$,IBGE SIDRA 5436
2014-09-01,PE,women,real_income,2456.0,R$,IBGE SIDRA 5436
2014-09-01,PI,men,real_income,2159.0,R$,IBGE SIDRA 5436
2014-09-01,PI,total,real_income,2054.0,R$,IBGE SIDRA 5436
2014-09-01,PI,women,real_income,1885.0,R$,IBGE SIDRA 5436
2014-09-01,PR,men,real_income,4128.0,R$,IBGE SIDRA 5436
2014-09-01,PR,total,real_income,3602.0,R$,IBGE SIDRA 5436
2014-09-01,PR,women,real_income,2888.0,R$,IBGE SIDRA 5436
2014-09-01,RJ,men,real_income,3928.0,R$,IBGE SIDRA 5436
2014-09-01,RJ,total,real_income,3518.0,R$,IBGE SIDRA 5436
2014-09-01,RJ,women,real_income,2965.0,R$,IBGE SIDRA 5436
2014-09-01,RN,men,real_income,2606.0,R$,IBGE SIDRA 5436
2014-09-01,RN,total,real_income,2370.0,R$,IBGE SIDRA 5436
2014-09-01,RN,women,real_income,2015.0,R$,IBGE SIDRA 5436
2014-09-01,RO,men,real_income,2933.0,R$,IBGE SIDRA 5436
2014-09-01,RO,total,real_income,2731.0,R$,IBGE SIDRA 5436
2014-09-01,RO,women,real_income,2341.0,R$,IBGE SIDRA 5436
2014-09-01,RR,men,real_income,3689.0,R$,IBGE SIDRA 5436
2014-09-01,RR,total,real_income,3505.0,R$,IBGE SIDRA 5436
2014-09-01,RR,women,real_income,3213.0,R$,IBGE SIDRA 5436
2014-09-01,RS,men,real_income,4085.0,R$,IBGE SIDRA 5436
2014-09-01,RS,total,real_income,3568.0,R$,IBGE SIDRA 5436
2014-09-01,RS,women,real_income,2874.0,R$,IBGE SIDRA 5436
2014-09-01,SC,men,real_income,4141.0,R$,IBGE SIDRA 5436
2014-09-01,SC,total,real_income,3616.0,R$,IBGE SIDRA 5436
2014-09-01,SC,women,real_income,2895.0,R$,IBGE SIDRA 5436
2014-09-01,SE,men,real_income,3045.0,R$,IBGE SIDRA 5436
2014-09-01,SE,total,real_income,2730.0,R$,IBGE SIDRA 5436
2014-09-01,SE,women,real_income,2262.0,R$,IBGE SIDRA 5436
2014-09-01,SP,men,real_income,5167.0,R$,IBGE SIDRA 5436
2014-09-01,SP,total,real_income,4430.0,R$,IBGE SIDRA 5436
2014-09-01,SP,women,real_income,3466.0,R$,IBGE SIDRA 5436
2014-09-01,TO,men,real_income,2722.0,R$,IBGE SIDRA 5436
2014-09-01,TO,total,real_income,2551.0,R$,IBGE SIDRA 5436
2014-09-01,TO,women,real_income,2265.0,R$,IBGE SIDRA 5436
2014-09-01,AC,men,unemployment,5.5,%,IBGE SIDRA 6396
2014-09-01,AC,total,unemployment,7.0,%,IBGE SIDRA 6396
2014-09-01,AC,women,unemployment,9.4,%,IBGE SIDRA 6396
2014-09-01,AL,men,unemployment,8.8,%,IBGE SIDRA 6396
2014-09-01,AL,total,unemployment,9.9,%,IBGE SIDRA 6396
2014-09-01,AL,women,unemployment,11.5,%,IBGE SIDRA 6396
2014-09-01,AM,men,unemployment,4.7,%,IBGE SIDRA 6396
2014-09-01,AM,total,unemployment,6.8,%,IBGE SIDRA 6396
2014-09-01,AM,women,unemployment,10.0,%,IBGE SIDRA 6396
2014-09-01,AP,men,unemployment,8.0,%,IBGE SIDRA 6396
2014-09-01,AP,total,unemployment,10.7,%,IBGE SIDRA 6396
2014-09-01,AP,women,unemployment,14.3,%,IBGE SIDRA 6396
2014-09-01,BA,men,unemployment,8.6,%,IBGE SIDRA 6396
2014-09-01,BA,total,unemployment,9.8,%,IBGE SIDRA 6396
2014-09-01,BA,women,unemployment,11.4,%,IBGE SIDRA 6396
2014-09-01,BR,men,unemployment,5.7,%,IBGE SIDRA 6396
2014-09-01,BR,total,unemployment,6.8,%,IBGE SIDRA 6396
2014-09-01,BR,women,unemployment,8.4,%,IBGE SIDRA 6396
2014-09-01,CE,men,unemployment,6.7,%,IBGE SIDRA 6396
2014-09-01,CE,total,unemployment,7.5,%,IBGE SIDRA 6396
2014-09-01,CE,women,unemployment,8.7,%,IBGE SIDRA 6396
2014-09-01,DF,men,unemployment,7.5,%,IBGE SIDRA 6396
2014-09-01,DF,total,unemployment,8.9,%,IBGE SIDRA 6396
2014-09-01,DF,women,unemployment,10.6,%,IBGE SIDRA 6396
2014-09-01,ES,men,unemployment,4.9,%,IBGE SIDRA 6396
2014-09-01,ES,total,unemployment,5.9,%,IBGE SIDRA 6396
2014-09-01,ES,women,unemployment,7.3,%,IBGE SIDRA 6396
2014-09-01,GO,men,unemployment,3.9,%,IBGE SIDRA 6396
2014-09-01,GO,total,unemployment,5.2,%,IBGE SIDRA 6396
2014-09-01,GO,women,unemployment,7.1,%,IBGE SIDRA 6396
2014-09-01,MA,men,unemployment,5.6,%,IBGE SIDRA 6396
2014-09-01,MA,total,unemployment,6.8,%,IBGE SIDRA 6396
2014-09-01,MA,women,unemployment,8.7,%,IBGE SIDRA 6396
2014-09-01,MG,men,unemployment,6.1,%,IBGE SIDRA 6396
2014-09-01,MG,total,unemployment,6.9,%,IBGE SIDRA 6396
2014-09-01,MG,women,unemployment,8.1,%,IBGE SIDRA 6396
2014-09-01,MS,men,unemployment,3.3,%,IBGE SIDRA 6396
2014-09-01,MS,total,unemployment,4.1,%,IBGE SIDRA 6396
2014-09-01,MS,women,unemployment,5.1,%,IBGE SIDRA 6396
2014-09-01,MT,men,unemployment,2.7,%,IBGE SIDRA 6396
2014-09-01,MT,total,unemployment,3.8,%,IBGE SIDRA 6396
2014-09-01,MT,women,unemployment,5.5,%,IBGE SIDRA 6396
2014-09-01,PA,men,unemployment,5.3,%,IBGE SIDRA 6396
2014-09-01,PA,total,unemployment,7.2,%,IBGE SIDRA 6396
2014-09-01,PA,women,unemployment,10.2,%,IBGE SIDRA 6396
2014-09-01,PB,men,unemployment,8.1,%,IBGE SIDRA 6396
2014-09-01,PB,total,unemployment,9.3,%,IBGE SIDRA 6396
2014-09-01,PB,women,unemployment,11.2,%,IBGE SIDRA 6396
2014-09-01,PE,men,unemployment,7.4,%,IBGE SIDRA 6396
2014-09-01,PE,total,unemployment,8.5,%,IBGE SIDRA 6396
2014-09-01,PE,women,unemployment,9.9,%,IBGE SIDRA 6396
2014-09-01,PI,men,unemployment,4.8,%,IBGE SIDRA 6396
2014-09-01,PI,total,unemployment,6.2,%,IBGE SIDRA 6396
2014-09-01,PI,women,unemployment,8.1,%,IBGE SIDRA 6396
2014-09-01,PR,men,unemployment,3.3,%,IBGE SIDRA 6396
2014-09-01,PR,total,unemployment,4.2,%,IBGE SIDRA 6396
2014-09-01,PR,women,unemployment,5.3,%,IBGE SIDRA 6396
2014-09-01,RJ,men,unemployment,4.8,%,IBGE SIDRA 6396
2014-09-01,RJ,total,unemployment,6.2,%,IBGE SIDRA 6396
2014-09-01,RJ,women,unemployment,8.0,%,IBGE SIDRA 6396
2014-09-01,RN,men,unemployment,9.4,%,IBGE SIDRA 6396
2014-09-01,RN,total,unemployment,10.7,%,IBGE SIDRA 6396
2014-09-01,RN,women,unemployment,12.5,%,IBGE SIDRA 6396
2014-09-01,RO,men,unemployment,2.7,%,IBGE SIDRA 6396
2014-09-01,RO,total,unemployment,4.2,%,IBGE SIDRA 6396
2014-09-01,RO,women,unemployment,6.8,%,IBGE SIDRA 6396
2014-09-01,RR,men,unemployment,3.7,%,IBGE SIDRA 6396
2014-09-01,RR,total,unemployment,6.4,%,IBGE SIDRA 6396
2014-09-01,RR,women,unemployment,10.3,%,IBGE SIDRA 6396
2014-09-01,RS,men,unemployment,4.1,%,IBGE SIDRA 6396
2014-09-01,RS,total,unemployment,5.3,%,IBGE SIDRA 6396
2014-09-01,RS,women,unemployment,6.8,%,IBGE SIDRA 6396
2014-09-01,SC,men,unemployment,2.5,%,IBGE SIDRA 6396
2014-09-01,SC,total,unemployment,3.0,%,IBGE SIDRA 6396
2014-09-01,SC,women,unemployment,3.6,%,IBGE SIDRA 6396
2014-09-01,SE,men,unemployment,7.2,%,IBGE SIDRA 6396
2014-09-01,SE,total,unemployment,9.1,%,IBGE SIDRA 6396
2014-09-01,SE,women,unemployment,11.8,%,IBGE SIDRA 6396
2014-09-01,SP,men,unemployment,6.0,%,IBGE SIDRA 6396
2014-09-01,SP,total,unemployment,7.3,%,IBGE SIDRA 6396
2014-09-01,SP,women,unemployment,8.9,%,IBGE SIDRA 6396
2014-09-01,TO,men,unemployment,5.8,%,IBGE SIDRA 6396
2014-09-01,TO,total,unemployment,7.7,%,IBGE SIDRA 6396
2014-09-01,TO,women,unemployment,10.6,%,IBGE SIDRA 6396
2014-12-01,AC,men,real_income,2746.0,R$,IBGE SIDRA 5436
2014-12-01,AC,total,real_income,2658.0,R$,IBGE SIDRA 5436
2014-12-01,AC,women,real_income,2504.0,R$,IBGE SIDRA 5436
2014-12-01,AL,men,real_income,2362.0,R$,IBGE SIDRA 5436
2014-12-01,AL,total,real_income,2269.0,R$,IBGE SIDRA 5436
2014-12-01,AL,women,real_income,2119.0,R$,IBGE SIDRA 5436
2014-12-01,AM,men,real_income,3024.0,R$,IBGE SIDRA 5436
2014-12-01,AM,total,real_income,2809.0,R$,IBGE SIDRA 5436
2014-12-01,AM,women,real_income,2447.0,R$,IBGE SIDRA 5436
2014-12-01,AP,men,real_income,3212.0,R$,IBGE SIDRA 5436
2014-12-01,AP,total,real_income,3122.0,R$,IBGE SIDRA 5436
2014-12-01,AP,women,real_income,2981.0,R$,IBGE SIDRA 5436
2014-12-01,BA,men,real_income,2356.0,R$,IBGE SIDRA 5436
2014-12-01,BA,total,real_income,2202.0,R$,IBGE SIDRA 5436
2014-12-01,BA,women,real_income,1977.0,R$,IBGE SIDRA 5436
2014-12-01,BR,men,real_income,3727.0,R$,IBGE SIDRA 5436
2014-12-01,BR,total,real_income,3341.0,R$,IBGE SIDRA 5436
2014-12-01,BR,women,real_income,2797.0,R$,IBGE SIDRA 5436
2014-12-01,CE,men,real_income,2317.0,R$,IBGE SIDRA 5436
2014-12-01,CE,total,real_income,2164.0,R$,IBGE SIDRA 5436
2014-12-01,CE,women,real_income,1938.0,R$,IBGE SIDRA 5436
2014-12-01,DF,men,real_income,6403.0,R$,IBGE SIDRA 5436
2014-12-01,DF,total,real_income,5781.0,R$,IBGE SIDRA 5436
2014-12-01,DF,women,real_income,5027.0,R$,IBGE SIDRA 5436
2014-12-01,ES,men,real_income,3655.0,R$,IBGE SIDRA 5436
2014-12-01,ES,total,real_income,3230.0,R$,IBGE SIDRA 5436
2014-12-01,ES,women,real_income,2605.0,R$,IBGE SIDRA 5436
2014-12-01,GO,men,real_income,3682.0,R$,IBGE SIDRA 5436
2014-12-01,GO,total,real_income,3264.0,R$,IBGE SIDRA 5436
2014-12-01,GO,women,real_income,2646.0,R$,IBGE SIDRA 5436
2014-12-01,MA,men,real_income,1854.0,R$,IBGE SIDRA 5436
2014-12-01,MA,total,real_income,1754.0,R$,IBGE SIDRA 5436
2014-12-01,MA,women,real_income,1595.0,R$,IBGE SIDRA 5436
2014-12-01,MG,men,real_income,3414.0,R$,IBGE SIDRA 5436
2014-12-01,MG,total,real_income,2973.0,R$,IBGE SIDRA 5436
2014-12-01,MG,women,real_income,2365.0,R$,IBGE SIDRA 5436
2014-12-01,MS,men,real_income,3743.0,R$,IBGE SIDRA 5436
2014-12-01,MS,total,real_income,3249.0,R$,IBGE SIDRA 5436
2014-12-01,MS,women,real_income,2554.0,R$,IBGE SIDRA 5436
2014-12-01,MT,men,real_income,3763.0,R$,IBGE SIDRA 5436
2014-12-01,MT,total,real_income,3331.0,R$,IBGE SIDRA 5436
2014-12-01,MT,women,real_income,2638.0,R$,IBGE SIDRA 5436
2014-12-01,PA,men,real_income,2431.0,R$,IBGE SIDRA 5436
2014-12-01,PA,total,real_income,2274.0,R$,IBGE SIDRA 5436
2014-12-01,PA,women,real_income,2000.0,R$,IBGE SIDRA 5436
2014-12-01,PB,men,real_income,2473.0,R$,IBGE SIDRA 5436
2014-12-01,PB,total,real_income,2307.0,R$,IBGE SIDRA 5436
2014-12-01,PB,women,real_income,2042.0,R$,IBGE SIDRA 5436
2014-12-01,PE,men,real_income,3134.0,R$,IBGE SIDRA 5436
2014-12-01,PE,total,real_income,2946.0,R$,IBGE SIDRA 5436
2014-12-01,PE,women,real_income,2665.0,R$,IBGE SIDRA 5436
2014-12-01,PI,men,real_income,2153.0,R$,IBGE SIDRA 5436
2014-12-01,PI,total,real_income,2072.0,R$,IBGE SIDRA 5436
2014-12-01,PI,women,real_income,1941.0,R$,IBGE SIDRA 5436
2014-12-01,PR,men,real_income,4180.0,R$,IBGE SIDRA 5436
2014-12-01,PR,total,real_income,3682.0,R$,IBGE SIDRA 5436
2014-12-01,PR,women,real_income,2978.0,R$,IBGE SIDRA 5436
2014-12-01,RJ,men,real_income,3920.0,R$,IBGE SIDRA 5436
2014-12-01,RJ,total,real_income,3556.0,R$,IBGE SIDRA 5436
2014-12-01,RJ,women,real_income,3064.0,R$,IBGE SIDRA 5436
2014-12-01,RN,men,real_income,2560.0,R$,IBGE SIDRA 5436
2014-12-01,RN,total,real_income,2320.0,R$,IBGE SIDRA 5436
2014-12-01,RN,women,real_income,1973.0,R$,IBGE SIDRA 5436
2014-12-01,RO,men,real_income,2950.0,R$,IBGE SIDRA 5436
2014-12-01,RO,total,real_income,2717.0,R$,IBGE SIDRA 5436
2014-12-01,RO,women,real_income,2275.0,R$,IBGE SIDRA 5436
2014-12-01,RR,men,real_income,3565.0,R$,IBGE SIDRA 5436
2014-12-01,RR,total,real_income,3390.0,R$,IBGE SIDRA 5436
2014-12-01,RR,women,real_income,3128.0,R$,IBGE SIDRA 5436
2014-12-01,RS,men,real_income,4094.0,R$,IBGE SIDRA 5436
2014-12-01,RS,total,real_income,3583.0,R$,IBGE SIDRA 5436
2014-12-01,RS,women,real_income,2904.0,R$,IBGE SIDRA 5436
2014-12-01,SC,men,real_income,4219.0,R$,IBGE SIDRA 5436
2014-12-01,SC,total,real_income,3668.0,R$,IBGE SIDRA 5436
2014-12-01,SC,women,real_income,2924.0,R$,IBGE SIDRA 5436
2014-12-01,SE,men,real_income,2955.0,R$,IBGE SIDRA 5436
2014-12-01,SE,total,real_income,2692.0,R$,IBGE SIDRA 5436
2014-12-01,SE,women,real_income,2287.0,R$,IBGE SIDRA 5436
2014-12-01,SP,men,real_income,5051.0,R$,IBGE SIDRA 5436
2014-12-01,SP,total,real_income,4375.0,R$,IBGE SIDRA 5436
2014-12-01,SP,women,real_income,3512.0,R$,IBGE SIDRA 5436
2014-12-01,TO,men,real_income,2902.0,R$,IBGE SIDRA 5436
2014-12-01,TO,total,real_income,2666.0,R$,IBGE SIDRA 5436
2014-12-01,TO,women,real_income,2290.0,R$,IBGE SIDRA 5436
2014-12-01,AC,men,unemployment,4.4,%,IBGE SIDRA 6396
2014-12-01,AC,total,unemployment,6.3,%,IBGE SIDRA 6396
2014-12-01,AC,women,unemployment,9.2,%,IBGE SIDRA 6396
2014-12-01,AL,men,unemployment,7.9,%,IBGE SIDRA 6396
2014-12-01,AL,total,unemployment,9.5,%,IBGE SIDRA 6396
2014-12-01,AL,women,unemployment,12.0,%,IBGE SIDRA 6396
2014-12-01,AM,men,unemployment,5.8,%,IBGE SIDRA 6396
2014-12-01,AM,total,unemployment,7.9,%,IBGE SIDRA 6396
2014-12-01,AM,women,unemployment,11.0,%,IBGE SIDRA 6396
2014-12-01,AP,men,unemployment,6.9,%,IBGE SIDRA 6396
2014-12-01,AP,total,unemployment,9.6,%,IBGE SIDRA 6396
2014-12-01,AP,women,unemployment,13.6,%,IBGE SIDRA 6396
2014-12-01,BA,men,unemployment,8.3,%,IBGE SIDRA 6396
2014-12-01,BA,total,unemployment,9.8,%,IBGE SIDRA 6396
2014-12-01,BA,women,unemployment,11.7,%,IBGE SIDRA 6396
2014-12-01,BR,men,unemployment,5.6,%,IBGE SIDRA 6396
2014-12-01,BR,total,unemployment,6.6,%,IBGE SIDRA 6396
2014-12-01,BR,women,unemployment,7.9,%,IBGE SIDRA 6396
2014-12-01,CE,men,unemployment,6.0,%,IBGE SIDRA 6396
2014-12-01,CE,total,unemployment,6.6,%,IBGE SIDRA 6396
2014-12-01,CE,women,unemployment,7.6,%,IBGE SIDRA 6396
2014-12-01,DF,men,unemployment,7.1,%,IBGE SIDRA 6396
2014-12-01,DF,total,unemployment,8.8,%,IBGE SIDRA 6396
2014-12-01,DF,women,unemployment,10.7,%,IBGE SIDRA 6396
2014-12-01,ES,men,unemployment,5.2,%,IBGE SIDRA 6396
2014-12-01,ES,total,unemployment,6.2,%,IBGE SIDRA 6396
2014-12-01,ES,women,unemployment,7.5,%,IBGE SIDRA 6396
2014-12-01,GO,men,unemployment,4.0,%,IBGE SIDRA 6396
2014-12-01,GO,total,unemployment,5.1,%,IBGE SIDRA 6396
2014-12-01,GO,women,unemployment,6.8,%,IBGE SIDRA 6396
2014-12-01,MA,men,unemployment,5.7,%,IBGE SIDRA 6396
2014-12-01,MA,total,unemployment,7.2,%,IBGE SIDRA 6396
2014-12-01,MA,women,unemployment,9.4,%,IBGE SIDRA 6396
2014-12-01,MG,men,unemployment,5.4,%,IBGE SIDRA 6396
2014-12-01,MG,total,unemployment,6.3,%,IBGE SIDRA 6396
2014-12-01,MG,women,unemployment,7.5,%,IBGE SIDRA 6396
2014-12-01,MS,men,unemployment,3.1,%,IBGE SIDRA 6396
2014-12-01,MS,total,unemployment,3.9,%,IBGE SIDRA 6396
2014-12-01,MS,women,unemployment,4.9,%,IBGE SIDRA 6396
2014-12-01,MT,men,unemployment,3.3,%,IBGE SIDRA 6396
2014-12-01,MT,total,unemployment,4.1,%,IBGE SIDRA 6396
2014-12-01,MT,women,unemployment,5.2,%,IBGE SIDRA 6396
2014-12-01,PA,men,unemployment,5.3,%,IBGE SIDRA 6396
2014-12-01,PA,total,unemployment,7.1,%,IBGE SIDRA 6396
2014-12-01,PA,women,unemployment,9.7,%,IBGE SIDRA 6396
2014-12-01,PB,men,unemployment,7.6,%,IBGE SIDRA 6396
2014-12-01,PB,total,unemployment,8.2,%,IBGE SIDRA 6396
2014-12-01,PB,women,unemployment,9.1,%,IBGE SIDRA 6396
2014-12-01,PE,men,unemployment,6.7,%,IBGE SIDRA 6396
2014-12-01,PE,total,unemployment,7.7,%,IBGE SIDRA 6396
2014-12-01,PE,women,unemployment,9.1,%,IBGE SIDRA 6396
2014-12-01,PI,men,unemployment,5.0,%,IBGE SIDRA 6396
2014-12-01,PI,total,unemployment,6.0,%,IBGE SIDRA 6396
2014-12-01,PI,women,unemployment,7.4,%,IBGE SIDRA 6396
2014-12-01,PR,men,unemployment,3.1,%,IBGE SIDRA 6396
2014-12-01,PR,total,unemployment,3.7,%,IBGE SIDRA 6396
2014-12-01,PR,women,unemployment,4.6,%,IBGE SIDRA 6396
2014-12-01,RJ,men,unemployment,4.9,%,IBGE SIDRA 6396
2014-12-01,RJ,total,unemployment,5.8,%,IBGE SIDRA 6396
2014-12-01,RJ,women,unemployment,7.1,%,IBGE SIDRA 6396
2014-12-01,RN,men,unemployment,9.8,%,IBGE SIDRA 6396
2014-12-01,RN,total,unemployment,10.5,%,IBGE SIDRA 6396
2014-12-01,RN,women,unemployment,11.5,%,IBGE SIDRA 6396
2014-12-01,RO,men,unemployment,2.7,%,IBGE SIDRA 6396
2014-12-01,RO,total,unemployment,3.6,%,IBGE SIDRA 6396
2014-12-01,RO,women,unemployment,5.3,%,IBGE SIDRA 6396
2014-12-01,RR,men,unemployment,4.1,%,IBGE SIDRA 6396
2014-12-01,RR,total,unemployment,6.5,%,IBGE SIDRA 6396
2014-12-01,RR,women,unemployment,9.7,%,IBGE SIDRA 6396
2014-12-01,RS,men,unemployment,3.9,%,IBGE SIDRA 6396
2014-12-01,RS,total,unemployment,4.6,%,IBGE SIDRA 6396
2014-12-01,RS,women,unemployment,5.5,%,IBGE SIDRA 6396
2014-12-01,SC,men,unemployment,2.1,%,IBGE SIDRA 6396
2014-12-01,SC,total,unemployment,2.7,%,IBGE SIDRA 6396
2014-12-01,SC,women,unemployment,3.5,%,IBGE SIDRA 6396
2014-12-01,SE,men,unemployment,7.4,%,IBGE SIDRA 6396
2014-12-01,SE,total,unemployment,9.1,%,IBGE SIDRA 6396
2014-12-01,SE,women,unemployment,11.4,%,IBGE SIDRA 6396
2014-12-01,SP,men,unemployment,6.4,%,IBGE SIDRA 6396
2014-12-01,SP,total,unemployment,7.2,%,IBGE SIDRA 6396
2014-12-01,SP,women,unemployment,8.3,%,IBGE SIDRA 6396
2014-12-01,TO,men,unemployment,4.5,%,IBGE SIDRA 6396
2014-12-01,TO,total,unemployment,6.4,%,IBGE SIDRA 6396
2014-12-01,TO,women,unemployment,9.3,%,IBGE SIDRA 6396
2015-03-01,AC,men,real_income,2935.0,R$,IBGE SIDRA 5436
2015-03-01,AC,total,real_income,2835.0,R$,IBGE SIDRA 5436
2015-03-01,AC,women,real_income,2668.0,R$,IBGE SIDRA 5436
2015-03-01,AL,men,real_income,2349.0,R$,IBGE SIDRA 5436
2015-03-01,AL,total,real_income,2237.0,R$,IBGE SIDRA 5436
2015-03-01,AL,women,real_income,2060.0,R$,IBGE SIDRA 5436
2015-03-01,AM,men,real_income,3008.0,R$,IBGE SIDRA 5436
2015-03-01,AM,total,real_income,2842.0,R$,IBGE SIDRA 5436
2015-03-01,AM,women,real_income,2550.0,R$,IBGE SIDRA 5436
2015-03-01,AP,men,real_income,3152.0,R$,IBGE SIDRA 5436
2015-03-01,AP,total,real_income,3064.0,R$,IBGE SIDRA 5436
2015-03-01,AP,women,real_income,2928.0,R$,IBGE SIDRA 5436
2015-03-01,BA,men,real_income,2392.0,R$,IBGE SIDRA 5436
2015-03-01,BA,total,real_income,2230.0,R$,IBGE SIDRA 5436
2015-03-01,BA,women,real_income,1987.0,R$,IBGE SIDRA 5436
2015-03-01,BR,men,real_income,3715.0,R$,IBGE SIDRA 5436
2015-03-01,BR,total,real_income,3340.0,R$,IBGE SIDRA 5436
2015-03-01,BR,women,real_income,2810.0,R$,IBGE SIDRA 5436
2015-03-01,CE,men,real_income,2328.0,R$,IBGE SIDRA 5436
2015-03-01,CE,total,real_income,2160.0,R$,IBGE SIDRA 5436
2015-03-01,CE,women,real_income,1911.0,R$,IBGE SIDRA 5436
2015-03-01,DF,men,real_income,6652.0,R$,IBGE SIDRA 5436
2015-03-01,DF,total,real_income,5947.0,R$,IBGE SIDRA 5436
2015-03-01,DF,women,real_income,5070.0,R$,IBGE SIDRA 5436
2015-03-01,ES,men,real_income,3461.0,R$,IBGE SIDRA 5436
2015-03-01,ES,total,real_income,3111.0,R$,IBGE SIDRA 5436
2015-03-01,ES,women,real_income,2603.0,R$,IBGE SIDRA 5436
2015-03-01,GO,men,real_income,3608.0,R$,IBGE SIDRA 5436
2015-03-01,GO,total,real_income,3197.0,R$,IBGE SIDRA 5436
2015-03-01,GO,women,real_income,2599.0,R$,IBGE SIDRA 5436
2015-03-01,MA,men,real_income,1835.0,R$,IBGE SIDRA 5436
2015-03-01,MA,total,real_income,1732.0,R$,IBGE SIDRA 5436
2015-03-01,MA,women,real_income,1564.0,R$,IBGE SIDRA 5436
2015-03-01,MG,men,real_income,3397.0,R$,IBGE SIDRA 5436
2015-03-01,MG,total,real_income,2976.0,R$,IBGE SIDRA 5436
2015-03-01,MG,women,real_income,2402.0,R$,IBGE SIDRA 5436
2015-03-01,MS,men,real_income,3643.0,R$,IBGE SIDRA 5436
2015-03-01,MS,total,real_income,3198.0,R$,IBGE SIDRA 5436
2015-03-01,MS,women,real_income,2572.0,R$,IBGE SIDRA 5436
2015-03-01,MT,men,real_income,3694.0,R$,IBGE SIDRA 5436
2015-03-01,MT,total,real_income,3288.0,R$,IBGE SIDRA 5436
2015-03-01,MT,women,real_income,2643.0,R$,IBGE SIDRA 5436
2015-03-01,PA,men,real_income,2385.0,R$,IBGE SIDRA 5436
2015-03-01,PA,total,real_income,2227.0,R$,IBGE SIDRA 5436
2015-03-01,PA,women,real_income,1946.0,R$,IBGE SIDRA 5436
2015-03-01,PB,men,real_income,2482.0,R$,IBGE SIDRA 5436
2015-03-01,PB,total,real_income,2328.0,R$,IBGE SIDRA 5436
2015-03-01,PB,women,real_income,2076.0,R$,IBGE SIDRA 5436
2015-03-01,PE,men,real_income,3043.0,R$,IBGE SIDRA 5436
2015-03-01,PE,total,real_income,2803.0,R$,IBGE SIDRA 5436
2015-03-01,PE,women,real_income,2438.0,R$,IBGE SIDRA 5436
2015-03-01,PI,men,real_income,2125.0,R$,IBGE SIDRA 5436
2015-03-01,PI,total,real_income,2056.0,R$,IBGE SIDRA 5436
2015-03-01,PI,women,real_income,1943.0,R$,IBGE SIDRA 5436
2015-03-01,PR,men,real_income,4158.0,R$,IBGE SIDRA 5436
2015-03-01,PR,total,real_income,3659.0,R$,IBGE SIDRA 5436
2015-03-01,PR,women,real_income,2946.0,R$,IBGE SIDRA 5436
2015-03-01,RJ,men,real_income,3885.0,R$,IBGE SIDRA 5436
2015-03-01,RJ,total,real_income,3496.0,R$,IBGE SIDRA 5436
2015-03-01,RJ,women,real_income,2975.0,R$,IBGE SIDRA 5436
2015-03-01,RN,men,real_income,2745.0,R$,IBGE SIDRA 5436
2015-03-01,RN,total,real_income,2458.0,R$,IBGE SIDRA 5436
2015-03-01,RN,women,real_income,2057.0,R$,IBGE SIDRA 5436
2015-03-01,RO,men,real_income,2950.0,R$,IBGE SIDRA 5436
2015-03-01,RO,total,real_income,2745.0,R$,IBGE SIDRA 5436
2015-03-01,RO,women,real_income,2359.0,R$,IBGE SIDRA 5436
2015-03-01,RR,men,real_income,4182.0,R$,IBGE SIDRA 5436
2015-03-01,RR,total,real_income,3810.0,R$,IBGE SIDRA 5436
2015-03-01,RR,women,real_income,3265.0,R$,IBGE SIDRA 5436
2015-03-01,RS,men,real_income,4032.0,R$,IBGE SIDRA 5436
2015-03-01,RS,total,real_income,3552.0,R$,IBGE SIDRA 5436
2015-03-01,RS,women,real_income,2920.0,R$,IBGE SIDRA 5436
2015-03-01,SC,men,real_income,4167.0,R$,IBGE SIDRA 5436
2015-03-01,SC,total,real_income,3638.0,R$,IBGE SIDRA 5436
2015-03-01,SC,women,real_income,2920.0,R$,IBGE SIDRA 5436
2015-03-01,SE,men,real_income,2763.0,R$,IBGE SIDRA 5436
2015-03-01,SE,total,real_income,2560.0,R$,IBGE SIDRA 5436
2015-03-01,SE,women,real_income,2243.0,R$,IBGE SIDRA 5436
2015-03-01,SP,men,real_income,5060.0,R$,IBGE SIDRA 5436
2015-03-01,SP,total,real_income,4426.0,R$,IBGE SIDRA 5436
2015-03-01,SP,women,real_income,3606.0,R$,IBGE SIDRA 5436
2015-03-01,TO,men,real_income,3059.0,R$,IBGE SIDRA 5436
2015-03-01,TO,total,real_income,2835.0,R$,IBGE SIDRA 5436
2015-03-01,TO,women,real_income,2463.0,R$,IBGE SIDRA 5436
2015-03-01,AC,men,unemployment,6.5,%,IBGE SIDRA 6396
2015-03-01,AC,total,unemployment,8.8,%,IBGE SIDRA 6396
2015-03-01,AC,women,unemployment,12.1,%,IBGE SIDRA 6396
2015-03-01,AL,men,unemployment,9.5,%,IBGE SIDRA 6396
2015-03-01,AL,total,unemployment,11.2,%,IBGE SIDRA 6396
2015-03-01,AL,women,unemployment,13.9,%,IBGE SIDRA 6396
2015-03-01,AM,men,unemployment,6.7,%,IBGE SIDRA 6396
2015-03-01,AM,total,unemployment,9.5,%,IBGE SIDRA 6396
2015-03-01,AM,women,unemployment,13.8,%,IBGE SIDRA 6396
2015-03-01,AP,men,unemployment,8.0,%,IBGE SIDRA 6396
2015-03-01,AP,total,unemployment,9.7,%,IBGE SIDRA 6396
2015-03-01,AP,women,unemployment,12.3,%,IBGE SIDRA 6396
2015-03-01,BA,men,unemployment,8.6,%,IBGE SIDRA 6396
2015-03-01,BA,total,unemployment,11.4,%,IBGE SIDRA 6396
2015-03-01,BA,women,unemployment,15.2,%,IBGE SIDRA 6396
2015-03-01,BR,men,unemployment,6.6,%,IBGE SIDRA 6396
2015-03-01,BR,total,unemployment,8.0,%,IBGE SIDRA 6396
2015-03-01,BR,women,unemployment,9.9,%,IBGE SIDRA 6396
2015-03-01,CE,men,unemployment,7.6,%,IBGE SIDRA 6396
2015-03-01,CE,total,unemployment,8.1,%,IBGE SIDRA 6396
2015-03-01,CE,women,unemployment,8.8,%,IBGE SIDRA 6396
2015-03-01,DF,men,unemployment,8.6,%,IBGE SIDRA 6396
2015-03-01,DF,total,unemployment,10.8,%,IBGE SIDRA 6396
2015-03-01,DF,women,unemployment,13.4,%,IBGE SIDRA 6396
2015-03-01,ES,men,unemployment,6.2,%,IBGE SIDRA 6396
2015-03-01,ES,total,unemployment,7.1,%,IBGE SIDRA 6396
2015-03-01,ES,women,unemployment,8.3,%,IBGE SIDRA 6396
2015-03-01,GO,men,unemployment,5.3,%,IBGE SIDRA 6396
2015-03-01,GO,total,unemployment,7.0,%,IBGE SIDRA 6396
2015-03-01,GO,women,unemployment,9.4,%,IBGE SIDRA 6396
2015-03-01,MA,men,unemployment,7.6,%,IBGE SIDRA 6396
2015-03-01,MA,total,unemployment,9.0,%,IBGE SIDRA 6396
2015-03-01,MA,women,unemployment,11.3,%,IBGE SIDRA 6396
2015-03-01,MG,men,unemployment,7.2,%,IBGE SIDRA 6396
2015-03-01,MG,total,unemployment,8.3,%,IBGE SIDRA 6396
2015-03-01,MG,women,unemployment,9.8,%,IBGE SIDRA 6396
2015-03-01,MS,men,unemployment,5.3,%,IBGE SIDRA 6396
2015-03-01,MS,total,unemployment,6.3,%,IBGE SIDRA 6396
2015-03-01,MS,women,unemployment,7.6,%,IBGE SIDRA 6396
2015-03-01,MT,men,unemployment,4.6,%,IBGE SIDRA 6396
2015-03-01,MT,total,unemployment,5.8,%,IBGE SIDRA 6396
2015-03-01,MT,women,unemployment,7.6,%,IBGE SIDRA 6396
2015-03-01,PA,men,unemployment,7.0,%,IBGE SIDRA 6396
2015-03-01,PA,total,unemployment,9.3,%,IBGE SIDRA 6396
2015-03-01,PA,women,unemployment,12.8,%,IBGE SIDRA 6396
2015-03-01,PB,men,unemployment,7.7,%,IBGE SIDRA 6396
2015-03-01,PB,total,unemployment,9.3,%,IBGE SIDRA 6396
2015-03-01,PB,women,unemployment,11.6,%,IBGE SIDRA 6396
2015-03-01,PE,men,unemployment,6.8,%,IBGE SIDRA 6396
2015-03-01,PE,total,unemployment,8.2,%,IBGE SIDRA 6396
2015-03-01,PE,women,unemployment,10.2,%,IBGE SIDRA 6396
2015-03-01,PI,men,unemployment,6.4,%,IBGE SIDRA 6396
2015-03-01,PI,total,unemployment,7.9,%,IBGE SIDRA 6396
2015-03-01,PI,women,unemployment,9.9,%,IBGE SIDRA 6396
2015-03-01,PR,men,unemployment,4.4,%,IBGE SIDRA 6396
2015-03-01,PR,total,unemployment,5.4,%,IBGE SIDRA 6396
2015-03-01,PR,women,unemployment,6.8,%,IBGE SIDRA 6396
2015-03-01,RJ,men,unemployment,5.2,%,IBGE SIDRA 6396
2015-03-01,RJ,total,unemployment,6.6,%,IBGE SIDRA 6396
2015-03-01,RJ,women,unemployment,8.3,%,IBGE SIDRA 6396
2015-03-01,RN,men,unemployment,11.2,%,IBGE SIDRA 6396
2015-03-01,RN,total,unemployment,11.6,%,IBGE SIDRA 6396
2015-03-01,RN,women,unemployment,12.2,%,IBGE SIDRA 6396
2015-03-01,RO,men,unemployment,3.5,%,IBGE SIDRA 6396
2015-03-01,RO,total,unemployment,4.5,%,IBGE SIDRA 6396
2015-03-01,RO,women,unemployment,6.3,%,IBGE SIDRA 6396
2015-03-01,RR,men,unemployment,5.9,%,IBGE SIDRA 6396
2015-03-01,RR,total,unemployment,9.1,%,IBGE SIDRA 6396
2015-03-01,RR,women,unemployment,13.2,%,IBGE SIDRA 6396
2015-03-01,RS,men,unemployment,4.6,%,IBGE SIDRA 6396
2015-03-01,RS,total,unemployment,5.8,%,IBGE SIDRA 6396
2015-03-01,RS,women,unemployment,7.2,%,IBGE SIDRA 6396
2015-03-01,SC,men,unemployment,3.3,%,IBGE SIDRA 6396
2015-03-01,SC,total,unemployment,3.9,%,IBGE SIDRA 6396
2015-03-01,SC,women,unemployment,4.7,%,IBGE SIDRA 6396
2015-03-01,SE,men,unemployment,7.1,%,IBGE SIDRA 6396
2015-03-01,SE,total,unemployment,8.8,%,IBGE SIDRA 6396
2015-03-01,SE,women,unemployment,11.2,%,IBGE SIDRA 6396
2015-03-01,SP,men,unemployment,7.4,%,IBGE SIDRA 6396
2015-03-01,SP,total,unemployment,8.6,%,IBGE SIDRA 6396
2015-03-01,SP,women,unemployment,10.1,%,IBGE SIDRA 6396
2015-03-01,TO,men,unemployment,6.0,%,IBGE SIDRA 6396
2015-03-01,TO,total,unemployment,8.8,%,IBGE SIDRA 6396
2015-03-01,TO,women,unemployment,13.2,%,IBGE SIDRA 6396
2015-06-01,AC,men,real_income,2821.0,R$,IBGE SIDRA 5436
2015-06-01,AC,total,real_income,2701.0,R$,IBGE SIDRA 5436
2015-06-01,AC,women,real_income,2500.0,R$,IBGE SIDRA 5436
2015-06-01,AL,men,real_income,2297.0,R$,IBGE SIDRA 5436
2015-06-01,AL,total,real_income,2227.0,R$,IBGE SIDRA 5436
2015-06-01,AL,women,real_income,2116.0,R$,IBGE SIDRA 5436
2015-06-01,AM,men,real_income,2860.0,R$,IBGE SIDRA 5436
2015-06-01,AM,total,real_income,2712.0,R$,IBGE SIDRA 5436
2015-06-01,AM,women,real_income,2450.0,R$,IBGE SIDRA 5436
2015-06-01,AP,men,real_income,2960.0,R$,IBGE SIDRA 5436
2015-06-01,AP,total,real_income,2883.0,R$,IBGE SIDRA 5436
2015-06-01,AP,women,real_income,2765.0,R$,IBGE SIDRA 5436
2015-06-01,BA,men,real_income,2426.0,R$,IBGE SIDRA 5436
2015-06-01,BA,total,real_income,2259.0,R$,IBGE SIDRA 5436
2015-06-01,BA,women,real_income,2015.0,R$,IBGE SIDRA 5436
2015-06-01,BR,men,real_income,3719.0,R$,IBGE SIDRA 5436
2015-06-01,BR,total,real_income,3326.0,R$,IBGE SIDRA 5436
2015-06-01,BR,women,real_income,2778.0,R$,IBGE SIDRA 5436
2015-06-01,CE,men,real_income,2355.0,R$,IBGE SIDRA 5436
2015-06-01,CE,total,real_income,2194.0,R$,IBGE SIDRA 5436
2015-06-01,CE,women,real_income,1959.0,R$,IBGE SIDRA 5436
2015-06-01,DF,men,real_income,6785.0,R$,IBGE SIDRA 5436
2015-06-01,DF,total,real_income,6100.0,R$,IBGE SIDRA 5436
2015-06-01,DF,women,real_income,5249.0,R$,IBGE SIDRA 5436
2015-06-01,ES,men,real_income,3623.0,R$,IBGE SIDRA 5436
2015-06-01,ES,total,real_income,3196.0,R$,IBGE SIDRA 5436
2015-06-01,ES,women,real_income,2566.0,R$,IBGE SIDRA 5436
2015-06-01,GO,men,real_income,3467.0,R$,IBGE SIDRA 5436
2015-06-01,GO,total,real_income,3095.0,R$,IBGE SIDRA 5436
2015-06-01,GO,women,real_income,2568.0,R$,IBGE SIDRA 5436
2015-06-01,MA,men,real_income,1811.0,R$,IBGE SIDRA 5436
2015-06-01,MA,total,real_income,1703.0,R$,IBGE SIDRA 5436
2015-06-01,MA,women,real_income,1537.0,R$,IBGE SIDRA 5436
2015-06-01,MG,men,real_income,3312.0,R$,IBGE SIDRA 5436
2015-06-01,MG,total,real_income,2912.0,R$,IBGE SIDRA 5436
2015-06-01,MG,women,real_income,2367.0,R$,IBGE SIDRA 5436
2015-06-01,MS,men,real_income,3592.0,R$,IBGE SIDRA 5436
2015-06-01,MS,total,real_income,3182.0,R$,IBGE SIDRA 5436
2015-06-01,MS,women,real_income,2578.0,R$,IBGE SIDRA 5436
2015-06-01,MT,men,real_income,3766.0,R$,IBGE SIDRA 5436
2015-06-01,MT,total,real_income,3325.0,R$,IBGE SIDRA 5436
2015-06-01,MT,women,real_income,2613.0,R$,IBGE SIDRA 5436
2015-06-01,PA,men,real_income,2265.0,R$,IBGE SIDRA 5436
2015-06-01,PA,total,real_income,2105.0,R$,IBGE SIDRA 5436
2015-06-01,PA,women,real_income,1833.0,R$,IBGE SIDRA 5436
2015-06-01,PB,men,real_income,2376.0,R$,IBGE SIDRA 5436
2015-06-01,PB,total,real_income,2301.0,R$,IBGE SIDRA 5436
2015-06-01,PB,women,real_income,2181.0,R$,IBGE SIDRA 5436
2015-06-01,PE,men,real_income,2756.0,R$,IBGE SIDRA 5436
2015-06-01,PE,total,real_income,2627.0,R$,IBGE SIDRA 5436
2015-06-01,PE,women,real_income,2434.0,R$,IBGE SIDRA 5436
2015-06-01,PI,men,real_income,2244.0,R$,IBGE SIDRA 5436
2015-06-01,PI,total,real_income,2080.0,R$,IBGE SIDRA 5436
2015-06-01,PI,women,real_income,1824.0,R$,IBGE SIDRA 5436
2015-06-01,PR,men,real_income,4077.0,R$,IBGE SIDRA 5436
2015-06-01,PR,total,real_income,3562.0,R$,IBGE SIDRA 5436
2015-06-01,PR,women,real_income,2840.0,R$,IBGE SIDRA 5436
2015-06-01,RJ,men,real_income,3984.0,R$,IBGE SIDRA 5436
2015-06-01,RJ,total,real_income,3546.0,R$,IBGE SIDRA 5436
2015-06-01,RJ,women,real_income,2962.0,R$,IBGE SIDRA 5436
2015-06-01,RN,men,real_income,2707.0,R$,IBGE SIDRA 5436
2015-06-01,RN,total,real_income,2459.0,R$,IBGE SIDRA 5436
2015-06-01,RN,women,real_income,2123.0,R$,IBGE SIDRA 5436
2015-06-01,RO,men,real_income,2944.0,R$,IBGE SIDRA 5436
2015-06-01,RO,total,real_income,2704.0,R$,IBGE SIDRA 5436
2015-06-01,RO,women,real_income,2261.0,R$,IBGE SIDRA 5436
2015-06-01,RR,men,real_income,3483.0,R$,IBGE SIDRA 5436
2015-06-01,RR,total,real_income,3332.0,R$,IBGE SIDRA 5436
2015-06-01,RR,women,real_income,3107.0,R$,IBGE SIDRA 5436
2015-06-01,RS,men,real_income,4011.0,R$,IBGE SIDRA 5436
2015-06-01,RS,total,real_income,3513.0,R$,IBGE SIDRA 5436
2015-06-01,RS,women,real_income,2855.0,R$,IBGE SIDRA 5436
2015-06-01,SC,men,real_income,4037.0,R$,IBGE SIDRA 5436
2015-06-01,SC,total,real_income,3544.0,R$,IBGE SIDRA 5436
2015-06-01,SC,women,real_income,2889.0,R$,IBGE SIDRA 5436
2015-06-01,SE,men,real_income,2672.0,R$,IBGE SIDRA 5436
2015-06-01,SE,total,real_income,2498.0,R$,IBGE SIDRA 5436
2015-06-01,SE,women,real_income,2233.0,R$,IBGE SIDRA 5436
2015-06-01,SP,men,real_income,5206.0,R$,IBGE SIDRA 5436
2015-06-01,SP,total,real_income,4487.0,R$,IBGE SIDRA 5436
2015-06-01,SP,women,real_income,3563.0,R$,IBGE SIDRA 5436
2015-06-01,TO,men,real_income,2920.0,R$,IBGE SIDRA 5436
2015-06-01,TO,total,real_income,2766.0,R$,IBGE SIDRA 5436
2015-06-01,TO,women,real_income,2520.0,R$,IBGE SIDRA 5436
2015-06-01,AC,men,unemployment,8.2,%,IBGE SIDRA 6396
2015-06-01,AC,total,unemployment,8.9,%,IBGE SIDRA 6396
2015-06-01,AC,women,unemployment,9.9,%,IBGE SIDRA 6396
2015-06-01,AL,men,unemployment,10.8,%,IBGE SIDRA 6396
2015-06-01,AL,total,unemployment,11.9,%,IBGE SIDRA 6396
2015-06-01,AL,women,unemployment,13.5,%,IBGE SIDRA 6396
2015-06-01,AM,men,unemployment,7.4,%,IBGE SIDRA 6396
2015-06-01,AM,total,unemployment,9.7,%,IBGE SIDRA 6396
2015-06-01,AM,women,unemployment,13.2,%,IBGE SIDRA 6396
2015-06-01,AP,men,unemployment,8.5,%,IBGE SIDRA 6396
2015-06-01,AP,total,unemployment,10.3,%,IBGE SIDRA 6396
2015-06-01,AP,women,unemployment,12.9,%,IBGE SIDRA 6396
2015-06-01,BA,men,unemployment,10.7,%,IBGE SIDRA 6396
2015-06-01,BA,total,unemployment,12.8,%,IBGE SIDRA 6396
2015-06-01,BA,women,unemployment,15.6,%,IBGE SIDRA 6396
2015-06-01,BR,men,unemployment,7.1,%,IBGE SIDRA 6396
2015-06-01,BR,total,unemployment,8.4,%,IBGE SIDRA 6396
2015-06-01,BR,women,unemployment,10.1,%,IBGE SIDRA 6396
2015-06-01,CE,men,unemployment,8.2,%,IBGE SIDRA 6396
2015-06-01,CE,total,unemployment,8.9,%,IBGE SIDRA 6396
2015-06-01,CE,women,unemployment,10.0,%,IBGE SIDRA 6396
2015-06-01,DF,men,unemployment,7.7,%,IBGE SIDRA 6396
2015-06-01,DF,total,unemployment,9.8,%,IBGE SIDRA 6396
2015-06-01,DF,women,unemployment,12.2,%,IBGE SIDRA 6396
2015-06-01,ES,men,unemployment,5.7,%,IBGE SIDRA 6396
2015-06-01,ES,total,unemployment,6.8,%,IBGE SIDRA 6396
2015-06-01,ES,women,unemployment,8.2,%,IBGE SIDRA 6396
2015-06-01,GO,men,unemployment,6.1,%,IBGE SIDRA 6396
2015-06-01,GO,total,unemployment,7.5,%,IBGE SIDRA 6396
2015-06-01,GO,women,unemployment,9.3,%,IBGE SIDRA 6396
2015-06-01,MA,men,unemployment,7.9,%,IBGE SIDRA 6396
2015-06-01,MA,total,unemployment,9.0,%,IBGE SIDRA 6396
2015-06-01,MA,women,unemployment,10.6,%,IBGE SIDRA 6396
2015-06-01,MG,men,unemployment,7.0,%,IBGE SIDRA 6396
2015-06-01,MG,total,unemployment,8.0,%,IBGE SIDRA 6396
2015-06-01,MG,women,unemployment,9.2,%,IBGE SIDRA 6396
2015-06-01,MS,men,unemployment,4.9,%,IBGE SIDRA 6396
2015-06-01,MS,total,unemployment,6.3,%,IBGE SIDRA 6396
2015-06-01,MS,women,unemployment,8.4,%,IBGE SIDRA 6396
2015-06-01,MT,men,unemployment,5.4,%,IBGE SIDRA 6396
2015-06-01,MT,total,unemployment,6.3,%,IBGE SIDRA 6396
2015-06-01,MT,women,unemployment,7.5,%,IBGE SIDRA 6396
2015-06-01,PA,men,unemployment,6.9,%,IBGE SIDRA 6396
2015-06-01,PA,total,unemployment,9.1,%,IBGE SIDRA 6396
2015-06-01,PA,women,unemployment,12.5,%,IBGE SIDRA 6396
2015-06-01,PB,men,unemployment,7.6,%,IBGE SIDRA 6396
2015-06-01,PB,total,unemployment,9.3,%,IBGE SIDRA 6396
2015-06-01,PB,women,unemployment,11.8,%,IBGE SIDRA 6396
2015-06-01,PE,men,unemployment,8.3,%,IBGE SIDRA 6396
2015-06-01,PE,total,unemployment,9.2,%,IBGE SIDRA 6396
2015-06-01,PE,women,unemployment,10.4,%,IBGE SIDRA 6396
2015-06-01,PI,men,unemployment,6.7,%,IBGE SIDRA 6396
2015-06-01,PI,total,unemployment,7.7,%,IBGE SIDRA 6396
2015-06-01,PI,women,unemployment,9.1,%,IBGE SIDRA 6396
2015-06-01,PR,men,unemployment,5.0,%,IBGE SIDRA 6396
2015-06-01,PR,total,unemployment,6.2,%,IBGE SIDRA 6396
2015-06-01,PR,women,unemployment,7.8,%,IBGE SIDRA 6396
2015-06-01,RJ,men,unemployment,6.1,%,IBGE SIDRA 6396
2015-06-01,RJ,total,unemployment,7.3,%,IBGE SIDRA 6396
2015-06-01,RJ,women,unemployment,8.7,%,IBGE SIDRA 6396
2015-06-01,RN,men,unemployment,11.7,%,IBGE SIDRA 6396
2015-06-01,RN,total,unemployment,11.8,%,IBGE SIDRA 6396
2015-06-01,RN,women,unemployment,12.1,%,IBGE SIDRA 6396
2015-06-01,RO,men,unemployment,4.1,%,IBGE SIDRA 6396
2015-06-01,RO,total,unemployment,4.9,%,IBGE SIDRA 6396
2015-06-01,RO,women,unemployment,6.3,%,IBGE SIDRA 6396
2015-06-01,RR,men,unemployment,5.3,%,IBGE SIDRA 6396
2015-06-01,RR,total,unemployment,7.9,%,IBGE SIDRA 6396
2015-06-01,RR,women,unemployment,11.4,%,IBGE SIDRA 6396
2015-06-01,RS,men,unemployment,4.9,%,IBGE SIDRA 6396
2015-06-01,RS,total,unemployment,6.0,%,IBGE SIDRA 6396
2015-06-01,RS,women,unemployment,7.4,%,IBGE SIDRA 6396
2015-06-01,SC,men,unemployment,3.3,%,IBGE SIDRA 6396
2015-06-01,SC,total,unemployment,4.0,%,IBGE SIDRA 6396
2015-06-01,SC,women,unemployment,4.8,%,IBGE SIDRA 6396
2015-06-01,SE,men,unemployment,8.5,%,IBGE SIDRA 6396
2015-06-01,SE,total,unemployment,9.2,%,IBGE SIDRA 6396
2015-06-01,SE,women,unemployment,10.1,%,IBGE SIDRA 6396
2015-06-01,SP,men,unemployment,7.8,%,IBGE SIDRA 6396
2015-06-01,SP,total,unemployment,9.2,%,IBGE SIDRA 6396
2015-06-01,SP,women,unemployment,10.9,%,IBGE SIDRA 6396
2015-06-01,TO,men,unemployment,6.2,%,IBGE SIDRA 6396
2015-06-01,TO,total,unemployment,7.7,%,IBGE SIDRA 6396
2015-06-01,TO,women,unemployment,10.0,%,IBGE SIDRA 6396
2015-09-01,AC,men,real_income,2645.0,R$,IBGE SIDRA 5436
2015-09-01,AC,total,real_income,2574.0,R$,IBGE SIDRA 5436
2015-09-01,AC,women,real_income,2452.0,R$,IBGE SIDRA 5436
2015-09-01,AL,men,real_income,2250.0,R$,IBGE SIDRA 5436
2015-09-01,AL,total,real_income,2215.0,R$,IBGE SIDRA 5436
2015-09-01,AL,women,real_income,2159.0,R$,IBGE SIDRA 5436
2015-09-01,AM,men,real_income,2863.0,R$,IBGE SIDRA 5436
2015-09-01,AM,total,real_income,2709.0,R$,IBGE SIDRA 5436
2015-09-01,AM,women,real_income,2440.0,R$,IBGE SIDRA 5436
2015-09-01,AP,men,real_income,2984.0,R$,IBGE SIDRA 5436
2015-09-01,AP,total,real_income,2923.0,R$,IBGE SIDRA 5436
2015-09-01,AP,women,real_income,2822.0,R$,IBGE SIDRA 5436
2015-09-01,BA,men,real_income,2389.0,R$,IBGE SIDRA 5436
2015-09-01,BA,total,real_income,2246.0,R$,IBGE SIDRA 5436
2015-09-01,BA,women,real_income,2040.0,R$,IBGE SIDRA 5436
2015-09-01,BR,men,real_income,3656.0,R$,IBGE SIDRA 5436
2015-09-01,BR,total,real_income,3286.0,R$,IBGE SIDRA 5436
2015-09-01,BR,women,real_income,2769.0,R$,IBGE SIDRA 5436
2015-09-01,CE,men,real_income,2303.0,R$,IBGE SIDRA 5436
2015-09-01,CE,total,real_income,2171.0,R$,IBGE SIDRA 5436
2015-09-01,CE,women,real_income,1981.0,R$,IBGE SIDRA 5436
2015-09-01,DF,men,real_income,6608.0,R$,IBGE SIDRA 5436
2015-09-01,DF,total,real_income,5941.0,R$,IBGE SIDRA 5436
2015-09-01,DF,women,real_income,5135.0,R$,IBGE SIDRA 5436
2015-09-01,ES,men,real_income,3532.0,R$,IBGE SIDRA 5436
2015-09-01,ES,total,real_income,3165.0,R$,IBGE SIDRA 5436
2015-09-01,ES,women,real_income,2642.0,R$,IBGE SIDRA 5436
2015-09-01,GO,men,real_income,3587.0,R$,IBGE SIDRA 5436
2015-09-01,GO,total,real_income,3129.0,R$,IBGE SIDRA 5436
2015-09-01,GO,women,real_income,2479.0,R$,IBGE SIDRA 5436
2015-09-01,MA,men,real_income,1811.0,R$,IBGE SIDRA 5436
2015-09-01,MA,total,real_income,1729.0,R$,IBGE SIDRA 5436
2015-09-01,MA,women,real_income,1601.0,R$,IBGE SIDRA 5436
2015-09-01,MG,men,real_income,3309.0,R$,IBGE SIDRA 5436
2015-09-01,MG,total,real_income,2907.0,R$,IBGE SIDRA 5436
2015-09-01,MG,women,real_income,2363.0,R$,IBGE SIDRA 5436
2015-09-01,MS,men,real_income,3522.0,R$,IBGE SIDRA 5436
2015-09-01,MS,total,real_income,3062.0,R$,IBGE SIDRA 5436
2015-09-01,MS,women,real_income,2416.0,R$,IBGE SIDRA 5436
2015-09-01,MT,men,real_income,3694.0,R$,IBGE SIDRA 5436
2015-09-01,MT,total,real_income,3243.0,R$,IBGE SIDRA 5436
2015-09-01,MT,women,real_income,2526.0,R$,IBGE SIDRA 5436
2015-09-01,PA,men,real_income,2315.0,R$,IBGE SIDRA 5436
2015-09-01,PA,total,real_income,2166.0,R$,IBGE SIDRA 5436
2015-09-01,PA,women,real_income,1909.0,R$,IBGE SIDRA 5436
2015-09-01,PB,men,real_income,2469.0,R$,IBGE SIDRA 5436
2015-09-01,PB,total,real_income,2320.0,R$,IBGE SIDRA 5436
2015-09-01,PB,women,real_income,2089.0,R$,IBGE SIDRA 5436
2015-09-01,PE,men,real_income,2639.0,R$,IBGE SIDRA 5436
2015-09-01,PE,total,real_income,2513.0,R$,IBGE SIDRA 5436
2015-09-01,PE,women,real_income,2324.0,R$,IBGE SIDRA 5436
2015-09-01,PI,men,real_income,2220.0,R$,IBGE SIDRA 5436
2015-09-01,PI,total,real_income,2082.0,R$,IBGE SIDRA 5436
2015-09-01,PI,women,real_income,1864.0,R$,IBGE SIDRA 5436
2015-09-01,PR,men,real_income,4049.0,R$,IBGE SIDRA 5436
2015-09-01,PR,total,real_income,3566.0,R$,IBGE SIDRA 5436
2015-09-01,PR,women,real_income,2882.0,R$,IBGE SIDRA 5436
2015-09-01,RJ,men,real_income,4034.0,R$,IBGE SIDRA 5436
2015-09-01,RJ,total,real_income,3586.0,R$,IBGE SIDRA 5436
2015-09-01,RJ,women,real_income,2999.0,R$,IBGE SIDRA 5436
2015-09-01,RN,men,real_income,2790.0,R$,IBGE SIDRA 5436
2015-09-01,RN,total,real_income,2505.0,R$,IBGE SIDRA 5436
2015-09-01,RN,women,real_income,2105.0,R$,IBGE SIDRA 5436
2015-09-01,RO,men,real_income,2864.0,R$,IBGE SIDRA 5436
2015-09-01,RO,total,real_income,2680.0,R$,IBGE SIDRA 5436
2015-09-01,RO,women,real_income,2339.0,R$,IBGE SIDRA 5436
2015-09-01,RR,men,real_income,3318.0,R$,IBGE SIDRA 5436
2015-09-01,RR,total,real_income,3216.0,R$,IBGE SIDRA 5436
2015-09-01,RR,women,real_income,3069.0,R$,IBGE SIDRA 5436
2015-09-01,RS,men,real_income,3914.0,R$,IBGE SIDRA 5436
2015-09-01,RS,total,real_income,3432.0,R$,IBGE SIDRA 5436
2015-09-01,RS,women,real_income,2783.0,R$,IBGE SIDRA 5436
2015-09-01,SC,men,real_income,3989.0,R$,IBGE SIDRA 5436
2015-09-01,SC,total,real_income,3509.0,R$,IBGE SIDRA 5436
2015-09-01,SC,women,real_income,2862.0,R$,IBGE SIDRA 5436
2015-09-01,SE,men,real_income,2656.0,R$,IBGE SIDRA 5436
2015-09-01,SE,total,real_income,2462.0,R$,IBGE SIDRA 5436
2015-09-01,SE,women,real_income,2163.0,R$,IBGE SIDRA 5436
2015-09-01,SP,men,real_income,5027.0,R$,IBGE SIDRA 5436
2015-09-01,SP,total,real_income,4388.0,R$,IBGE SIDRA 5436
2015-09-01,SP,women,real_income,3567.0,R$,IBGE SIDRA 5436
2015-09-01,TO,men,real_income,3057.0,R$,IBGE SIDRA 5436
2015-09-01,TO,total,real_income,2839.0,R$,IBGE SIDRA 5436
2015-09-01,TO,women,real_income,2499.0,R$,IBGE SIDRA 5436
2015-09-01,AC,men,unemployment,7.1,%,IBGE SIDRA 6396
2015-09-01,AC,total,unemployment,8.9,%,IBGE SIDRA 6396
2015-09-01,AC,women,unemployment,11.6,%,IBGE SIDRA 6396
2015-09-01,AL,men,unemployment,10.0,%,IBGE SIDRA 6396
2015-09-01,AL,total,unemployment,10.9,%,IBGE SIDRA 6396
2015-09-01,AL,women,unemployment,12.2,%,IBGE SIDRA 6396
2015-09-01,AM,men,unemployment,7.9,%,IBGE SIDRA 6396
2015-09-01,AM,total,unemployment,10.3,%,IBGE SIDRA 6396
2015-09-01,AM,women,unemployment,14.0,%,IBGE SIDRA 6396
2015-09-01,AP,men,unemployment,9.1,%,IBGE SIDRA 6396
2015-09-01,AP,total,unemployment,11.9,%,IBGE SIDRA 6396
2015-09-01,AP,women,unemployment,16.2,%,IBGE SIDRA 6396
2015-09-01,BA,men,unemployment,11.1,%,IBGE SIDRA 6396
2015-09-01,BA,total,unemployment,12.9,%,IBGE SIDRA 6396
2015-09-01,BA,women,unemployment,15.4,%,IBGE SIDRA 6396
2015-09-01,BR,men,unemployment,7.7,%,IBGE SIDRA 6396
2015-09-01,BR,total,unemployment,9.0,%,IBGE SIDRA 6396
2015-09-01,BR,women,unemployment,10.7,%,IBGE SIDRA 6396
2015-09-01,CE,men,unemployment,8.9,%,IBGE SIDRA 6396
2015-09-01,CE,total,unemployment,9.7,%,IBGE SIDRA 6396
2015-09-01,CE,women,unemployment,10.7,%,IBGE SIDRA 6396
2015-09-01,DF,men,unemployment,8.3,%,IBGE SIDRA 6396
2015-09-01,DF,total,unemployment,10.4,%,IBGE SIDRA 6396
2015-09-01,DF,women,unemployment,12.8,%,IBGE SIDRA 6396
2015-09-01,ES,men,unemployment,7.5,%,IBGE SIDRA 6396
2015-09-01,ES,total,unemployment,8.3,%,IBGE SIDRA 6396
2015-09-01,ES,women,unemployment,9.4,%,IBGE SIDRA 6396
2015-09-01,GO,men,unemployment,6.4,%,IBGE SIDRA 6396
2015-09-01,GO,total,unemployment,7.4,%,IBGE SIDRA 6396
2015-09-01,GO,women,unemployment,8.7,%,IBGE SIDRA 6396
2015-09-01,MA,men,unemployment,7.0,%,IBGE SIDRA 6396
2015-09-01,MA,total,unemployment,8.6,%,IBGE SIDRA 6396
2015-09-01,MA,women,unemployment,11.0,%,IBGE SIDRA 6396
2015-09-01,MG,men,unemployment,7.9,%,IBGE SIDRA 6396
2015-09-01,MG,total,unemployment,8.8,%,IBGE SIDRA 6396
2015-09-01,MG,women,unemployment,9.9,%,IBGE SIDRA 6396
2015-09-01,MS,men,unemployment,5.9,%,IBGE SIDRA 6396
2015-09-01,MS,total,unemployment,6.3,%,IBGE SIDRA 6396
2015-09-01,MS,women,unemployment,7.0,%,IBGE SIDRA 6396
2015-09-01,MT,men,unemployment,5.5,%,IBGE SIDRA 6396
2015-09-01,MT,total,unemployment,6.7,%,IBGE SIDRA 6396
2015-09-01,MT,women,unemployment,8.6,%,IBGE SIDRA 6396
2015-09-01,PA,men,unemployment,6.3,%,IBGE SIDRA 6396
2015-09-01,PA,total,unemployment,8.5,%,IBGE SIDRA 6396
2015-09-01,PA,women,unemployment,11.8,%,IBGE SIDRA 6396
2015-09-01,PB,men,unemployment,9.3,%,IBGE SIDRA 6396
2015-09-01,PB,total,unemployment,10.5,%,IBGE SIDRA 6396
2015-09-01,PB,women,unemployment,12.2,%,IBGE SIDRA 6396
2015-09-01,PE,men,unemployment,10.1,%,IBGE SIDRA 6396
2015-09-01,PE,total,unemployment,11.3,%,IBGE SIDRA 6396
2015-09-01,PE,women,unemployment,12.9,%,IBGE SIDRA 6396
2015-09-01,PI,men,unemployment,7.4,%,IBGE SIDRA 6396
2015-09-01,PI,total,unemployment,7.7,%,IBGE SIDRA 6396
2015-09-01,PI,women,unemployment,8.2,%,IBGE SIDRA 6396
2015-09-01,PR,men,unemployment,5.1,%,IBGE SIDRA 6396
2015-09-01,PR,total,unemployment,6.2,%,IBGE SIDRA 6396
2015-09-01,PR,women,unemployment,7.7,%,IBGE SIDRA 6396
2015-09-01,RJ,men,unemployment,7.0,%,IBGE SIDRA 6396
2015-09-01,RJ,total,unemployment,8.3,%,IBGE SIDRA 6396
2015-09-01,RJ,women,unemployment,9.9,%,IBGE SIDRA 6396
2015-09-01,RN,men,unemployment,11.6,%,IBGE SIDRA 6396
2015-09-01,RN,total,unemployment,12.8,%,IBGE SIDRA 6396
2015-09-01,RN,women,unemployment,14.4,%,IBGE SIDRA 6396
2015-09-01,RO,men,unemployment,5.7,%,IBGE SIDRA 6396
2015-09-01,RO,total,unemployment,6.7,%,IBGE SIDRA 6396
2015-09-01,RO,women,unemployment,8.4,%,IBGE SIDRA 6396
2015-09-01,RR,men,unemployment,7.5,%,IBGE SIDRA 6396
2015-09-01,RR,total,unemployment,9.4,%,IBGE SIDRA 6396
2015-09-01,RR,women,unemployment,12.0,%,IBGE SIDRA 6396
2015-09-01,RS,men,unemployment,5.7,%,IBGE SIDRA 6396
2015-09-01,RS,total,unemployment,7.0,%,IBGE SIDRA 6396
2015-09-01,RS,women,unemployment,8.6,%,IBGE SIDRA 6396
2015-09-01,SC,men,unemployment,3.6,%,IBGE SIDRA 6396
2015-09-01,SC,total,unemployment,4.4,%,IBGE SIDRA 6396
2015-09-01,SC,women,unemployment,5.5,%,IBGE SIDRA 6396
2015-09-01,SE,men,unemployment,8.4,%,IBGE SIDRA 6396
2015-09-01,SE,total,unemployment,8.8,%,IBGE SIDRA 6396
2015-09-01,SE,women,unemployment,9.2,%,IBGE SIDRA 6396
2015-09-01,SP,men,unemployment,8.4,%,IBGE SIDRA 6396
2015-09-01,SP,total,unemployment,9.8,%,IBGE SIDRA 6396
2015-09-01,SP,women,unemployment,11.4,%,IBGE SIDRA 6396
2015-09-01,TO,men,unemployment,7.1,%,IBGE SIDRA 6396
2015-09-01,TO,total,unemployment,9.3,%,IBGE SIDRA 6396
2015-09-01,TO,women,unemployment,12.4,%,IBGE SIDRA 6396
2015-12-01,AC,men,real_income,2558.0,R$,IBGE SIDRA 5436
2015-12-01,AC,total,real_income,2552.0,R$,IBGE SIDRA 5436
2015-12-01,AC,women,real_income,2541.0,R$,IBGE SIDRA 5436
2015-12-01,AL,men,real_income,2274.0,R$,IBGE SIDRA 5436
2015-12-01,AL,total,real_income,2162.0,R$,IBGE SIDRA 5436
2015-12-01,AL,women,real_income,1984.0,R$,IBGE SIDRA 5436
2015-12-01,AM,men,real_income,2785.0,R$,IBGE SIDRA 5436
2015-12-01,AM,total,real_income,2711.0,R$,IBGE SIDRA 5436
2015-12-01,AM,women,real_income,2577.0,R$,IBGE SIDRA 5436
2015-12-01,AP,men,real_income,3199.0,R$,IBGE SIDRA 5436
2015-12-01,AP,total,real_income,3082.0,R$,IBGE SIDRA 5436
2015-12-01,AP,women,real_income,2894.0,R$,IBGE SIDRA 5436
2015-12-01,BA,men,real_income,2316.0,R$,IBGE SIDRA 5436
2015-12-01,BA,total,real_income,2158.0,R$,IBGE SIDRA 5436
2015-12-01,BA,women,real_income,1932.0,R$,IBGE SIDRA 5436
2015-12-01,BR,men,real_income,3573.0,R$,IBGE SIDRA 5436
2015-12-01,BR,total,real_income,3232.0,R$,IBGE SIDRA 5436
2015-12-01,BR,women,real_income,2753.0,R$,IBGE SIDRA 5436
2015-12-01,CE,men,real_income,2243.0,R$,IBGE SIDRA 5436
2015-12-01,CE,total,real_income,2143.0,R$,IBGE SIDRA 5436
2015-12-01,CE,women,real_income,1997.0,R$,IBGE SIDRA 5436
2015-12-01,DF,men,real_income,6692.0,R$,IBGE SIDRA 5436
2015-12-01,DF,total,real_income,5962.0,R$,IBGE SIDRA 5436
2015-12-01,DF,women,real_income,5072.0,R$,IBGE SIDRA 5436
2015-12-01,ES,men,real_income,3545.0,R$,IBGE SIDRA 5436
2015-12-01,ES,total,real_income,3155.0,R$,IBGE SIDRA 5436
2015-12-01,ES,women,real_income,2581.0,R$,IBGE SIDRA 5436
2015-12-01,GO,men,real_income,3352.0,R$,IBGE SIDRA 5436
2015-12-01,GO,total,real_income,2962.0,R$,IBGE SIDRA 5436
2015-12-01,GO,women,real_income,2390.0,R$,IBGE SIDRA 5436
2015-12-01,MA,men,real_income,1805.0,R$,IBGE SIDRA 5436
2015-12-01,MA,total,real_income,1727.0,R$,IBGE SIDRA 5436
2015-12-01,MA,women,real_income,1604.0,R$,IBGE SIDRA 5436
2015-12-01,MG,men,real_income,3221.0,R$,IBGE SIDRA 5436
2015-12-01,MG,total,real_income,2881.0,R$,IBGE SIDRA 5436
2015-12-01,MG,women,real_income,2419.0,R$,IBGE SIDRA 5436
2015-12-01,MS,men,real_income,3577.0,R$,IBGE SIDRA 5436
2015-12-01,MS,total,real_income,3147.0,R$,IBGE SIDRA 5436
2015-12-01,MS,women,real_income,2562.0,R$,IBGE SIDRA 5436
2015-12-01,MT,men,real_income,3527.0,R$,IBGE SIDRA 5436
2015-12-01,MT,total,real_income,3133.0,R$,IBGE SIDRA 5436
2015-12-01,MT,women,real_income,2504.0,R$,IBGE SIDRA 5436
2015-12-01,PA,men,real_income,2185.0,R$,IBGE SIDRA 5436
2015-12-01,PA,total,real_income,2088.0,R$,IBGE SIDRA 5436
2015-12-01,PA,women,real_income,1925.0,R$,IBGE SIDRA 5436
2015-12-01,PB,men,real_income,2345.0,R$,IBGE SIDRA 5436
2015-12-01,PB,total,real_income,2209.0,R$,IBGE SIDRA 5436
2015-12-01,PB,women,real_income,1999.0,R$,IBGE SIDRA 5436
2015-12-01,PE,men,real_income,2488.0,R$,IBGE SIDRA 5436
2015-12-01,PE,total,real_income,2401.0,R$,IBGE SIDRA 5436
2015-12-01,PE,women,real_income,2270.0,R$,IBGE SIDRA 5436
2015-12-01,PI,men,real_income,2245.0,R$,IBGE SIDRA 5436
2015-12-01,PI,total,real_income,2091.0,R$,IBGE SIDRA 5436
2015-12-01,PI,women,real_income,1845.0,R$,IBGE SIDRA 5436
2015-12-01,PR,men,real_income,3885.0,R$,IBGE SIDRA 5436
2015-12-01,PR,total,real_income,3432.0,R$,IBGE SIDRA 5436
2015-12-01,PR,women,real_income,2801.0,R$,IBGE SIDRA 5436
2015-12-01,RJ,men,real_income,3941.0,R$,IBGE SIDRA 5436
2015-12-01,RJ,total,real_income,3538.0,R$,IBGE SIDRA 5436
2015-12-01,RJ,women,real_income,3003.0,R$,IBGE SIDRA 5436
2015-12-01,RN,men,real_income,2820.0,R$,IBGE SIDRA 5436
2015-12-01,RN,total,real_income,2542.0,R$,IBGE SIDRA 5436
2015-12-01,RN,women,real_income,2128.0,R$,IBGE SIDRA 5436
2015-12-01,RO,men,real_income,2834.0,R$,IBGE SIDRA 5436
2015-12-01,RO,total,real_income,2648.0,R$,IBGE SIDRA 5436
2015-12-01,RO,women,real_income,2306.0,R$,IBGE SIDRA 5436
2015-12-01,RR,men,real_income,3160.0,R$,IBGE SIDRA 5436
2015-12-01,RR,total,real_income,3047.0,R$,IBGE SIDRA 5436
2015-12-01,RR,women,real_income,2880.0,R$,IBGE SIDRA 5436
2015-12-01,RS,men,real_income,3972.0,R$,IBGE SIDRA 5436
2015-12-01,RS,total,real_income,3497.0,R$,IBGE SIDRA 5436
2015-12-01,RS,women,real_income,2866.0,R$,IBGE SIDRA 5436
2015-12-01,SC,men,real_income,3809.0,R$,IBGE SIDRA 5436
2015-12-01,SC,total,real_income,3382.0,R$,IBGE SIDRA 5436
2015-12-01,SC,women,real_income,2815.0,R$,IBGE SIDRA 5436
2015-12-01,SE,men,real_income,2489.0,R$,IBGE SIDRA 5436
2015-12-01,SE,total,real_income,2337.0,R$,IBGE SIDRA 5436
2015-12-01,SE,women,real_income,2100.0,R$,IBGE SIDRA 5436
2015-12-01,SP,men,real_income,4926.0,R$,IBGE SIDRA 5436
2015-12-01,SP,total,real_income,4320.0,R$,IBGE SIDRA 5436
2015-12-01,SP,women,real_income,3534.0,R$,IBGE SIDRA 5436
2015-12-01,TO,men,real_income,2816.0,R$,IBGE SIDRA 5436
2015-12-01,TO,total,real_income,2644.0,R$,IBGE SIDRA 5436
2015-12-01,TO,women,real_income,2374.0,R$,IBGE SIDRA 5436
2015-12-01,AC,men,unemployment,5.8,%,IBGE SIDRA 6396
2015-12-01,AC,total,unemployment,7.7,%,IBGE SIDRA 6396
2015-12-01,AC,women,unemployment,10.6,%,IBGE SIDRA 6396
2015-12-01,AL,men,unemployment,10.1,%,IBGE SIDRA 6396
2015-12-01,AL,total,unemployment,11.4,%,IBGE SIDRA 6396
2015-12-01,AL,women,unemployment,13.3,%,IBGE SIDRA 6396
2015-12-01,AM,men,unemployment,6.7,%,IBGE SIDRA 6396
2015-12-01,AM,total,unemployment,9.3,%,IBGE SIDRA 6396
2015-12-01,AM,women,unemployment,13.3,%,IBGE SIDRA 6396
2015-12-01,AP,men,unemployment,9.6,%,IBGE SIDRA 6396
2015-12-01,AP,total,unemployment,13.0,%,IBGE SIDRA 6396
2015-12-01,AP,women,unemployment,17.8,%,IBGE SIDRA 6396
2015-12-01,BA,men,unemployment,10.5,%,IBGE SIDRA 6396
2015-12-01,BA,total,unemployment,12.4,%,IBGE SIDRA 6396
2015-12-01,BA,women,unemployment,14.8,%,IBGE SIDRA 6396
2015-12-01,BR,men,unemployment,7.7,%,IBGE SIDRA 6396
2015-12-01,BR,total,unemployment,9.1,%,IBGE SIDRA 6396
2015-12-01,BR,women,unemployment,10.8,%,IBGE SIDRA 6396
2015-12-01,CE,men,unemployment,8.3,%,IBGE SIDRA 6396
2015-12-01,CE,total,unemployment,9.1,%,IBGE SIDRA 6396
2015-12-01,CE,women,unemployment,10.2,%,IBGE SIDRA 6396
2015-12-01,DF,men,unemployment,8.7,%,IBGE SIDRA 6396
2015-12-01,DF,total,unemployment,9.8,%,IBGE SIDRA 6396
2015-12-01,DF,women,unemployment,11.1,%,IBGE SIDRA 6396
2015-12-01,ES,men,unemployment,8.1,%,IBGE SIDRA 6396
2015-12-01,ES,total,unemployment,9.2,%,IBGE SIDRA 6396
2015-12-01,ES,women,unemployment,10.9,%,IBGE SIDRA 6396
2015-12-01,GO,men,unemployment,6.1,%,IBGE SIDRA 6396
2015-12-01,GO,total,unemployment,7.8,%,IBGE SIDRA 6396
2015-12-01,GO,women,unemployment,10.3,%,IBGE SIDRA 6396
2015-12-01,MA,men,unemployment,7.5,%,IBGE SIDRA 6396
2015-12-01,MA,total,unemployment,8.4,%,IBGE SIDRA 6396
2015-12-01,MA,women,unemployment,9.9,%,IBGE SIDRA 6396
2015-12-01,MG,men,unemployment,8.3,%,IBGE SIDRA 6396
2015-12-01,MG,total,unemployment,9.4,%,IBGE SIDRA 6396
2015-12-01,MG,women,unemployment,10.7,%,IBGE SIDRA 6396
2015-12-01,MS,men,unemployment,4.7,%,IBGE SIDRA 6396
2015-12-01,MS,total,unemployment,6.0,%,IBGE SIDRA 6396
2015-12-01,MS,women,unemployment,7.7,%,IBGE SIDRA 6396
2015-12-01,MT,men,unemployment,4.3,%,IBGE SIDRA 6396
2015-12-01,MT,total,unemployment,5.8,%,IBGE SIDRA 6396
2015-12-01,MT,women,unemployment,7.9,%,IBGE SIDRA 6396
2015-12-01,PA,men,unemployment,6.1,%,IBGE SIDRA 6396
2015-12-01,PA,total,unemployment,8.7,%,IBGE SIDRA 6396
2015-12-01,PA,women,unemployment,12.6,%,IBGE SIDRA 6396
2015-12-01,PB,men,unemployment,8.4,%,IBGE SIDRA 6396
2015-12-01,PB,total,unemployment,9.7,%,IBGE SIDRA 6396
2015-12-01,PB,women,unemployment,11.5,%,IBGE SIDRA 6396
2015-12-01,PE,men,unemployment,10.3,%,IBGE SIDRA 6396
2015-12-01,PE,total,unemployment,11.1,%,IBGE SIDRA 6396
2015-12-01,PE,women,unemployment,12.3,%,IBGE SIDRA 6396
2015-12-01,PI,men,unemployment,6.7,%,IBGE SIDRA 6396
2015-12-01,PI,total,unemployment,7.3,%,IBGE SIDRA 6396
2015-12-01,PI,women,unemployment,8.3,%,IBGE SIDRA 6396
2015-12-01,PR,men,unemployment,5.2,%,IBGE SIDRA 6396
2015-12-01,PR,total,unemployment,5.9,%,IBGE SIDRA 6396
2015-12-01,PR,women,unemployment,6.7,%,IBGE SIDRA 6396
2015-12-01,RJ,men,unemployment,7.4,%,IBGE SIDRA 6396
2015-12-01,RJ,total,unemployment,8.7,%,IBGE SIDRA 6396
2015-12-01,RJ,women,unemployment,10.3,%,IBGE SIDRA 6396
2015-12-01,RN,men,unemployment,10.7,%,IBGE SIDRA 6396
2015-12-01,RN,total,unemployment,12.3,%,IBGE SIDRA 6396
2015-12-01,RN,women,unemployment,14.7,%,IBGE SIDRA 6396
2015-12-01,RO,men,unemployment,4.6,%,IBGE SIDRA 6396
2015-12-01,RO,total,unemployment,6.5,%,IBGE SIDRA 6396
2015-12-01,RO,women,unemployment,9.5,%,IBGE SIDRA 6396
2015-12-01,RR,men,unemployment,5.7,%,IBGE SIDRA 6396
2015-12-01,RR,total,unemployment,8.2,%,IBGE SIDRA 6396
2015-12-01,RR,women,unemployment,11.6,%,IBGE SIDRA 6396
2015-12-01,RS,men,unemployment,4.8,%,IBGE SIDRA 6396
2015-12-01,RS,total,unemployment,6.7,%,IBGE SIDRA 6396
2015-12-01,RS,women,unemployment,9.0,%,IBGE SIDRA 6396
2015-12-01,SC,men,unemployment,3.3,%,IBGE SIDRA 6396
2015-12-01,SC,total,unemployment,4.3,%,IBGE SIDRA 6396
2015-12-01,SC,women,unemployment,5.4,%,IBGE SIDRA 6396
2015-12-01,SE,men,unemployment,9.0,%,IBGE SIDRA 6396
2015-12-01,SE,total,unemployment,10.1,%,IBGE SIDRA 6396
2015-12-01,SE,women,unemployment,11.7,%,IBGE SIDRA 6396
2015-12-01,SP,men,unemployment,8.9,%,IBGE SIDRA 6396
2015-12-01,SP,total,unemployment,10.2,%,IBGE SIDRA 6396
2015-12-01,SP,women,unemployment,11.9,%,IBGE SIDRA 6396
2015-12-01,TO,men,unemployment,6.8,%,IBGE SIDRA 6396
2015-12-01,TO,total,unemployment,9.0,%,IBGE SIDRA 6396
2015-12-01,TO,women,unemployment,12.2,%,IBGE SIDRA 6396
2016-03-01,AC,men,real_income,2512.0,R$,IBGE SIDRA 5436
2016-03-01,AC,total,real_income,2500.0,R$,IBGE SIDRA 5436
2016-03-01,AC,women,real_income,2478.0,R$,IBGE SIDRA 5436
2016-03-01,AL,men,real_income,2289.0,R$,IBGE SIDRA 5436
2016-03-01,AL,total,real_income,2155.0,R$,IBGE SIDRA 5436
2016-03-01,AL,women,real_income,1944.0,R$,IBGE SIDRA 5436
2016-03-01,AM,men,real_income,2671.0,R$,IBGE SIDRA 5436
2016-03-01,AM,total,real_income,2560.0,R$,IBGE SIDRA 5436
2016-03-01,AM,women,real_income,2363.0,R$,IBGE SIDRA 5436
2016-03-01,AP,men,real_income,2997.0,R$,IBGE SIDRA 5436
2016-03-01,AP,total,real_income,2999.0,R$,IBGE SIDRA 5436
2016-03-01,AP,women,real_income,3002.0,R$,IBGE SIDRA 5436
2016-03-01,BA,men,real_income,2279.0,R$,IBGE SIDRA 5436
2016-03-01,BA,total,real_income,2156.0,R$,IBGE SIDRA 5436
2016-03-01,BA,women,real_income,1971.0,R$,IBGE SIDRA 5436
2016-03-01,BR,men,real_income,3577.0,R$,IBGE SIDRA 5436
2016-03-01,BR,total,real_income,3238.0,R$,IBGE SIDRA 5436
2016-03-01,BR,women,real_income,2757.0,R$,IBGE SIDRA 5436
2016-03-01,CE,men,real_income,2288.0,R$,IBGE SIDRA 5436
2016-03-01,CE,total,real_income,2174.0,R$,IBGE SIDRA 5436
2016-03-01,CE,women,real_income,2000.0,R$,IBGE SIDRA 5436
2016-03-01,DF,men,real_income,6550.0,R$,IBGE SIDRA 5436
2016-03-01,DF,total,real_income,5801.0,R$,IBGE SIDRA 5436
2016-03-01,DF,women,real_income,4894.0,R$,IBGE SIDRA 5436
2016-03-01,ES,men,real_income,3465.0,R$,IBGE SIDRA 5436
2016-03-01,ES,total,real_income,3164.0,R$,IBGE SIDRA 5436
2016-03-01,ES,women,real_income,2727.0,R$,IBGE SIDRA 5436
2016-03-01,GO,men,real_income,3341.0,R$,IBGE SIDRA 5436
2016-03-01,GO,total,real_income,2978.0,R$,IBGE SIDRA 5436
2016-03-01,GO,women,real_income,2443.0,R$,IBGE SIDRA 5436
2016-03-01,MA,men,real_income,1755.0,R$,IBGE SIDRA 5436
2016-03-01,MA,total,real_income,1694.0,R$,IBGE SIDRA 5436
2016-03-01,MA,women,real_income,1597.0,R$,IBGE SIDRA 5436
2016-03-01,MG,men,real_income,3190.0,R$,IBGE SIDRA 5436
2016-03-01,MG,total,real_income,2879.0,R$,IBGE SIDRA 5436
2016-03-01,MG,women,real_income,2442.0,R$,IBGE SIDRA 5436
2016-03-01,MS,men,real_income,3623.0,R$,IBGE SIDRA 5436
2016-03-01,MS,total,real_income,3151.0,R$,IBGE SIDRA 5436
2016-03-01,MS,women,real_income,2513.0,R$,IBGE SIDRA 5436
2016-03-01,MT,men,real_income,3536.0,R$,IBGE SIDRA 5436
2016-03-01,MT,total,real_income,3161.0,R$,IBGE SIDRA 5436
2016-03-01,MT,women,real_income,2568.0,R$,IBGE SIDRA 5436
2016-03-01,PA,men,real_income,2185.0,R$,IBGE SIDRA 5436
2016-03-01,PA,total,real_income,2091.0,R$,IBGE SIDRA 5436
2016-03-01,PA,women,real_income,1928.0,R$,IBGE SIDRA 5436
2016-03-01,PB,men,real_income,2200.0,R$,IBGE SIDRA 5436
2016-03-01,PB,total,real_income,2135.0,R$,IBGE SIDRA 5436
2016-03-01,PB,women,real_income,2034.0,R$,IBGE SIDRA 5436
2016-03-01,PE,men,real_income,2554.0,R$,IBGE SIDRA 5436
2016-03-01,PE,total,real_income,2475.0,R$,IBGE SIDRA 5436
2016-03-01,PE,women,real_income,2358.0,R$,IBGE SIDRA 5436
2016-03-01,PI,men,real_income,2247.0,R$,IBGE SIDRA 5436
2016-03-01,PI,total,real_income,2104.0,R$,IBGE SIDRA 5436
2016-03-01,PI,women,real_income,1869.0,R$,IBGE SIDRA 5436
2016-03-01,PR,men,real_income,3775.0,R$,IBGE SIDRA 5436
2016-03-01,PR,total,real_income,3370.0,R$,IBGE SIDRA 5436
2016-03-01,PR,women,real_income,2809.0,R$,IBGE SIDRA 5436
2016-03-01,RJ,men,real_income,4055.0,R$,IBGE SIDRA 5436
2016-03-01,RJ,total,real_income,3661.0,R$,IBGE SIDRA 5436
2016-03-01,RJ,women,real_income,3130.0,R$,IBGE SIDRA 5436
2016-03-01,RN,men,real_income,2540.0,R$,IBGE SIDRA 5436
2016-03-01,RN,total,real_income,2373.0,R$,IBGE SIDRA 5436
2016-03-01,RN,women,real_income,2128.0,R$,IBGE SIDRA 5436
2016-03-01,RO,men,real_income,2752.0,R$,IBGE SIDRA 5436
2016-03-01,RO,total,real_income,2581.0,R$,IBGE SIDRA 5436
2016-03-01,RO,women,real_income,2283.0,R$,IBGE SIDRA 5436
2016-03-01,RR,men,real_income,3344.0,R$,IBGE SIDRA 5436
2016-03-01,RR,total,real_income,3169.0,R$,IBGE SIDRA 5436
2016-03-01,RR,women,real_income,2904.0,R$,IBGE SIDRA 5436
2016-03-01,RS,men,real_income,3927.0,R$,IBGE SIDRA 5436
2016-03-01,RS,total,real_income,3457.0,R$,IBGE SIDRA 5436
2016-03-01,RS,women,real_income,2832.0,R$,IBGE SIDRA 5436
2016-03-01,SC,men,real_income,3734.0,R$,IBGE SIDRA 5436
2016-03-01,SC,total,real_income,3318.0,R$,IBGE SIDRA 5436
2016-03-01,SC,women,real_income,2760.0,R$,IBGE SIDRA 5436
2016-03-01,SE,men,real_income,2528.0,R$,IBGE SIDRA 5436
2016-03-01,SE,total,real_income,2368.0,R$,IBGE SIDRA 5436
2016-03-01,SE,women,real_income,2120.0,R$,IBGE SIDRA 5436
2016-03-01,SP,men,real_income,5006.0,R$,IBGE SIDRA 5436
2016-03-01,SP,total,real_income,4333.0,R$,IBGE SIDRA 5436
2016-03-01,SP,women,real_income,3461.0,R$,IBGE SIDRA 5436
2016-03-01,TO,men,real_income,2818.0,R$,IBGE SIDRA 5436
2016-03-01,TO,total,real_income,2689.0,R$,IBGE SIDRA 5436
2016-03-01,TO,women,real_income,2479.0,R$,IBGE SIDRA 5436
2016-03-01,AC,men,unemployment,7.3,%,IBGE SIDRA 6396
2016-03-01,AC,total,unemployment,8.8,%,IBGE SIDRA 6396
2016-03-01,AC,women,unemployment,11.1,%,IBGE SIDRA 6396
2016-03-01,AL,men,unemployment,11.5,%,IBGE SIDRA 6396
2016-03-01,AL,total,unemployment,12.9,%,IBGE SIDRA 6396
2016-03-01,AL,women,unemployment,14.9,%,IBGE SIDRA 6396
2016-03-01,AM,men,unemployment,9.9,%,IBGE SIDRA 6396
2016-03-01,AM,total,unemployment,13.0,%,IBGE SIDRA 6396
2016-03-01,AM,women,unemployment,17.5,%,IBGE SIDRA 6396
2016-03-01,AP,men,unemployment,12.5,%,IBGE SIDRA 6396
2016-03-01,AP,total,unemployment,14.8,%,IBGE SIDRA 6396
2016-03-01,AP,women,unemployment,18.2,%,IBGE SIDRA 6396
2016-03-01,BA,men,unemployment,13.3,%,IBGE SIDRA 6396
2016-03-01,BA,total,unemployment,15.7,%,IBGE SIDRA 6396
2016-03-01,BA,women,unemployment,18.9,%,IBGE SIDRA 6396
2016-03-01,BR,men,unemployment,9.5,%,IBGE SIDRA 6396
2016-03-01,BR,total,unemployment,11.0,%,IBGE SIDRA 6396
2016-03-01,BR,women,unemployment,13.1,%,IBGE SIDRA 6396
2016-03-01,CE,men,unemployment,9.9,%,IBGE SIDRA 6396
2016-03-01,CE,total,unemployment,10.9,%,IBGE SIDRA 6396
2016-03-01,CE,women,unemployment,12.4,%,IBGE SIDRA 6396
2016-03-01,DF,men,unemployment,9.6,%,IBGE SIDRA 6396
2016-03-01,DF,total,unemployment,11.3,%,IBGE SIDRA 6396
2016-03-01,DF,women,unemployment,13.2,%,IBGE SIDRA 6396
2016-03-01,ES,men,unemployment,9.1,%,IBGE SIDRA 6396
2016-03-01,ES,total,unemployment,11.2,%,IBGE SIDRA 6396
2016-03-01,ES,women,unemployment,13.9,%,IBGE SIDRA 6396
2016-03-01,GO,men,unemployment,8.7,%,IBGE SIDRA 6396
2016-03-01,GO,total,unemployment,10.2,%,IBGE SIDRA 6396
2016-03-01,GO,women,unemployment,12.2,%,IBGE SIDRA 6396
2016-03-01,MA,men,unemployment,9.1,%,IBGE SIDRA 6396
2016-03-01,MA,total,unemployment,11.2,%,IBGE SIDRA 6396
2016-03-01,MA,women,unemployment,14.3,%,IBGE SIDRA 6396
2016-03-01,MG,men,unemployment,9.8,%,IBGE SIDRA 6396
2016-03-01,MG,total,unemployment,11.3,%,IBGE SIDRA 6396
2016-03-01,MG,women,unemployment,13.3,%,IBGE SIDRA 6396
2016-03-01,MS,men,unemployment,6.5,%,IBGE SIDRA 6396
2016-03-01,MS,total,unemployment,7.8,%,IBGE SIDRA 6396
2016-03-01,MS,women,unemployment,9.4,%,IBGE SIDRA 6396
2016-03-01,MT,men,unemployment,7.4,%,IBGE SIDRA 6396
2016-03-01,MT,total,unemployment,9.3,%,IBGE SIDRA 6396
2016-03-01,MT,women,unemployment,12.0,%,IBGE SIDRA 6396
2016-03-01,PA,men,unemployment,7.8,%,IBGE SIDRA 6396
2016-03-01,PA,total,unemployment,10.1,%,IBGE SIDRA 6396
2016-03-01,PA,women,unemployment,13.7,%,IBGE SIDRA 6396
2016-03-01,PB,men,unemployment,8.8,%,IBGE SIDRA 6396
2016-03-01,PB,total,unemployment,10.3,%,IBGE SIDRA 6396
2016-03-01,PB,women,unemployment,12.3,%,IBGE SIDRA 6396
2016-03-01,PE,men,unemployment,12.5,%,IBGE SIDRA 6396
2016-03-01,PE,total,unemployment,13.4,%,IBGE SIDRA 6396
2016-03-01,PE,women,unemployment,14.8,%,IBGE SIDRA 6396
2016-03-01,PI,men,unemployment,8.5,%,IBGE SIDRA 6396
2016-03-01,PI,total,unemployment,9.6,%,IBGE SIDRA 6396
2016-03-01,PI,women,unemployment,11.4,%,IBGE SIDRA 6396
2016-03-01,PR,men,unemployment,6.6,%,IBGE SIDRA 6396
2016-03-01,PR,total,unemployment,8.1,%,IBGE SIDRA 6396
2016-03-01,PR,women,unemployment,10.2,%,IBGE SIDRA 6396
2016-03-01,RJ,men,unemployment,8.7,%,IBGE SIDRA 6396
2016-03-01,RJ,total,unemployment,10.2,%,IBGE SIDRA 6396
2016-03-01,RJ,women,unemployment,12.0,%,IBGE SIDRA 6396
2016-03-01,RN,men,unemployment,13.2,%,IBGE SIDRA 6396
2016-03-01,RN,total,unemployment,14.5,%,IBGE SIDRA 6396
2016-03-01,RN,women,unemployment,16.4,%,IBGE SIDRA 6396
2016-03-01,RO,men,unemployment,6.2,%,IBGE SIDRA 6396
2016-03-01,RO,total,unemployment,7.6,%,IBGE SIDRA 6396
2016-03-01,RO,women,unemployment,9.8,%,IBGE SIDRA 6396
2016-03-01,RR,men,unemployment,5.2,%,IBGE SIDRA 6396
2016-03-01,RR,total,unemployment,8.4,%,IBGE SIDRA 6396
2016-03-01,RR,women,unemployment,12.7,%,IBGE SIDRA 6396
2016-03-01,RS,men,unemployment,6.1,%,IBGE SIDRA 6396
2016-03-01,RS,total,unemployment,7.6,%,IBGE SIDRA 6396
2016-03-01,RS,women,unemployment,9.4,%,IBGE SIDRA 6396
2016-03-01,SC,men,unemployment,4.9,%,IBGE SIDRA 6396
2016-03-01,SC,total,unemployment,6.1,%,IBGE SIDRA 6396
2016-03-01,SC,women,unemployment,7.7,%,IBGE SIDRA 6396
2016-03-01,SE,men,unemployment,9.7,%,IBGE SIDRA 6396
2016-03-01,SE,total,unemployment,11.6,%,IBGE SIDRA 6396
2016-03-01,SE,women,unemployment,14.2,%,IBGE SIDRA 6396
2016-03-01,SP,men,unemployment,10.8,%,IBGE SIDRA 6396
2016-03-01,SP,total,unemployment,12.2,%,IBGE SIDRA 6396
2016-03-01,SP,women,unemployment,13.9,%,IBGE SIDRA 6396
2016-03-01,TO,men,unemployment,9.0,%,IBGE SIDRA 6396
2016-03-01,TO,total,unemployment,10.8,%,IBGE SIDRA 6396
2016-03-01,TO,women,unemployment,13.6,%,IBGE SIDRA 6396
2016-06-01,AC,men,real_income,2662.0,R$,IBGE SIDRA 5436
2016-06-01,AC,total,real_income,2606.0,R$,IBGE SIDRA 5436
2016-06-01,AC,women,real_income,2512.0,R$,IBGE SIDRA 5436
2016-06-01,AL,men,real_income,2229.0,R$,IBGE SIDRA 5436
2016-06-01,AL,total,real_income,2111.0,R$,IBGE SIDRA 5436
2016-06-01,AL,women,real_income,1921.0,R$,IBGE SIDRA 5436
2016-06-01,AM,men,real_income,2692.0,R$,IBGE SIDRA 5436
2016-06-01,AM,total,real_income,2602.0,R$,IBGE SIDRA 5436
2016-06-01,AM,women,real_income,2448.0,R$,IBGE SIDRA 5436
2016-06-01,AP,men,real_income,3261.0,R$,IBGE SIDRA 5436
2016-06-01,AP,total,real_income,3320.0,R$,IBGE SIDRA 5436
2016-06-01,AP,women,real_income,3406.0,R$,IBGE SIDRA 5436
2016-06-01,BA,men,real_income,2202.0,R$,IBGE SIDRA 5436
2016-06-01,BA,total,real_income,2066.0,R$,IBGE SIDRA 5436
2016-06-01,BA,women,real_income,1869.0,R$,IBGE SIDRA 5436
2016-06-01,BR,men,real_income,3526.0,R$,IBGE SIDRA 5436
2016-06-01,BR,total,real_income,3198.0,R$,IBGE SIDRA 5436
2016-06-01,BR,women,real_income,2740.0,R$,IBGE SIDRA 5436
2016-06-01,CE,men,real_income,2276.0,R$,IBGE SIDRA 5436
2016-06-01,CE,total,real_income,2145.0,R$,IBGE SIDRA 5436
2016-06-01,CE,women,real_income,1955.0,R$,IBGE SIDRA 5436
2016-06-01,DF,men,real_income,6565.0,R$,IBGE SIDRA 5436
2016-06-01,DF,total,real_income,5848.0,R$,IBGE SIDRA 5436
2016-06-01,DF,women,real_income,4993.0,R$,IBGE SIDRA 5436
2016-06-01,ES,men,real_income,3357.0,R$,IBGE SIDRA 5436
2016-06-01,ES,total,real_income,3083.0,R$,IBGE SIDRA 5436
2016-06-01,ES,women,real_income,2698.0,R$,IBGE SIDRA 5436
2016-06-01,GO,men,real_income,3330.0,R$,IBGE SIDRA 5436
2016-06-01,GO,total,real_income,2967.0,R$,IBGE SIDRA 5436
2016-06-01,GO,women,real_income,2443.0,R$,IBGE SIDRA 5436
2016-06-01,MA,men,real_income,1794.0,R$,IBGE SIDRA 5436
2016-06-01,MA,total,real_income,1734.0,R$,IBGE SIDRA 5436
2016-06-01,MA,women,real_income,1638.0,R$,IBGE SIDRA 5436
2016-06-01,MG,men,real_income,3173.0,R$,IBGE SIDRA 5436
2016-06-01,MG,total,real_income,2855.0,R$,IBGE SIDRA 5436
2016-06-01,MG,women,real_income,2417.0,R$,IBGE SIDRA 5436
2016-06-01,MS,men,real_income,3586.0,R$,IBGE SIDRA 5436
2016-06-01,MS,total,real_income,3086.0,R$,IBGE SIDRA 5436
2016-06-01,MS,women,real_income,2426.0,R$,IBGE SIDRA 5436
2016-06-01,MT,men,real_income,3581.0,R$,IBGE SIDRA 5436
2016-06-01,MT,total,real_income,3224.0,R$,IBGE SIDRA 5436
2016-06-01,MT,women,real_income,2654.0,R$,IBGE SIDRA 5436
2016-06-01,PA,men,real_income,2207.0,R$,IBGE SIDRA 5436
2016-06-01,PA,total,real_income,2122.0,R$,IBGE SIDRA 5436
2016-06-01,PA,women,real_income,1974.0,R$,IBGE SIDRA 5436
2016-06-01,PB,men,real_income,2239.0,R$,IBGE SIDRA 5436
2016-06-01,PB,total,real_income,2156.0,R$,IBGE SIDRA 5436
2016-06-01,PB,women,real_income,2027.0,R$,IBGE SIDRA 5436
2016-06-01,PE,men,real_income,2499.0,R$,IBGE SIDRA 5436
2016-06-01,PE,total,real_income,2440.0,R$,IBGE SIDRA 5436
2016-06-01,PE,women,real_income,2353.0,R$,IBGE SIDRA 5436
2016-06-01,PI,men,real_income,2286.0,R$,IBGE SIDRA 5436
2016-06-01,PI,total,real_income,2141.0,R$,IBGE SIDRA 5436
2016-06-01,PI,women,real_income,1919.0,R$,IBGE SIDRA 5436
2016-06-01,PR,men,real_income,3734.0,R$,IBGE SIDRA 5436
2016-06-01,PR,total,real_income,3353.0,R$,IBGE SIDRA 5436
2016-06-01,PR,women,real_income,2828.0,R$,IBGE SIDRA 5436
2016-06-01,RJ,men,real_income,4079.0,R$,IBGE SIDRA 5436
2016-06-01,RJ,total,real_income,3663.0,R$,IBGE SIDRA 5436
2016-06-01,RJ,women,real_income,3105.0,R$,IBGE SIDRA 5436
2016-06-01,RN,men,real_income,2590.0,R$,IBGE SIDRA 5436
2016-06-01,RN,total,real_income,2458.0,R$,IBGE SIDRA 5436
2016-06-01,RN,women,real_income,2264.0,R$,IBGE SIDRA 5436
2016-06-01,RO,men,real_income,2695.0,R$,IBGE SIDRA 5436
2016-06-01,RO,total,real_income,2537.0,R$,IBGE SIDRA 5436
2016-06-01,RO,women,real_income,2251.0,R$,IBGE SIDRA 5436
2016-06-01,RR,men,real_income,3332.0,R$,IBGE SIDRA 5436
2016-06-01,RR,total,real_income,3213.0,R$,IBGE SIDRA 5436
2016-06-01,RR,women,real_income,3038.0,R$,IBGE SIDRA 5436
2016-06-01,RS,men,real_income,3951.0,R$,IBGE SIDRA 5436
2016-06-01,RS,total,real_income,3488.0,R$,IBGE SIDRA 5436
2016-06-01,RS,women,real_income,2871.0,R$,IBGE SIDRA 5436
2016-06-01,SC,men,real_income,3678.0,R$,IBGE SIDRA 5436
2016-06-01,SC,total,real_income,3265.0,R$,IBGE SIDRA 5436
2016-06-01,SC,women,real_income,2708.0,R$,IBGE SIDRA 5436
2016-06-01,SE,men,real_income,2816.0,R$,IBGE SIDRA 5436
2016-06-01,SE,total,real_income,2584.0,R$,IBGE SIDRA 5436
2016-06-01,SE,women,real_income,2246.0,R$,IBGE SIDRA 5436
2016-06-01,SP,men,real_income,4795.0,R$,IBGE SIDRA 5436
2016-06-01,SP,total,real_income,4192.0,R$,IBGE SIDRA 5436
2016-06-01,SP,women,real_income,3412.0,R$,IBGE SIDRA 5436
2016-06-01,TO,men,real_income,2790.0,R$,IBGE SIDRA 5436
2016-06-01,TO,total,real_income,2606.0,R$,IBGE SIDRA 5436
2016-06-01,TO,women,real_income,2318.0,R$,IBGE SIDRA 5436
2016-06-01,AC,men,unemployment,9.3,%,IBGE SIDRA 6396
2016-06-01,AC,total,unemployment,11.1,%,IBGE SIDRA 6396
2016-06-01,AC,women,unemployment,13.9,%,IBGE SIDRA 6396
2016-06-01,AL,men,unemployment,12.7,%,IBGE SIDRA 6396
2016-06-01,AL,total,unemployment,14.1,%,IBGE SIDRA 6396
2016-06-01,AL,women,unemployment,16.2,%,IBGE SIDRA 6396
2016-06-01,AM,men,unemployment,10.1,%,IBGE SIDRA 6396
2016-06-01,AM,total,unemployment,13.5,%,IBGE SIDRA 6396
2016-06-01,AM,women,unemployment,18.3,%,IBGE SIDRA 6396
2016-06-01,AP,men,unemployment,11.8,%,IBGE SIDRA 6396
2016-06-01,AP,total,unemployment,16.2,%,IBGE SIDRA 6396
2016-06-01,AP,women,unemployment,21.6,%,IBGE SIDRA 6396
2016-06-01,BA,men,unemployment,13.2,%,IBGE SIDRA 6396
2016-06-01,BA,total,unemployment,15.6,%,IBGE SIDRA 6396
2016-06-01,BA,women,unemployment,18.7,%,IBGE SIDRA 6396
2016-06-01,BR,men,unemployment,9.8,%,IBGE SIDRA 6396
2016-06-01,BR,total,unemployment,11.4,%,IBGE SIDRA 6396
2016-06-01,BR,women,unemployment,13.5,%,IBGE SIDRA 6396
2016-06-01,CE,men,unemployment,10.5,%,IBGE SIDRA 6396
2016-06-01,CE,total,unemployment,11.6,%,IBGE SIDRA 6396
2016-06-01,CE,women,unemployment,13.1,%,IBGE SIDRA 6396
2016-06-01,DF,men,unemployment,8.8,%,IBGE SIDRA 6396
2016-06-01,DF,total,unemployment,11.0,%,IBGE SIDRA 6396
2016-06-01,DF,women,unemployment,13.5,%,IBGE SIDRA 6396
2016-06-01,ES,men,unemployment,10.6,%,IBGE SIDRA 6396
2016-06-01,ES,total,unemployment,11.6,%,IBGE SIDRA 6396
2016-06-01,ES,women,unemployment,13.0,%,IBGE SIDRA 6396
2016-06-01,GO,men,unemployment,8.0,%,IBGE SIDRA 6396
2016-06-01,GO,total,unemployment,10.3,%,IBGE SIDRA 6396
2016-06-01,GO,women,unemployment,13.3,%,IBGE SIDRA 6396
2016-06-01,MA,men,unemployment,10.6,%,IBGE SIDRA 6396
2016-06-01,MA,total,unemployment,12.1,%,IBGE SIDRA 6396
2016-06-01,MA,women,unemployment,14.3,%,IBGE SIDRA 6396
2016-06-01,MG,men,unemployment,9.8,%,IBGE SIDRA 6396
2016-06-01,MG,total,unemployment,11.0,%,IBGE SIDRA 6396
2016-06-01,MG,women,unemployment,12.7,%,IBGE SIDRA 6396
2016-06-01,MS,men,unemployment,6.1,%,IBGE SIDRA 6396
2016-06-01,MS,total,unemployment,7.0,%,IBGE SIDRA 6396
2016-06-01,MS,women,unemployment,8.2,%,IBGE SIDRA 6396
2016-06-01,MT,men,unemployment,7.4,%,IBGE SIDRA 6396
2016-06-01,MT,total,unemployment,10.0,%,IBGE SIDRA 6396
2016-06-01,MT,women,unemployment,13.8,%,IBGE SIDRA 6396
2016-06-01,PA,men,unemployment,8.8,%,IBGE SIDRA 6396
2016-06-01,PA,total,unemployment,10.9,%,IBGE SIDRA 6396
2016-06-01,PA,women,unemployment,14.3,%,IBGE SIDRA 6396
2016-06-01,PB,men,unemployment,9.7,%,IBGE SIDRA 6396
2016-06-01,PB,total,unemployment,11.0,%,IBGE SIDRA 6396
2016-06-01,PB,women,unemployment,12.8,%,IBGE SIDRA 6396
2016-06-01,PE,men,unemployment,13.0,%,IBGE SIDRA 6396
2016-06-01,PE,total,unemployment,14.2,%,IBGE SIDRA 6396
2016-06-01,PE,women,unemployment,15.9,%,IBGE SIDRA 6396
2016-06-01,PI,men,unemployment,10.7,%,IBGE SIDRA 6396
2016-06-01,PI,total,unemployment,10.1,%,IBGE SIDRA 6396
2016-06-01,PI,women,unemployment,9.1,%,IBGE SIDRA 6396
2016-06-01,PR,men,unemployment,6.9,%,IBGE SIDRA 6396
2016-06-01,PR,total,unemployment,8.2,%,IBGE SIDRA 6396
2016-06-01,PR,women,unemployment,9.9,%,IBGE SIDRA 6396
2016-06-01,RJ,men,unemployment,10.1,%,IBGE SIDRA 6396
2016-06-01,RJ,total,unemployment,11.5,%,IBGE SIDRA 6396
2016-06-01,RJ,women,unemployment,13.4,%,IBGE SIDRA 6396
2016-06-01,RN,men,unemployment,11.6,%,IBGE SIDRA 6396
2016-06-01,RN,total,unemployment,13.6,%,IBGE SIDRA 6396
2016-06-01,RN,women,unemployment,16.4,%,IBGE SIDRA 6396
2016-06-01,RO,men,unemployment,5.2,%,IBGE SIDRA 6396
2016-06-01,RO,total,unemployment,7.9,%,IBGE SIDRA 6396
2016-06-01,RO,women,unemployment,12.3,%,IBGE SIDRA 6396
2016-06-01,RR,men,unemployment,5.9,%,IBGE SIDRA 6396
2016-06-01,RR,total,unemployment,8.1,%,IBGE SIDRA 6396
2016-06-01,RR,women,unemployment,11.0,%,IBGE SIDRA 6396
2016-06-01,RS,men,unemployment,7.2,%,IBGE SIDRA 6396
2016-06-01,RS,total,unemployment,8.9,%,IBGE SIDRA 6396
2016-06-01,RS,women,unemployment,11.0,%,IBGE SIDRA 6396
2016-06-01,SC,men,unemployment,5.4,%,IBGE SIDRA 6396
2016-06-01,SC,total,unemployment,6.8,%,IBGE SIDRA 6396
2016-06-01,SC,women,unemployment,8.5,%,IBGE SIDRA 6396
2016-06-01,SE,men,unemployment,11.7,%,IBGE SIDRA 6396
2016-06-01,SE,total,unemployment,12.9,%,IBGE SIDRA 6396
2016-06-01,SE,women,unemployment,14.6,%,IBGE SIDRA 6396
2016-06-01,SP,men,unemployment,10.7,%,IBGE SIDRA 6396
2016-06-01,SP,total,unemployment,12.3,%,IBGE SIDRA 6396
2016-06-01,SP,women,unemployment,14.1,%,IBGE SIDRA 6396
2016-06-01,TO,men,unemployment,9.8,%,IBGE SIDRA 6396
2016-06-01,TO,total,unemployment,11.2,%,IBGE SIDRA 6396
2016-06-01,TO,women,unemployment,13.4,%,IBGE SIDRA 6396
2016-09-01,AC,men,real_income,2642.0,R$,IBGE SIDRA 5436
2016-09-01,AC,total,real_income,2551.0,R$,IBGE SIDRA 5436
2016-09-01,AC,women,real_income,2405.0,R$,IBGE SIDRA 5436
2016-09-01,AL,men,real_income,2168.0,R$,IBGE SIDRA 5436
2016-09-01,AL,total,real_income,2080.0,R$,IBGE SIDRA 5436
2016-09-01,AL,women,real_income,1947.0,R$,IBGE SIDRA 5436
2016-09-01,AM,men,real_income,2559.0,R$,IBGE SIDRA 5436
2016-09-01,AM,total,real_income,2461.0,R$,IBGE SIDRA 5436
2016-09-01,AM,women,real_income,2297.0,R$,IBGE SIDRA 5436
2016-09-01,AP,men,real_income,3134.0,R$,IBGE SIDRA 5436
2016-09-01,AP,total,real_income,3153.0,R$,IBGE SIDRA 5436
2016-09-01,AP,women,real_income,3182.0,R$,IBGE SIDRA 5436
2016-09-01,BA,men,real_income,2248.0,R$,IBGE SIDRA 5436
2016-09-01,BA,total,real_income,2080.0,R$,IBGE SIDRA 5436
2016-09-01,BA,women,real_income,1835.0,R$,IBGE SIDRA 5436
2016-09-01,BR,men,real_income,3560.0,R$,IBGE SIDRA 5436
2016-09-01,BR,total,real_income,3224.0,R$,IBGE SIDRA 5436
2016-09-01,BR,women,real_income,2756.0,R$,IBGE SIDRA 5436
2016-09-01,CE,men,real_income,2161.0,R$,IBGE SIDRA 5436
2016-09-01,CE,total,real_income,2046.0,R$,IBGE SIDRA 5436
2016-09-01,CE,women,real_income,1877.0,R$,IBGE SIDRA 5436
2016-09-01,DF,men,real_income,6446.0,R$,IBGE SIDRA 5436
2016-09-01,DF,total,real_income,5807.0,R$,IBGE SIDRA 5436
2016-09-01,DF,women,real_income,5051.0,R$,IBGE SIDRA 5436
2016-09-01,ES,men,real_income,3395.0,R$,IBGE SIDRA 5436
2016-09-01,ES,total,real_income,3092.0,R$,IBGE SIDRA 5436
2016-09-01,ES,women,real_income,2657.0,R$,IBGE SIDRA 5436
2016-09-01,GO,men,real_income,3374.0,R$,IBGE SIDRA 5436
2016-09-01,GO,total,real_income,3007.0,R$,IBGE SIDRA 5436
2016-09-01,GO,women,real_income,2464.0,R$,IBGE SIDRA 5436
2016-09-01,MA,men,real_income,1840.0,R$,IBGE SIDRA 5436
2016-09-01,MA,total,real_income,1784.0,R$,IBGE SIDRA 5436
2016-09-01,MA,women,real_income,1692.0,R$,IBGE SIDRA 5436
2016-09-01,MG,men,real_income,3154.0,R$,IBGE SIDRA 5436
2016-09-01,MG,total,real_income,2812.0,R$,IBGE SIDRA 5436
2016-09-01,MG,women,real_income,2350.0,R$,IBGE SIDRA 5436
2016-09-01,MS,men,real_income,3720.0,R$,IBGE SIDRA 5436
2016-09-01,MS,total,real_income,3265.0,R$,IBGE SIDRA 5436
2016-09-01,MS,women,real_income,2656.0,R$,IBGE SIDRA 5436
2016-09-01,MT,men,real_income,3567.0,R$,IBGE SIDRA 5436
2016-09-01,MT,total,real_income,3191.0,R$,IBGE SIDRA 5436
2016-09-01,MT,women,real_income,2596.0,R$,IBGE SIDRA 5436
2016-09-01,PA,men,real_income,2246.0,R$,IBGE SIDRA 5436
2016-09-01,PA,total,real_income,2138.0,R$,IBGE SIDRA 5436
2016-09-01,PA,women,real_income,1956.0,R$,IBGE SIDRA 5436
2016-09-01,PB,men,real_income,2442.0,R$,IBGE SIDRA 5436
2016-09-01,PB,total,real_income,2276.0,R$,IBGE SIDRA 5436
2016-09-01,PB,women,real_income,2028.0,R$,IBGE SIDRA 5436
2016-09-01,PE,men,real_income,2593.0,R$,IBGE SIDRA 5436
2016-09-01,PE,total,real_income,2456.0,R$,IBGE SIDRA 5436
2016-09-01,PE,women,real_income,2246.0,R$,IBGE SIDRA 5436
2016-09-01,PI,men,real_income,2181.0,R$,IBGE SIDRA 5436
2016-09-01,PI,total,real_income,2055.0,R$,IBGE SIDRA 5436
2016-09-01,PI,women,real_income,1869.0,R$,IBGE SIDRA 5436
2016-09-01,PR,men,real_income,3815.0,R$,IBGE SIDRA 5436
2016-09-01,PR,total,real_income,3431.0,R$,IBGE SIDRA 5436
2016-09-01,PR,women,real_income,2904.0,R$,IBGE SIDRA 5436
2016-09-01,RJ,men,real_income,3956.0,R$,IBGE SIDRA 5436
2016-09-01,RJ,total,real_income,3564.0,R$,IBGE SIDRA 5436
2016-09-01,RJ,women,real_income,3038.0,R$,IBGE SIDRA 5436
2016-09-01,RN,men,real_income,2543.0,R$,IBGE SIDRA 5436
2016-09-01,RN,total,real_income,2402.0,R$,IBGE SIDRA 5436
2016-09-01,RN,women,real_income,2198.0,R$,IBGE SIDRA 5436
2016-09-01,RO,men,real_income,2761.0,R$,IBGE SIDRA 5436
2016-09-01,RO,total,real_income,2576.0,R$,IBGE SIDRA 5436
2016-09-01,RO,women,real_income,2259.0,R$,IBGE SIDRA 5436
2016-09-01,RR,men,real_income,3379.0,R$,IBGE SIDRA 5436
2016-09-01,RR,total,real_income,3241.0,R$,IBGE SIDRA 5436
2016-09-01,RR,women,real_income,3026.0,R$,IBGE SIDRA 5436
2016-09-01,RS,men,real_income,4032.0,R$,IBGE SIDRA 5436
2016-09-01,RS,total,real_income,3557.0,R$,IBGE SIDRA 5436
2016-09-01,RS,women,real_income,2938.0,R$,IBGE SIDRA 5436
2016-09-01,SC,men,real_income,3832.0,R$,IBGE SIDRA 5436
2016-09-01,SC,total,real_income,3393.0,R$,IBGE SIDRA 5436
2016-09-01,SC,women,real_income,2805.0,R$,IBGE SIDRA 5436
2016-09-01,SE,men,real_income,2616.0,R$,IBGE SIDRA 5436
2016-09-01,SE,total,real_income,2474.0,R$,IBGE SIDRA 5436
2016-09-01,SE,women,real_income,2257.0,R$,IBGE SIDRA 5436
2016-09-01,SP,men,real_income,4888.0,R$,IBGE SIDRA 5436
2016-09-01,SP,total,real_income,4281.0,R$,IBGE SIDRA 5436
2016-09-01,SP,women,real_income,3498.0,R$,IBGE SIDRA 5436
2016-09-01,TO,men,real_income,2690.0,R$,IBGE SIDRA 5436
2016-09-01,TO,total,real_income,2548.0,R$,IBGE SIDRA 5436
2016-09-01,TO,women,real_income,2319.0,R$,IBGE SIDRA 5436
2016-09-01,AC,men,unemployment,10.2,%,IBGE SIDRA 6396
2016-09-01,AC,total,unemployment,12.2,%,IBGE SIDRA 6396
2016-09-01,AC,women,unemployment,15.1,%,IBGE SIDRA 6396
2016-09-01,AL,men,unemployment,14.0,%,IBGE SIDRA 6396
2016-09-01,AL,total,unemployment,14.9,%,IBGE SIDRA 6396
2016-09-01,AL,women,unemployment,16.2,%,IBGE SIDRA 6396
2016-09-01,AM,men,unemployment,11.0,%,IBGE SIDRA 6396
2016-09-01,AM,total,unemployment,13.8,%,IBGE SIDRA 6396
2016-09-01,AM,women,unemployment,17.7,%,IBGE SIDRA 6396
2016-09-01,AP,men,unemployment,11.2,%,IBGE SIDRA 6396
2016-09-01,AP,total,unemployment,15.1,%,IBGE SIDRA 6396
2016-09-01,AP,women,unemployment,20.2,%,IBGE SIDRA 6396
2016-09-01,BA,men,unemployment,13.5,%,IBGE SIDRA 6396
2016-09-01,BA,total,unemployment,16.0,%,IBGE SIDRA 6396
2016-09-01,BA,women,unemployment,19.3,%,IBGE SIDRA 6396
2016-09-01,BR,men,unemployment,10.4,%,IBGE SIDRA 6396
2016-09-01,BR,total,unemployment,11.9,%,IBGE SIDRA 6396
2016-09-01,BR,women,unemployment,13.8,%,IBGE SIDRA 6396
2016-09-01,CE,men,unemployment,12.1,%,IBGE SIDRA 6396
2016-09-01,CE,total,unemployment,13.3,%,IBGE SIDRA 6396
2016-09-01,CE,women,unemployment,14.9,%,IBGE SIDRA 6396
2016-09-01,DF,men,unemployment,10.0,%,IBGE SIDRA 6396
2016-09-01,DF,total,unemployment,12.1,%,IBGE SIDRA 6396
2016-09-01,DF,women,unemployment,14.5,%,IBGE SIDRA 6396
2016-09-01,ES,men,unemployment,11.5,%,IBGE SIDRA 6396
2016-09-01,ES,total,unemployment,12.9,%,IBGE SIDRA 6396
2016-09-01,ES,women,unemployment,14.8,%,IBGE SIDRA 6396
2016-09-01,GO,men,unemployment,9.0,%,IBGE SIDRA 6396
2016-09-01,GO,total,unemployment,10.7,%,IBGE SIDRA 6396
2016-09-01,GO,women,unemployment,13.0,%,IBGE SIDRA 6396
2016-09-01,MA,men,unemployment,11.3,%,IBGE SIDRA 6396
2016-09-01,MA,total,unemployment,12.1,%,IBGE SIDRA 6396
2016-09-01,MA,women,unemployment,13.4,%,IBGE SIDRA 6396
2016-09-01,MG,men,unemployment,9.9,%,IBGE SIDRA 6396
2016-09-01,MG,total,unemployment,11.3,%,IBGE SIDRA 6396
2016-09-01,MG,women,unemployment,13.1,%,IBGE SIDRA 6396
2016-09-01,MS,men,unemployment,6.2,%,IBGE SIDRA 6396
2016-09-01,MS,total,unemployment,7.7,%,IBGE SIDRA 6396
2016-09-01,MS,women,unemployment,9.6,%,IBGE SIDRA 6396
2016-09-01,MT,men,unemployment,7.7,%,IBGE SIDRA 6396
2016-09-01,MT,total,unemployment,9.1,%,IBGE SIDRA 6396
2016-09-01,MT,women,unemployment,11.2,%,IBGE SIDRA 6396
2016-09-01,PA,men,unemployment,9.1,%,IBGE SIDRA 6396
2016-09-01,PA,total,unemployment,11.1,%,IBGE SIDRA 6396
2016-09-01,PA,women,unemployment,14.1,%,IBGE SIDRA 6396
2016-09-01,PB,men,unemployment,11.8,%,IBGE SIDRA 6396
2016-09-01,PB,total,unemployment,13.0,%,IBGE SIDRA 6396
2016-09-01,PB,women,unemployment,14.7,%,IBGE SIDRA 6396
2016-09-01,PE,men,unemployment,14.0,%,IBGE SIDRA 6396
2016-09-01,PE,total,unemployment,15.5,%,IBGE SIDRA 6396
2016-09-01,PE,women,unemployment,17.5,%,IBGE SIDRA 6396
2016-09-01,PI,men,unemployment,10.0,%,IBGE SIDRA 6396
2016-09-01,PI,total,unemployment,9.6,%,IBGE SIDRA 6396
2016-09-01,PI,women,unemployment,9.0,%,IBGE SIDRA 6396
2016-09-01,PR,men,unemployment,7.3,%,IBGE SIDRA 6396
2016-09-01,PR,total,unemployment,8.6,%,IBGE SIDRA 6396
2016-09-01,PR,women,unemployment,10.2,%,IBGE SIDRA 6396
2016-09-01,RJ,men,unemployment,10.8,%,IBGE SIDRA 6396
2016-09-01,RJ,total,unemployment,12.2,%,IBGE SIDRA 6396
2016-09-01,RJ,women,unemployment,14.0,%,IBGE SIDRA 6396
2016-09-01,RN,men,unemployment,13.1,%,IBGE SIDRA 6396
2016-09-01,RN,total,unemployment,14.3,%,IBGE SIDRA 6396
2016-09-01,RN,women,unemployment,15.8,%,IBGE SIDRA 6396
2016-09-01,RO,men,unemployment,7.5,%,IBGE SIDRA 6396
2016-09-01,RO,total,unemployment,8.5,%,IBGE SIDRA 6396
2016-09-01,RO,women,unemployment,10.0,%,IBGE SIDRA 6396
2016-09-01,RR,men,unemployment,8.6,%,IBGE SIDRA 6396
2016-09-01,RR,total,unemployment,9.9,%,IBGE SIDRA 6396
2016-09-01,RR,women,unemployment,11.8,%,IBGE SIDRA 6396
2016-09-01,RS,men,unemployment,7.5,%,IBGE SIDRA 6396
2016-09-01,RS,total,unemployment,8.3,%,IBGE SIDRA 6396
2016-09-01,RS,women,unemployment,9.4,%,IBGE SIDRA 6396
2016-09-01,SC,men,unemployment,5.4,%,IBGE SIDRA 6396
2016-09-01,SC,total,unemployment,6.4,%,IBGE SIDRA 6396
2016-09-01,SC,women,unemployment,7.7,%,IBGE SIDRA 6396
2016-09-01,SE,men,unemployment,13.0,%,IBGE SIDRA 6396
2016-09-01,SE,total,unemployment,14.5,%,IBGE SIDRA 6396
2016-09-01,SE,women,unemployment,16.5,%,IBGE SIDRA 6396
2016-09-01,SP,men,unemployment,11.2,%,IBGE SIDRA 6396
2016-09-01,SP,total,unemployment,12.9,%,IBGE SIDRA 6396
2016-09-01,SP,women,unemployment,14.9,%,IBGE SIDRA 6396
2016-09-01,TO,men,unemployment,10.2,%,IBGE SIDRA 6396
2016-09-01,TO,total,unemployment,10.8,%,IBGE SIDRA 6396
2016-09-01,TO,women,unemployment,11.8,%,IBGE SIDRA 6396
2016-12-01,AC,men,real_income,2827.0,R$,IBGE SIDRA 5436
2016-12-01,AC,total,real_income,2691.0,R$,IBGE SIDRA 5436
2016-12-01,AC,women,real_income,2476.0,R$,IBGE SIDRA 5436
2016-12-01,AL,men,real_income,2201.0,R$,IBGE SIDRA 5436
2016-12-01,AL,total,real_income,2134.0,R$,IBGE SIDRA 5436
2016-12-01,AL,women,real_income,2029.0,R$,IBGE SIDRA 5436
2016-12-01,AM,men,real_income,2489.0,R$,IBGE SIDRA 5436
2016-12-01,AM,total,real_income,2410.0,R$,IBGE SIDRA 5436
2016-12-01,AM,women,real_income,2271.0,R$,IBGE SIDRA 5436
2016-12-01,AP,men,real_income,3124.0,R$,IBGE SIDRA 5436
2016-12-01,AP,total,real_income,3209.0,R$,IBGE SIDRA 5436
2016-12-01,AP,women,real_income,3335.0,R$,IBGE SIDRA 5436
2016-12-01,BA,men,real_income,2255.0,R$,IBGE SIDRA 5436
2016-12-01,BA,total,real_income,2112.0,R$,IBGE SIDRA 5436
2016-12-01,BA,women,real_income,1905.0,R$,IBGE SIDRA 5436
2016-12-01,BR,men,real_income,3586.0,R$,IBGE SIDRA 5436
2016-12-01,BR,total,real_income,3252.0,R$,IBGE SIDRA 5436
2016-12-01,BR,women,real_income,2789.0,R$,IBGE SIDRA 5436
2016-12-01,CE,men,real_income,2232.0,R$,IBGE SIDRA 5436
2016-12-01,CE,total,real_income,2113.0,R$,IBGE SIDRA 5436
2016-12-01,CE,women,real_income,1937.0,R$,IBGE SIDRA 5436
2016-12-01,DF,men,real_income,6255.0,R$,IBGE SIDRA 5436
2016-12-01,DF,total,real_income,5671.0,R$,IBGE SIDRA 5436
2016-12-01,DF,women,real_income,4959.0,R$,IBGE SIDRA 5436
2016-12-01,ES,men,real_income,3434.0,R$,IBGE SIDRA 5436
2016-12-01,ES,total,real_income,3096.0,R$,IBGE SIDRA 5436
2016-12-01,ES,women,real_income,2629.0,R$,IBGE SIDRA 5436
2016-12-01,GO,men,real_income,3409.0,R$,IBGE SIDRA 5436
2016-12-01,GO,total,real_income,3048.0,R$,IBGE SIDRA 5436
2016-12-01,GO,women,real_income,2522.0,R$,IBGE SIDRA 5436
2016-12-01,MA,men,real_income,1836.0,R$,IBGE SIDRA 5436
2016-12-01,MA,total,real_income,1773.0,R$,IBGE SIDRA 5436
2016-12-01,MA,women,real_income,1671.0,R$,IBGE SIDRA 5436
2016-12-01,MG,men,real_income,3165.0,R$,IBGE SIDRA 5436
2016-12-01,MG,total,real_income,2827.0,R$,IBGE SIDRA 5436
2016-12-01,MG,women,real_income,2374.0,R$,IBGE SIDRA 5436
2016-12-01,MS,men,real_income,3825.0,R$,IBGE SIDRA 5436
2016-12-01,MS,total,real_income,3340.0,R$,IBGE SIDRA 5436
2016-12-01,MS,women,real_income,2689.0,R$,IBGE SIDRA 5436
2016-12-01,MT,men,real_income,3521.0,R$,IBGE SIDRA 5436
2016-12-01,MT,total,real_income,3114.0,R$,IBGE SIDRA 5436
2016-12-01,MT,women,real_income,2488.0,R$,IBGE SIDRA 5436
2016-12-01,PA,men,real_income,2189.0,R$,IBGE SIDRA 5436
2016-12-01,PA,total,real_income,2100.0,R$,IBGE SIDRA 5436
2016-12-01,PA,women,real_income,1945.0,R$,IBGE SIDRA 5436
2016-12-01,PB,men,real_income,2465.0,R$,IBGE SIDRA 5436
2016-12-01,PB,total,real_income,2350.0,R$,IBGE SIDRA 5436
2016-12-01,PB,women,real_income,2179.0,R$,IBGE SIDRA 5436
2016-12-01,PE,men,real_income,2550.0,R$,IBGE SIDRA 5436
2016-12-01,PE,total,real_income,2438.0,R$,IBGE SIDRA 5436
2016-12-01,PE,women,real_income,2269.0,R$,IBGE SIDRA 5436
2016-12-01,PI,men,real_income,2156.0,R$,IBGE SIDRA 5436
2016-12-01,PI,total,real_income,2053.0,R$,IBGE SIDRA 5436
2016-12-01,PI,women,real_income,1892.0,R$,IBGE SIDRA 5436
2016-12-01,PR,men,real_income,3939.0,R$,IBGE SIDRA 5436
2016-12-01,PR,total,real_income,3526.0,R$,IBGE SIDRA 5436
2016-12-01,PR,women,real_income,2968.0,R$,IBGE SIDRA 5436
2016-12-01,RJ,men,real_income,3936.0,R$,IBGE SIDRA 5436
2016-12-01,RJ,total,real_income,3566.0,R$,IBGE SIDRA 5436
2016-12-01,RJ,women,real_income,3062.0,R$,IBGE SIDRA 5436
2016-12-01,RN,men,real_income,2679.0,R$,IBGE SIDRA 5436
2016-12-01,RN,total,real_income,2532.0,R$,IBGE SIDRA 5436
2016-12-01,RN,women,real_income,2319.0,R$,IBGE SIDRA 5436
2016-12-01,RO,men,real_income,2766.0,R$,IBGE SIDRA 5436
2016-12-01,RO,total,real_income,2584.0,R$,IBGE SIDRA 5436
2016-12-01,RO,women,real_income,2285.0,R$,IBGE SIDRA 5436
2016-12-01,RR,men,real_income,3396.0,R$,IBGE SIDRA 5436
2016-12-01,RR,total,real_income,3225.0,R$,IBGE SIDRA 5436
2016-12-01,RR,women,real_income,2958.0,R$,IBGE SIDRA 5436
2016-12-01,RS,men,real_income,4018.0,R$,IBGE SIDRA 5436
2016-12-01,RS,total,real_income,3553.0,R$,IBGE SIDRA 5436
2016-12-01,RS,women,real_income,2943.0,R$,IBGE SIDRA 5436
2016-12-01,SC,men,real_income,3846.0,R$,IBGE SIDRA 5436
2016-12-01,SC,total,real_income,3415.0,R$,IBGE SIDRA 5436
2016-12-01,SC,women,real_income,2833.0,R$,IBGE SIDRA 5436
2016-12-01,SE,men,real_income,2773.0,R$,IBGE SIDRA 5436
2016-12-01,SE,total,real_income,2592.0,R$,IBGE SIDRA 5436
2016-12-01,SE,women,real_income,2313.0,R$,IBGE SIDRA 5436
2016-12-01,SP,men,real_income,4942.0,R$,IBGE SIDRA 5436
2016-12-01,SP,total,real_income,4321.0,R$,IBGE SIDRA 5436
2016-12-01,SP,women,real_income,3533.0,R$,IBGE SIDRA 5436
2016-12-01,TO,men,real_income,2931.0,R$,IBGE SIDRA 5436
2016-12-01,TO,total,real_income,2703.0,R$,IBGE SIDRA 5436
2016-12-01,TO,women,real_income,2337.0,R$,IBGE SIDRA 5436
2016-12-01,AC,men,unemployment,10.2,%,IBGE SIDRA 6396
2016-12-01,AC,total,unemployment,11.7,%,IBGE SIDRA 6396
2016-12-01,AC,women,unemployment,14.0,%,IBGE SIDRA 6396
2016-12-01,AL,men,unemployment,13.3,%,IBGE SIDRA 6396
2016-12-01,AL,total,unemployment,15.0,%,IBGE SIDRA 6396
2016-12-01,AL,women,unemployment,17.4,%,IBGE SIDRA 6396
2016-12-01,AM,men,unemployment,12.2,%,IBGE SIDRA 6396
2016-12-01,AM,total,unemployment,15.1,%,IBGE SIDRA 6396
2016-12-01,AM,women,unemployment,19.4,%,IBGE SIDRA 6396
2016-12-01,AP,men,unemployment,13.2,%,IBGE SIDRA 6396
2016-12-01,AP,total,unemployment,17.0,%,IBGE SIDRA 6396
2016-12-01,AP,women,unemployment,22.0,%,IBGE SIDRA 6396
2016-12-01,BA,men,unemployment,14.3,%,IBGE SIDRA 6396
2016-12-01,BA,total,unemployment,16.7,%,IBGE SIDRA 6396
2016-12-01,BA,women,unemployment,19.9,%,IBGE SIDRA 6396
2016-12-01,BR,men,unemployment,10.6,%,IBGE SIDRA 6396
2016-12-01,BR,total,unemployment,12.1,%,IBGE SIDRA 6396
2016-12-01,BR,women,unemployment,14.1,%,IBGE SIDRA 6396
2016-12-01,CE,men,unemployment,11.1,%,IBGE SIDRA 6396
2016-12-01,CE,total,unemployment,12.6,%,IBGE SIDRA 6396
2016-12-01,CE,women,unemployment,14.7,%,IBGE SIDRA 6396
2016-12-01,DF,men,unemployment,11.2,%,IBGE SIDRA 6396
2016-12-01,DF,total,unemployment,14.0,%,IBGE SIDRA 6396
2016-12-01,DF,women,unemployment,17.2,%,IBGE SIDRA 6396
2016-12-01,ES,men,unemployment,12.6,%,IBGE SIDRA 6396
2016-12-01,ES,total,unemployment,13.8,%,IBGE SIDRA 6396
2016-12-01,ES,women,unemployment,15.3,%,IBGE SIDRA 6396
2016-12-01,GO,men,unemployment,9.4,%,IBGE SIDRA 6396
2016-12-01,GO,total,unemployment,11.4,%,IBGE SIDRA 6396
2016-12-01,GO,women,unemployment,14.0,%,IBGE SIDRA 6396
2016-12-01,MA,men,unemployment,12.0,%,IBGE SIDRA 6396
2016-12-01,MA,total,unemployment,13.2,%,IBGE SIDRA 6396
2016-12-01,MA,women,unemployment,15.1,%,IBGE SIDRA 6396
2016-12-01,MG,men,unemployment,10.1,%,IBGE SIDRA 6396
2016-12-01,MG,total,unemployment,11.2,%,IBGE SIDRA 6396
2016-12-01,MG,women,unemployment,12.6,%,IBGE SIDRA 6396
2016-12-01,MS,men,unemployment,6.6,%,IBGE SIDRA 6396
2016-12-01,MS,total,unemployment,8.2,%,IBGE SIDRA 6396
2016-12-01,MS,women,unemployment,10.2,%,IBGE SIDRA 6396
2016-12-01,MT,men,unemployment,8.4,%,IBGE SIDRA 6396
2016-12-01,MT,total,unemployment,9.6,%,IBGE SIDRA 6396
2016-12-01,MT,women,unemployment,11.4,%,IBGE SIDRA 6396
2016-12-01,PA,men,unemployment,10.6,%,IBGE SIDRA 6396
2016-12-01,PA,total,unemployment,12.9,%,IBGE SIDRA 6396
2016-12-01,PA,women,unemployment,16.3,%,IBGE SIDRA 6396
2016-12-01,PB,men,unemployment,11.0,%,IBGE SIDRA 6396
2016-12-01,PB,total,unemployment,12.1,%,IBGE SIDRA 6396
2016-12-01,PB,women,unemployment,13.8,%,IBGE SIDRA 6396
2016-12-01,PE,men,unemployment,14.3,%,IBGE SIDRA 6396
2016-12-01,PE,total,unemployment,15.9,%,IBGE SIDRA 6396
2016-12-01,PE,women,unemployment,18.2,%,IBGE SIDRA 6396
2016-12-01,PI,men,unemployment,8.9,%,IBGE SIDRA 6396
2016-12-01,PI,total,unemployment,8.9,%,IBGE SIDRA 6396
2016-12-01,PI,women,unemployment,8.8,%,IBGE SIDRA 6396
2016-12-01,PR,men,unemployment,7.1,%,IBGE SIDRA 6396
2016-12-01,PR,total,unemployment,8.2,%,IBGE SIDRA 6396
2016-12-01,PR,women,unemployment,9.5,%,IBGE SIDRA 6396
2016-12-01,RJ,men,unemployment,11.5,%,IBGE SIDRA 6396
2016-12-01,RJ,total,unemployment,13.6,%,IBGE SIDRA 6396
2016-12-01,RJ,women,unemployment,16.2,%,IBGE SIDRA 6396
2016-12-01,RN,men,unemployment,13.0,%,IBGE SIDRA 6396
2016-12-01,RN,total,unemployment,14.7,%,IBGE SIDRA 6396
2016-12-01,RN,women,unemployment,17.0,%,IBGE SIDRA 6396
2016-12-01,RO,men,unemployment,6.5,%,IBGE SIDRA 6396
2016-12-01,RO,total,unemployment,8.0,%,IBGE SIDRA 6396
2016-12-01,RO,women,unemployment,10.3,%,IBGE SIDRA 6396
2016-12-01,RR,men,unemployment,7.6,%,IBGE SIDRA 6396
2016-12-01,RR,total,unemployment,9.3,%,IBGE SIDRA 6396
2016-12-01,RR,women,unemployment,11.8,%,IBGE SIDRA 6396
2016-12-01,RS,men,unemployment,7.1,%,IBGE SIDRA 6396
2016-12-01,RS,total,unemployment,8.4,%,IBGE SIDRA 6396
2016-12-01,RS,women,unemployment,10.0,%,IBGE SIDRA 6396
2016-12-01,SC,men,unemployment,5.4,%,IBGE SIDRA 6396
2016-12-01,SC,total,unemployment,6.2,%,IBGE SIDRA 6396
2016-12-01,SC,women,unemployment,7.4,%,IBGE SIDRA 6396
2016-12-01,SE,men,unemployment,13.3,%,IBGE SIDRA 6396
2016-12-01,SE,total,unemployment,15.2,%,IBGE SIDRA 6396
2016-12-01,SE,women,unemployment,18.0,%,IBGE SIDRA 6396
2016-12-01,SP,men,unemployment,11.3,%,IBGE SIDRA 6396
2016-12-01,SP,total,unemployment,12.5,%,IBGE SIDRA 6396
2016-12-01,SP,women,unemployment,14.0,%,IBGE SIDRA 6396
2016-12-01,TO,men,unemployment,10.7,%,IBGE SIDRA 6396
2016-12-01,TO,total,unemployment,13.2,%,IBGE SIDRA 6396
2016-12-01,TO,women,unemployment,16.8,%,IBGE SIDRA 6396
2017-03-01,AC,men,real_income,2834.0,R$,IBGE SIDRA 5436
2017-03-01,AC,total,real_income,2733.0,R$,IBGE SIDRA 5436
2017-03-01,AC,women,real_income,2570.0,R$,IBGE SIDRA 5436
2017-03-01,AL,men,real_income,2177.0,R$,IBGE SIDRA 5436
2017-03-01,AL,total,real_income,2116.0,R$,IBGE SIDRA 5436
2017-03-01,AL,women,real_income,2024.0,R$,IBGE SIDRA 5436
2017-03-01,AM,men,real_income,2697.0,R$,IBGE SIDRA 5436
2017-03-01,AM,total,real_income,2566.0,R$,IBGE SIDRA 5436
2017-03-01,AM,women,real_income,2339.0,R$,IBGE SIDRA 5436
2017-03-01,AP,men,real_income,3450.0,R$,IBGE SIDRA 5436
2017-03-01,AP,total,real_income,3389.0,R$,IBGE SIDRA 5436
2017-03-01,AP,women,real_income,3297.0,R$,IBGE SIDRA 5436
2017-03-01,BA,men,real_income,2342.0,R$,IBGE SIDRA 5436
2017-03-01,BA,total,real_income,2220.0,R$,IBGE SIDRA 5436
2017-03-01,BA,women,real_income,2037.0,R$,IBGE SIDRA 5436
2017-03-01,BR,men,real_income,3620.0,R$,IBGE SIDRA 5436
2017-03-01,BR,total,real_income,3293.0,R$,IBGE SIDRA 5436
2017-03-01,BR,women,real_income,2837.0,R$,IBGE SIDRA 5436
2017-03-01,CE,men,real_income,2260.0,R$,IBGE SIDRA 5436
2017-03-01,CE,total,real_income,2123.0,R$,IBGE SIDRA 5436
2017-03-01,CE,women,real_income,1920.0,R$,IBGE SIDRA 5436
2017-03-01,DF,men,real_income,6111.0,R$,IBGE SIDRA 5436
2017-03-01,DF,total,real_income,5497.0,R$,IBGE SIDRA 5436
2017-03-01,DF,women,real_income,4762.0,R$,IBGE SIDRA 5436
2017-03-01,ES,men,real_income,3608.0,R$,IBGE SIDRA 5436
2017-03-01,ES,total,real_income,3237.0,R$,IBGE SIDRA 5436
2017-03-01,ES,women,real_income,2697.0,R$,IBGE SIDRA 5436
2017-03-01,GO,men,real_income,3485.0,R$,IBGE SIDRA 5436
2017-03-01,GO,total,real_income,3135.0,R$,IBGE SIDRA 5436
2017-03-01,GO,women,real_income,2630.0,R$,IBGE SIDRA 5436
2017-03-01,MA,men,real_income,1891.0,R$,IBGE SIDRA 5436
2017-03-01,MA,total,real_income,1844.0,R$,IBGE SIDRA 5436
2017-03-01,MA,women,real_income,1765.0,R$,IBGE SIDRA 5436
2017-03-01,MG,men,real_income,3130.0,R$,IBGE SIDRA 5436
2017-03-01,MG,total,real_income,2809.0,R$,IBGE SIDRA 5436
2017-03-01,MG,women,real_income,2367.0,R$,IBGE SIDRA 5436
2017-03-01,MS,men,real_income,3725.0,R$,IBGE SIDRA 5436
2017-03-01,MS,total,real_income,3331.0,R$,IBGE SIDRA 5436
2017-03-01,MS,women,real_income,2777.0,R$,IBGE SIDRA 5436
2017-03-01,MT,men,real_income,3772.0,R$,IBGE SIDRA 5436
2017-03-01,MT,total,real_income,3334.0,R$,IBGE SIDRA 5436
2017-03-01,MT,women,real_income,2632.0,R$,IBGE SIDRA 5436
2017-03-01,PA,men,real_income,2229.0,R$,IBGE SIDRA 5436
2017-03-01,PA,total,real_income,2144.0,R$,IBGE SIDRA 5436
2017-03-01,PA,women,real_income,1997.0,R$,IBGE SIDRA 5436
2017-03-01,PB,men,real_income,2438.0,R$,IBGE SIDRA 5436
2017-03-01,PB,total,real_income,2366.0,R$,IBGE SIDRA 5436
2017-03-01,PB,women,real_income,2252.0,R$,IBGE SIDRA 5436
2017-03-01,PE,men,real_income,2672.0,R$,IBGE SIDRA 5436
2017-03-01,PE,total,real_income,2539.0,R$,IBGE SIDRA 5436
2017-03-01,PE,women,real_income,2338.0,R$,IBGE SIDRA 5436
2017-03-01,PI,men,real_income,2318.0,R$,IBGE SIDRA 5436
2017-03-01,PI,total,real_income,2213.0,R$,IBGE SIDRA 5436
2017-03-01,PI,women,real_income,2055.0,R$,IBGE SIDRA 5436
2017-03-01,PR,men,real_income,3923.0,R$,IBGE SIDRA 5436
2017-03-01,PR,total,real_income,3507.0,R$,IBGE SIDRA 5436
2017-03-01,PR,women,real_income,2942.0,R$,IBGE SIDRA 5436
2017-03-01,RJ,men,real_income,3954.0,R$,IBGE SIDRA 5436
2017-03-01,RJ,total,real_income,3584.0,R$,IBGE SIDRA 5436
2017-03-01,RJ,women,real_income,3086.0,R$,IBGE SIDRA 5436
2017-03-01,RN,men,real_income,2746.0,R$,IBGE SIDRA 5436
2017-03-01,RN,total,real_income,2567.0,R$,IBGE SIDRA 5436
2017-03-01,RN,women,real_income,2306.0,R$,IBGE SIDRA 5436
2017-03-01,RO,men,real_income,2735.0,R$,IBGE SIDRA 5436
2017-03-01,RO,total,real_income,2573.0,R$,IBGE SIDRA 5436
2017-03-01,RO,women,real_income,2280.0,R$,IBGE SIDRA 5436
2017-03-01,RR,men,real_income,3446.0,R$,IBGE SIDRA 5436
2017-03-01,RR,total,real_income,3264.0,R$,IBGE SIDRA 5436
2017-03-01,RR,women,real_income,2987.0,R$,IBGE SIDRA 5436
2017-03-01,RS,men,real_income,4023.0,R$,IBGE SIDRA 5436
2017-03-01,RS,total,real_income,3600.0,R$,IBGE SIDRA 5436
2017-03-01,RS,women,real_income,3045.0,R$,IBGE SIDRA 5436
2017-03-01,SC,men,real_income,3973.0,R$,IBGE SIDRA 5436
2017-03-01,SC,total,real_income,3514.0,R$,IBGE SIDRA 5436
2017-03-01,SC,women,real_income,2905.0,R$,IBGE SIDRA 5436
2017-03-01,SE,men,real_income,2762.0,R$,IBGE SIDRA 5436
2017-03-01,SE,total,real_income,2612.0,R$,IBGE SIDRA 5436
2017-03-01,SE,women,real_income,2381.0,R$,IBGE SIDRA 5436
2017-03-01,SP,men,real_income,4946.0,R$,IBGE SIDRA 5436
2017-03-01,SP,total,real_income,4329.0,R$,IBGE SIDRA 5436
2017-03-01,SP,women,real_income,3556.0,R$,IBGE SIDRA 5436
2017-03-01,TO,men,real_income,2834.0,R$,IBGE SIDRA 5436
2017-03-01,TO,total,real_income,2668.0,R$,IBGE SIDRA 5436
2017-03-01,TO,women,real_income,2404.0,R$,IBGE SIDRA 5436
2017-03-01,AC,men,unemployment,14.4,%,IBGE SIDRA 6396
2017-03-01,AC,total,unemployment,15.9,%,IBGE SIDRA 6396
2017-03-01,AC,women,unemployment,18.2,%,IBGE SIDRA 6396
2017-03-01,AL,men,unemployment,15.4,%,IBGE SIDRA 6396
2017-03-01,AL,total,unemployment,17.7,%,IBGE SIDRA 6396
2017-03-01,AL,women,unemployment,21.0,%,IBGE SIDRA 6396
2017-03-01,AM,men,unemployment,14.0,%,IBGE SIDRA 6396
2017-03-01,AM,total,unemployment,18.0,%,IBGE SIDRA 6396
2017-03-01,AM,women,unemployment,23.6,%,IBGE SIDRA 6396
2017-03-01,AP,men,unemployment,15.2,%,IBGE SIDRA 6396
2017-03-01,AP,total,unemployment,18.8,%,IBGE SIDRA 6396
2017-03-01,AP,women,unemployment,23.5,%,IBGE SIDRA 6396
2017-03-01,BA,men,unemployment,15.9,%,IBGE SIDRA 6396
2017-03-01,BA,total,unemployment,18.7,%,IBGE SIDRA 6396
2017-03-01,BA,women,unemployment,22.4,%,IBGE SIDRA 6396
2017-03-01,BR,men,unemployment,12.1,%,IBGE SIDRA 6396
2017-03-01,BR,total,unemployment,13.9,%,IBGE SIDRA 6396
2017-03-01,BR,women,unemployment,16.2,%,IBGE SIDRA 6396
2017-03-01,CE,men,unemployment,12.6,%,IBGE SIDRA 6396
2017-03-01,CE,total,unemployment,14.5,%,IBGE SIDRA 6396
2017-03-01,CE,women,unemployment,17.1,%,IBGE SIDRA 6396
2017-03-01,DF,men,unemployment,11.9,%,IBGE SIDRA 6396
2017-03-01,DF,total,unemployment,14.3,%,IBGE SIDRA 6396
2017-03-01,DF,women,unemployment,16.9,%,IBGE SIDRA 6396
2017-03-01,ES,men,unemployment,13.1,%,IBGE SIDRA 6396
2017-03-01,ES,total,unemployment,14.7,%,IBGE SIDRA 6396
2017-03-01,ES,women,unemployment,16.8,%,IBGE SIDRA 6396
2017-03-01,GO,men,unemployment,10.7,%,IBGE SIDRA 6396
2017-03-01,GO,total,unemployment,12.8,%,IBGE SIDRA 6396
2017-03-01,GO,women,unemployment,15.7,%,IBGE SIDRA 6396
2017-03-01,MA,men,unemployment,13.5,%,IBGE SIDRA 6396
2017-03-01,MA,total,unemployment,15.2,%,IBGE SIDRA 6396
2017-03-01,MA,women,unemployment,17.6,%,IBGE SIDRA 6396
2017-03-01,MG,men,unemployment,11.8,%,IBGE SIDRA 6396
2017-03-01,MG,total,unemployment,13.8,%,IBGE SIDRA 6396
2017-03-01,MG,women,unemployment,16.3,%,IBGE SIDRA 6396
2017-03-01,MS,men,unemployment,7.6,%,IBGE SIDRA 6396
2017-03-01,MS,total,unemployment,9.9,%,IBGE SIDRA 6396
2017-03-01,MS,women,unemployment,12.8,%,IBGE SIDRA 6396
2017-03-01,MT,men,unemployment,9.5,%,IBGE SIDRA 6396
2017-03-01,MT,total,unemployment,10.6,%,IBGE SIDRA 6396
2017-03-01,MT,women,unemployment,12.3,%,IBGE SIDRA 6396
2017-03-01,PA,men,unemployment,11.4,%,IBGE SIDRA 6396
2017-03-01,PA,total,unemployment,13.9,%,IBGE SIDRA 6396
2017-03-01,PA,women,unemployment,17.8,%,IBGE SIDRA 6396
2017-03-01,PB,men,unemployment,11.8,%,IBGE SIDRA 6396
2017-03-01,PB,total,unemployment,13.4,%,IBGE SIDRA 6396
2017-03-01,PB,women,unemployment,15.7,%,IBGE SIDRA 6396
2017-03-01,PE,men,unemployment,15.5,%,IBGE SIDRA 6396
2017-03-01,PE,total,unemployment,17.3,%,IBGE SIDRA 6396
2017-03-01,PE,women,unemployment,19.9,%,IBGE SIDRA 6396
2017-03-01,PI,men,unemployment,11.6,%,IBGE SIDRA 6396
2017-03-01,PI,total,unemployment,12.8,%,IBGE SIDRA 6396
2017-03-01,PI,women,unemployment,14.5,%,IBGE SIDRA 6396
2017-03-01,PR,men,unemployment,9.0,%,IBGE SIDRA 6396
2017-03-01,PR,total,unemployment,10.4,%,IBGE SIDRA 6396
2017-03-01,PR,women,unemployment,12.1,%,IBGE SIDRA 6396
2017-03-01,RJ,men,unemployment,13.0,%,IBGE SIDRA 6396
2017-03-01,RJ,total,unemployment,14.6,%,IBGE SIDRA 6396
2017-03-01,RJ,women,unemployment,16.8,%,IBGE SIDRA 6396
2017-03-01,RN,men,unemployment,15.8,%,IBGE SIDRA 6396
2017-03-01,RN,total,unemployment,16.5,%,IBGE SIDRA 6396
2017-03-01,RN,women,unemployment,17.4,%,IBGE SIDRA 6396
2017-03-01,RO,men,unemployment,6.3,%,IBGE SIDRA 6396
2017-03-01,RO,total,unemployment,8.1,%,IBGE SIDRA 6396
2017-03-01,RO,women,unemployment,11.0,%,IBGE SIDRA 6396
2017-03-01,RR,men,unemployment,7.3,%,IBGE SIDRA 6396
2017-03-01,RR,total,unemployment,10.4,%,IBGE SIDRA 6396
2017-03-01,RR,women,unemployment,14.7,%,IBGE SIDRA 6396
2017-03-01,RS,men,unemployment,7.9,%,IBGE SIDRA 6396
2017-03-01,RS,total,unemployment,9.2,%,IBGE SIDRA 6396
2017-03-01,RS,women,unemployment,10.9,%,IBGE SIDRA 6396
2017-03-01,SC,men,unemployment,6.7,%,IBGE SIDRA 6396
2017-03-01,SC,total,unemployment,7.9,%,IBGE SIDRA 6396
2017-03-01,SC,women,unemployment,9.5,%,IBGE SIDRA 6396
2017-03-01,SE,men,unemployment,14.4,%,IBGE SIDRA 6396
2017-03-01,SE,total,unemployment,16.3,%,IBGE SIDRA 6396
2017-03-01,SE,women,unemployment,19.1,%,IBGE SIDRA 6396
2017-03-01,SP,men,unemployment,12.9,%,IBGE SIDRA 6396
2017-03-01,SP,total,unemployment,14.4,%,IBGE SIDRA 6396
2017-03-01,SP,women,unemployment,16.2,%,IBGE SIDRA 6396
2017-03-01,TO,men,unemployment,10.0,%,IBGE SIDRA 6396
2017-03-01,TO,total,unemployment,12.7,%,IBGE SIDRA 6396
2017-03-01,TO,women,unemployment,16.6,%,IBGE SIDRA 6396
2017-06-01,AC,men,real_income,2818.0,R$,IBGE SIDRA 5436
2017-06-01,AC,total,real_income,2688.0,R$,IBGE SIDRA 5436
2017-06-01,AC,women,real_income,2492.0,R$,IBGE SIDRA 5436
2017-06-01,AL,men,real_income,2165.0,R$,IBGE SIDRA 5436
2017-06-01,AL,total,real_income,2056.0,R$,IBGE SIDRA 5436
2017-06-01,AL,women,real_income,1892.0,R$,IBGE SIDRA 5436
2017-06-01,AM,men,real_income,2840.0,R$,IBGE SIDRA 5436
2017-06-01,AM,total,real_income,2679.0,R$,IBGE SIDRA 5436
2017-06-01,AM,women,real_income,2409.0,R$,IBGE SIDRA 5436
2017-06-01,AP,men,real_income,3650.0,R$,IBGE SIDRA 5436
2017-06-01,AP,total,real_income,3440.0,R$,IBGE SIDRA 5436
2017-06-01,AP,women,real_income,3132.0,R$,IBGE SIDRA 5436
2017-06-01,BA,men,real_income,2381.0,R$,IBGE SIDRA 5436
2017-06-01,BA,total,real_income,2214.0,R$,IBGE SIDRA 5436
2017-06-01,BA,women,real_income,1978.0,R$,IBGE SIDRA 5436
2017-06-01,BR,men,real_income,3605.0,R$,IBGE SIDRA 5436
2017-06-01,BR,total,real_income,3260.0,R$,IBGE SIDRA 5436
2017-06-01,BR,women,real_income,2786.0,R$,IBGE SIDRA 5436
2017-06-01,CE,men,real_income,2317.0,R$,IBGE SIDRA 5436
2017-06-01,CE,total,real_income,2143.0,R$,IBGE SIDRA 5436
2017-06-01,CE,women,real_income,1889.0,R$,IBGE SIDRA 5436
2017-06-01,DF,men,real_income,6338.0,R$,IBGE SIDRA 5436
2017-06-01,DF,total,real_income,5702.0,R$,IBGE SIDRA 5436
2017-06-01,DF,women,real_income,4941.0,R$,IBGE SIDRA 5436
2017-06-01,ES,men,real_income,3506.0,R$,IBGE SIDRA 5436
2017-06-01,ES,total,real_income,3133.0,R$,IBGE SIDRA 5436
2017-06-01,ES,women,real_income,2614.0,R$,IBGE SIDRA 5436
2017-06-01,GO,men,real_income,3389.0,R$,IBGE SIDRA 5436
2017-06-01,GO,total,real_income,3107.0,R$,IBGE SIDRA 5436
2017-06-01,GO,women,real_income,2713.0,R$,IBGE SIDRA 5436
2017-06-01,MA,men,real_income,1973.0,R$,IBGE SIDRA 5436
2017-06-01,MA,total,real_income,1935.0,R$,IBGE SIDRA 5436
2017-06-01,MA,women,real_income,1874.0,R$,IBGE SIDRA 5436
2017-06-01,MG,men,real_income,3189.0,R$,IBGE SIDRA 5436
2017-06-01,MG,total,real_income,2841.0,R$,IBGE SIDRA 5436
2017-06-01,MG,women,real_income,2372.0,R$,IBGE SIDRA 5436
2017-06-01,MS,men,real_income,3805.0,R$,IBGE SIDRA 5436
2017-06-01,MS,total,real_income,3396.0,R$,IBGE SIDRA 5436
2017-06-01,MS,women,real_income,2839.0,R$,IBGE SIDRA 5436
2017-06-01,MT,men,real_income,3654.0,R$,IBGE SIDRA 5436
2017-06-01,MT,total,real_income,3250.0,R$,IBGE SIDRA 5436
2017-06-01,MT,women,real_income,2632.0,R$,IBGE SIDRA 5436
2017-06-01,PA,men,real_income,2213.0,R$,IBGE SIDRA 5436
2017-06-01,PA,total,real_income,2122.0,R$,IBGE SIDRA 5436
2017-06-01,PA,women,real_income,1972.0,R$,IBGE SIDRA 5436
2017-06-01,PB,men,real_income,2465.0,R$,IBGE SIDRA 5436
2017-06-01,PB,total,real_income,2361.0,R$,IBGE SIDRA 5436
2017-06-01,PB,women,real_income,2202.0,R$,IBGE SIDRA 5436
2017-06-01,PE,men,real_income,2719.0,R$,IBGE SIDRA 5436
2017-06-01,PE,total,real_income,2556.0,R$,IBGE SIDRA 5436
2017-06-01,PE,women,real_income,2314.0,R$,IBGE SIDRA 5436
2017-06-01,PI,men,real_income,2256.0,R$,IBGE SIDRA 5436
2017-06-01,PI,total,real_income,2154.0,R$,IBGE SIDRA 5436
2017-06-01,PI,women,real_income,2005.0,R$,IBGE SIDRA 5436
2017-06-01,PR,men,real_income,3867.0,R$,IBGE SIDRA 5436
2017-06-01,PR,total,real_income,3460.0,R$,IBGE SIDRA 5436
2017-06-01,PR,women,real_income,2893.0,R$,IBGE SIDRA 5436
2017-06-01,RJ,men,real_income,3841.0,R$,IBGE SIDRA 5436
2017-06-01,RJ,total,real_income,3468.0,R$,IBGE SIDRA 5436
2017-06-01,RJ,women,real_income,2968.0,R$,IBGE SIDRA 5436
2017-06-01,RN,men,real_income,2635.0,R$,IBGE SIDRA 5436
2017-06-01,RN,total,real_income,2453.0,R$,IBGE SIDRA 5436
2017-06-01,RN,women,real_income,2193.0,R$,IBGE SIDRA 5436
2017-06-01,RO,men,real_income,2908.0,R$,IBGE SIDRA 5436
2017-06-01,RO,total,real_income,2647.0,R$,IBGE SIDRA 5436
2017-06-01,RO,women,real_income,2200.0,R$,IBGE SIDRA 5436
2017-06-01,RR,men,real_income,3253.0,R$,IBGE SIDRA 5436
2017-06-01,RR,total,real_income,3128.0,R$,IBGE SIDRA 5436
2017-06-01,RR,women,real_income,2945.0,R$,IBGE SIDRA 5436
2017-06-01,RS,men,real_income,4001.0,R$,IBGE SIDRA 5436
2017-06-01,RS,total,real_income,3562.0,R$,IBGE SIDRA 5436
2017-06-01,RS,women,real_income,3001.0,R$,IBGE SIDRA 5436
2017-06-01,SC,men,real_income,3994.0,R$,IBGE SIDRA 5436
2017-06-01,SC,total,real_income,3531.0,R$,IBGE SIDRA 5436
2017-06-01,SC,women,real_income,2922.0,R$,IBGE SIDRA 5436
2017-06-01,SE,men,real_income,2679.0,R$,IBGE SIDRA 5436
2017-06-01,SE,total,real_income,2500.0,R$,IBGE SIDRA 5436
2017-06-01,SE,women,real_income,2236.0,R$,IBGE SIDRA 5436
2017-06-01,SP,men,real_income,4860.0,R$,IBGE SIDRA 5436
2017-06-01,SP,total,real_income,4245.0,R$,IBGE SIDRA 5436
2017-06-01,SP,women,real_income,3463.0,R$,IBGE SIDRA 5436
2017-06-01,TO,men,real_income,2885.0,R$,IBGE SIDRA 5436
2017-06-01,TO,total,real_income,2733.0,R$,IBGE SIDRA 5436
2017-06-01,TO,women,real_income,2492.0,R$,IBGE SIDRA 5436
2017-06-01,AC,men,unemployment,13.5,%,IBGE SIDRA 6396
2017-06-01,AC,total,unemployment,15.0,%,IBGE SIDRA 6396
2017-06-01,AC,women,unemployment,17.1,%,IBGE SIDRA 6396
2017-06-01,AL,men,unemployment,16.3,%,IBGE SIDRA 6396
2017-06-01,AL,total,unemployment,18.0,%,IBGE SIDRA 6396
2017-06-01,AL,women,unemployment,20.4,%,IBGE SIDRA 6396
2017-06-01,AM,men,unemployment,12.0,%,IBGE SIDRA 6396
2017-06-01,AM,total,unemployment,15.6,%,IBGE SIDRA 6396
2017-06-01,AM,women,unemployment,20.7,%,IBGE SIDRA 6396
2017-06-01,AP,men,unemployment,13.7,%,IBGE SIDRA 6396
2017-06-01,AP,total,unemployment,17.6,%,IBGE SIDRA 6396
2017-06-01,AP,women,unemployment,22.6,%,IBGE SIDRA 6396
2017-06-01,BA,men,unemployment,14.9,%,IBGE SIDRA 6396
2017-06-01,BA,total,unemployment,17.6,%,IBGE SIDRA 6396
2017-06-01,BA,women,unemployment,21.0,%,IBGE SIDRA 6396
2017-06-01,BR,men,unemployment,11.4,%,IBGE SIDRA 6396
2017-06-01,BR,total,unemployment,13.1,%,IBGE SIDRA 6396
2017-06-01,BR,women,unemployment,15.2,%,IBGE SIDRA 6396
2017-06-01,CE,men,unemployment,12.2,%,IBGE SIDRA 6396
2017-06-01,CE,total,unemployment,13.3,%,IBGE SIDRA 6396
2017-06-01,CE,women,unemployment,14.9,%,IBGE SIDRA 6396
2017-06-01,DF,men,unemployment,11.3,%,IBGE SIDRA 6396
2017-06-01,DF,total,unemployment,13.3,%,IBGE SIDRA 6396
2017-06-01,DF,women,unemployment,15.6,%,IBGE SIDRA 6396
2017-06-01,ES,men,unemployment,12.0,%,IBGE SIDRA 6396
2017-06-01,ES,total,unemployment,13.5,%,IBGE SIDRA 6396
2017-06-01,ES,women,unemployment,15.4,%,IBGE SIDRA 6396
2017-06-01,GO,men,unemployment,9.2,%,IBGE SIDRA 6396
2017-06-01,GO,total,unemployment,11.1,%,IBGE SIDRA 6396
2017-06-01,GO,women,unemployment,13.5,%,IBGE SIDRA 6396
2017-06-01,MA,men,unemployment,13.7,%,IBGE SIDRA 6396
2017-06-01,MA,total,unemployment,14.8,%,IBGE SIDRA 6396
2017-06-01,MA,women,unemployment,16.3,%,IBGE SIDRA 6396
2017-06-01,MG,men,unemployment,10.8,%,IBGE SIDRA 6396
2017-06-01,MG,total,unemployment,12.2,%,IBGE SIDRA 6396
2017-06-01,MG,women,unemployment,13.9,%,IBGE SIDRA 6396
2017-06-01,MS,men,unemployment,7.8,%,IBGE SIDRA 6396
2017-06-01,MS,total,unemployment,9.0,%,IBGE SIDRA 6396
2017-06-01,MS,women,unemployment,10.5,%,IBGE SIDRA 6396
2017-06-01,MT,men,unemployment,7.8,%,IBGE SIDRA 6396
2017-06-01,MT,total,unemployment,8.7,%,IBGE SIDRA 6396
2017-06-01,MT,women,unemployment,10.1,%,IBGE SIDRA 6396
2017-06-01,PA,men,unemployment,9.5,%,IBGE SIDRA 6396
2017-06-01,PA,total,unemployment,11.5,%,IBGE SIDRA 6396
2017-06-01,PA,women,unemployment,14.3,%,IBGE SIDRA 6396
2017-06-01,PB,men,unemployment,10.9,%,IBGE SIDRA 6396
2017-06-01,PB,total,unemployment,11.5,%,IBGE SIDRA 6396
2017-06-01,PB,women,unemployment,12.4,%,IBGE SIDRA 6396
2017-06-01,PE,men,unemployment,17.4,%,IBGE SIDRA 6396
2017-06-01,PE,total,unemployment,19.0,%,IBGE SIDRA 6396
2017-06-01,PE,women,unemployment,21.2,%,IBGE SIDRA 6396
2017-06-01,PI,men,unemployment,13.0,%,IBGE SIDRA 6396
2017-06-01,PI,total,unemployment,13.6,%,IBGE SIDRA 6396
2017-06-01,PI,women,unemployment,14.5,%,IBGE SIDRA 6396
2017-06-01,PR,men,unemployment,7.4,%,IBGE SIDRA 6396
2017-06-01,PR,total,unemployment,8.9,%,IBGE SIDRA 6396
2017-06-01,PR,women,unemployment,11.0,%,IBGE SIDRA 6396
2017-06-01,RJ,men,unemployment,13.9,%,IBGE SIDRA 6396
2017-06-01,RJ,total,unemployment,15.8,%,IBGE SIDRA 6396
2017-06-01,RJ,women,unemployment,18.2,%,IBGE SIDRA 6396
2017-06-01,RN,men,unemployment,15.4,%,IBGE SIDRA 6396
2017-06-01,RN,total,unemployment,15.8,%,IBGE SIDRA 6396
2017-06-01,RN,women,unemployment,16.3,%,IBGE SIDRA 6396
2017-06-01,RO,men,unemployment,7.2,%,IBGE SIDRA 6396
2017-06-01,RO,total,unemployment,9.1,%,IBGE SIDRA 6396
2017-06-01,RO,women,unemployment,12.2,%,IBGE SIDRA 6396
2017-06-01,RR,men,unemployment,8.6,%,IBGE SIDRA 6396
2017-06-01,RR,total,unemployment,10.9,%,IBGE SIDRA 6396
2017-06-01,RR,women,unemployment,14.0,%,IBGE SIDRA 6396
2017-06-01,RS,men,unemployment,7.2,%,IBGE SIDRA 6396
2017-06-01,RS,total,unemployment,8.6,%,IBGE SIDRA 6396
2017-06-01,RS,women,unemployment,10.2,%,IBGE SIDRA 6396
2017-06-01,SC,men,unemployment,6.5,%,IBGE SIDRA 6396
2017-06-01,SC,total,unemployment,7.5,%,IBGE SIDRA 6396
2017-06-01,SC,women,unemployment,8.9,%,IBGE SIDRA 6396
2017-06-01,SE,men,unemployment,12.7,%,IBGE SIDRA 6396
2017-06-01,SE,total,unemployment,14.3,%,IBGE SIDRA 6396
2017-06-01,SE,women,unemployment,16.5,%,IBGE SIDRA 6396
2017-06-01,SP,men,unemployment,11.8,%,IBGE SIDRA 6396
2017-06-01,SP,total,unemployment,13.6,%,IBGE SIDRA 6396
2017-06-01,SP,women,unemployment,15.8,%,IBGE SIDRA 6396
2017-06-01,TO,men,unemployment,10.0,%,IBGE SIDRA 6396
2017-06-01,TO,total,unemployment,11.7,%,IBGE SIDRA 6396
2017-06-01,TO,women,unemployment,14.1,%,IBGE SIDRA 6396
2017-09-01,AC,men,real_income,2746.0,R$,IBGE SIDRA 5436
2017-09-01,AC,total,real_income,2658.0,R$,IBGE SIDRA 5436
2017-09-01,AC,women,real_income,2521.0,R$,IBGE SIDRA 5436
2017-09-01,AL,men,real_income,2076.0,R$,IBGE SIDRA 5436
2017-09-01,AL,total,real_income,1996.0,R$,IBGE SIDRA 5436
2017-09-01,AL,women,real_income,1874.0,R$,IBGE SIDRA 5436
2017-09-01,AM,men,real_income,2857.0,R$,IBGE SIDRA 5436
2017-09-01,AM,total,real_income,2705.0,R$,IBGE SIDRA 5436
2017-09-01,AM,women,real_income,2441.0,R$,IBGE SIDRA 5436
2017-09-01,AP,men,real_income,3525.0,R$,IBGE SIDRA 5436
2017-09-01,AP,total,real_income,3380.0,R$,IBGE SIDRA 5436
2017-09-01,AP,women,real_income,3173.0,R$,IBGE SIDRA 5436
2017-09-01,BA,men,real_income,2279.0,R$,IBGE SIDRA 5436
2017-09-01,BA,total,real_income,2118.0,R$,IBGE SIDRA 5436
2017-09-01,BA,women,real_income,1887.0,R$,IBGE SIDRA 5436
2017-09-01,BR,men,real_income,3632.0,R$,IBGE SIDRA 5436
2017-09-01,BR,total,real_income,3272.0,R$,IBGE SIDRA 5436
2017-09-01,BR,women,real_income,2781.0,R$,IBGE SIDRA 5436
2017-09-01,CE,men,real_income,2327.0,R$,IBGE SIDRA 5436
2017-09-01,CE,total,real_income,2175.0,R$,IBGE SIDRA 5436
2017-09-01,CE,women,real_income,1964.0,R$,IBGE SIDRA 5436
2017-09-01,DF,men,real_income,6285.0,R$,IBGE SIDRA 5436
2017-09-01,DF,total,real_income,5672.0,R$,IBGE SIDRA 5436
2017-09-01,DF,women,real_income,4944.0,R$,IBGE SIDRA 5436
2017-09-01,ES,men,real_income,3466.0,R$,IBGE SIDRA 5436
2017-09-01,ES,total,real_income,3099.0,R$,IBGE SIDRA 5436
2017-09-01,ES,women,real_income,2574.0,R$,IBGE SIDRA 5436
2017-09-01,GO,men,real_income,3505.0,R$,IBGE SIDRA 5436
2017-09-01,GO,total,real_income,3106.0,R$,IBGE SIDRA 5436
2017-09-01,GO,women,real_income,2559.0,R$,IBGE SIDRA 5436
2017-09-01,MA,men,real_income,2007.0,R$,IBGE SIDRA 5436
2017-09-01,MA,total,real_income,1949.0,R$,IBGE SIDRA 5436
2017-09-01,MA,women,real_income,1859.0,R$,IBGE SIDRA 5436
2017-09-01,MG,men,real_income,3271.0,R$,IBGE SIDRA 5436
2017-09-01,MG,total,real_income,2903.0,R$,IBGE SIDRA 5436
2017-09-01,MG,women,real_income,2407.0,R$,IBGE SIDRA 5436
2017-09-01,MS,men,real_income,3821.0,R$,IBGE SIDRA 5436
2017-09-01,MS,total,real_income,3403.0,R$,IBGE SIDRA 5436
2017-09-01,MS,women,real_income,2836.0,R$,IBGE SIDRA 5436
2017-09-01,MT,men,real_income,3765.0,R$,IBGE SIDRA 5436
2017-09-01,MT,total,real_income,3391.0,R$,IBGE SIDRA 5436
2017-09-01,MT,women,real_income,2821.0,R$,IBGE SIDRA 5436
2017-09-01,PA,men,real_income,2317.0,R$,IBGE SIDRA 5436
2017-09-01,PA,total,real_income,2211.0,R$,IBGE SIDRA 5436
2017-09-01,PA,women,real_income,2036.0,R$,IBGE SIDRA 5436
2017-09-01,PB,men,real_income,2448.0,R$,IBGE SIDRA 5436
2017-09-01,PB,total,real_income,2327.0,R$,IBGE SIDRA 5436
2017-09-01,PB,women,real_income,2147.0,R$,IBGE SIDRA 5436
2017-09-01,PE,men,real_income,2808.0,R$,IBGE SIDRA 5436
2017-09-01,PE,total,real_income,2592.0,R$,IBGE SIDRA 5436
2017-09-01,PE,women,real_income,2282.0,R$,IBGE SIDRA 5436
2017-09-01,PI,men,real_income,2213.0,R$,IBGE SIDRA 5436
2017-09-01,PI,total,real_income,2102.0,R$,IBGE SIDRA 5436
2017-09-01,PI,women,real_income,1937.0,R$,IBGE SIDRA 5436
2017-09-01,PR,men,real_income,3919.0,R$,IBGE SIDRA 5436
2017-09-01,PR,total,real_income,3488.0,R$,IBGE SIDRA 5436
2017-09-01,PR,women,real_income,2892.0,R$,IBGE SIDRA 5436
2017-09-01,RJ,men,real_income,3842.0,R$,IBGE SIDRA 5436
2017-09-01,RJ,total,real_income,3508.0,R$,IBGE SIDRA 5436
2017-09-01,RJ,women,real_income,3060.0,R$,IBGE SIDRA 5436
2017-09-01,RN,men,real_income,2536.0,R$,IBGE SIDRA 5436
2017-09-01,RN,total,real_income,2377.0,R$,IBGE SIDRA 5436
2017-09-01,RN,women,real_income,2141.0,R$,IBGE SIDRA 5436
2017-09-01,RO,men,real_income,2986.0,R$,IBGE SIDRA 5436
2017-09-01,RO,total,real_income,2756.0,R$,IBGE SIDRA 5436
2017-09-01,RO,women,real_income,2367.0,R$,IBGE SIDRA 5436
2017-09-01,RR,men,real_income,3166.0,R$,IBGE SIDRA 5436
2017-09-01,RR,total,real_income,3134.0,R$,IBGE SIDRA 5436
2017-09-01,RR,women,real_income,3088.0,R$,IBGE SIDRA 5436
2017-09-01,RS,men,real_income,4022.0,R$,IBGE SIDRA 5436
2017-09-01,RS,total,real_income,3575.0,R$,IBGE SIDRA 5436
2017-09-01,RS,women,real_income,2994.0,R$,IBGE SIDRA 5436
2017-09-01,SC,men,real_income,4025.0,R$,IBGE SIDRA 5436
2017-09-01,SC,total,real_income,3574.0,R$,IBGE SIDRA 5436
2017-09-01,SC,women,real_income,2974.0,R$,IBGE SIDRA 5436
2017-09-01,SE,men,real_income,2497.0,R$,IBGE SIDRA 5436
2017-09-01,SE,total,real_income,2370.0,R$,IBGE SIDRA 5436
2017-09-01,SE,women,real_income,2188.0,R$,IBGE SIDRA 5436
2017-09-01,SP,men,real_income,4916.0,R$,IBGE SIDRA 5436
2017-09-01,SP,total,real_income,4256.0,R$,IBGE SIDRA 5436
2017-09-01,SP,women,real_income,3422.0,R$,IBGE SIDRA 5436
2017-09-01,TO,men,real_income,2830.0,R$,IBGE SIDRA 5436
2017-09-01,TO,total,real_income,2672.0,R$,IBGE SIDRA 5436
2017-09-01,TO,women,real_income,2427.0,R$,IBGE SIDRA 5436
2017-09-01,AC,men,unemployment,11.4,%,IBGE SIDRA 6396
2017-09-01,AC,total,unemployment,13.7,%,IBGE SIDRA 6396
2017-09-01,AC,women,unemployment,17.0,%,IBGE SIDRA 6396
2017-09-01,AL,men,unemployment,14.5,%,IBGE SIDRA 6396
2017-09-01,AL,total,unemployment,16.1,%,IBGE SIDRA 6396
2017-09-01,AL,women,unemployment,18.4,%,IBGE SIDRA 6396
2017-09-01,AM,men,unemployment,12.0,%,IBGE SIDRA 6396
2017-09-01,AM,total,unemployment,16.3,%,IBGE SIDRA 6396
2017-09-01,AM,women,unemployment,22.2,%,IBGE SIDRA 6396
2017-09-01,AP,men,unemployment,13.3,%,IBGE SIDRA 6396
2017-09-01,AP,total,unemployment,17.0,%,IBGE SIDRA 6396
2017-09-01,AP,women,unemployment,21.6,%,IBGE SIDRA 6396
2017-09-01,BA,men,unemployment,14.5,%,IBGE SIDRA 6396
2017-09-01,BA,total,unemployment,16.8,%,IBGE SIDRA 6396
2017-09-01,BA,women,unemployment,19.9,%,IBGE SIDRA 6396
2017-09-01,BR,men,unemployment,10.9,%,IBGE SIDRA 6396
2017-09-01,BR,total,unemployment,12.5,%,IBGE SIDRA 6396
2017-09-01,BR,women,unemployment,14.5,%,IBGE SIDRA 6396
2017-09-01,CE,men,unemployment,11.9,%,IBGE SIDRA 6396
2017-09-01,CE,total,unemployment,11.9,%,IBGE SIDRA 6396
2017-09-01,CE,women,unemployment,11.9,%,IBGE SIDRA 6396
2017-09-01,DF,men,unemployment,10.5,%,IBGE SIDRA 6396
2017-09-01,DF,total,unemployment,12.3,%,IBGE SIDRA 6396
2017-09-01,DF,women,unemployment,14.4,%,IBGE SIDRA 6396
2017-09-01,ES,men,unemployment,11.2,%,IBGE SIDRA 6396
2017-09-01,ES,total,unemployment,13.2,%,IBGE SIDRA 6396
2017-09-01,ES,women,unemployment,15.7,%,IBGE SIDRA 6396
2017-09-01,GO,men,unemployment,7.1,%,IBGE SIDRA 6396
2017-09-01,GO,total,unemployment,9.3,%,IBGE SIDRA 6396
2017-09-01,GO,women,unemployment,12.2,%,IBGE SIDRA 6396
2017-09-01,MA,men,unemployment,13.7,%,IBGE SIDRA 6396
2017-09-01,MA,total,unemployment,14.6,%,IBGE SIDRA 6396
2017-09-01,MA,women,unemployment,16.0,%,IBGE SIDRA 6396
2017-09-01,MG,men,unemployment,10.6,%,IBGE SIDRA 6396
2017-09-01,MG,total,unemployment,12.3,%,IBGE SIDRA 6396
2017-09-01,MG,women,unemployment,14.5,%,IBGE SIDRA 6396
2017-09-01,MS,men,unemployment,7.0,%,IBGE SIDRA 6396
2017-09-01,MS,total,unemployment,8.0,%,IBGE SIDRA 6396
2017-09-01,MS,women,unemployment,9.4,%,IBGE SIDRA 6396
2017-09-01,MT,men,unemployment,7.6,%,IBGE SIDRA 6396
2017-09-01,MT,total,unemployment,9.5,%,IBGE SIDRA 6396
2017-09-01,MT,women,unemployment,12.3,%,IBGE SIDRA 6396
2017-09-01,PA,men,unemployment,9.0,%,IBGE SIDRA 6396
2017-09-01,PA,total,unemployment,11.1,%,IBGE SIDRA 6396
2017-09-01,PA,women,unemployment,14.3,%,IBGE SIDRA 6396
2017-09-01,PB,men,unemployment,10.0,%,IBGE SIDRA 6396
2017-09-01,PB,total,unemployment,10.9,%,IBGE SIDRA 6396
2017-09-01,PB,women,unemployment,12.1,%,IBGE SIDRA 6396
2017-09-01,PE,men,unemployment,17.1,%,IBGE SIDRA 6396
2017-09-01,PE,total,unemployment,18.1,%,IBGE SIDRA 6396
2017-09-01,PE,women,unemployment,19.3,%,IBGE SIDRA 6396
2017-09-01,PI,men,unemployment,11.8,%,IBGE SIDRA 6396
2017-09-01,PI,total,unemployment,12.2,%,IBGE SIDRA 6396
2017-09-01,PI,women,unemployment,12.8,%,IBGE SIDRA 6396
2017-09-01,PR,men,unemployment,7.6,%,IBGE SIDRA 6396
2017-09-01,PR,total,unemployment,8.5,%,IBGE SIDRA 6396
2017-09-01,PR,women,unemployment,9.6,%,IBGE SIDRA 6396
2017-09-01,RJ,men,unemployment,12.7,%,IBGE SIDRA 6396
2017-09-01,RJ,total,unemployment,14.6,%,IBGE SIDRA 6396
2017-09-01,RJ,women,unemployment,17.0,%,IBGE SIDRA 6396
2017-09-01,RN,men,unemployment,13.2,%,IBGE SIDRA 6396
2017-09-01,RN,total,unemployment,13.9,%,IBGE SIDRA 6396
2017-09-01,RN,women,unemployment,14.8,%,IBGE SIDRA 6396
2017-09-01,RO,men,unemployment,7.0,%,IBGE SIDRA 6396
2017-09-01,RO,total,unemployment,8.2,%,IBGE SIDRA 6396
2017-09-01,RO,women,unemployment,10.0,%,IBGE SIDRA 6396
2017-09-01,RR,men,unemployment,7.7,%,IBGE SIDRA 6396
2017-09-01,RR,total,unemployment,9.2,%,IBGE SIDRA 6396
2017-09-01,RR,women,unemployment,11.1,%,IBGE SIDRA 6396
2017-09-01,RS,men,unemployment,6.7,%,IBGE SIDRA 6396
2017-09-01,RS,total,unemployment,8.2,%,IBGE SIDRA 6396
2017-09-01,RS,women,unemployment,9.9,%,IBGE SIDRA 6396
2017-09-01,SC,men,unemployment,5.7,%,IBGE SIDRA 6396
2017-09-01,SC,total,unemployment,6.8,%,IBGE SIDRA 6396
2017-09-01,SC,women,unemployment,8.2,%,IBGE SIDRA 6396
2017-09-01,SE,men,unemployment,12.3,%,IBGE SIDRA 6396
2017-09-01,SE,total,unemployment,13.9,%,IBGE SIDRA 6396
2017-09-01,SE,women,unemployment,16.1,%,IBGE SIDRA 6396
2017-09-01,SP,men,unemployment,11.7,%,IBGE SIDRA 6396
2017-09-01,SP,total,unemployment,13.3,%,IBGE SIDRA 6396
2017-09-01,SP,women,unemployment,15.3,%,IBGE SIDRA 6396
2017-09-01,TO,men,unemployment,10.5,%,IBGE SIDRA 6396
2017-09-01,TO,total,unemployment,11.9,%,IBGE SIDRA 6396
2017-09-01,TO,women,unemployment,13.9,%,IBGE SIDRA 6396
2017-12-01,AC,men,real_income,2604.0,R$,IBGE SIDRA 5436
2017-12-01,AC,total,real_income,2546.0,R$,IBGE SIDRA 5436
2017-12-01,AC,women,real_income,2455.0,R$,IBGE SIDRA 5436
2017-12-01,AL,men,real_income,2157.0,R$,IBGE SIDRA 5436
2017-12-01,AL,total,real_income,2094.0,R$,IBGE SIDRA 5436
2017-12-01,AL,women,real_income,1995.0,R$,IBGE SIDRA 5436
2017-12-01,AM,men,real_income,3077.0,R$,IBGE SIDRA 5436
2017-12-01,AM,total,real_income,2873.0,R$,IBGE SIDRA 5436
2017-12-01,AM,women,real_income,2536.0,R$,IBGE SIDRA 5436
2017-12-01,AP,men,real_income,3022.0,R$,IBGE SIDRA 5436
2017-12-01,AP,total,real_income,3001.0,R$,IBGE SIDRA 5436
2017-12-01,AP,women,real_income,2970.0,R$,IBGE SIDRA 5436
2017-12-01,BA,men,real_income,2605.0,R$,IBGE SIDRA 5436
2017-12-01,BA,total,real_income,2350.0,R$,IBGE SIDRA 5436
2017-12-01,BA,women,real_income,1981.0,R$,IBGE SIDRA 5436
2017-12-01,BR,men,real_income,3669.0,R$,IBGE SIDRA 5436
2017-12-01,BR,total,real_income,3298.0,R$,IBGE SIDRA 5436
2017-12-01,BR,women,real_income,2793.0,R$,IBGE SIDRA 5436
2017-12-01,CE,men,real_income,2415.0,R$,IBGE SIDRA 5436
2017-12-01,CE,total,real_income,2248.0,R$,IBGE SIDRA 5436
2017-12-01,CE,women,real_income,2009.0,R$,IBGE SIDRA 5436
2017-12-01,DF,men,real_income,6580.0,R$,IBGE SIDRA 5436
2017-12-01,DF,total,real_income,5886.0,R$,IBGE SIDRA 5436
2017-12-01,DF,women,real_income,5058.0,R$,IBGE SIDRA 5436
2017-12-01,ES,men,real_income,3467.0,R$,IBGE SIDRA 5436
2017-12-01,ES,total,real_income,3108.0,R$,IBGE SIDRA 5436
2017-12-01,ES,women,real_income,2597.0,R$,IBGE SIDRA 5436
2017-12-01,GO,men,real_income,3562.0,R$,IBGE SIDRA 5436
2017-12-01,GO,total,real_income,3173.0,R$,IBGE SIDRA 5436
2017-12-01,GO,women,real_income,2647.0,R$,IBGE SIDRA 5436
2017-12-01,MA,men,real_income,2060.0,R$,IBGE SIDRA 5436
2017-12-01,MA,total,real_income,1980.0,R$,IBGE SIDRA 5436
2017-12-01,MA,women,real_income,1857.0,R$,IBGE SIDRA 5436
2017-12-01,MG,men,real_income,3315.0,R$,IBGE SIDRA 5436
2017-12-01,MG,total,real_income,2931.0,R$,IBGE SIDRA 5436
2017-12-01,MG,women,real_income,2413.0,R$,IBGE SIDRA 5436
2017-12-01,MS,men,real_income,3796.0,R$,IBGE SIDRA 5436
2017-12-01,MS,total,real_income,3371.0,R$,IBGE SIDRA 5436
2017-12-01,MS,women,real_income,2784.0,R$,IBGE SIDRA 5436
2017-12-01,MT,men,real_income,3643.0,R$,IBGE SIDRA 5436
2017-12-01,MT,total,real_income,3257.0,R$,IBGE SIDRA 5436
2017-12-01,MT,women,real_income,2651.0,R$,IBGE SIDRA 5436
2017-12-01,PA,men,real_income,2242.0,R$,IBGE SIDRA 5436
2017-12-01,PA,total,real_income,2183.0,R$,IBGE SIDRA 5436
2017-12-01,PA,women,real_income,2086.0,R$,IBGE SIDRA 5436
2017-12-01,PB,men,real_income,2637.0,R$,IBGE SIDRA 5436
2017-12-01,PB,total,real_income,2494.0,R$,IBGE SIDRA 5436
2017-12-01,PB,women,real_income,2278.0,R$,IBGE SIDRA 5436
2017-12-01,PE,men,real_income,2578.0,R$,IBGE SIDRA 5436
2017-12-01,PE,total,real_income,2448.0,R$,IBGE SIDRA 5436
2017-12-01,PE,women,real_income,2258.0,R$,IBGE SIDRA 5436
2017-12-01,PI,men,real_income,2178.0,R$,IBGE SIDRA 5436
2017-12-01,PI,total,real_income,2100.0,R$,IBGE SIDRA 5436
2017-12-01,PI,women,real_income,1982.0,R$,IBGE SIDRA 5436
2017-12-01,PR,men,real_income,3981.0,R$,IBGE SIDRA 5436
2017-12-01,PR,total,real_income,3536.0,R$,IBGE SIDRA 5436
2017-12-01,PR,women,real_income,2918.0,R$,IBGE SIDRA 5436
2017-12-01,RJ,men,real_income,3876.0,R$,IBGE SIDRA 5436
2017-12-01,RJ,total,real_income,3532.0,R$,IBGE SIDRA 5436
2017-12-01,RJ,women,real_income,3076.0,R$,IBGE SIDRA 5436
2017-12-01,RN,men,real_income,2475.0,R$,IBGE SIDRA 5436
2017-12-01,RN,total,real_income,2337.0,R$,IBGE SIDRA 5436
2017-12-01,RN,women,real_income,2132.0,R$,IBGE SIDRA 5436
2017-12-01,RO,men,real_income,2949.0,R$,IBGE SIDRA 5436
2017-12-01,RO,total,real_income,2739.0,R$,IBGE SIDRA 5436
2017-12-01,RO,women,real_income,2381.0,R$,IBGE SIDRA 5436
2017-12-01,RR,men,real_income,3422.0,R$,IBGE SIDRA 5436
2017-12-01,RR,total,real_income,3252.0,R$,IBGE SIDRA 5436
2017-12-01,RR,women,real_income,3017.0,R$,IBGE SIDRA 5436
2017-12-01,RS,men,real_income,3977.0,R$,IBGE SIDRA 5436
2017-12-01,RS,total,real_income,3568.0,R$,IBGE SIDRA 5436
2017-12-01,RS,women,real_income,3033.0,R$,IBGE SIDRA 5436
2017-12-01,SC,men,real_income,4080.0,R$,IBGE SIDRA 5436
2017-12-01,SC,total,real_income,3583.0,R$,IBGE SIDRA 5436
2017-12-01,SC,women,real_income,2926.0,R$,IBGE SIDRA 5436
2017-12-01,SE,men,real_income,2465.0,R$,IBGE SIDRA 5436
2017-12-01,SE,total,real_income,2306.0,R$,IBGE SIDRA 5436
2017-12-01,SE,women,real_income,2078.0,R$,IBGE SIDRA 5436
2017-12-01,SP,men,real_income,4968.0,R$,IBGE SIDRA 5436
2017-12-01,SP,total,real_income,4274.0,R$,IBGE SIDRA 5436
2017-12-01,SP,women,real_income,3413.0,R$,IBGE SIDRA 5436
2017-12-01,TO,men,real_income,2953.0,R$,IBGE SIDRA 5436
2017-12-01,TO,total,real_income,2739.0,R$,IBGE SIDRA 5436
2017-12-01,TO,women,real_income,2417.0,R$,IBGE SIDRA 5436
2017-12-01,AC,men,unemployment,10.8,%,IBGE SIDRA 6396
2017-12-01,AC,total,unemployment,12.3,%,IBGE SIDRA 6396
2017-12-01,AC,women,unemployment,14.5,%,IBGE SIDRA 6396
2017-12-01,AL,men,unemployment,13.8,%,IBGE SIDRA 6396
2017-12-01,AL,total,unemployment,15.8,%,IBGE SIDRA 6396
2017-12-01,AL,women,unemployment,18.6,%,IBGE SIDRA 6396
2017-12-01,AM,men,unemployment,10.7,%,IBGE SIDRA 6396
2017-12-01,AM,total,unemployment,13.6,%,IBGE SIDRA 6396
2017-12-01,AM,women,unemployment,17.6,%,IBGE SIDRA 6396
2017-12-01,AP,men,unemployment,17.3,%,IBGE SIDRA 6396
2017-12-01,AP,total,unemployment,18.9,%,IBGE SIDRA 6396
2017-12-01,AP,women,unemployment,21.1,%,IBGE SIDRA 6396
2017-12-01,BA,men,unemployment,13.2,%,IBGE SIDRA 6396
2017-12-01,BA,total,unemployment,15.1,%,IBGE SIDRA 6396
2017-12-01,BA,women,unemployment,17.7,%,IBGE SIDRA 6396
2017-12-01,BR,men,unemployment,10.4,%,IBGE SIDRA 6396
2017-12-01,BR,total,unemployment,11.9,%,IBGE SIDRA 6396
2017-12-01,BR,women,unemployment,13.8,%,IBGE SIDRA 6396
2017-12-01,CE,men,unemployment,10.5,%,IBGE SIDRA 6396
2017-12-01,CE,total,unemployment,11.2,%,IBGE SIDRA 6396
2017-12-01,CE,women,unemployment,12.2,%,IBGE SIDRA 6396
2017-12-01,DF,men,unemployment,11.0,%,IBGE SIDRA 6396
2017-12-01,DF,total,unemployment,13.4,%,IBGE SIDRA 6396
2017-12-01,DF,women,unemployment,16.0,%,IBGE SIDRA 6396
2017-12-01,ES,men,unemployment,10.5,%,IBGE SIDRA 6396
2017-12-01,ES,total,unemployment,11.8,%,IBGE SIDRA 6396
2017-12-01,ES,women,unemployment,13.4,%,IBGE SIDRA 6396
2017-12-01,GO,men,unemployment,7.9,%,IBGE SIDRA 6396
2017-12-01,GO,total,unemployment,9.5,%,IBGE SIDRA 6396
2017-12-01,GO,women,unemployment,11.5,%,IBGE SIDRA 6396
2017-12-01,MA,men,unemployment,12.7,%,IBGE SIDRA 6396
2017-12-01,MA,total,unemployment,13.5,%,IBGE SIDRA 6396
2017-12-01,MA,women,unemployment,14.8,%,IBGE SIDRA 6396
2017-12-01,MG,men,unemployment,9.2,%,IBGE SIDRA 6396
2017-12-01,MG,total,unemployment,10.7,%,IBGE SIDRA 6396
2017-12-01,MG,women,unemployment,12.6,%,IBGE SIDRA 6396
2017-12-01,MS,men,unemployment,6.3,%,IBGE SIDRA 6396
2017-12-01,MS,total,unemployment,7.4,%,IBGE SIDRA 6396
2017-12-01,MS,women,unemployment,8.8,%,IBGE SIDRA 6396
2017-12-01,MT,men,unemployment,5.7,%,IBGE SIDRA 6396
2017-12-01,MT,total,unemployment,7.4,%,IBGE SIDRA 6396
2017-12-01,MT,women,unemployment,9.8,%,IBGE SIDRA 6396
2017-12-01,PA,men,unemployment,8.6,%,IBGE SIDRA 6396
2017-12-01,PA,total,unemployment,10.7,%,IBGE SIDRA 6396
2017-12-01,PA,women,unemployment,13.8,%,IBGE SIDRA 6396
2017-12-01,PB,men,unemployment,9.5,%,IBGE SIDRA 6396
2017-12-01,PB,total,unemployment,10.2,%,IBGE SIDRA 6396
2017-12-01,PB,women,unemployment,11.2,%,IBGE SIDRA 6396
2017-12-01,PE,men,unemployment,15.8,%,IBGE SIDRA 6396
2017-12-01,PE,total,unemployment,17.0,%,IBGE SIDRA 6396
2017-12-01,PE,women,unemployment,18.6,%,IBGE SIDRA 6396
2017-12-01,PI,men,unemployment,13.4,%,IBGE SIDRA 6396
2017-12-01,PI,total,unemployment,13.4,%,IBGE SIDRA 6396
2017-12-01,PI,women,unemployment,13.6,%,IBGE SIDRA 6396
2017-12-01,PR,men,unemployment,7.0,%,IBGE SIDRA 6396
2017-12-01,PR,total,unemployment,8.3,%,IBGE SIDRA 6396
2017-12-01,PR,women,unemployment,9.9,%,IBGE SIDRA 6396
2017-12-01,RJ,men,unemployment,13.6,%,IBGE SIDRA 6396
2017-12-01,RJ,total,unemployment,15.2,%,IBGE SIDRA 6396
2017-12-01,RJ,women,unemployment,17.2,%,IBGE SIDRA 6396
2017-12-01,RN,men,unemployment,11.3,%,IBGE SIDRA 6396
2017-12-01,RN,total,unemployment,12.4,%,IBGE SIDRA 6396
2017-12-01,RN,women,unemployment,13.9,%,IBGE SIDRA 6396
2017-12-01,RO,men,unemployment,6.3,%,IBGE SIDRA 6396
2017-12-01,RO,total,unemployment,7.6,%,IBGE SIDRA 6396
2017-12-01,RO,women,unemployment,9.5,%,IBGE SIDRA 6396
2017-12-01,RR,men,unemployment,9.3,%,IBGE SIDRA 6396
2017-12-01,RR,total,unemployment,9.6,%,IBGE SIDRA 6396
2017-12-01,RR,women,unemployment,10.1,%,IBGE SIDRA 6396
2017-12-01,RS,men,unemployment,6.7,%,IBGE SIDRA 6396
2017-12-01,RS,total,unemployment,8.1,%,IBGE SIDRA 6396
2017-12-01,RS,women,unemployment,9.8,%,IBGE SIDRA 6396
2017-12-01,SC,men,unemployment,5.6,%,IBGE SIDRA 6396
2017-12-01,SC,total,unemployment,6.4,%,IBGE SIDRA 6396
2017-12-01,SC,women,unemployment,7.4,%,IBGE SIDRA 6396
2017-12-01,SE,men,unemployment,12.3,%,IBGE SIDRA 6396
2017-12-01,SE,total,unemployment,13.7,%,IBGE SIDRA 6396
2017-12-01,SE,women,unemployment,15.5,%,IBGE SIDRA 6396
2017-12-01,SP,men,unemployment,11.3,%,IBGE SIDRA 6396
2017-12-01,SP,total,unemployment,12.8,%,IBGE SIDRA 6396
2017-12-01,SP,women,unemployment,14.7,%,IBGE SIDRA 6396
2017-12-01,TO,men,unemployment,9.1,%,IBGE SIDRA 6396
2017-12-01,TO,total,unemployment,10.6,%,IBGE SIDRA 6396
2017-12-01,TO,women,unemployment,12.8,%,IBGE SIDRA 6396
2018-03-01,AC,men,real_income,2538.0,R$,IBGE SIDRA 5436
2018-03-01,AC,total,real_income,2476.0,R$,IBGE SIDRA 5436
2018-03-01,AC,women,real_income,2371.0,R$,IBGE SIDRA 5436
2018-03-01,AL,men,real_income,2225.0,R$,IBGE SIDRA 5436
2018-03-01,AL,total,real_income,2164.0,R$,IBGE SIDRA 5436
2018-03-01,AL,women,real_income,2067.0,R$,IBGE SIDRA 5436
2018-03-01,AM,men,real_income,2690.0,R$,IBGE SIDRA 5436
2018-03-01,AM,total,real_income,2568.0,R$,IBGE SIDRA 5436
2018-03-01,AM,women,real_income,2373.0,R$,IBGE SIDRA 5436
2018-03-01,AP,men,real_income,3045.0,R$,IBGE SIDRA 5436
2018-03-01,AP,total,real_income,3140.0,R$,IBGE SIDRA 5436
2018-03-01,AP,women,real_income,3279.0,R$,IBGE SIDRA 5436
2018-03-01,BA,men,real_income,2553.0,R$,IBGE SIDRA 5436
2018-03-01,BA,total,real_income,2321.0,R$,IBGE SIDRA 5436
2018-03-01,BA,women,real_income,1987.0,R$,IBGE SIDRA 5436
2018-03-01,BR,men,real_income,3684.0,R$,IBGE SIDRA 5436
2018-03-01,BR,total,real_income,3323.0,R$,IBGE SIDRA 5436
2018-03-01,BR,women,real_income,2826.0,R$,IBGE SIDRA 5436
2018-03-01,CE,men,real_income,2377.0,R$,IBGE SIDRA 5436
2018-03-01,CE,total,real_income,2219.0,R$,IBGE SIDRA 5436
2018-03-01,CE,women,real_income,1982.0,R$,IBGE SIDRA 5436
2018-03-01,DF,men,real_income,6999.0,R$,IBGE SIDRA 5436
2018-03-01,DF,total,real_income,6052.0,R$,IBGE SIDRA 5436
2018-03-01,DF,women,real_income,4936.0,R$,IBGE SIDRA 5436
2018-03-01,ES,men,real_income,3467.0,R$,IBGE SIDRA 5436
2018-03-01,ES,total,real_income,3111.0,R$,IBGE SIDRA 5436
2018-03-01,ES,women,real_income,2606.0,R$,IBGE SIDRA 5436
2018-03-01,GO,men,real_income,3475.0,R$,IBGE SIDRA 5436
2018-03-01,GO,total,real_income,3107.0,R$,IBGE SIDRA 5436
2018-03-01,GO,women,real_income,2587.0,R$,IBGE SIDRA 5436
2018-03-01,MA,men,real_income,2046.0,R$,IBGE SIDRA 5436
2018-03-01,MA,total,real_income,1941.0,R$,IBGE SIDRA 5436
2018-03-01,MA,women,real_income,1776.0,R$,IBGE SIDRA 5436
2018-03-01,MG,men,real_income,3311.0,R$,IBGE SIDRA 5436
2018-03-01,MG,total,real_income,2940.0,R$,IBGE SIDRA 5436
2018-03-01,MG,women,real_income,2429.0,R$,IBGE SIDRA 5436
2018-03-01,MS,men,real_income,3767.0,R$,IBGE SIDRA 5436
2018-03-01,MS,total,real_income,3416.0,R$,IBGE SIDRA 5436
2018-03-01,MS,women,real_income,2928.0,R$,IBGE SIDRA 5436
2018-03-01,MT,men,real_income,3830.0,R$,IBGE SIDRA 5436
2018-03-01,MT,total,real_income,3458.0,R$,IBGE SIDRA 5436
2018-03-01,MT,women,real_income,2877.0,R$,IBGE SIDRA 5436
2018-03-01,PA,men,real_income,2402.0,R$,IBGE SIDRA 5436
2018-03-01,PA,total,real_income,2280.0,R$,IBGE SIDRA 5436
2018-03-01,PA,women,real_income,2072.0,R$,IBGE SIDRA 5436
2018-03-01,PB,men,real_income,2497.0,R$,IBGE SIDRA 5436
2018-03-01,PB,total,real_income,2383.0,R$,IBGE SIDRA 5436
2018-03-01,PB,women,real_income,2207.0,R$,IBGE SIDRA 5436
2018-03-01,PE,men,real_income,2683.0,R$,IBGE SIDRA 5436
2018-03-01,PE,total,real_income,2548.0,R$,IBGE SIDRA 5436
2018-03-01,PE,women,real_income,2360.0,R$,IBGE SIDRA 5436
2018-03-01,PI,men,real_income,2157.0,R$,IBGE SIDRA 5436
2018-03-01,PI,total,real_income,2075.0,R$,IBGE SIDRA 5436
2018-03-01,PI,women,real_income,1951.0,R$,IBGE SIDRA 5436
2018-03-01,PR,men,real_income,3934.0,R$,IBGE SIDRA 5436
2018-03-01,PR,total,real_income,3530.0,R$,IBGE SIDRA 5436
2018-03-01,PR,women,real_income,2970.0,R$,IBGE SIDRA 5436
2018-03-01,RJ,men,real_income,3918.0,R$,IBGE SIDRA 5436
2018-03-01,RJ,total,real_income,3551.0,R$,IBGE SIDRA 5436
2018-03-01,RJ,women,real_income,3065.0,R$,IBGE SIDRA 5436
2018-03-01,RN,men,real_income,2771.0,R$,IBGE SIDRA 5436
2018-03-01,RN,total,real_income,2510.0,R$,IBGE SIDRA 5436
2018-03-01,RN,women,real_income,2125.0,R$,IBGE SIDRA 5436
2018-03-01,RO,men,real_income,3062.0,R$,IBGE SIDRA 5436
2018-03-01,RO,total,real_income,2883.0,R$,IBGE SIDRA 5436
2018-03-01,RO,women,real_income,2565.0,R$,IBGE SIDRA 5436
2018-03-01,RR,men,real_income,3472.0,R$,IBGE SIDRA 5436
2018-03-01,RR,total,real_income,3421.0,R$,IBGE SIDRA 5436
2018-03-01,RR,women,real_income,3349.0,R$,IBGE SIDRA 5436
2018-03-01,RS,men,real_income,3953.0,R$,IBGE SIDRA 5436
2018-03-01,RS,total,real_income,3556.0,R$,IBGE SIDRA 5436
2018-03-01,RS,women,real_income,3031.0,R$,IBGE SIDRA 5436
2018-03-01,SC,men,real_income,4022.0,R$,IBGE SIDRA 5436
2018-03-01,SC,total,real_income,3571.0,R$,IBGE SIDRA 5436
2018-03-01,SC,women,real_income,2972.0,R$,IBGE SIDRA 5436
2018-03-01,SE,men,real_income,2569.0,R$,IBGE SIDRA 5436
2018-03-01,SE,total,real_income,2416.0,R$,IBGE SIDRA 5436
2018-03-01,SE,women,real_income,2192.0,R$,IBGE SIDRA 5436
2018-03-01,SP,men,real_income,4995.0,R$,IBGE SIDRA 5436
2018-03-01,SP,total,real_income,4315.0,R$,IBGE SIDRA 5436
2018-03-01,SP,women,real_income,3474.0,R$,IBGE SIDRA 5436
2018-03-01,TO,men,real_income,2863.0,R$,IBGE SIDRA 5436
2018-03-01,TO,total,real_income,2708.0,R$,IBGE SIDRA 5436
2018-03-01,TO,women,real_income,2470.0,R$,IBGE SIDRA 5436
2018-03-01,AC,men,unemployment,12.9,%,IBGE SIDRA 6396
2018-03-01,AC,total,unemployment,14.6,%,IBGE SIDRA 6396
2018-03-01,AC,women,unemployment,17.2,%,IBGE SIDRA 6396
2018-03-01,AL,men,unemployment,15.3,%,IBGE SIDRA 6396
2018-03-01,AL,total,unemployment,17.9,%,IBGE SIDRA 6396
2018-03-01,AL,women,unemployment,21.8,%,IBGE SIDRA 6396
2018-03-01,AM,men,unemployment,11.7,%,IBGE SIDRA 6396
2018-03-01,AM,total,unemployment,14.0,%,IBGE SIDRA 6396
2018-03-01,AM,women,unemployment,17.2,%,IBGE SIDRA 6396
2018-03-01,AP,men,unemployment,18.6,%,IBGE SIDRA 6396
2018-03-01,AP,total,unemployment,21.6,%,IBGE SIDRA 6396
2018-03-01,AP,women,unemployment,25.6,%,IBGE SIDRA 6396
2018-03-01,BA,men,unemployment,16.3,%,IBGE SIDRA 6396
2018-03-01,BA,total,unemployment,18.1,%,IBGE SIDRA 6396
2018-03-01,BA,women,unemployment,20.4,%,IBGE SIDRA 6396
2018-03-01,BR,men,unemployment,11.6,%,IBGE SIDRA 6396
2018-03-01,BR,total,unemployment,13.2,%,IBGE SIDRA 6396
2018-03-01,BR,women,unemployment,15.4,%,IBGE SIDRA 6396
2018-03-01,CE,men,unemployment,11.5,%,IBGE SIDRA 6396
2018-03-01,CE,total,unemployment,12.9,%,IBGE SIDRA 6396
2018-03-01,CE,women,unemployment,14.9,%,IBGE SIDRA 6396
2018-03-01,DF,men,unemployment,12.2,%,IBGE SIDRA 6396
2018-03-01,DF,total,unemployment,14.1,%,IBGE SIDRA 6396
2018-03-01,DF,women,unemployment,16.2,%,IBGE SIDRA 6396
2018-03-01,ES,men,unemployment,11.2,%,IBGE SIDRA 6396
2018-03-01,ES,total,unemployment,12.7,%,IBGE SIDRA 6396
2018-03-01,ES,women,unemployment,14.7,%,IBGE SIDRA 6396
2018-03-01,GO,men,unemployment,8.2,%,IBGE SIDRA 6396
2018-03-01,GO,total,unemployment,10.4,%,IBGE SIDRA 6396
2018-03-01,GO,women,unemployment,13.3,%,IBGE SIDRA 6396
2018-03-01,MA,men,unemployment,14.5,%,IBGE SIDRA 6396
2018-03-01,MA,total,unemployment,15.9,%,IBGE SIDRA 6396
2018-03-01,MA,women,unemployment,17.9,%,IBGE SIDRA 6396
2018-03-01,MG,men,unemployment,10.6,%,IBGE SIDRA 6396
2018-03-01,MG,total,unemployment,12.7,%,IBGE SIDRA 6396
2018-03-01,MG,women,unemployment,15.3,%,IBGE SIDRA 6396
2018-03-01,MS,men,unemployment,7.8,%,IBGE SIDRA 6396
2018-03-01,MS,total,unemployment,8.5,%,IBGE SIDRA 6396
2018-03-01,MS,women,unemployment,9.5,%,IBGE SIDRA 6396
2018-03-01,MT,men,unemployment,8.1,%,IBGE SIDRA 6396
2018-03-01,MT,total,unemployment,9.5,%,IBGE SIDRA 6396
2018-03-01,MT,women,unemployment,11.5,%,IBGE SIDRA 6396
2018-03-01,PA,men,unemployment,9.9,%,IBGE SIDRA 6396
2018-03-01,PA,total,unemployment,12.2,%,IBGE SIDRA 6396
2018-03-01,PA,women,unemployment,15.7,%,IBGE SIDRA 6396
2018-03-01,PB,men,unemployment,10.5,%,IBGE SIDRA 6396
2018-03-01,PB,total,unemployment,11.9,%,IBGE SIDRA 6396
2018-03-01,PB,women,unemployment,13.9,%,IBGE SIDRA 6396
2018-03-01,PE,men,unemployment,17.4,%,IBGE SIDRA 6396
2018-03-01,PE,total,unemployment,17.9,%,IBGE SIDRA 6396
2018-03-01,PE,women,unemployment,18.6,%,IBGE SIDRA 6396
2018-03-01,PI,men,unemployment,13.2,%,IBGE SIDRA 6396
2018-03-01,PI,total,unemployment,13.3,%,IBGE SIDRA 6396
2018-03-01,PI,women,unemployment,13.5,%,IBGE SIDRA 6396
2018-03-01,PR,men,unemployment,8.4,%,IBGE SIDRA 6396
2018-03-01,PR,total,unemployment,9.7,%,IBGE SIDRA 6396
2018-03-01,PR,women,unemployment,11.4,%,IBGE SIDRA 6396
2018-03-01,RJ,men,unemployment,13.2,%,IBGE SIDRA 6396
2018-03-01,RJ,total,unemployment,15.1,%,IBGE SIDRA 6396
2018-03-01,RJ,women,unemployment,17.5,%,IBGE SIDRA 6396
2018-03-01,RN,men,unemployment,13.9,%,IBGE SIDRA 6396
2018-03-01,RN,total,unemployment,15.1,%,IBGE SIDRA 6396
2018-03-01,RN,women,unemployment,16.7,%,IBGE SIDRA 6396
2018-03-01,RO,men,unemployment,8.0,%,IBGE SIDRA 6396
2018-03-01,RO,total,unemployment,10.5,%,IBGE SIDRA 6396
2018-03-01,RO,women,unemployment,14.5,%,IBGE SIDRA 6396
2018-03-01,RR,men,unemployment,9.3,%,IBGE SIDRA 6396
2018-03-01,RR,total,unemployment,10.5,%,IBGE SIDRA 6396
2018-03-01,RR,women,unemployment,12.2,%,IBGE SIDRA 6396
2018-03-01,RS,men,unemployment,7.2,%,IBGE SIDRA 6396
2018-03-01,RS,total,unemployment,8.6,%,IBGE SIDRA 6396
2018-03-01,RS,women,unemployment,10.2,%,IBGE SIDRA 6396
2018-03-01,SC,men,unemployment,5.6,%,IBGE SIDRA 6396
2018-03-01,SC,total,unemployment,6.6,%,IBGE SIDRA 6396
2018-03-01,SC,women,unemployment,7.8,%,IBGE SIDRA 6396
2018-03-01,SE,men,unemployment,14.5,%,IBGE SIDRA 6396
2018-03-01,SE,total,unemployment,17.3,%,IBGE SIDRA 6396
2018-03-01,SE,women,unemployment,21.0,%,IBGE SIDRA 6396
2018-03-01,SP,men,unemployment,12.4,%,IBGE SIDRA 6396
2018-03-01,SP,total,unemployment,14.1,%,IBGE SIDRA 6396
2018-03-01,SP,women,unemployment,16.2,%,IBGE SIDRA 6396
2018-03-01,TO,men,unemployment,9.8,%,IBGE SIDRA 6396
2018-03-01,TO,total,unemployment,11.1,%,IBGE SIDRA 6396
2018-03-01,TO,women,unemployment,13.0,%,IBGE SIDRA 6396
2018-06-01,AC,men,real_income,2587.0,R$,IBGE SIDRA 5436
2018-06-01,AC,total,real_income,2541.0,R$,IBGE SIDRA 5436
2018-06-01,AC,women,real_income,2468.0,R$,IBGE SIDRA 5436
2018-06-01,AL,men,real_income,2310.0,R$,IBGE SIDRA 5436
2018-06-01,AL,total,real_income,2214.0,R$,IBGE SIDRA 5436
2018-06-01,AL,women,real_income,2067.0,R$,IBGE SIDRA 5436
2018-06-01,AM,men,real_income,2695.0,R$,IBGE SIDRA 5436
2018-06-01,AM,total,real_income,2579.0,R$,IBGE SIDRA 5436
2018-06-01,AM,women,real_income,2390.0,R$,IBGE SIDRA 5436
2018-06-01,AP,men,real_income,2861.0,R$,IBGE SIDRA 5436
2018-06-01,AP,total,real_income,2929.0,R$,IBGE SIDRA 5436
2018-06-01,AP,women,real_income,3034.0,R$,IBGE SIDRA 5436
2018-06-01,BA,men,real_income,2458.0,R$,IBGE SIDRA 5436
2018-06-01,BA,total,real_income,2271.0,R$,IBGE SIDRA 5436
2018-06-01,BA,women,real_income,1997.0,R$,IBGE SIDRA 5436
2018-06-01,BR,men,real_income,3699.0,R$,IBGE SIDRA 5436
2018-06-01,BR,total,real_income,3329.0,R$,IBGE SIDRA 5436
2018-06-01,BR,women,real_income,2827.0,R$,IBGE SIDRA 5436
2018-06-01,CE,men,real_income,2425.0,R$,IBGE SIDRA 5436
2018-06-01,CE,total,real_income,2264.0,R$,IBGE SIDRA 5436
2018-06-01,CE,women,real_income,2032.0,R$,IBGE SIDRA 5436
2018-06-01,DF,men,real_income,6602.0,R$,IBGE SIDRA 5436
2018-06-01,DF,total,real_income,5787.0,R$,IBGE SIDRA 5436
2018-06-01,DF,women,real_income,4848.0,R$,IBGE SIDRA 5436
2018-06-01,ES,men,real_income,3384.0,R$,IBGE SIDRA 5436
2018-06-01,ES,total,real_income,3005.0,R$,IBGE SIDRA 5436
2018-06-01,ES,women,real_income,2478.0,R$,IBGE SIDRA 5436
2018-06-01,GO,men,real_income,3497.0,R$,IBGE SIDRA 5436
2018-06-01,GO,total,real_income,3099.0,R$,IBGE SIDRA 5436
2018-06-01,GO,women,real_income,2544.0,R$,IBGE SIDRA 5436
2018-06-01,MA,men,real_income,2064.0,R$,IBGE SIDRA 5436
2018-06-01,MA,total,real_income,1957.0,R$,IBGE SIDRA 5436
2018-06-01,MA,women,real_income,1794.0,R$,IBGE SIDRA 5436
2018-06-01,MG,men,real_income,3306.0,R$,IBGE SIDRA 5436
2018-06-01,MG,total,real_income,2943.0,R$,IBGE SIDRA 5436
2018-06-01,MG,women,real_income,2455.0,R$,IBGE SIDRA 5436
2018-06-01,MS,men,real_income,3804.0,R$,IBGE SIDRA 5436
2018-06-01,MS,total,real_income,3448.0,R$,IBGE SIDRA 5436
2018-06-01,MS,women,real_income,2962.0,R$,IBGE SIDRA 5436
2018-06-01,MT,men,real_income,3683.0,R$,IBGE SIDRA 5436
2018-06-01,MT,total,real_income,3304.0,R$,IBGE SIDRA 5436
2018-06-01,MT,women,real_income,2719.0,R$,IBGE SIDRA 5436
2018-06-01,PA,men,real_income,2340.0,R$,IBGE SIDRA 5436
2018-06-01,PA,total,real_income,2230.0,R$,IBGE SIDRA 5436
2018-06-01,PA,women,real_income,2044.0,R$,IBGE SIDRA 5436
2018-06-01,PB,men,real_income,2604.0,R$,IBGE SIDRA 5436
2018-06-01,PB,total,real_income,2474.0,R$,IBGE SIDRA 5436
2018-06-01,PB,women,real_income,2278.0,R$,IBGE SIDRA 5436
2018-06-01,PE,men,real_income,2686.0,R$,IBGE SIDRA 5436
2018-06-01,PE,total,real_income,2556.0,R$,IBGE SIDRA 5436
2018-06-01,PE,women,real_income,2374.0,R$,IBGE SIDRA 5436
2018-06-01,PI,men,real_income,2157.0,R$,IBGE SIDRA 5436
2018-06-01,PI,total,real_income,2061.0,R$,IBGE SIDRA 5436
2018-06-01,PI,women,real_income,1923.0,R$,IBGE SIDRA 5436
2018-06-01,PR,men,real_income,3908.0,R$,IBGE SIDRA 5436
2018-06-01,PR,total,real_income,3501.0,R$,IBGE SIDRA 5436
2018-06-01,PR,women,real_income,2940.0,R$,IBGE SIDRA 5436
2018-06-01,RJ,men,real_income,4116.0,R$,IBGE SIDRA 5436
2018-06-01,RJ,total,real_income,3716.0,R$,IBGE SIDRA 5436
2018-06-01,RJ,women,real_income,3191.0,R$,IBGE SIDRA 5436
2018-06-01,RN,men,real_income,2692.0,R$,IBGE SIDRA 5436
2018-06-01,RN,total,real_income,2466.0,R$,IBGE SIDRA 5436
2018-06-01,RN,women,real_income,2135.0,R$,IBGE SIDRA 5436
2018-06-01,RO,men,real_income,3051.0,R$,IBGE SIDRA 5436
2018-06-01,RO,total,real_income,2826.0,R$,IBGE SIDRA 5436
2018-06-01,RO,women,real_income,2435.0,R$,IBGE SIDRA 5436
2018-06-01,RR,men,real_income,3343.0,R$,IBGE SIDRA 5436
2018-06-01,RR,total,real_income,3273.0,R$,IBGE SIDRA 5436
2018-06-01,RR,women,real_income,3174.0,R$,IBGE SIDRA 5436
2018-06-01,RS,men,real_income,3989.0,R$,IBGE SIDRA 5436
2018-06-01,RS,total,real_income,3556.0,R$,IBGE SIDRA 5436
2018-06-01,RS,women,real_income,2987.0,R$,IBGE SIDRA 5436
2018-06-01,SC,men,real_income,3971.0,R$,IBGE SIDRA 5436
2018-06-01,SC,total,real_income,3546.0,R$,IBGE SIDRA 5436
2018-06-01,SC,women,real_income,2984.0,R$,IBGE SIDRA 5436
2018-06-01,SE,men,real_income,2431.0,R$,IBGE SIDRA 5436
2018-06-01,SE,total,real_income,2306.0,R$,IBGE SIDRA 5436
2018-06-01,SE,women,real_income,2122.0,R$,IBGE SIDRA 5436
2018-06-01,SP,men,real_income,5059.0,R$,IBGE SIDRA 5436
2018-06-01,SP,total,real_income,4349.0,R$,IBGE SIDRA 5436
2018-06-01,SP,women,real_income,3472.0,R$,IBGE SIDRA 5436
2018-06-01,TO,men,real_income,2925.0,R$,IBGE SIDRA 5436
2018-06-01,TO,total,real_income,2769.0,R$,IBGE SIDRA 5436
2018-06-01,TO,women,real_income,2538.0,R$,IBGE SIDRA 5436
2018-06-01,AC,men,unemployment,12.0,%,IBGE SIDRA 6396
2018-06-01,AC,total,unemployment,13.7,%,IBGE SIDRA 6396
2018-06-01,AC,women,unemployment,16.4,%,IBGE SIDRA 6396
2018-06-01,AL,men,unemployment,15.7,%,IBGE SIDRA 6396
2018-06-01,AL,total,unemployment,17.7,%,IBGE SIDRA 6396
2018-06-01,AL,women,unemployment,20.5,%,IBGE SIDRA 6396
2018-06-01,AM,men,unemployment,12.0,%,IBGE SIDRA 6396
2018-06-01,AM,total,unemployment,14.3,%,IBGE SIDRA 6396
2018-06-01,AM,women,unemployment,17.6,%,IBGE SIDRA 6396
2018-06-01,AP,men,unemployment,18.2,%,IBGE SIDRA 6396
2018-06-01,AP,total,unemployment,21.6,%,IBGE SIDRA 6396
2018-06-01,AP,women,unemployment,26.1,%,IBGE SIDRA 6396
2018-06-01,BA,men,unemployment,14.9,%,IBGE SIDRA 6396
2018-06-01,BA,total,unemployment,16.7,%,IBGE SIDRA 6396
2018-06-01,BA,women,unemployment,19.2,%,IBGE SIDRA 6396
2018-06-01,BR,men,unemployment,11.0,%,IBGE SIDRA 6396
2018-06-01,BR,total,unemployment,12.6,%,IBGE SIDRA 6396
2018-06-01,BR,women,unemployment,14.6,%,IBGE SIDRA 6396
2018-06-01,CE,men,unemployment,11.0,%,IBGE SIDRA 6396
2018-06-01,CE,total,unemployment,11.8,%,IBGE SIDRA 6396
2018-06-01,CE,women,unemployment,12.9,%,IBGE SIDRA 6396
2018-06-01,DF,men,unemployment,11.2,%,IBGE SIDRA 6396
2018-06-01,DF,total,unemployment,12.3,%,IBGE SIDRA 6396
2018-06-01,DF,women,unemployment,13.5,%,IBGE SIDRA 6396
2018-06-01,ES,men,unemployment,10.7,%,IBGE SIDRA 6396
2018-06-01,ES,total,unemployment,12.2,%,IBGE SIDRA 6396
2018-06-01,ES,women,unemployment,14.1,%,IBGE SIDRA 6396
2018-06-01,GO,men,unemployment,7.9,%,IBGE SIDRA 6396
2018-06-01,GO,total,unemployment,9.6,%,IBGE SIDRA 6396
2018-06-01,GO,women,unemployment,11.8,%,IBGE SIDRA 6396
2018-06-01,MA,men,unemployment,13.5,%,IBGE SIDRA 6396
2018-06-01,MA,total,unemployment,14.5,%,IBGE SIDRA 6396
2018-06-01,MA,women,unemployment,16.1,%,IBGE SIDRA 6396
2018-06-01,MG,men,unemployment,9.4,%,IBGE SIDRA 6396
2018-06-01,MG,total,unemployment,10.9,%,IBGE SIDRA 6396
2018-06-01,MG,women,unemployment,12.8,%,IBGE SIDRA 6396
2018-06-01,MS,men,unemployment,6.3,%,IBGE SIDRA 6396
2018-06-01,MS,total,unemployment,7.7,%,IBGE SIDRA 6396
2018-06-01,MS,women,unemployment,9.5,%,IBGE SIDRA 6396
2018-06-01,MT,men,unemployment,7.0,%,IBGE SIDRA 6396
2018-06-01,MT,total,unemployment,8.6,%,IBGE SIDRA 6396
2018-06-01,MT,women,unemployment,10.8,%,IBGE SIDRA 6396
2018-06-01,PA,men,unemployment,9.2,%,IBGE SIDRA 6396
2018-06-01,PA,total,unemployment,11.3,%,IBGE SIDRA 6396
2018-06-01,PA,women,unemployment,14.5,%,IBGE SIDRA 6396
2018-06-01,PB,men,unemployment,10.2,%,IBGE SIDRA 6396
2018-06-01,PB,total,unemployment,11.1,%,IBGE SIDRA 6396
2018-06-01,PB,women,unemployment,12.4,%,IBGE SIDRA 6396
2018-06-01,PE,men,unemployment,16.7,%,IBGE SIDRA 6396
2018-06-01,PE,total,unemployment,17.1,%,IBGE SIDRA 6396
2018-06-01,PE,women,unemployment,17.7,%,IBGE SIDRA 6396
2018-06-01,PI,men,unemployment,13.3,%,IBGE SIDRA 6396
2018-06-01,PI,total,unemployment,13.5,%,IBGE SIDRA 6396
2018-06-01,PI,women,unemployment,13.7,%,IBGE SIDRA 6396
2018-06-01,PR,men,unemployment,7.5,%,IBGE SIDRA 6396
2018-06-01,PR,total,unemployment,9.1,%,IBGE SIDRA 6396
2018-06-01,PR,women,unemployment,11.2,%,IBGE SIDRA 6396
2018-06-01,RJ,men,unemployment,13.6,%,IBGE SIDRA 6396
2018-06-01,RJ,total,unemployment,15.5,%,IBGE SIDRA 6396
2018-06-01,RJ,women,unemployment,17.9,%,IBGE SIDRA 6396
2018-06-01,RN,men,unemployment,12.7,%,IBGE SIDRA 6396
2018-06-01,RN,total,unemployment,13.3,%,IBGE SIDRA 6396
2018-06-01,RN,women,unemployment,14.2,%,IBGE SIDRA 6396
2018-06-01,RO,men,unemployment,6.3,%,IBGE SIDRA 6396
2018-06-01,RO,total,unemployment,8.3,%,IBGE SIDRA 6396
2018-06-01,RO,women,unemployment,11.3,%,IBGE SIDRA 6396
2018-06-01,RR,men,unemployment,10.2,%,IBGE SIDRA 6396
2018-06-01,RR,total,unemployment,11.5,%,IBGE SIDRA 6396
2018-06-01,RR,women,unemployment,13.3,%,IBGE SIDRA 6396
2018-06-01,RS,men,unemployment,7.0,%,IBGE SIDRA 6396
2018-06-01,RS,total,unemployment,8.4,%,IBGE SIDRA 6396
2018-06-01,RS,women,unemployment,10.2,%,IBGE SIDRA 6396
2018-06-01,SC,men,unemployment,5.8,%,IBGE SIDRA 6396
2018-06-01,SC,total,unemployment,6.6,%,IBGE SIDRA 6396
2018-06-01,SC,women,unemployment,7.6,%,IBGE SIDRA 6396
2018-06-01,SE,men,unemployment,14.5,%,IBGE SIDRA 6396
2018-06-01,SE,total,unemployment,17.1,%,IBGE SIDRA 6396
2018-06-01,SE,women,unemployment,20.4,%,IBGE SIDRA 6396
2018-06-01,SP,men,unemployment,11.9,%,IBGE SIDRA 6396
2018-06-01,SP,total,unemployment,13.8,%,IBGE SIDRA 6396
2018-06-01,SP,women,unemployment,16.0,%,IBGE SIDRA 6396
2018-06-01,TO,men,unemployment,9.9,%,IBGE SIDRA 6396
2018-06-01,TO,total,unemployment,11.4,%,IBGE SIDRA 6396
2018-06-01,TO,women,unemployment,13.5,%,IBGE SIDRA 6396
2018-09-01,AC,men,real_income,2647.0,R$,IBGE SIDRA 5436
2018-09-01,AC,total,real_income,2617.0,R$,IBGE SIDRA 5436
2018-09-01,AC,women,real_income,2567.0,R$,IBGE SIDRA 5436
2018-09-01,AL,men,real_income,2282.0,R$,IBGE SIDRA 5436
2018-09-01,AL,total,real_income,2180.0,R$,IBGE SIDRA 5436
2018-09-01,AL,women,real_income,2025.0,R$,IBGE SIDRA 5436
2018-09-01,AM,men,real_income,2553.0,R$,IBGE SIDRA 5436
2018-09-01,AM,total,real_income,2473.0,R$,IBGE SIDRA 5436
2018-09-01,AM,women,real_income,2340.0,R$,IBGE SIDRA 5436
2018-09-01,AP,men,real_income,2593.0,R$,IBGE SIDRA 5436
2018-09-01,AP,total,real_income,2752.0,R$,IBGE SIDRA 5436
2018-09-01,AP,women,real_income,3004.0,R$,IBGE SIDRA 5436
2018-09-01,BA,men,real_income,2353.0,R$,IBGE SIDRA 5436
2018-09-01,BA,total,real_income,2269.0,R$,IBGE SIDRA 5436
2018-09-01,BA,women,real_income,2146.0,R$,IBGE SIDRA 5436
2018-09-01,BR,men,real_income,3666.0,R$,IBGE SIDRA 5436
2018-09-01,BR,total,real_income,3318.0,R$,IBGE SIDRA 5436
2018-09-01,BR,women,real_income,2845.0,R$,IBGE SIDRA 5436
2018-09-01,CE,men,real_income,2583.0,R$,IBGE SIDRA 5436
2018-09-01,CE,total,real_income,2332.0,R$,IBGE SIDRA 5436
2018-09-01,CE,women,real_income,1985.0,R$,IBGE SIDRA 5436
2018-09-01,DF,men,real_income,6471.0,R$,IBGE SIDRA 5436
2018-09-01,DF,total,real_income,5698.0,R$,IBGE SIDRA 5436
2018-09-01,DF,women,real_income,4772.0,R$,IBGE SIDRA 5436
2018-09-01,ES,men,real_income,3463.0,R$,IBGE SIDRA 5436
2018-09-01,ES,total,real_income,3123.0,R$,IBGE SIDRA 5436
2018-09-01,ES,women,real_income,2642.0,R$,IBGE SIDRA 5436
2018-09-01,GO,men,real_income,3460.0,R$,IBGE SIDRA 5436
2018-09-01,GO,total,real_income,3051.0,R$,IBGE SIDRA 5436
2018-09-01,GO,women,real_income,2493.0,R$,IBGE SIDRA 5436
2018-09-01,MA,men,real_income,2057.0,R$,IBGE SIDRA 5436
2018-09-01,MA,total,real_income,1983.0,R$,IBGE SIDRA 5436
2018-09-01,MA,women,real_income,1872.0,R$,IBGE SIDRA 5436
2018-09-01,MG,men,real_income,3271.0,R$,IBGE SIDRA 5436
2018-09-01,MG,total,real_income,2915.0,R$,IBGE SIDRA 5436
2018-09-01,MG,women,real_income,2442.0,R$,IBGE SIDRA 5436
2018-09-01,MS,men,real_income,3881.0,R$,IBGE SIDRA 5436
2018-09-01,MS,total,real_income,3494.0,R$,IBGE SIDRA 5436
2018-09-01,MS,women,real_income,2960.0,R$,IBGE SIDRA 5436
2018-09-01,MT,men,real_income,3798.0,R$,IBGE SIDRA 5436
2018-09-01,MT,total,real_income,3384.0,R$,IBGE SIDRA 5436
2018-09-01,MT,women,real_income,2756.0,R$,IBGE SIDRA 5436
2018-09-01,PA,men,real_income,2380.0,R$,IBGE SIDRA 5436
2018-09-01,PA,total,real_income,2254.0,R$,IBGE SIDRA 5436
2018-09-01,PA,women,real_income,2047.0,R$,IBGE SIDRA 5436
2018-09-01,PB,men,real_income,2600.0,R$,IBGE SIDRA 5436
2018-09-01,PB,total,real_income,2427.0,R$,IBGE SIDRA 5436
2018-09-01,PB,women,real_income,2169.0,R$,IBGE SIDRA 5436
2018-09-01,PE,men,real_income,2621.0,R$,IBGE SIDRA 5436
2018-09-01,PE,total,real_income,2514.0,R$,IBGE SIDRA 5436
2018-09-01,PE,women,real_income,2362.0,R$,IBGE SIDRA 5436
2018-09-01,PI,men,real_income,2158.0,R$,IBGE SIDRA 5436
2018-09-01,PI,total,real_income,2043.0,R$,IBGE SIDRA 5436
2018-09-01,PI,women,real_income,1873.0,R$,IBGE SIDRA 5436
2018-09-01,PR,men,real_income,4016.0,R$,IBGE SIDRA 5436
2018-09-01,PR,total,real_income,3551.0,R$,IBGE SIDRA 5436
2018-09-01,PR,women,real_income,2921.0,R$,IBGE SIDRA 5436
2018-09-01,RJ,men,real_income,4157.0,R$,IBGE SIDRA 5436
2018-09-01,RJ,total,real_income,3733.0,R$,IBGE SIDRA 5436
2018-09-01,RJ,women,real_income,3179.0,R$,IBGE SIDRA 5436
2018-09-01,RN,men,real_income,2517.0,R$,IBGE SIDRA 5436
2018-09-01,RN,total,real_income,2374.0,R$,IBGE SIDRA 5436
2018-09-01,RN,women,real_income,2174.0,R$,IBGE SIDRA 5436
2018-09-01,RO,men,real_income,3198.0,R$,IBGE SIDRA 5436
2018-09-01,RO,total,real_income,2962.0,R$,IBGE SIDRA 5436
2018-09-01,RO,women,real_income,2553.0,R$,IBGE SIDRA 5436
2018-09-01,RR,men,real_income,3263.0,R$,IBGE SIDRA 5436
2018-09-01,RR,total,real_income,3244.0,R$,IBGE SIDRA 5436
2018-09-01,RR,women,real_income,3217.0,R$,IBGE SIDRA 5436
2018-09-01,RS,men,real_income,3956.0,R$,IBGE SIDRA 5436
2018-09-01,RS,total,real_income,3506.0,R$,IBGE SIDRA 5436
2018-09-01,RS,women,real_income,2915.0,R$,IBGE SIDRA 5436
2018-09-01,SC,men,real_income,3998.0,R$,IBGE SIDRA 5436
2018-09-01,SC,total,real_income,3567.0,R$,IBGE SIDRA 5436
2018-09-01,SC,women,real_income,3002.0,R$,IBGE SIDRA 5436
2018-09-01,SE,men,real_income,2595.0,R$,IBGE SIDRA 5436
2018-09-01,SE,total,real_income,2431.0,R$,IBGE SIDRA 5436
2018-09-01,SE,women,real_income,2198.0,R$,IBGE SIDRA 5436
2018-09-01,SP,men,real_income,4900.0,R$,IBGE SIDRA 5436
2018-09-01,SP,total,real_income,4309.0,R$,IBGE SIDRA 5436
2018-09-01,SP,women,real_income,3565.0,R$,IBGE SIDRA 5436
2018-09-01,TO,men,real_income,3021.0,R$,IBGE SIDRA 5436
2018-09-01,TO,total,real_income,2845.0,R$,IBGE SIDRA 5436
2018-09-01,TO,women,real_income,2584.0,R$,IBGE SIDRA 5436
2018-09-01,AC,men,unemployment,11.2,%,IBGE SIDRA 6396
2018-09-01,AC,total,unemployment,13.3,%,IBGE SIDRA 6396
2018-09-01,AC,women,unemployment,16.4,%,IBGE SIDRA 6396
2018-09-01,AL,men,unemployment,15.4,%,IBGE SIDRA 6396
2018-09-01,AL,total,unemployment,17.4,%,IBGE SIDRA 6396
2018-09-01,AL,women,unemployment,20.2,%,IBGE SIDRA 6396
2018-09-01,AM,men,unemployment,10.6,%,IBGE SIDRA 6396
2018-09-01,AM,total,unemployment,13.2,%,IBGE SIDRA 6396
2018-09-01,AM,women,unemployment,16.9,%,IBGE SIDRA 6396
2018-09-01,AP,men,unemployment,14.6,%,IBGE SIDRA 6396
2018-09-01,AP,total,unemployment,18.4,%,IBGE SIDRA 6396
2018-09-01,AP,women,unemployment,23.7,%,IBGE SIDRA 6396
2018-09-01,BA,men,unemployment,14.2,%,IBGE SIDRA 6396
2018-09-01,BA,total,unemployment,16.4,%,IBGE SIDRA 6396
2018-09-01,BA,women,unemployment,19.3,%,IBGE SIDRA 6396
2018-09-01,BR,men,unemployment,10.4,%,IBGE SIDRA 6396
2018-09-01,BR,total,unemployment,12.0,%,IBGE SIDRA 6396
2018-09-01,BR,women,unemployment,14.0,%,IBGE SIDRA 6396
2018-09-01,CE,men,unemployment,10.0,%,IBGE SIDRA 6396
2018-09-01,CE,total,unemployment,10.7,%,IBGE SIDRA 6396
2018-09-01,CE,women,unemployment,11.7,%,IBGE SIDRA 6396
2018-09-01,DF,men,unemployment,10.6,%,IBGE SIDRA 6396
2018-09-01,DF,total,unemployment,12.7,%,IBGE SIDRA 6396
2018-09-01,DF,women,unemployment,15.0,%,IBGE SIDRA 6396
2018-09-01,ES,men,unemployment,9.8,%,IBGE SIDRA 6396
2018-09-01,ES,total,unemployment,11.4,%,IBGE SIDRA 6396
2018-09-01,ES,women,unemployment,13.4,%,IBGE SIDRA 6396
2018-09-01,GO,men,unemployment,7.1,%,IBGE SIDRA 6396
2018-09-01,GO,total,unemployment,9.0,%,IBGE SIDRA 6396
2018-09-01,GO,women,unemployment,11.5,%,IBGE SIDRA 6396
2018-09-01,MA,men,unemployment,13.1,%,IBGE SIDRA 6396
2018-09-01,MA,total,unemployment,14.1,%,IBGE SIDRA 6396
2018-09-01,MA,women,unemployment,15.4,%,IBGE SIDRA 6396
2018-09-01,MG,men,unemployment,8.3,%,IBGE SIDRA 6396
2018-09-01,MG,total,unemployment,9.8,%,IBGE SIDRA 6396
2018-09-01,MG,women,unemployment,11.7,%,IBGE SIDRA 6396
2018-09-01,MS,men,unemployment,5.7,%,IBGE SIDRA 6396
2018-09-01,MS,total,unemployment,7.3,%,IBGE SIDRA 6396
2018-09-01,MS,women,unemployment,9.5,%,IBGE SIDRA 6396
2018-09-01,MT,men,unemployment,5.9,%,IBGE SIDRA 6396
2018-09-01,MT,total,unemployment,6.8,%,IBGE SIDRA 6396
2018-09-01,MT,women,unemployment,8.1,%,IBGE SIDRA 6396
2018-09-01,PA,men,unemployment,9.3,%,IBGE SIDRA 6396
2018-09-01,PA,total,unemployment,11.0,%,IBGE SIDRA 6396
2018-09-01,PA,women,unemployment,13.5,%,IBGE SIDRA 6396
2018-09-01,PB,men,unemployment,9.2,%,IBGE SIDRA 6396
2018-09-01,PB,total,unemployment,11.0,%,IBGE SIDRA 6396
2018-09-01,PB,women,unemployment,13.4,%,IBGE SIDRA 6396
2018-09-01,PE,men,unemployment,15.9,%,IBGE SIDRA 6396
2018-09-01,PE,total,unemployment,17.0,%,IBGE SIDRA 6396
2018-09-01,PE,women,unemployment,18.5,%,IBGE SIDRA 6396
2018-09-01,PI,men,unemployment,13.0,%,IBGE SIDRA 6396
2018-09-01,PI,total,unemployment,12.5,%,IBGE SIDRA 6396
2018-09-01,PI,women,unemployment,11.7,%,IBGE SIDRA 6396
2018-09-01,PR,men,unemployment,7.4,%,IBGE SIDRA 6396
2018-09-01,PR,total,unemployment,8.7,%,IBGE SIDRA 6396
2018-09-01,PR,women,unemployment,10.5,%,IBGE SIDRA 6396
2018-09-01,RJ,men,unemployment,12.6,%,IBGE SIDRA 6396
2018-09-01,RJ,total,unemployment,14.7,%,IBGE SIDRA 6396
2018-09-01,RJ,women,unemployment,17.3,%,IBGE SIDRA 6396
2018-09-01,RN,men,unemployment,12.8,%,IBGE SIDRA 6396
2018-09-01,RN,total,unemployment,13.0,%,IBGE SIDRA 6396
2018-09-01,RN,women,unemployment,13.2,%,IBGE SIDRA 6396
2018-09-01,RO,men,unemployment,6.3,%,IBGE SIDRA 6396
2018-09-01,RO,total,unemployment,8.8,%,IBGE SIDRA 6396
2018-09-01,RO,women,unemployment,12.6,%,IBGE SIDRA 6396
2018-09-01,RR,men,unemployment,11.2,%,IBGE SIDRA 6396
2018-09-01,RR,total,unemployment,13.6,%,IBGE SIDRA 6396
2018-09-01,RR,women,unemployment,17.0,%,IBGE SIDRA 6396
2018-09-01,RS,men,unemployment,7.0,%,IBGE SIDRA 6396
2018-09-01,RS,total,unemployment,8.3,%,IBGE SIDRA 6396
2018-09-01,RS,women,unemployment,9.8,%,IBGE SIDRA 6396
2018-09-01,SC,men,unemployment,5.1,%,IBGE SIDRA 6396
2018-09-01,SC,total,unemployment,6.2,%,IBGE SIDRA 6396
2018-09-01,SC,women,unemployment,7.7,%,IBGE SIDRA 6396
2018-09-01,SE,men,unemployment,16.2,%,IBGE SIDRA 6396
2018-09-01,SE,total,unemployment,17.7,%,IBGE SIDRA 6396
2018-09-01,SE,women,unemployment,19.6,%,IBGE SIDRA 6396
2018-09-01,SP,men,unemployment,11.6,%,IBGE SIDRA 6396
2018-09-01,SP,total,unemployment,13.3,%,IBGE SIDRA 6396
2018-09-01,SP,women,unemployment,15.3,%,IBGE SIDRA 6396
2018-09-01,TO,men,unemployment,8.8,%,IBGE SIDRA 6396
2018-09-01,TO,total,unemployment,9.9,%,IBGE SIDRA 6396
2018-09-01,TO,women,unemployment,11.5,%,IBGE SIDRA 6396
2018-12-01,AC,men,real_income,2693.0,R$,IBGE SIDRA 5436
2018-12-01,AC,total,real_income,2618.0,R$,IBGE SIDRA 5436
2018-12-01,AC,women,real_income,2502.0,R$,IBGE SIDRA 5436
2018-12-01,AL,men,real_income,2430.0,R$,IBGE SIDRA 5436
2018-12-01,AL,total,real_income,2363.0,R$,IBGE SIDRA 5436
2018-12-01,AL,women,real_income,2258.0,R$,IBGE SIDRA 5436
2018-12-01,AM,men,real_income,2512.0,R$,IBGE SIDRA 5436
2018-12-01,AM,total,real_income,2404.0,R$,IBGE SIDRA 5436
2018-12-01,AM,women,real_income,2223.0,R$,IBGE SIDRA 5436
2018-12-01,AP,men,real_income,2623.0,R$,IBGE SIDRA 5436
2018-12-01,AP,total,real_income,2760.0,R$,IBGE SIDRA 5436
2018-12-01,AP,women,real_income,2977.0,R$,IBGE SIDRA 5436
2018-12-01,BA,men,real_income,2419.0,R$,IBGE SIDRA 5436
2018-12-01,BA,total,real_income,2313.0,R$,IBGE SIDRA 5436
2018-12-01,BA,women,real_income,2163.0,R$,IBGE SIDRA 5436
2018-12-01,BR,men,real_income,3700.0,R$,IBGE SIDRA 5436
2018-12-01,BR,total,real_income,3343.0,R$,IBGE SIDRA 5436
2018-12-01,BR,women,real_income,2860.0,R$,IBGE SIDRA 5436
2018-12-01,CE,men,real_income,2521.0,R$,IBGE SIDRA 5436
2018-12-01,CE,total,real_income,2295.0,R$,IBGE SIDRA 5436
2018-12-01,CE,women,real_income,1975.0,R$,IBGE SIDRA 5436
2018-12-01,DF,men,real_income,6761.0,R$,IBGE SIDRA 5436
2018-12-01,DF,total,real_income,5879.0,R$,IBGE SIDRA 5436
2018-12-01,DF,women,real_income,4841.0,R$,IBGE SIDRA 5436
2018-12-01,ES,men,real_income,3577.0,R$,IBGE SIDRA 5436
2018-12-01,ES,total,real_income,3165.0,R$,IBGE SIDRA 5436
2018-12-01,ES,women,real_income,2595.0,R$,IBGE SIDRA 5436
2018-12-01,GO,men,real_income,3501.0,R$,IBGE SIDRA 5436
2018-12-01,GO,total,real_income,3114.0,R$,IBGE SIDRA 5436
2018-12-01,GO,women,real_income,2583.0,R$,IBGE SIDRA 5436
2018-12-01,MA,men,real_income,2119.0,R$,IBGE SIDRA 5436
2018-12-01,MA,total,real_income,2030.0,R$,IBGE SIDRA 5436
2018-12-01,MA,women,real_income,1897.0,R$,IBGE SIDRA 5436
2018-12-01,MG,men,real_income,3246.0,R$,IBGE SIDRA 5436
2018-12-01,MG,total,real_income,2874.0,R$,IBGE SIDRA 5436
2018-12-01,MG,women,real_income,2386.0,R$,IBGE SIDRA 5436
2018-12-01,MS,men,real_income,3851.0,R$,IBGE SIDRA 5436
2018-12-01,MS,total,real_income,3467.0,R$,IBGE SIDRA 5436
2018-12-01,MS,women,real_income,2947.0,R$,IBGE SIDRA 5436
2018-12-01,MT,men,real_income,3837.0,R$,IBGE SIDRA 5436
2018-12-01,MT,total,real_income,3394.0,R$,IBGE SIDRA 5436
2018-12-01,MT,women,real_income,2728.0,R$,IBGE SIDRA 5436
2018-12-01,PA,men,real_income,2388.0,R$,IBGE SIDRA 5436
2018-12-01,PA,total,real_income,2231.0,R$,IBGE SIDRA 5436
2018-12-01,PA,women,real_income,1967.0,R$,IBGE SIDRA 5436
2018-12-01,PB,men,real_income,2621.0,R$,IBGE SIDRA 5436
2018-12-01,PB,total,real_income,2445.0,R$,IBGE SIDRA 5436
2018-12-01,PB,women,real_income,2179.0,R$,IBGE SIDRA 5436
2018-12-01,PE,men,real_income,2572.0,R$,IBGE SIDRA 5436
2018-12-01,PE,total,real_income,2456.0,R$,IBGE SIDRA 5436
2018-12-01,PE,women,real_income,2293.0,R$,IBGE SIDRA 5436
2018-12-01,PI,men,real_income,2249.0,R$,IBGE SIDRA 5436
2018-12-01,PI,total,real_income,2119.0,R$,IBGE SIDRA 5436
2018-12-01,PI,women,real_income,1923.0,R$,IBGE SIDRA 5436
2018-12-01,PR,men,real_income,4079.0,R$,IBGE SIDRA 5436
2018-12-01,PR,total,real_income,3629.0,R$,IBGE SIDRA 5436
2018-12-01,PR,women,real_income,3015.0,R$,IBGE SIDRA 5436
2018-12-01,RJ,men,real_income,4173.0,R$,IBGE SIDRA 5436
2018-12-01,RJ,total,real_income,3777.0,R$,IBGE SIDRA 5436
2018-12-01,RJ,women,real_income,3256.0,R$,IBGE SIDRA 5436
2018-12-01,RN,men,real_income,2598.0,R$,IBGE SIDRA 5436
2018-12-01,RN,total,real_income,2417.0,R$,IBGE SIDRA 5436
2018-12-01,RN,women,real_income,2172.0,R$,IBGE SIDRA 5436
2018-12-01,RO,men,real_income,3154.0,R$,IBGE SIDRA 5436
2018-12-01,RO,total,real_income,2903.0,R$,IBGE SIDRA 5436
2018-12-01,RO,women,real_income,2474.0,R$,IBGE SIDRA 5436
2018-12-01,RR,men,real_income,3259.0,R$,IBGE SIDRA 5436
2018-12-01,RR,total,real_income,3222.0,R$,IBGE SIDRA 5436
2018-12-01,RR,women,real_income,3169.0,R$,IBGE SIDRA 5436
2018-12-01,RS,men,real_income,4024.0,R$,IBGE SIDRA 5436
2018-12-01,RS,total,real_income,3569.0,R$,IBGE SIDRA 5436
2018-12-01,RS,women,real_income,2969.0,R$,IBGE SIDRA 5436
2018-12-01,SC,men,real_income,4048.0,R$,IBGE SIDRA 5436
2018-12-01,SC,total,real_income,3604.0,R$,IBGE SIDRA 5436
2018-12-01,SC,women,real_income,3019.0,R$,IBGE SIDRA 5436
2018-12-01,SE,men,real_income,2580.0,R$,IBGE SIDRA 5436
2018-12-01,SE,total,real_income,2380.0,R$,IBGE SIDRA 5436
2018-12-01,SE,women,real_income,2093.0,R$,IBGE SIDRA 5436
2018-12-01,SP,men,real_income,4959.0,R$,IBGE SIDRA 5436
2018-12-01,SP,total,real_income,4341.0,R$,IBGE SIDRA 5436
2018-12-01,SP,women,real_income,3580.0,R$,IBGE SIDRA 5436
2018-12-01,TO,men,real_income,2890.0,R$,IBGE SIDRA 5436
2018-12-01,TO,total,real_income,2734.0,R$,IBGE SIDRA 5436
2018-12-01,TO,women,real_income,2500.0,R$,IBGE SIDRA 5436
2018-12-01,AC,men,unemployment,11.3,%,IBGE SIDRA 6396
2018-12-01,AC,total,unemployment,13.3,%,IBGE SIDRA 6396
2018-12-01,AC,women,unemployment,16.2,%,IBGE SIDRA 6396
2018-12-01,AL,men,unemployment,14.0,%,IBGE SIDRA 6396
2018-12-01,AL,total,unemployment,16.1,%,IBGE SIDRA 6396
2018-12-01,AL,women,unemployment,19.3,%,IBGE SIDRA 6396
2018-12-01,AM,men,unemployment,11.8,%,IBGE SIDRA 6396
2018-12-01,AM,total,unemployment,14.6,%,IBGE SIDRA 6396
2018-12-01,AM,women,unemployment,18.6,%,IBGE SIDRA 6396
2018-12-01,AP,men,unemployment,16.4,%,IBGE SIDRA 6396
2018-12-01,AP,total,unemployment,19.8,%,IBGE SIDRA 6396
2018-12-01,AP,women,unemployment,24.4,%,IBGE SIDRA 6396
2018-12-01,BA,men,unemployment,15.3,%,IBGE SIDRA 6396
2018-12-01,BA,total,unemployment,17.7,%,IBGE SIDRA 6396
2018-12-01,BA,women,unemployment,20.8,%,IBGE SIDRA 6396
2018-12-01,BR,men,unemployment,10.0,%,IBGE SIDRA 6396
2018-12-01,BR,total,unemployment,11.7,%,IBGE SIDRA 6396
2018-12-01,BR,women,unemployment,13.8,%,IBGE SIDRA 6396
2018-12-01,CE,men,unemployment,9.0,%,IBGE SIDRA 6396
2018-12-01,CE,total,unemployment,10.2,%,IBGE SIDRA 6396
2018-12-01,CE,women,unemployment,11.7,%,IBGE SIDRA 6396
2018-12-01,DF,men,unemployment,10.2,%,IBGE SIDRA 6396
2018-12-01,DF,total,unemployment,12.1,%,IBGE SIDRA 6396
2018-12-01,DF,women,unemployment,14.2,%,IBGE SIDRA 6396
2018-12-01,ES,men,unemployment,8.9,%,IBGE SIDRA 6396
2018-12-01,ES,total,unemployment,10.4,%,IBGE SIDRA 6396
2018-12-01,ES,women,unemployment,12.3,%,IBGE SIDRA 6396
2018-12-01,GO,men,unemployment,6.2,%,IBGE SIDRA 6396
2018-12-01,GO,total,unemployment,8.4,%,IBGE SIDRA 6396
2018-12-01,GO,women,unemployment,11.1,%,IBGE SIDRA 6396
2018-12-01,MA,men,unemployment,13.1,%,IBGE SIDRA 6396
2018-12-01,MA,total,unemployment,14.4,%,IBGE SIDRA 6396
2018-12-01,MA,women,unemployment,16.3,%,IBGE SIDRA 6396
2018-12-01,MG,men,unemployment,8.4,%,IBGE SIDRA 6396
2018-12-01,MG,total,unemployment,9.7,%,IBGE SIDRA 6396
2018-12-01,MG,women,unemployment,11.4,%,IBGE SIDRA 6396
2018-12-01,MS,men,unemployment,6.1,%,IBGE SIDRA 6396
2018-12-01,MS,total,unemployment,7.0,%,IBGE SIDRA 6396
2018-12-01,MS,women,unemployment,8.2,%,IBGE SIDRA 6396
2018-12-01,MT,men,unemployment,5.3,%,IBGE SIDRA 6396
2018-12-01,MT,total,unemployment,7.0,%,IBGE SIDRA 6396
2018-12-01,MT,women,unemployment,9.3,%,IBGE SIDRA 6396
2018-12-01,PA,men,unemployment,8.3,%,IBGE SIDRA 6396
2018-12-01,PA,total,unemployment,10.3,%,IBGE SIDRA 6396
2018-12-01,PA,women,unemployment,13.3,%,IBGE SIDRA 6396
2018-12-01,PB,men,unemployment,10.3,%,IBGE SIDRA 6396
2018-12-01,PB,total,unemployment,11.2,%,IBGE SIDRA 6396
2018-12-01,PB,women,unemployment,12.6,%,IBGE SIDRA 6396
2018-12-01,PE,men,unemployment,13.8,%,IBGE SIDRA 6396
2018-12-01,PE,total,unemployment,15.6,%,IBGE SIDRA 6396
2018-12-01,PE,women,unemployment,18.0,%,IBGE SIDRA 6396
2018-12-01,PI,men,unemployment,12.4,%,IBGE SIDRA 6396
2018-12-01,PI,total,unemployment,12.4,%,IBGE SIDRA 6396
2018-12-01,PI,women,unemployment,12.4,%,IBGE SIDRA 6396
2018-12-01,PR,men,unemployment,6.8,%,IBGE SIDRA 6396
2018-12-01,PR,total,unemployment,7.9,%,IBGE SIDRA 6396
2018-12-01,PR,women,unemployment,9.3,%,IBGE SIDRA 6396
2018-12-01,RJ,men,unemployment,12.4,%,IBGE SIDRA 6396
2018-12-01,RJ,total,unemployment,14.9,%,IBGE SIDRA 6396
2018-12-01,RJ,women,unemployment,18.0,%,IBGE SIDRA 6396
2018-12-01,RN,men,unemployment,13.4,%,IBGE SIDRA 6396
2018-12-01,RN,total,unemployment,13.5,%,IBGE SIDRA 6396
2018-12-01,RN,women,unemployment,13.7,%,IBGE SIDRA 6396
2018-12-01,RO,men,unemployment,6.6,%,IBGE SIDRA 6396
2018-12-01,RO,total,unemployment,9.1,%,IBGE SIDRA 6396
2018-12-01,RO,women,unemployment,12.8,%,IBGE SIDRA 6396
2018-12-01,RR,men,unemployment,11.2,%,IBGE SIDRA 6396
2018-12-01,RR,total,unemployment,14.2,%,IBGE SIDRA 6396
2018-12-01,RR,women,unemployment,18.2,%,IBGE SIDRA 6396
2018-12-01,RS,men,unemployment,6.0,%,IBGE SIDRA 6396
2018-12-01,RS,total,unemployment,7.5,%,IBGE SIDRA 6396
2018-12-01,RS,women,unemployment,9.3,%,IBGE SIDRA 6396
2018-12-01,SC,men,unemployment,5.3,%,IBGE SIDRA 6396
2018-12-01,SC,total,unemployment,6.4,%,IBGE SIDRA 6396
2018-12-01,SC,women,unemployment,7.7,%,IBGE SIDRA 6396
2018-12-01,SE,men,unemployment,13.5,%,IBGE SIDRA 6396
2018-12-01,SE,total,unemployment,15.2,%,IBGE SIDRA 6396
2018-12-01,SE,women,unemployment,17.4,%,IBGE SIDRA 6396
2018-12-01,SP,men,unemployment,10.9,%,IBGE SIDRA 6396
2018-12-01,SP,total,unemployment,12.6,%,IBGE SIDRA 6396
2018-12-01,SP,women,unemployment,14.6,%,IBGE SIDRA 6396
2018-12-01,TO,men,unemployment,9.4,%,IBGE SIDRA 6396
2018-12-01,TO,total,unemployment,10.5,%,IBGE SIDRA 6396
2018-12-01,TO,women,unemployment,12.1,%,IBGE SIDRA 6396
2019-03-01,AC,men,real_income,2772.0,R$,IBGE SIDRA 5436
2019-03-01,AC,total,real_income,2713.0,R$,IBGE SIDRA 5436
2019-03-01,AC,women,real_income,2617.0,R$,IBGE SIDRA 5436
2019-03-01,AL,men,real_income,2428.0,R$,IBGE SIDRA 5436
2019-03-01,AL,total,real_income,2322.0,R$,IBGE SIDRA 5436
2019-03-01,AL,women,real_income,2153.0,R$,IBGE SIDRA 5436
2019-03-01,AM,men,real_income,2504.0,R$,IBGE SIDRA 5436
2019-03-01,AM,total,real_income,2474.0,R$,IBGE SIDRA 5436
2019-03-01,AM,women,real_income,2421.0,R$,IBGE SIDRA 5436
2019-03-01,AP,men,real_income,2808.0,R$,IBGE SIDRA 5436
2019-03-01,AP,total,real_income,2741.0,R$,IBGE SIDRA 5436
2019-03-01,AP,women,real_income,2641.0,R$,IBGE SIDRA 5436
2019-03-01,BA,men,real_income,2381.0,R$,IBGE SIDRA 5436
2019-03-01,BA,total,real_income,2223.0,R$,IBGE SIDRA 5436
2019-03-01,BA,women,real_income,1993.0,R$,IBGE SIDRA 5436
2019-03-01,BR,men,real_income,3691.0,R$,IBGE SIDRA 5436
2019-03-01,BR,total,real_income,3361.0,R$,IBGE SIDRA 5436
2019-03-01,BR,women,real_income,2912.0,R$,IBGE SIDRA 5436
2019-03-01,CE,men,real_income,2507.0,R$,IBGE SIDRA 5436
2019-03-01,CE,total,real_income,2317.0,R$,IBGE SIDRA 5436
2019-03-01,CE,women,real_income,2053.0,R$,IBGE SIDRA 5436
2019-03-01,DF,men,real_income,6555.0,R$,IBGE SIDRA 5436
2019-03-01,DF,total,real_income,5916.0,R$,IBGE SIDRA 5436
2019-03-01,DF,women,real_income,5160.0,R$,IBGE SIDRA 5436
2019-03-01,ES,men,real_income,3650.0,R$,IBGE SIDRA 5436
2019-03-01,ES,total,real_income,3204.0,R$,IBGE SIDRA 5436
2019-03-01,ES,women,real_income,2583.0,R$,IBGE SIDRA 5436
2019-03-01,GO,men,real_income,3575.0,R$,IBGE SIDRA 5436
2019-03-01,GO,total,real_income,3165.0,R$,IBGE SIDRA 5436
2019-03-01,GO,women,real_income,2616.0,R$,IBGE SIDRA 5436
2019-03-01,MA,men,real_income,2136.0,R$,IBGE SIDRA 5436
2019-03-01,MA,total,real_income,2078.0,R$,IBGE SIDRA 5436
2019-03-01,MA,women,real_income,1990.0,R$,IBGE SIDRA 5436
2019-03-01,MG,men,real_income,3240.0,R$,IBGE SIDRA 5436
2019-03-01,MG,total,real_income,2876.0,R$,IBGE SIDRA 5436
2019-03-01,MG,women,real_income,2380.0,R$,IBGE SIDRA 5436
2019-03-01,MS,men,real_income,4129.0,R$,IBGE SIDRA 5436
2019-03-01,MS,total,real_income,3579.0,R$,IBGE SIDRA 5436
2019-03-01,MS,women,real_income,2822.0,R$,IBGE SIDRA 5436
2019-03-01,MT,men,real_income,3743.0,R$,IBGE SIDRA 5436
2019-03-01,MT,total,real_income,3363.0,R$,IBGE SIDRA 5436
2019-03-01,MT,women,real_income,2794.0,R$,IBGE SIDRA 5436
2019-03-01,PA,men,real_income,2372.0,R$,IBGE SIDRA 5436
2019-03-01,PA,total,real_income,2236.0,R$,IBGE SIDRA 5436
2019-03-01,PA,women,real_income,2005.0,R$,IBGE SIDRA 5436
2019-03-01,PB,men,real_income,2637.0,R$,IBGE SIDRA 5436
2019-03-01,PB,total,real_income,2469.0,R$,IBGE SIDRA 5436
2019-03-01,PB,women,real_income,2208.0,R$,IBGE SIDRA 5436
2019-03-01,PE,men,real_income,2638.0,R$,IBGE SIDRA 5436
2019-03-01,PE,total,real_income,2524.0,R$,IBGE SIDRA 5436
2019-03-01,PE,women,real_income,2360.0,R$,IBGE SIDRA 5436
2019-03-01,PI,men,real_income,2369.0,R$,IBGE SIDRA 5436
2019-03-01,PI,total,real_income,2231.0,R$,IBGE SIDRA 5436
2019-03-01,PI,women,real_income,2024.0,R$,IBGE SIDRA 5436
2019-03-01,PR,men,real_income,4238.0,R$,IBGE SIDRA 5436
2019-03-01,PR,total,real_income,3738.0,R$,IBGE SIDRA 5436
2019-03-01,PR,women,real_income,3050.0,R$,IBGE SIDRA 5436
2019-03-01,RJ,men,real_income,4217.0,R$,IBGE SIDRA 5436
2019-03-01,RJ,total,real_income,3843.0,R$,IBGE SIDRA 5436
2019-03-01,RJ,women,real_income,3355.0,R$,IBGE SIDRA 5436
2019-03-01,RN,men,real_income,2674.0,R$,IBGE SIDRA 5436
2019-03-01,RN,total,real_income,2510.0,R$,IBGE SIDRA 5436
2019-03-01,RN,women,real_income,2278.0,R$,IBGE SIDRA 5436
2019-03-01,RO,men,real_income,3005.0,R$,IBGE SIDRA 5436
2019-03-01,RO,total,real_income,2763.0,R$,IBGE SIDRA 5436
2019-03-01,RO,women,real_income,2334.0,R$,IBGE SIDRA 5436
2019-03-01,RR,men,real_income,3281.0,R$,IBGE SIDRA 5436
2019-03-01,RR,total,real_income,3224.0,R$,IBGE SIDRA 5436
2019-03-01,RR,women,real_income,3138.0,R$,IBGE SIDRA 5436
2019-03-01,RS,men,real_income,4122.0,R$,IBGE SIDRA 5436
2019-03-01,RS,total,real_income,3639.0,R$,IBGE SIDRA 5436
2019-03-01,RS,women,real_income,3019.0,R$,IBGE SIDRA 5436
2019-03-01,SC,men,real_income,4040.0,R$,IBGE SIDRA 5436
2019-03-01,SC,total,real_income,3596.0,R$,IBGE SIDRA 5436
2019-03-01,SC,women,real_income,3012.0,R$,IBGE SIDRA 5436
2019-03-01,SE,men,real_income,2600.0,R$,IBGE SIDRA 5436
2019-03-01,SE,total,real_income,2374.0,R$,IBGE SIDRA 5436
2019-03-01,SE,women,real_income,2058.0,R$,IBGE SIDRA 5436
2019-03-01,SP,men,real_income,4800.0,R$,IBGE SIDRA 5436
2019-03-01,SP,total,real_income,4305.0,R$,IBGE SIDRA 5436
2019-03-01,SP,women,real_income,3686.0,R$,IBGE SIDRA 5436
2019-03-01,TO,men,real_income,2795.0,R$,IBGE SIDRA 5436
2019-03-01,TO,total,real_income,2726.0,R$,IBGE SIDRA 5436
2019-03-01,TO,women,real_income,2619.0,R$,IBGE SIDRA 5436
2019-03-01,AC,men,unemployment,14.9,%,IBGE SIDRA 6396
2019-03-01,AC,total,unemployment,18.2,%,IBGE SIDRA 6396
2019-03-01,AC,women,unemployment,23.0,%,IBGE SIDRA 6396
2019-03-01,AL,men,unemployment,13.2,%,IBGE SIDRA 6396
2019-03-01,AL,total,unemployment,16.2,%,IBGE SIDRA 6396
2019-03-01,AL,women,unemployment,20.4,%,IBGE SIDRA 6396
2019-03-01,AM,men,unemployment,12.0,%,IBGE SIDRA 6396
2019-03-01,AM,total,unemployment,16.1,%,IBGE SIDRA 6396
2019-03-01,AM,women,unemployment,21.9,%,IBGE SIDRA 6396
2019-03-01,AP,men,unemployment,17.6,%,IBGE SIDRA 6396
2019-03-01,AP,total,unemployment,20.3,%,IBGE SIDRA 6396
2019-03-01,AP,women,unemployment,24.0,%,IBGE SIDRA 6396
2019-03-01,BA,men,unemployment,15.7,%,IBGE SIDRA 6396
2019-03-01,BA,total,unemployment,18.5,%,IBGE SIDRA 6396
2019-03-01,BA,women,unemployment,22.2,%,IBGE SIDRA 6396
2019-03-01,BR,men,unemployment,10.9,%,IBGE SIDRA 6396
2019-03-01,BR,total,unemployment,12.8,%,IBGE SIDRA 6396
2019-03-01,BR,women,unemployment,15.3,%,IBGE SIDRA 6396
2019-03-01,CE,men,unemployment,10.1,%,IBGE SIDRA 6396
2019-03-01,CE,total,unemployment,11.6,%,IBGE SIDRA 6396
2019-03-01,CE,women,unemployment,13.4,%,IBGE SIDRA 6396
2019-03-01,DF,men,unemployment,12.0,%,IBGE SIDRA 6396
2019-03-01,DF,total,unemployment,14.2,%,IBGE SIDRA 6396
2019-03-01,DF,women,unemployment,16.6,%,IBGE SIDRA 6396
2019-03-01,ES,men,unemployment,10.1,%,IBGE SIDRA 6396
2019-03-01,ES,total,unemployment,12.4,%,IBGE SIDRA 6396
2019-03-01,ES,women,unemployment,15.2,%,IBGE SIDRA 6396
2019-03-01,GO,men,unemployment,8.9,%,IBGE SIDRA 6396
2019-03-01,GO,total,unemployment,10.9,%,IBGE SIDRA 6396
2019-03-01,GO,women,unemployment,13.5,%,IBGE SIDRA 6396
2019-03-01,MA,men,unemployment,14.8,%,IBGE SIDRA 6396
2019-03-01,MA,total,unemployment,16.7,%,IBGE SIDRA 6396
2019-03-01,MA,women,unemployment,19.4,%,IBGE SIDRA 6396
2019-03-01,MG,men,unemployment,9.2,%,IBGE SIDRA 6396
2019-03-01,MG,total,unemployment,11.3,%,IBGE SIDRA 6396
2019-03-01,MG,women,unemployment,13.9,%,IBGE SIDRA 6396
2019-03-01,MS,men,unemployment,7.1,%,IBGE SIDRA 6396
2019-03-01,MS,total,unemployment,9.6,%,IBGE SIDRA 6396
2019-03-01,MS,women,unemployment,12.7,%,IBGE SIDRA 6396
2019-03-01,MT,men,unemployment,7.4,%,IBGE SIDRA 6396
2019-03-01,MT,total,unemployment,9.2,%,IBGE SIDRA 6396
2019-03-01,MT,women,unemployment,11.7,%,IBGE SIDRA 6396
2019-03-01,PA,men,unemployment,9.1,%,IBGE SIDRA 6396
2019-03-01,PA,total,unemployment,11.6,%,IBGE SIDRA 6396
2019-03-01,PA,women,unemployment,15.3,%,IBGE SIDRA 6396
2019-03-01,PB,men,unemployment,9.8,%,IBGE SIDRA 6396
2019-03-01,PB,total,unemployment,11.2,%,IBGE SIDRA 6396
2019-03-01,PB,women,unemployment,13.3,%,IBGE SIDRA 6396
2019-03-01,PE,men,unemployment,14.2,%,IBGE SIDRA 6396
2019-03-01,PE,total,unemployment,16.3,%,IBGE SIDRA 6396
2019-03-01,PE,women,unemployment,19.1,%,IBGE SIDRA 6396
2019-03-01,PI,men,unemployment,13.5,%,IBGE SIDRA 6396
2019-03-01,PI,total,unemployment,12.9,%,IBGE SIDRA 6396
2019-03-01,PI,women,unemployment,12.1,%,IBGE SIDRA 6396
2019-03-01,PR,men,unemployment,7.3,%,IBGE SIDRA 6396
2019-03-01,PR,total,unemployment,9.0,%,IBGE SIDRA 6396
2019-03-01,PR,women,unemployment,11.3,%,IBGE SIDRA 6396
2019-03-01,RJ,men,unemployment,12.9,%,IBGE SIDRA 6396
2019-03-01,RJ,total,unemployment,15.4,%,IBGE SIDRA 6396
2019-03-01,RJ,women,unemployment,18.4,%,IBGE SIDRA 6396
2019-03-01,RN,men,unemployment,13.6,%,IBGE SIDRA 6396
2019-03-01,RN,total,unemployment,14.1,%,IBGE SIDRA 6396
2019-03-01,RN,women,unemployment,14.7,%,IBGE SIDRA 6396
2019-03-01,RO,men,unemployment,6.8,%,IBGE SIDRA 6396
2019-03-01,RO,total,unemployment,9.1,%,IBGE SIDRA 6396
2019-03-01,RO,women,unemployment,12.6,%,IBGE SIDRA 6396
2019-03-01,RR,men,unemployment,12.4,%,IBGE SIDRA 6396
2019-03-01,RR,total,unemployment,15.3,%,IBGE SIDRA 6396
2019-03-01,RR,women,unemployment,19.1,%,IBGE SIDRA 6396
2019-03-01,RS,men,unemployment,6.3,%,IBGE SIDRA 6396
2019-03-01,RS,total,unemployment,8.1,%,IBGE SIDRA 6396
2019-03-01,RS,women,unemployment,10.1,%,IBGE SIDRA 6396
2019-03-01,SC,men,unemployment,5.6,%,IBGE SIDRA 6396
2019-03-01,SC,total,unemployment,7.3,%,IBGE SIDRA 6396
2019-03-01,SC,women,unemployment,9.4,%,IBGE SIDRA 6396
2019-03-01,SE,men,unemployment,13.7,%,IBGE SIDRA 6396
2019-03-01,SE,total,unemployment,15.6,%,IBGE SIDRA 6396
2019-03-01,SE,women,unemployment,18.0,%,IBGE SIDRA 6396
2019-03-01,SP,men,unemployment,12.0,%,IBGE SIDRA 6396
2019-03-01,SP,total,unemployment,13.6,%,IBGE SIDRA 6396
2019-03-01,SP,women,unemployment,15.5,%,IBGE SIDRA 6396
2019-03-01,TO,men,unemployment,11.0,%,IBGE SIDRA 6396
2019-03-01,TO,total,unemployment,12.5,%,IBGE SIDRA 6396
2019-03-01,TO,women,unemployment,14.6,%,IBGE SIDRA 6396
2019-06-01,AC,men,real_income,2782.0,R$,IBGE SIDRA 5436
2019-06-01,AC,total,real_income,2672.0,R$,IBGE SIDRA 5436
2019-06-01,AC,women,real_income,2503.0,R$,IBGE SIDRA 5436
2019-06-01,AL,men,real_income,2481.0,R$,IBGE SIDRA 5436
2019-06-01,AL,total,real_income,2341.0,R$,IBGE SIDRA 5436
2019-06-01,AL,women,real_income,2133.0,R$,IBGE SIDRA 5436
2019-06-01,AM,men,real_income,2543.0,R$,IBGE SIDRA 5436
2019-06-01,AM,total,real_income,2433.0,R$,IBGE SIDRA 5436
2019-06-01,AM,women,real_income,2248.0,R$,IBGE SIDRA 5436
2019-06-01,AP,men,real_income,2749.0,R$,IBGE SIDRA 5436
2019-06-01,AP,total,real_income,2748.0,R$,IBGE SIDRA 5436
2019-06-01,AP,women,real_income,2746.0,R$,IBGE SIDRA 5436
2019-06-01,BA,men,real_income,2419.0,R$,IBGE SIDRA 5436
2019-06-01,BA,total,real_income,2211.0,R$,IBGE SIDRA 5436
2019-06-01,BA,women,real_income,1917.0,R$,IBGE SIDRA 5436
2019-06-01,BR,men,real_income,3655.0,R$,IBGE SIDRA 5436
2019-06-01,BR,total,real_income,3320.0,R$,IBGE SIDRA 5436
2019-06-01,BR,women,real_income,2870.0,R$,IBGE SIDRA 5436
2019-06-01,CE,men,real_income,2574.0,R$,IBGE SIDRA 5436
2019-06-01,CE,total,real_income,2364.0,R$,IBGE SIDRA 5436
2019-06-01,CE,women,real_income,2072.0,R$,IBGE SIDRA 5436
2019-06-01,DF,men,real_income,6225.0,R$,IBGE SIDRA 5436
2019-06-01,DF,total,real_income,5636.0,R$,IBGE SIDRA 5436
2019-06-01,DF,women,real_income,4957.0,R$,IBGE SIDRA 5436
2019-06-01,ES,men,real_income,3464.0,R$,IBGE SIDRA 5436
2019-06-01,ES,total,real_income,3083.0,R$,IBGE SIDRA 5436
2019-06-01,ES,women,real_income,2559.0,R$,IBGE SIDRA 5436
2019-06-01,GO,men,real_income,3429.0,R$,IBGE SIDRA 5436
2019-06-01,GO,total,real_income,3051.0,R$,IBGE SIDRA 5436
2019-06-01,GO,women,real_income,2556.0,R$,IBGE SIDRA 5436
2019-06-01,MA,men,real_income,1984.0,R$,IBGE SIDRA 5436
2019-06-01,MA,total,real_income,1919.0,R$,IBGE SIDRA 5436
2019-06-01,MA,women,real_income,1823.0,R$,IBGE SIDRA 5436
2019-06-01,MG,men,real_income,3291.0,R$,IBGE SIDRA 5436
2019-06-01,MG,total,real_income,2877.0,R$,IBGE SIDRA 5436
2019-06-01,MG,women,real_income,2333.0,R$,IBGE SIDRA 5436
2019-06-01,MS,men,real_income,3927.0,R$,IBGE SIDRA 5436
2019-06-01,MS,total,real_income,3456.0,R$,IBGE SIDRA 5436
2019-06-01,MS,women,real_income,2820.0,R$,IBGE SIDRA 5436
2019-06-01,MT,men,real_income,3871.0,R$,IBGE SIDRA 5436
2019-06-01,MT,total,real_income,3391.0,R$,IBGE SIDRA 5436
2019-06-01,MT,women,real_income,2671.0,R$,IBGE SIDRA 5436
2019-06-01,PA,men,real_income,2289.0,R$,IBGE SIDRA 5436
2019-06-01,PA,total,real_income,2179.0,R$,IBGE SIDRA 5436
2019-06-01,PA,women,real_income,1994.0,R$,IBGE SIDRA 5436
2019-06-01,PB,men,real_income,2621.0,R$,IBGE SIDRA 5436
2019-06-01,PB,total,real_income,2476.0,R$,IBGE SIDRA 5436
2019-06-01,PB,women,real_income,2262.0,R$,IBGE SIDRA 5436
2019-06-01,PE,men,real_income,2662.0,R$,IBGE SIDRA 5436
2019-06-01,PE,total,real_income,2521.0,R$,IBGE SIDRA 5436
2019-06-01,PE,women,real_income,2321.0,R$,IBGE SIDRA 5436
2019-06-01,PI,men,real_income,2273.0,R$,IBGE SIDRA 5436
2019-06-01,PI,total,real_income,2134.0,R$,IBGE SIDRA 5436
2019-06-01,PI,women,real_income,1928.0,R$,IBGE SIDRA 5436
2019-06-01,PR,men,real_income,4061.0,R$,IBGE SIDRA 5436
2019-06-01,PR,total,real_income,3596.0,R$,IBGE SIDRA 5436
2019-06-01,PR,women,real_income,2963.0,R$,IBGE SIDRA 5436
2019-06-01,RJ,men,real_income,4248.0,R$,IBGE SIDRA 5436
2019-06-01,RJ,total,real_income,3839.0,R$,IBGE SIDRA 5436
2019-06-01,RJ,women,real_income,3305.0,R$,IBGE SIDRA 5436
2019-06-01,RN,men,real_income,2584.0,R$,IBGE SIDRA 5436
2019-06-01,RN,total,real_income,2461.0,R$,IBGE SIDRA 5436
2019-06-01,RN,women,real_income,2287.0,R$,IBGE SIDRA 5436
2019-06-01,RO,men,real_income,3034.0,R$,IBGE SIDRA 5436
2019-06-01,RO,total,real_income,2793.0,R$,IBGE SIDRA 5436
2019-06-01,RO,women,real_income,2377.0,R$,IBGE SIDRA 5436
2019-06-01,RR,men,real_income,3621.0,R$,IBGE SIDRA 5436
2019-06-01,RR,total,real_income,3385.0,R$,IBGE SIDRA 5436
2019-06-01,RR,women,real_income,3018.0,R$,IBGE SIDRA 5436
2019-06-01,RS,men,real_income,4053.0,R$,IBGE SIDRA 5436
2019-06-01,RS,total,real_income,3599.0,R$,IBGE SIDRA 5436
2019-06-01,RS,women,real_income,3014.0,R$,IBGE SIDRA 5436
2019-06-01,SC,men,real_income,4039.0,R$,IBGE SIDRA 5436
2019-06-01,SC,total,real_income,3567.0,R$,IBGE SIDRA 5436
2019-06-01,SC,women,real_income,2953.0,R$,IBGE SIDRA 5436
2019-06-01,SE,men,real_income,2506.0,R$,IBGE SIDRA 5436
2019-06-01,SE,total,real_income,2296.0,R$,IBGE SIDRA 5436
2019-06-01,SE,women,real_income,1997.0,R$,IBGE SIDRA 5436
2019-06-01,SP,men,real_income,4750.0,R$,IBGE SIDRA 5436
2019-06-01,SP,total,real_income,4277.0,R$,IBGE SIDRA 5436
2019-06-01,SP,women,real_income,3689.0,R$,IBGE SIDRA 5436
2019-06-01,TO,men,real_income,2807.0,R$,IBGE SIDRA 5436
2019-06-01,TO,total,real_income,2706.0,R$,IBGE SIDRA 5436
2019-06-01,TO,women,real_income,2551.0,R$,IBGE SIDRA 5436
2019-06-01,AC,men,unemployment,10.7,%,IBGE SIDRA 6396
2019-06-01,AC,total,unemployment,13.8,%,IBGE SIDRA 6396
2019-06-01,AC,women,unemployment,17.9,%,IBGE SIDRA 6396
2019-06-01,AL,men,unemployment,13.1,%,IBGE SIDRA 6396
2019-06-01,AL,total,unemployment,14.9,%,IBGE SIDRA 6396
2019-06-01,AL,women,unemployment,17.3,%,IBGE SIDRA 6396
2019-06-01,AM,men,unemployment,10.7,%,IBGE SIDRA 6396
2019-06-01,AM,total,unemployment,14.0,%,IBGE SIDRA 6396
2019-06-01,AM,women,unemployment,18.6,%,IBGE SIDRA 6396
2019-06-01,AP,men,unemployment,13.2,%,IBGE SIDRA 6396
2019-06-01,AP,total,unemployment,17.2,%,IBGE SIDRA 6396
2019-06-01,AP,women,unemployment,22.4,%,IBGE SIDRA 6396
2019-06-01,BA,men,unemployment,14.5,%,IBGE SIDRA 6396
2019-06-01,BA,total,unemployment,17.5,%,IBGE SIDRA 6396
2019-06-01,BA,women,unemployment,21.2,%,IBGE SIDRA 6396
2019-06-01,BR,men,unemployment,10.3,%,IBGE SIDRA 6396
2019-06-01,BR,total,unemployment,12.1,%,IBGE SIDRA 6396
2019-06-01,BR,women,unemployment,14.5,%,IBGE SIDRA 6396
2019-06-01,CE,men,unemployment,9.3,%,IBGE SIDRA 6396
2019-06-01,CE,total,unemployment,11.0,%,IBGE SIDRA 6396
2019-06-01,CE,women,unemployment,13.3,%,IBGE SIDRA 6396
2019-06-01,DF,men,unemployment,11.5,%,IBGE SIDRA 6396
2019-06-01,DF,total,unemployment,13.8,%,IBGE SIDRA 6396
2019-06-01,DF,women,unemployment,16.4,%,IBGE SIDRA 6396
2019-06-01,ES,men,unemployment,8.4,%,IBGE SIDRA 6396
2019-06-01,ES,total,unemployment,11.0,%,IBGE SIDRA 6396
2019-06-01,ES,women,unemployment,14.3,%,IBGE SIDRA 6396
2019-06-01,GO,men,unemployment,9.4,%,IBGE SIDRA 6396
2019-06-01,GO,total,unemployment,10.7,%,IBGE SIDRA 6396
2019-06-01,GO,women,unemployment,12.3,%,IBGE SIDRA 6396
2019-06-01,MA,men,unemployment,13.6,%,IBGE SIDRA 6396
2019-06-01,MA,total,unemployment,15.0,%,IBGE SIDRA 6396
2019-06-01,MA,women,unemployment,16.8,%,IBGE SIDRA 6396
2019-06-01,MG,men,unemployment,8.2,%,IBGE SIDRA 6396
2019-06-01,MG,total,unemployment,9.6,%,IBGE SIDRA 6396
2019-06-01,MG,women,unemployment,11.4,%,IBGE SIDRA 6396
2019-06-01,MS,men,unemployment,6.5,%,IBGE SIDRA 6396
2019-06-01,MS,total,unemployment,8.4,%,IBGE SIDRA 6396
2019-06-01,MS,women,unemployment,10.8,%,IBGE SIDRA 6396
2019-06-01,MT,men,unemployment,6.8,%,IBGE SIDRA 6396
2019-06-01,MT,total,unemployment,8.4,%,IBGE SIDRA 6396
2019-06-01,MT,women,unemployment,10.6,%,IBGE SIDRA 6396
2019-06-01,PA,men,unemployment,8.8,%,IBGE SIDRA 6396
2019-06-01,PA,total,unemployment,11.3,%,IBGE SIDRA 6396
2019-06-01,PA,women,unemployment,15.0,%,IBGE SIDRA 6396
2019-06-01,PB,men,unemployment,10.4,%,IBGE SIDRA 6396
2019-06-01,PB,total,unemployment,12.2,%,IBGE SIDRA 6396
2019-06-01,PB,women,unemployment,14.6,%,IBGE SIDRA 6396
2019-06-01,PE,men,unemployment,14.5,%,IBGE SIDRA 6396
2019-06-01,PE,total,unemployment,16.1,%,IBGE SIDRA 6396
2019-06-01,PE,women,unemployment,18.3,%,IBGE SIDRA 6396
2019-06-01,PI,men,unemployment,12.4,%,IBGE SIDRA 6396
2019-06-01,PI,total,unemployment,13.0,%,IBGE SIDRA 6396
2019-06-01,PI,women,unemployment,13.8,%,IBGE SIDRA 6396
2019-06-01,PR,men,unemployment,7.3,%,IBGE SIDRA 6396
2019-06-01,PR,total,unemployment,9.1,%,IBGE SIDRA 6396
2019-06-01,PR,women,unemployment,11.4,%,IBGE SIDRA 6396
2019-06-01,RJ,men,unemployment,12.5,%,IBGE SIDRA 6396
2019-06-01,RJ,total,unemployment,15.2,%,IBGE SIDRA 6396
2019-06-01,RJ,women,unemployment,18.6,%,IBGE SIDRA 6396
2019-06-01,RN,men,unemployment,11.8,%,IBGE SIDRA 6396
2019-06-01,RN,total,unemployment,12.7,%,IBGE SIDRA 6396
2019-06-01,RN,women,unemployment,13.9,%,IBGE SIDRA 6396
2019-06-01,RO,men,unemployment,5.2,%,IBGE SIDRA 6396
2019-06-01,RO,total,unemployment,6.8,%,IBGE SIDRA 6396
2019-06-01,RO,women,unemployment,9.3,%,IBGE SIDRA 6396
2019-06-01,RR,men,unemployment,13.3,%,IBGE SIDRA 6396
2019-06-01,RR,total,unemployment,15.1,%,IBGE SIDRA 6396
2019-06-01,RR,women,unemployment,17.8,%,IBGE SIDRA 6396
2019-06-01,RS,men,unemployment,6.6,%,IBGE SIDRA 6396
2019-06-01,RS,total,unemployment,8.3,%,IBGE SIDRA 6396
2019-06-01,RS,women,unemployment,10.3,%,IBGE SIDRA 6396
2019-06-01,SC,men,unemployment,4.9,%,IBGE SIDRA 6396
2019-06-01,SC,total,unemployment,6.1,%,IBGE SIDRA 6396
2019-06-01,SC,women,unemployment,7.7,%,IBGE SIDRA 6396
2019-06-01,SE,men,unemployment,12.2,%,IBGE SIDRA 6396
2019-06-01,SE,total,unemployment,15.5,%,IBGE SIDRA 6396
2019-06-01,SE,women,unemployment,19.7,%,IBGE SIDRA 6396
2019-06-01,SP,men,unemployment,11.4,%,IBGE SIDRA 6396
2019-06-01,SP,total,unemployment,12.9,%,IBGE SIDRA 6396
2019-06-01,SP,women,unemployment,14.7,%,IBGE SIDRA 6396
2019-06-01,TO,men,unemployment,10.1,%,IBGE SIDRA 6396
2019-06-01,TO,total,unemployment,11.5,%,IBGE SIDRA 6396
2019-06-01,TO,women,unemployment,13.7,%,IBGE SIDRA 6396
2019-09-01,AC,men,real_income,2726.0,R$,IBGE SIDRA 5436
2019-09-01,AC,total,real_income,2633.0,R$,IBGE SIDRA 5436
2019-09-01,AC,women,real_income,2492.0,R$,IBGE SIDRA 5436
2019-09-01,AL,men,real_income,2340.0,R$,IBGE SIDRA 5436
2019-09-01,AL,total,real_income,2230.0,R$,IBGE SIDRA 5436
2019-09-01,AL,women,real_income,2069.0,R$,IBGE SIDRA 5436
2019-09-01,AM,men,real_income,2537.0,R$,IBGE SIDRA 5436
2019-09-01,AM,total,real_income,2502.0,R$,IBGE SIDRA 5436
2019-09-01,AM,women,real_income,2445.0,R$,IBGE SIDRA 5436
2019-09-01,AP,men,real_income,2705.0,R$,IBGE SIDRA 5436
2019-09-01,AP,total,real_income,2711.0,R$,IBGE SIDRA 5436
2019-09-01,AP,women,real_income,2718.0,R$,IBGE SIDRA 5436
2019-09-01,BA,men,real_income,2342.0,R$,IBGE SIDRA 5436
2019-09-01,BA,total,real_income,2186.0,R$,IBGE SIDRA 5436
2019-09-01,BA,women,real_income,1963.0,R$,IBGE SIDRA 5436
2019-09-01,BR,men,real_income,3665.0,R$,IBGE SIDRA 5436
2019-09-01,BR,total,real_income,3325.0,R$,IBGE SIDRA 5436
2019-09-01,BR,women,real_income,2866.0,R$,IBGE SIDRA 5436
2019-09-01,CE,men,real_income,2654.0,R$,IBGE SIDRA 5436
2019-09-01,CE,total,real_income,2391.0,R$,IBGE SIDRA 5436
2019-09-01,CE,women,real_income,2030.0,R$,IBGE SIDRA 5436
2019-09-01,DF,men,real_income,6109.0,R$,IBGE SIDRA 5436
2019-09-01,DF,total,real_income,5539.0,R$,IBGE SIDRA 5436
2019-09-01,DF,women,real_income,4881.0,R$,IBGE SIDRA 5436
2019-09-01,ES,men,real_income,3559.0,R$,IBGE SIDRA 5436
2019-09-01,ES,total,real_income,3153.0,R$,IBGE SIDRA 5436
2019-09-01,ES,women,real_income,2590.0,R$,IBGE SIDRA 5436
2019-09-01,GO,men,real_income,3342.0,R$,IBGE SIDRA 5436
2019-09-01,GO,total,real_income,3012.0,R$,IBGE SIDRA 5436
2019-09-01,GO,women,real_income,2577.0,R$,IBGE SIDRA 5436
2019-09-01,MA,men,real_income,2022.0,R$,IBGE SIDRA 5436
2019-09-01,MA,total,real_income,1939.0,R$,IBGE SIDRA 5436
2019-09-01,MA,women,real_income,1822.0,R$,IBGE SIDRA 5436
2019-09-01,MG,men,real_income,3279.0,R$,IBGE SIDRA 5436
2019-09-01,MG,total,real_income,2861.0,R$,IBGE SIDRA 5436
2019-09-01,MG,women,real_income,2308.0,R$,IBGE SIDRA 5436
2019-09-01,MS,men,real_income,3868.0,R$,IBGE SIDRA 5436
2019-09-01,MS,total,real_income,3385.0,R$,IBGE SIDRA 5436
2019-09-01,MS,women,real_income,2746.0,R$,IBGE SIDRA 5436
2019-09-01,MT,men,real_income,3723.0,R$,IBGE SIDRA 5436
2019-09-01,MT,total,real_income,3296.0,R$,IBGE SIDRA 5436
2019-09-01,MT,women,real_income,2664.0,R$,IBGE SIDRA 5436
2019-09-01,PA,men,real_income,2289.0,R$,IBGE SIDRA 5436
2019-09-01,PA,total,real_income,2221.0,R$,IBGE SIDRA 5436
2019-09-01,PA,women,real_income,2105.0,R$,IBGE SIDRA 5436
2019-09-01,PB,men,real_income,2585.0,R$,IBGE SIDRA 5436
2019-09-01,PB,total,real_income,2412.0,R$,IBGE SIDRA 5436
2019-09-01,PB,women,real_income,2153.0,R$,IBGE SIDRA 5436
2019-09-01,PE,men,real_income,2537.0,R$,IBGE SIDRA 5436
2019-09-01,PE,total,real_income,2419.0,R$,IBGE SIDRA 5436
2019-09-01,PE,women,real_income,2244.0,R$,IBGE SIDRA 5436
2019-09-01,PI,men,real_income,2238.0,R$,IBGE SIDRA 5436
2019-09-01,PI,total,real_income,2074.0,R$,IBGE SIDRA 5436
2019-09-01,PI,women,real_income,1834.0,R$,IBGE SIDRA 5436
2019-09-01,PR,men,real_income,4122.0,R$,IBGE SIDRA 5436
2019-09-01,PR,total,real_income,3634.0,R$,IBGE SIDRA 5436
2019-09-01,PR,women,real_income,2976.0,R$,IBGE SIDRA 5436
2019-09-01,RJ,men,real_income,4330.0,R$,IBGE SIDRA 5436
2019-09-01,RJ,total,real_income,3908.0,R$,IBGE SIDRA 5436
2019-09-01,RJ,women,real_income,3355.0,R$,IBGE SIDRA 5436
2019-09-01,RN,men,real_income,2746.0,R$,IBGE SIDRA 5436
2019-09-01,RN,total,real_income,2603.0,R$,IBGE SIDRA 5436
2019-09-01,RN,women,real_income,2396.0,R$,IBGE SIDRA 5436
2019-09-01,RO,men,real_income,3140.0,R$,IBGE SIDRA 5436
2019-09-01,RO,total,real_income,2924.0,R$,IBGE SIDRA 5436
2019-09-01,RO,women,real_income,2584.0,R$,IBGE SIDRA 5436
2019-09-01,RR,men,real_income,3598.0,R$,IBGE SIDRA 5436
2019-09-01,RR,total,real_income,3391.0,R$,IBGE SIDRA 5436
2019-09-01,RR,women,real_income,3085.0,R$,IBGE SIDRA 5436
2019-09-01,RS,men,real_income,4078.0,R$,IBGE SIDRA 5436
2019-09-01,RS,total,real_income,3606.0,R$,IBGE SIDRA 5436
2019-09-01,RS,women,real_income,2994.0,R$,IBGE SIDRA 5436
2019-09-01,SC,men,real_income,4081.0,R$,IBGE SIDRA 5436
2019-09-01,SC,total,real_income,3619.0,R$,IBGE SIDRA 5436
2019-09-01,SC,women,real_income,3020.0,R$,IBGE SIDRA 5436
2019-09-01,SE,men,real_income,2465.0,R$,IBGE SIDRA 5436
2019-09-01,SE,total,real_income,2266.0,R$,IBGE SIDRA 5436
2019-09-01,SE,women,real_income,1987.0,R$,IBGE SIDRA 5436
2019-09-01,SP,men,real_income,4791.0,R$,IBGE SIDRA 5436
2019-09-01,SP,total,real_income,4283.0,R$,IBGE SIDRA 5436
2019-09-01,SP,women,real_income,3647.0,R$,IBGE SIDRA 5436
2019-09-01,TO,men,real_income,2783.0,R$,IBGE SIDRA 5436
2019-09-01,TO,total,real_income,2684.0,R$,IBGE SIDRA 5436
2019-09-01,TO,women,real_income,2531.0,R$,IBGE SIDRA 5436
2019-09-01,AC,men,unemployment,10.8,%,IBGE SIDRA 6396
2019-09-01,AC,total,unemployment,13.1,%,IBGE SIDRA 6396
2019-09-01,AC,women,unemployment,16.2,%,IBGE SIDRA 6396
2019-09-01,AL,men,unemployment,13.7,%,IBGE SIDRA 6396
2019-09-01,AL,total,unemployment,15.6,%,IBGE SIDRA 6396
2019-09-01,AL,women,unemployment,18.2,%,IBGE SIDRA 6396
2019-09-01,AM,men,unemployment,10.4,%,IBGE SIDRA 6396
2019-09-01,AM,total,unemployment,13.5,%,IBGE SIDRA 6396
2019-09-01,AM,women,unemployment,17.8,%,IBGE SIDRA 6396
2019-09-01,AP,men,unemployment,13.4,%,IBGE SIDRA 6396
2019-09-01,AP,total,unemployment,16.9,%,IBGE SIDRA 6396
2019-09-01,AP,women,unemployment,21.4,%,IBGE SIDRA 6396
2019-09-01,BA,men,unemployment,14.4,%,IBGE SIDRA 6396
2019-09-01,BA,total,unemployment,17.0,%,IBGE SIDRA 6396
2019-09-01,BA,women,unemployment,20.3,%,IBGE SIDRA 6396
2019-09-01,BR,men,unemployment,10.0,%,IBGE SIDRA 6396
2019-09-01,BR,total,unemployment,11.9,%,IBGE SIDRA 6396
2019-09-01,BR,women,unemployment,14.3,%,IBGE SIDRA 6396
2019-09-01,CE,men,unemployment,10.2,%,IBGE SIDRA 6396
2019-09-01,CE,total,unemployment,11.4,%,IBGE SIDRA 6396
2019-09-01,CE,women,unemployment,13.0,%,IBGE SIDRA 6396
2019-09-01,DF,men,unemployment,10.7,%,IBGE SIDRA 6396
2019-09-01,DF,total,unemployment,13.2,%,IBGE SIDRA 6396
2019-09-01,DF,women,unemployment,16.0,%,IBGE SIDRA 6396
2019-09-01,ES,men,unemployment,8.7,%,IBGE SIDRA 6396
2019-09-01,ES,total,unemployment,10.8,%,IBGE SIDRA 6396
2019-09-01,ES,women,unemployment,13.4,%,IBGE SIDRA 6396
2019-09-01,GO,men,unemployment,9.3,%,IBGE SIDRA 6396
2019-09-01,GO,total,unemployment,11.1,%,IBGE SIDRA 6396
2019-09-01,GO,women,unemployment,13.2,%,IBGE SIDRA 6396
2019-09-01,MA,men,unemployment,13.2,%,IBGE SIDRA 6396
2019-09-01,MA,total,unemployment,14.4,%,IBGE SIDRA 6396
2019-09-01,MA,women,unemployment,16.1,%,IBGE SIDRA 6396
2019-09-01,MG,men,unemployment,8.4,%,IBGE SIDRA 6396
2019-09-01,MG,total,unemployment,10.0,%,IBGE SIDRA 6396
2019-09-01,MG,women,unemployment,12.1,%,IBGE SIDRA 6396
2019-09-01,MS,men,unemployment,5.9,%,IBGE SIDRA 6396
2019-09-01,MS,total,unemployment,7.7,%,IBGE SIDRA 6396
2019-09-01,MS,women,unemployment,10.0,%,IBGE SIDRA 6396
2019-09-01,MT,men,unemployment,6.5,%,IBGE SIDRA 6396
2019-09-01,MT,total,unemployment,8.0,%,IBGE SIDRA 6396
2019-09-01,MT,women,unemployment,10.2,%,IBGE SIDRA 6396
2019-09-01,PA,men,unemployment,8.7,%,IBGE SIDRA 6396
2019-09-01,PA,total,unemployment,11.3,%,IBGE SIDRA 6396
2019-09-01,PA,women,unemployment,15.2,%,IBGE SIDRA 6396
2019-09-01,PB,men,unemployment,9.7,%,IBGE SIDRA 6396
2019-09-01,PB,total,unemployment,11.4,%,IBGE SIDRA 6396
2019-09-01,PB,women,unemployment,13.7,%,IBGE SIDRA 6396
2019-09-01,PE,men,unemployment,13.3,%,IBGE SIDRA 6396
2019-09-01,PE,total,unemployment,16.0,%,IBGE SIDRA 6396
2019-09-01,PE,women,unemployment,19.6,%,IBGE SIDRA 6396
2019-09-01,PI,men,unemployment,12.1,%,IBGE SIDRA 6396
2019-09-01,PI,total,unemployment,12.9,%,IBGE SIDRA 6396
2019-09-01,PI,women,unemployment,14.1,%,IBGE SIDRA 6396
2019-09-01,PR,men,unemployment,7.5,%,IBGE SIDRA 6396
2019-09-01,PR,total,unemployment,9.1,%,IBGE SIDRA 6396
2019-09-01,PR,women,unemployment,11.0,%,IBGE SIDRA 6396
2019-09-01,RJ,men,unemployment,11.8,%,IBGE SIDRA 6396
2019-09-01,RJ,total,unemployment,14.6,%,IBGE SIDRA 6396
2019-09-01,RJ,women,unemployment,17.9,%,IBGE SIDRA 6396
2019-09-01,RN,men,unemployment,12.8,%,IBGE SIDRA 6396
2019-09-01,RN,total,unemployment,13.7,%,IBGE SIDRA 6396
2019-09-01,RN,women,unemployment,14.9,%,IBGE SIDRA 6396
2019-09-01,RO,men,unemployment,7.1,%,IBGE SIDRA 6396
2019-09-01,RO,total,unemployment,8.3,%,IBGE SIDRA 6396
2019-09-01,RO,women,unemployment,10.1,%,IBGE SIDRA 6396
2019-09-01,RR,men,unemployment,13.1,%,IBGE SIDRA 6396
2019-09-01,RR,total,unemployment,15.0,%,IBGE SIDRA 6396
2019-09-01,RR,women,unemployment,17.6,%,IBGE SIDRA 6396
2019-09-01,RS,men,unemployment,7.2,%,IBGE SIDRA 6396
2019-09-01,RS,total,unemployment,8.9,%,IBGE SIDRA 6396
2019-09-01,RS,women,unemployment,11.1,%,IBGE SIDRA 6396
2019-09-01,SC,men,unemployment,4.9,%,IBGE SIDRA 6396
2019-09-01,SC,total,unemployment,5.8,%,IBGE SIDRA 6396
2019-09-01,SC,women,unemployment,7.0,%,IBGE SIDRA 6396
2019-09-01,SE,men,unemployment,12.6,%,IBGE SIDRA 6396
2019-09-01,SE,total,unemployment,14.8,%,IBGE SIDRA 6396
2019-09-01,SE,women,unemployment,17.7,%,IBGE SIDRA 6396
2019-09-01,SP,men,unemployment,10.2,%,IBGE SIDRA 6396
2019-09-01,SP,total,unemployment,12.2,%,IBGE SIDRA 6396
2019-09-01,SP,women,unemployment,14.4,%,IBGE SIDRA 6396
2019-09-01,TO,men,unemployment,8.6,%,IBGE SIDRA 6396
2019-09-01,TO,total,unemployment,10.6,%,IBGE SIDRA 6396
2019-09-01,TO,women,unemployment,13.6,%,IBGE SIDRA 6396
2019-12-01,AC,men,real_income,2847.0,R$,IBGE SIDRA 5436
2019-12-01,AC,total,real_income,2722.0,R$,IBGE SIDRA 5436
2019-12-01,AC,women,real_income,2534.0,R$,IBGE SIDRA 5436
2019-12-01,AL,men,real_income,2218.0,R$,IBGE SIDRA 5436
2019-12-01,AL,total,real_income,2166.0,R$,IBGE SIDRA 5436
2019-12-01,AL,women,real_income,2090.0,R$,IBGE SIDRA 5436
2019-12-01,AM,men,real_income,2494.0,R$,IBGE SIDRA 5436
2019-12-01,AM,total,real_income,2441.0,R$,IBGE SIDRA 5436
2019-12-01,AM,women,real_income,2355.0,R$,IBGE SIDRA 5436
2019-12-01,AP,men,real_income,2830.0,R$,IBGE SIDRA 5436
2019-12-01,AP,total,real_income,2734.0,R$,IBGE SIDRA 5436
2019-12-01,AP,women,real_income,2595.0,R$,IBGE SIDRA 5436
2019-12-01,BA,men,real_income,2505.0,R$,IBGE SIDRA 5436
2019-12-01,BA,total,real_income,2272.0,R$,IBGE SIDRA 5436
2019-12-01,BA,women,real_income,1941.0,R$,IBGE SIDRA 5436
2019-12-01,BR,men,real_income,3692.0,R$,IBGE SIDRA 5436
2019-12-01,BR,total,real_income,3353.0,R$,IBGE SIDRA 5436
2019-12-01,BR,women,real_income,2896.0,R$,IBGE SIDRA 5436
2019-12-01,CE,men,real_income,2581.0,R$,IBGE SIDRA 5436
2019-12-01,CE,total,real_income,2428.0,R$,IBGE SIDRA 5436
2019-12-01,CE,women,real_income,2218.0,R$,IBGE SIDRA 5436
2019-12-01,DF,men,real_income,6431.0,R$,IBGE SIDRA 5436
2019-12-01,DF,total,real_income,5746.0,R$,IBGE SIDRA 5436
2019-12-01,DF,women,real_income,4954.0,R$,IBGE SIDRA 5436
2019-12-01,ES,men,real_income,3572.0,R$,IBGE SIDRA 5436
2019-12-01,ES,total,real_income,3177.0,R$,IBGE SIDRA 5436
2019-12-01,ES,women,real_income,2648.0,R$,IBGE SIDRA 5436
2019-12-01,GO,men,real_income,3341.0,R$,IBGE SIDRA 5436
2019-12-01,GO,total,real_income,3048.0,R$,IBGE SIDRA 5436
2019-12-01,GO,women,real_income,2651.0,R$,IBGE SIDRA 5436
2019-12-01,MA,men,real_income,2015.0,R$,IBGE SIDRA 5436
2019-12-01,MA,total,real_income,1954.0,R$,IBGE SIDRA 5436
2019-12-01,MA,women,real_income,1861.0,R$,IBGE SIDRA 5436
2019-12-01,MG,men,real_income,3307.0,R$,IBGE SIDRA 5436
2019-12-01,MG,total,real_income,2910.0,R$,IBGE SIDRA 5436
2019-12-01,MG,women,real_income,2376.0,R$,IBGE SIDRA 5436
2019-12-01,MS,men,real_income,3900.0,R$,IBGE SIDRA 5436
2019-12-01,MS,total,real_income,3436.0,R$,IBGE SIDRA 5436
2019-12-01,MS,women,real_income,2813.0,R$,IBGE SIDRA 5436
2019-12-01,MT,men,real_income,3722.0,R$,IBGE SIDRA 5436
2019-12-01,MT,total,real_income,3308.0,R$,IBGE SIDRA 5436
2019-12-01,MT,women,real_income,2688.0,R$,IBGE SIDRA 5436
2019-12-01,PA,men,real_income,2360.0,R$,IBGE SIDRA 5436
2019-12-01,PA,total,real_income,2287.0,R$,IBGE SIDRA 5436
2019-12-01,PA,women,real_income,2166.0,R$,IBGE SIDRA 5436
2019-12-01,PB,men,real_income,2495.0,R$,IBGE SIDRA 5436
2019-12-01,PB,total,real_income,2398.0,R$,IBGE SIDRA 5436
2019-12-01,PB,women,real_income,2247.0,R$,IBGE SIDRA 5436
2019-12-01,PE,men,real_income,2559.0,R$,IBGE SIDRA 5436
2019-12-01,PE,total,real_income,2438.0,R$,IBGE SIDRA 5436
2019-12-01,PE,women,real_income,2264.0,R$,IBGE SIDRA 5436
2019-12-01,PI,men,real_income,2059.0,R$,IBGE SIDRA 5436
2019-12-01,PI,total,real_income,1957.0,R$,IBGE SIDRA 5436
2019-12-01,PI,women,real_income,1805.0,R$,IBGE SIDRA 5436
2019-12-01,PR,men,real_income,4132.0,R$,IBGE SIDRA 5436
2019-12-01,PR,total,real_income,3649.0,R$,IBGE SIDRA 5436
2019-12-01,PR,women,real_income,3002.0,R$,IBGE SIDRA 5436
2019-12-01,RJ,men,real_income,4416.0,R$,IBGE SIDRA 5436
2019-12-01,RJ,total,real_income,3964.0,R$,IBGE SIDRA 5436
2019-12-01,RJ,women,real_income,3374.0,R$,IBGE SIDRA 5436
2019-12-01,RN,men,real_income,2945.0,R$,IBGE SIDRA 5436
2019-12-01,RN,total,real_income,2751.0,R$,IBGE SIDRA 5436
2019-12-01,RN,women,real_income,2470.0,R$,IBGE SIDRA 5436
2019-12-01,RO,men,real_income,3196.0,R$,IBGE SIDRA 5436
2019-12-01,RO,total,real_income,2940.0,R$,IBGE SIDRA 5436
2019-12-01,RO,women,real_income,2521.0,R$,IBGE SIDRA 5436
2019-12-01,RR,men,real_income,3226.0,R$,IBGE SIDRA 5436
2019-12-01,RR,total,real_income,3122.0,R$,IBGE SIDRA 5436
2019-12-01,RR,women,real_income,2970.0,R$,IBGE SIDRA 5436
2019-12-01,RS,men,real_income,4092.0,R$,IBGE SIDRA 5436
2019-12-01,RS,total,real_income,3613.0,R$,IBGE SIDRA 5436
2019-12-01,RS,women,real_income,2999.0,R$,IBGE SIDRA 5436
2019-12-01,SC,men,real_income,4122.0,R$,IBGE SIDRA 5436
2019-12-01,SC,total,real_income,3640.0,R$,IBGE SIDRA 5436
2019-12-01,SC,women,real_income,3030.0,R$,IBGE SIDRA 5436
2019-12-01,SE,men,real_income,2364.0,R$,IBGE SIDRA 5436
2019-12-01,SE,total,real_income,2251.0,R$,IBGE SIDRA 5436
2019-12-01,SE,women,real_income,2095.0,R$,IBGE SIDRA 5436
2019-12-01,SP,men,real_income,4812.0,R$,IBGE SIDRA 5436
2019-12-01,SP,total,real_income,4295.0,R$,IBGE SIDRA 5436
2019-12-01,SP,women,real_income,3653.0,R$,IBGE SIDRA 5436
2019-12-01,TO,men,real_income,2804.0,R$,IBGE SIDRA 5436
2019-12-01,TO,total,real_income,2665.0,R$,IBGE SIDRA 5436
2019-12-01,TO,women,real_income,2453.0,R$,IBGE SIDRA 5436
2019-12-01,AC,men,unemployment,11.8,%,IBGE SIDRA 6396
2019-12-01,AC,total,unemployment,13.8,%,IBGE SIDRA 6396
2019-12-01,AC,women,unemployment,16.6,%,IBGE SIDRA 6396
2019-12-01,AL,men,unemployment,11.1,%,IBGE SIDRA 6396
2019-12-01,AL,total,unemployment,13.7,%,IBGE SIDRA 6396
2019-12-01,AL,women,unemployment,17.4,%,IBGE SIDRA 6396
2019-12-01,AM,men,unemployment,9.7,%,IBGE SIDRA 6396
2019-12-01,AM,total,unemployment,13.1,%,IBGE SIDRA 6396
2019-12-01,AM,women,unemployment,17.8,%,IBGE SIDRA 6396
2019-12-01,AP,men,unemployment,12.9,%,IBGE SIDRA 6396
2019-12-01,AP,total,unemployment,15.8,%,IBGE SIDRA 6396
2019-12-01,AP,women,unemployment,19.5,%,IBGE SIDRA 6396
2019-12-01,BA,men,unemployment,13.8,%,IBGE SIDRA 6396
2019-12-01,BA,total,unemployment,16.6,%,IBGE SIDRA 6396
2019-12-01,BA,women,unemployment,20.1,%,IBGE SIDRA 6396
2019-12-01,BR,men,unemployment,9.2,%,IBGE SIDRA 6396
2019-12-01,BR,total,unemployment,11.1,%,IBGE SIDRA 6396
2019-12-01,BR,women,unemployment,13.4,%,IBGE SIDRA 6396
2019-12-01,CE,men,unemployment,9.2,%,IBGE SIDRA 6396
2019-12-01,CE,total,unemployment,10.3,%,IBGE SIDRA 6396
2019-12-01,CE,women,unemployment,11.7,%,IBGE SIDRA 6396
2019-12-01,DF,men,unemployment,10.8,%,IBGE SIDRA 6396
2019-12-01,DF,total,unemployment,12.6,%,IBGE SIDRA 6396
2019-12-01,DF,women,unemployment,14.6,%,IBGE SIDRA 6396
2019-12-01,ES,men,unemployment,9.3,%,IBGE SIDRA 6396
2019-12-01,ES,total,unemployment,10.5,%,IBGE SIDRA 6396
2019-12-01,ES,women,unemployment,11.9,%,IBGE SIDRA 6396
2019-12-01,GO,men,unemployment,8.7,%,IBGE SIDRA 6396
2019-12-01,GO,total,unemployment,10.6,%,IBGE SIDRA 6396
2019-12-01,GO,women,unemployment,13.1,%,IBGE SIDRA 6396
2019-12-01,MA,men,unemployment,10.2,%,IBGE SIDRA 6396
2019-12-01,MA,total,unemployment,12.5,%,IBGE SIDRA 6396
2019-12-01,MA,women,unemployment,15.8,%,IBGE SIDRA 6396
2019-12-01,MG,men,unemployment,7.9,%,IBGE SIDRA 6396
2019-12-01,MG,total,unemployment,9.6,%,IBGE SIDRA 6396
2019-12-01,MG,women,unemployment,11.8,%,IBGE SIDRA 6396
2019-12-01,MS,men,unemployment,5.0,%,IBGE SIDRA 6396
2019-12-01,MS,total,unemployment,6.7,%,IBGE SIDRA 6396
2019-12-01,MS,women,unemployment,8.8,%,IBGE SIDRA 6396
2019-12-01,MT,men,unemployment,4.3,%,IBGE SIDRA 6396
2019-12-01,MT,total,unemployment,6.5,%,IBGE SIDRA 6396
2019-12-01,MT,women,unemployment,9.6,%,IBGE SIDRA 6396
2019-12-01,PA,men,unemployment,7.2,%,IBGE SIDRA 6396
2019-12-01,PA,total,unemployment,9.2,%,IBGE SIDRA 6396
2019-12-01,PA,women,unemployment,12.3,%,IBGE SIDRA 6396
2019-12-01,PB,men,unemployment,10.5,%,IBGE SIDRA 6396
2019-12-01,PB,total,unemployment,12.2,%,IBGE SIDRA 6396
2019-12-01,PB,women,unemployment,14.6,%,IBGE SIDRA 6396
2019-12-01,PE,men,unemployment,12.3,%,IBGE SIDRA 6396
2019-12-01,PE,total,unemployment,14.2,%,IBGE SIDRA 6396
2019-12-01,PE,women,unemployment,16.6,%,IBGE SIDRA 6396
2019-12-01,PI,men,unemployment,12.7,%,IBGE SIDRA 6396
2019-12-01,PI,total,unemployment,13.3,%,IBGE SIDRA 6396
2019-12-01,PI,women,unemployment,14.1,%,IBGE SIDRA 6396
2019-12-01,PR,men,unemployment,6.2,%,IBGE SIDRA 6396
2019-12-01,PR,total,unemployment,7.4,%,IBGE SIDRA 6396
2019-12-01,PR,women,unemployment,8.9,%,IBGE SIDRA 6396
2019-12-01,RJ,men,unemployment,11.2,%,IBGE SIDRA 6396
2019-12-01,RJ,total,unemployment,13.8,%,IBGE SIDRA 6396
2019-12-01,RJ,women,unemployment,17.0,%,IBGE SIDRA 6396
2019-12-01,RN,men,unemployment,10.5,%,IBGE SIDRA 6396
2019-12-01,RN,total,unemployment,12.9,%,IBGE SIDRA 6396
2019-12-01,RN,women,unemployment,16.1,%,IBGE SIDRA 6396
2019-12-01,RO,men,unemployment,6.3,%,IBGE SIDRA 6396
2019-12-01,RO,total,unemployment,8.2,%,IBGE SIDRA 6396
2019-12-01,RO,women,unemployment,11.0,%,IBGE SIDRA 6396
2019-12-01,RR,men,unemployment,12.6,%,IBGE SIDRA 6396
2019-12-01,RR,total,unemployment,15.0,%,IBGE SIDRA 6396
2019-12-01,RR,women,unemployment,18.1,%,IBGE SIDRA 6396
2019-12-01,RS,men,unemployment,5.7,%,IBGE SIDRA 6396
2019-12-01,RS,total,unemployment,7.3,%,IBGE SIDRA 6396
2019-12-01,RS,women,unemployment,9.1,%,IBGE SIDRA 6396
2019-12-01,SC,men,unemployment,4.6,%,IBGE SIDRA 6396
2019-12-01,SC,total,unemployment,5.5,%,IBGE SIDRA 6396
2019-12-01,SC,women,unemployment,6.6,%,IBGE SIDRA 6396
2019-12-01,SE,men,unemployment,12.9,%,IBGE SIDRA 6396
2019-12-01,SE,total,unemployment,15.1,%,IBGE SIDRA 6396
2019-12-01,SE,women,unemployment,17.8,%,IBGE SIDRA 6396
2019-12-01,SP,men,unemployment,9.9,%,IBGE SIDRA 6396
2019-12-01,SP,total,unemployment,11.6,%,IBGE SIDRA 6396
2019-12-01,SP,women,unemployment,13.7,%,IBGE SIDRA 6396
2019-12-01,TO,men,unemployment,8.3,%,IBGE SIDRA 6396
2019-12-01,TO,total,unemployment,9.3,%,IBGE SIDRA 6396
2019-12-01,TO,women,unemployment,10.6,%,IBGE SIDRA 6396
2020-03-01,AC,men,real_income,2707.0,R$,IBGE SIDRA 5436
2020-03-01,AC,total,real_income,2583.0,R$,IBGE SIDRA 5436
2020-03-01,AC,women,real_income,2394.0,R$,IBGE SIDRA 5436
2020-03-01,AL,men,real_income,2465.0,R$,IBGE SIDRA 5436
2020-03-01,AL,total,real_income,2290.0,R$,IBGE SIDRA 5436
2020-03-01,AL,women,real_income,2029.0,R$,IBGE SIDRA 5436
2020-03-01,AM,men,real_income,2505.0,R$,IBGE SIDRA 5436
2020-03-01,AM,total,real_income,2460.0,R$,IBGE SIDRA 5436
2020-03-01,AM,women,real_income,2387.0,R$,IBGE SIDRA 5436
2020-03-01,AP,men,real_income,2738.0,R$,IBGE SIDRA 5436
2020-03-01,AP,total,real_income,2721.0,R$,IBGE SIDRA 5436
2020-03-01,AP,women,real_income,2695.0,R$,IBGE SIDRA 5436
2020-03-01,BA,men,real_income,2512.0,R$,IBGE SIDRA 5436
2020-03-01,BA,total,real_income,2338.0,R$,IBGE SIDRA 5436
2020-03-01,BA,women,real_income,2085.0,R$,IBGE SIDRA 5436
2020-03-01,BR,men,real_income,3750.0,R$,IBGE SIDRA 5436
2020-03-01,BR,total,real_income,3391.0,R$,IBGE SIDRA 5436
2020-03-01,BR,women,real_income,2903.0,R$,IBGE SIDRA 5436
2020-03-01,CE,men,real_income,2500.0,R$,IBGE SIDRA 5436
2020-03-01,CE,total,real_income,2348.0,R$,IBGE SIDRA 5436
2020-03-01,CE,women,real_income,2138.0,R$,IBGE SIDRA 5436
2020-03-01,DF,men,real_income,6046.0,R$,IBGE SIDRA 5436
2020-03-01,DF,total,real_income,5505.0,R$,IBGE SIDRA 5436
2020-03-01,DF,women,real_income,4849.0,R$,IBGE SIDRA 5436
2020-03-01,ES,men,real_income,3506.0,R$,IBGE SIDRA 5436
2020-03-01,ES,total,real_income,3147.0,R$,IBGE SIDRA 5436
2020-03-01,ES,women,real_income,2657.0,R$,IBGE SIDRA 5436
2020-03-01,GO,men,real_income,3541.0,R$,IBGE SIDRA 5436
2020-03-01,GO,total,real_income,3140.0,R$,IBGE SIDRA 5436
2020-03-01,GO,women,real_income,2598.0,R$,IBGE SIDRA 5436
2020-03-01,MA,men,real_income,2061.0,R$,IBGE SIDRA 5436
2020-03-01,MA,total,real_income,1999.0,R$,IBGE SIDRA 5436
2020-03-01,MA,women,real_income,1906.0,R$,IBGE SIDRA 5436
2020-03-01,MG,men,real_income,3356.0,R$,IBGE SIDRA 5436
2020-03-01,MG,total,real_income,2936.0,R$,IBGE SIDRA 5436
2020-03-01,MG,women,real_income,2373.0,R$,IBGE SIDRA 5436
2020-03-01,MS,men,real_income,3775.0,R$,IBGE SIDRA 5436
2020-03-01,MS,total,real_income,3329.0,R$,IBGE SIDRA 5436
2020-03-01,MS,women,real_income,2723.0,R$,IBGE SIDRA 5436
2020-03-01,MT,men,real_income,3725.0,R$,IBGE SIDRA 5436
2020-03-01,MT,total,real_income,3331.0,R$,IBGE SIDRA 5436
2020-03-01,MT,women,real_income,2740.0,R$,IBGE SIDRA 5436
2020-03-01,PA,men,real_income,2300.0,R$,IBGE SIDRA 5436
2020-03-01,PA,total,real_income,2249.0,R$,IBGE SIDRA 5436
2020-03-01,PA,women,real_income,2161.0,R$,IBGE SIDRA 5436
2020-03-01,PB,men,real_income,2521.0,R$,IBGE SIDRA 5436
2020-03-01,PB,total,real_income,2390.0,R$,IBGE SIDRA 5436
2020-03-01,PB,women,real_income,2194.0,R$,IBGE SIDRA 5436
2020-03-01,PE,men,real_income,2560.0,R$,IBGE SIDRA 5436
2020-03-01,PE,total,real_income,2445.0,R$,IBGE SIDRA 5436
2020-03-01,PE,women,real_income,2276.0,R$,IBGE SIDRA 5436
2020-03-01,PI,men,real_income,2220.0,R$,IBGE SIDRA 5436
2020-03-01,PI,total,real_income,2011.0,R$,IBGE SIDRA 5436
2020-03-01,PI,women,real_income,1700.0,R$,IBGE SIDRA 5436
2020-03-01,PR,men,real_income,4080.0,R$,IBGE SIDRA 5436
2020-03-01,PR,total,real_income,3617.0,R$,IBGE SIDRA 5436
2020-03-01,PR,women,real_income,2978.0,R$,IBGE SIDRA 5436
2020-03-01,RJ,men,real_income,4464.0,R$,IBGE SIDRA 5436
2020-03-01,RJ,total,real_income,4018.0,R$,IBGE SIDRA 5436
2020-03-01,RJ,women,real_income,3425.0,R$,IBGE SIDRA 5436
2020-03-01,RN,men,real_income,3094.0,R$,IBGE SIDRA 5436
2020-03-01,RN,total,real_income,2776.0,R$,IBGE SIDRA 5436
2020-03-01,RN,women,real_income,2330.0,R$,IBGE SIDRA 5436
2020-03-01,RO,men,real_income,2991.0,R$,IBGE SIDRA 5436
2020-03-01,RO,total,real_income,2851.0,R$,IBGE SIDRA 5436
2020-03-01,RO,women,real_income,2626.0,R$,IBGE SIDRA 5436
2020-03-01,RR,men,real_income,3428.0,R$,IBGE SIDRA 5436
2020-03-01,RR,total,real_income,3204.0,R$,IBGE SIDRA 5436
2020-03-01,RR,women,real_income,2857.0,R$,IBGE SIDRA 5436
2020-03-01,RS,men,real_income,4061.0,R$,IBGE SIDRA 5436
2020-03-01,RS,total,real_income,3580.0,R$,IBGE SIDRA 5436
2020-03-01,RS,women,real_income,2954.0,R$,IBGE SIDRA 5436
2020-03-01,SC,men,real_income,4040.0,R$,IBGE SIDRA 5436
2020-03-01,SC,total,real_income,3620.0,R$,IBGE SIDRA 5436
2020-03-01,SC,women,real_income,3074.0,R$,IBGE SIDRA 5436
2020-03-01,SE,men,real_income,2547.0,R$,IBGE SIDRA 5436
2020-03-01,SE,total,real_income,2385.0,R$,IBGE SIDRA 5436
2020-03-01,SE,women,real_income,2147.0,R$,IBGE SIDRA 5436
2020-03-01,SP,men,real_income,5024.0,R$,IBGE SIDRA 5436
2020-03-01,SP,total,real_income,4420.0,R$,IBGE SIDRA 5436
2020-03-01,SP,women,real_income,3664.0,R$,IBGE SIDRA 5436
2020-03-01,TO,men,real_income,2739.0,R$,IBGE SIDRA 5436
2020-03-01,TO,total,real_income,2650.0,R$,IBGE SIDRA 5436
2020-03-01,TO,women,real_income,2522.0,R$,IBGE SIDRA 5436
2020-03-01,AC,men,unemployment,11.4,%,IBGE SIDRA 6396
2020-03-01,AC,total,unemployment,13.7,%,IBGE SIDRA 6396
2020-03-01,AC,women,unemployment,16.8,%,IBGE SIDRA 6396
2020-03-01,AL,men,unemployment,15.7,%,IBGE SIDRA 6396
2020-03-01,AL,total,unemployment,16.8,%,IBGE SIDRA 6396
2020-03-01,AL,women,unemployment,18.4,%,IBGE SIDRA 6396
2020-03-01,AM,men,unemployment,11.4,%,IBGE SIDRA 6396
2020-03-01,AM,total,unemployment,14.7,%,IBGE SIDRA 6396
2020-03-01,AM,women,unemployment,19.1,%,IBGE SIDRA 6396
2020-03-01,AP,men,unemployment,14.0,%,IBGE SIDRA 6396
2020-03-01,AP,total,unemployment,17.4,%,IBGE SIDRA 6396
2020-03-01,AP,women,unemployment,22.1,%,IBGE SIDRA 6396
2020-03-01,BA,men,unemployment,15.8,%,IBGE SIDRA 6396
2020-03-01,BA,total,unemployment,18.9,%,IBGE SIDRA 6396
2020-03-01,BA,women,unemployment,22.9,%,IBGE SIDRA 6396
2020-03-01,BR,men,unemployment,10.4,%,IBGE SIDRA 6396
2020-03-01,BR,total,unemployment,12.4,%,IBGE SIDRA 6396
2020-03-01,BR,women,unemployment,14.9,%,IBGE SIDRA 6396
2020-03-01,CE,men,unemployment,11.3,%,IBGE SIDRA 6396
2020-03-01,CE,total,unemployment,12.4,%,IBGE SIDRA 6396
2020-03-01,CE,women,unemployment,13.8,%,IBGE SIDRA 6396
2020-03-01,DF,men,unemployment,10.5,%,IBGE SIDRA 6396
2020-03-01,DF,total,unemployment,13.6,%,IBGE SIDRA 6396
2020-03-01,DF,women,unemployment,17.2,%,IBGE SIDRA 6396
2020-03-01,ES,men,unemployment,9.8,%,IBGE SIDRA 6396
2020-03-01,ES,total,unemployment,11.3,%,IBGE SIDRA 6396
2020-03-01,ES,women,unemployment,13.2,%,IBGE SIDRA 6396
2020-03-01,GO,men,unemployment,9.6,%,IBGE SIDRA 6396
2020-03-01,GO,total,unemployment,11.6,%,IBGE SIDRA 6396
2020-03-01,GO,women,unemployment,14.1,%,IBGE SIDRA 6396
2020-03-01,MA,men,unemployment,14.8,%,IBGE SIDRA 6396
2020-03-01,MA,total,unemployment,16.5,%,IBGE SIDRA 6396
2020-03-01,MA,women,unemployment,18.8,%,IBGE SIDRA 6396
2020-03-01,MG,men,unemployment,10.0,%,IBGE SIDRA 6396
2020-03-01,MG,total,unemployment,11.7,%,IBGE SIDRA 6396
2020-03-01,MG,women,unemployment,13.8,%,IBGE SIDRA 6396
2020-03-01,MS,men,unemployment,6.1,%,IBGE SIDRA 6396
2020-03-01,MS,total,unemployment,7.9,%,IBGE SIDRA 6396
2020-03-01,MS,women,unemployment,10.2,%,IBGE SIDRA 6396
2020-03-01,MT,men,unemployment,6.1,%,IBGE SIDRA 6396
2020-03-01,MT,total,unemployment,8.6,%,IBGE SIDRA 6396
2020-03-01,MT,women,unemployment,12.1,%,IBGE SIDRA 6396
2020-03-01,PA,men,unemployment,8.4,%,IBGE SIDRA 6396
2020-03-01,PA,total,unemployment,10.7,%,IBGE SIDRA 6396
2020-03-01,PA,women,unemployment,14.2,%,IBGE SIDRA 6396
2020-03-01,PB,men,unemployment,11.2,%,IBGE SIDRA 6396
2020-03-01,PB,total,unemployment,13.9,%,IBGE SIDRA 6396
2020-03-01,PB,women,unemployment,17.6,%,IBGE SIDRA 6396
2020-03-01,PE,men,unemployment,13.4,%,IBGE SIDRA 6396
2020-03-01,PE,total,unemployment,14.8,%,IBGE SIDRA 6396
2020-03-01,PE,women,unemployment,16.7,%,IBGE SIDRA 6396
2020-03-01,PI,men,unemployment,13.4,%,IBGE SIDRA 6396
2020-03-01,PI,total,unemployment,14.2,%,IBGE SIDRA 6396
2020-03-01,PI,women,unemployment,15.1,%,IBGE SIDRA 6396
2020-03-01,PR,men,unemployment,6.2,%,IBGE SIDRA 6396
2020-03-01,PR,total,unemployment,8.0,%,IBGE SIDRA 6396
2020-03-01,PR,women,unemployment,10.4,%,IBGE SIDRA 6396
2020-03-01,RJ,men,unemployment,11.7,%,IBGE SIDRA 6396
2020-03-01,RJ,total,unemployment,14.7,%,IBGE SIDRA 6396
2020-03-01,RJ,women,unemployment,18.4,%,IBGE SIDRA 6396
2020-03-01,RN,men,unemployment,14.4,%,IBGE SIDRA 6396
2020-03-01,RN,total,unemployment,15.7,%,IBGE SIDRA 6396
2020-03-01,RN,women,unemployment,17.4,%,IBGE SIDRA 6396
2020-03-01,RO,men,unemployment,6.9,%,IBGE SIDRA 6396
2020-03-01,RO,total,unemployment,8.5,%,IBGE SIDRA 6396
2020-03-01,RO,women,unemployment,10.8,%,IBGE SIDRA 6396
2020-03-01,RR,men,unemployment,13.9,%,IBGE SIDRA 6396
2020-03-01,RR,total,unemployment,16.7,%,IBGE SIDRA 6396
2020-03-01,RR,women,unemployment,20.7,%,IBGE SIDRA 6396
2020-03-01,RS,men,unemployment,6.8,%,IBGE SIDRA 6396
2020-03-01,RS,total,unemployment,8.5,%,IBGE SIDRA 6396
2020-03-01,RS,women,unemployment,10.6,%,IBGE SIDRA 6396
2020-03-01,SC,men,unemployment,4.6,%,IBGE SIDRA 6396
2020-03-01,SC,total,unemployment,5.8,%,IBGE SIDRA 6396
2020-03-01,SC,women,unemployment,7.2,%,IBGE SIDRA 6396
2020-03-01,SE,men,unemployment,13.3,%,IBGE SIDRA 6396
2020-03-01,SE,total,unemployment,15.9,%,IBGE SIDRA 6396
2020-03-01,SE,women,unemployment,19.3,%,IBGE SIDRA 6396
2020-03-01,SP,men,unemployment,10.3,%,IBGE SIDRA 6396
2020-03-01,SP,total,unemployment,12.3,%,IBGE SIDRA 6396
2020-03-01,SP,women,unemployment,14.7,%,IBGE SIDRA 6396
2020-03-01,TO,men,unemployment,10.2,%,IBGE SIDRA 6396
2020-03-01,TO,total,unemployment,11.5,%,IBGE SIDRA 6396
2020-03-01,TO,women,unemployment,13.2,%,IBGE SIDRA 6396
2020-06-01,BR,men,unemployment,12.1,%,IBGE SIDRA 6396
2020-06-01,BR,total,unemployment,13.6,%,IBGE SIDRA 6396
2020-06-01,BR,women,unemployment,15.5,%,IBGE SIDRA 6396
2020-09-01,BR,men,unemployment,12.9,%,IBGE SIDRA 6396
2020-09-01,BR,total,unemployment,14.9,%,IBGE SIDRA 6396
2020-09-01,BR,women,unemployment,17.5,%,IBGE SIDRA 6396
2020-12-01,BR,men,unemployment,11.9,%,IBGE SIDRA 6396
2020-12-01,BR,total,unemployment,14.2,%,IBGE SIDRA 6396
2020-12-01,BR,women,unemployment,17.2,%,IBGE SIDRA 6396
2021-03-01,BR,men,unemployment,12.1,%,IBGE SIDRA 6396
2021-03-01,BR,total,unemployment,14.9,%,IBGE SIDRA 6396
2021-03-01,BR,women,unemployment,18.5,%,IBGE SIDRA 6396
2021-06-01,BR,men,unemployment,11.6,%,IBGE SIDRA 6396
2021-06-01,BR,total,unemployment,14.2,%,IBGE SIDRA 6396
2021-06-01,BR,women,unemployment,17.7,%,IBGE SIDRA 6396
2021-09-01,BR,men,unemployment,10.1,%,IBGE SIDRA 6396
2021-09-01,BR,total,unemployment,12.7,%,IBGE SIDRA 6396
2021-09-01,BR,women,unemployment,15.9,%,IBGE SIDRA 6396
2021-12-01,BR,men,unemployment,9.0,%,IBGE SIDRA 6396
2021-12-01,BR,total,unemployment,11.1,%,IBGE SIDRA 6396
2021-12-01,BR,women,unemployment,13.9,%,IBGE SIDRA 6396
2022-03-01,BR,men,unemployment,9.1,%,IBGE SIDRA 6396
2022-03-01,BR,total,unemployment,11.1,%,IBGE SIDRA 6396
2022-03-01,BR,women,unemployment,13.7,%,IBGE SIDRA 6396
2022-06-01,AC,men,real_income,2735.0,R$,IBGE SIDRA 5436
2022-06-01,AC,total,real_income,2756.0,R$,IBGE SIDRA 5436
2022-06-01,AC,women,real_income,2788.0,R$,IBGE SIDRA 5436
2022-06-01,AL,men,real_income,2383.0,R$,IBGE SIDRA 5436
2022-06-01,AL,total,real_income,2206.0,R$,IBGE SIDRA 5436
2022-06-01,AL,women,real_income,1951.0,R$,IBGE SIDRA 5436
2022-06-01,AM,men,real_income,2465.0,R$,IBGE SIDRA 5436
2022-06-01,AM,total,real_income,2406.0,R$,IBGE SIDRA 5436
2022-06-01,AM,women,real_income,2315.0,R$,IBGE SIDRA 5436
2022-06-01,AP,men,real_income,2616.0,R$,IBGE SIDRA 5436
2022-06-01,AP,total,real_income,2610.0,R$,IBGE SIDRA 5436
2022-06-01,AP,women,real_income,2601.0,R$,IBGE SIDRA 5436
2022-06-01,BA,men,real_income,2077.0,R$,IBGE SIDRA 5436
2022-06-01,BA,total,real_income,1993.0,R$,IBGE SIDRA 5436
2022-06-01,BA,women,real_income,1867.0,R$,IBGE SIDRA 5436
2022-06-01,BR,men,real_income,3452.0,R$,IBGE SIDRA 5436
2022-06-01,BR,total,real_income,3136.0,R$,IBGE SIDRA 5436
2022-06-01,BR,women,real_income,2711.0,R$,IBGE SIDRA 5436
2022-06-01,CE,men,real_income,2225.0,R$,IBGE SIDRA 5436
2022-06-01,CE,total,real_income,2117.0,R$,IBGE SIDRA 5436
2022-06-01,CE,women,real_income,1969.0,R$,IBGE SIDRA 5436
2022-06-01,DF,men,real_income,5991.0,R$,IBGE SIDRA 5436
2022-06-01,DF,total,real_income,5316.0,R$,IBGE SIDRA 5436
2022-06-01,DF,women,real_income,4541.0,R$,IBGE SIDRA 5436
2022-06-01,ES,men,real_income,3506.0,R$,IBGE SIDRA 5436
2022-06-01,ES,total,real_income,3106.0,R$,IBGE SIDRA 5436
2022-06-01,ES,women,real_income,2550.0,R$,IBGE SIDRA 5436
2022-06-01,GO,men,real_income,3353.0,R$,IBGE SIDRA 5436
2022-06-01,GO,total,real_income,2950.0,R$,IBGE SIDRA 5436
2022-06-01,GO,women,real_income,2394.0,R$,IBGE SIDRA 5436
2022-06-01,MA,men,real_income,2052.0,R$,IBGE SIDRA 5436
2022-06-01,MA,total,real_income,1923.0,R$,IBGE SIDRA 5436
2022-06-01,MA,women,real_income,1738.0,R$,IBGE SIDRA 5436
2022-06-01,MG,men,real_income,3087.0,R$,IBGE SIDRA 5436
2022-06-01,MG,total,real_income,2767.0,R$,IBGE SIDRA 5436
2022-06-01,MG,women,real_income,2324.0,R$,IBGE SIDRA 5436
2022-06-01,MS,men,real_income,3865.0,R$,IBGE SIDRA 5436
2022-06-01,MS,total,real_income,3411.0,R$,IBGE SIDRA 5436
2022-06-01,MS,women,real_income,2798.0,R$,IBGE SIDRA 5436
2022-06-01,MT,men,real_income,3848.0,R$,IBGE SIDRA 5436
2022-06-01,MT,total,real_income,3365.0,R$,IBGE SIDRA 5436
2022-06-01,MT,women,real_income,2639.0,R$,IBGE SIDRA 5436
2022-06-01,PA,men,real_income,2434.0,R$,IBGE SIDRA 5436
2022-06-01,PA,total,real_income,2281.0,R$,IBGE SIDRA 5436
2022-06-01,PA,women,real_income,2034.0,R$,IBGE SIDRA 5436
2022-06-01,PB,men,real_income,2428.0,R$,IBGE SIDRA 5436
2022-06-01,PB,total,real_income,2227.0,R$,IBGE SIDRA 5436
2022-06-01,PB,women,real_income,1916.0,R$,IBGE SIDRA 5436
2022-06-01,PE,men,real_income,2290.0,R$,IBGE SIDRA 5436
2022-06-01,PE,total,real_income,2091.0,R$,IBGE SIDRA 5436
2022-06-01,PE,women,real_income,1811.0,R$,IBGE SIDRA 5436
2022-06-01,PI,men,real_income,2350.0,R$,IBGE SIDRA 5436
2022-06-01,PI,total,real_income,2197.0,R$,IBGE SIDRA 5436
2022-06-01,PI,women,real_income,1979.0,R$,IBGE SIDRA 5436
2022-06-01,PR,men,real_income,3784.0,R$,IBGE SIDRA 5436
2022-06-01,PR,total,real_income,3348.0,R$,IBGE SIDRA 5436
2022-06-01,PR,women,real_income,2767.0,R$,IBGE SIDRA 5436
2022-06-01,RJ,men,real_income,4148.0,R$,IBGE SIDRA 5436
2022-06-01,RJ,total,real_income,3826.0,R$,IBGE SIDRA 5436
2022-06-01,RJ,women,real_income,3420.0,R$,IBGE SIDRA 5436
2022-06-01,RN,men,real_income,2585.0,R$,IBGE SIDRA 5436
2022-06-01,RN,total,real_income,2407.0,R$,IBGE SIDRA 5436
2022-06-01,RN,women,real_income,2148.0,R$,IBGE SIDRA 5436
2022-06-01,RO,men,real_income,3013.0,R$,IBGE SIDRA 5436
2022-06-01,RO,total,real_income,2803.0,R$,IBGE SIDRA 5436
2022-06-01,RO,women,real_income,2476.0,R$,IBGE SIDRA 5436
2022-06-01,RR,men,real_income,2988.0,R$,IBGE SIDRA 5436
2022-06-01,RR,total,real_income,2873.0,R$,IBGE SIDRA 5436
2022-06-01,RR,women,real_income,2704.0,R$,IBGE SIDRA 5436
2022-06-01,RS,men,real_income,3754.0,R$,IBGE SIDRA 5436
2022-06-01,RS,total,real_income,3418.0,R$,IBGE SIDRA 5436
2022-06-01,RS,women,real_income,2978.0,R$,IBGE SIDRA 5436
2022-06-01,SC,men,real_income,3953.0,R$,IBGE SIDRA 5436
2022-06-01,SC,total,real_income,3493.0,R$,IBGE SIDRA 5436
2022-06-01,SC,women,real_income,2900.0,R$,IBGE SIDRA 5436
2022-06-01,SE,men,real_income,2304.0,R$,IBGE SIDRA 5436
2022-06-01,SE,total,real_income,2186.0,R$,IBGE SIDRA 5436
2022-06-01,SE,women,real_income,1997.0,R$,IBGE SIDRA 5436
2022-06-01,SP,men,real_income,4438.0,R$,IBGE SIDRA 5436
2022-06-01,SP,total,real_income,3914.0,R$,IBGE SIDRA 5436
2022-06-01,SP,women,real_income,3269.0,R$,IBGE SIDRA 5436
2022-06-01,TO,men,real_income,2954.0,R$,IBGE SIDRA 5436
2022-06-01,TO,total,real_income,2753.0,R$,IBGE SIDRA 5436
2022-06-01,TO,women,real_income,2462.0,R$,IBGE SIDRA 5436
2022-06-01,AC,men,unemployment,9.6,%,IBGE SIDRA 6396
2022-06-01,AC,total,unemployment,11.8,%,IBGE SIDRA 6396
2022-06-01,AC,women,unemployment,15.0,%,IBGE SIDRA 6396
2022-06-01,AL,men,unemployment,9.2,%,IBGE SIDRA 6396
2022-06-01,AL,total,unemployment,11.2,%,IBGE SIDRA 6396
2022-06-01,AL,women,unemployment,13.9,%,IBGE SIDRA 6396
2022-06-01,AM,men,unemployment,8.1,%,IBGE SIDRA 6396
2022-06-01,AM,total,unemployment,10.5,%,IBGE SIDRA 6396
2022-06-01,AM,women,unemployment,13.7,%,IBGE SIDRA 6396
2022-06-01,AP,men,unemployment,8.7,%,IBGE SIDRA 6396
2022-06-01,AP,total,unemployment,11.4,%,IBGE SIDRA 6396
2022-06-01,AP,women,unemployment,15.1,%,IBGE SIDRA 6396
2022-06-01,BA,men,unemployment,12.3,%,IBGE SIDRA 6396
2022-06-01,BA,total,unemployment,15.4,%,IBGE SIDRA 6396
2022-06-01,BA,women,unemployment,19.5,%,IBGE SIDRA 6396
2022-06-01,BR,men,unemployment,7.5,%,IBGE SIDRA 6396
2022-06-01,BR,total,unemployment,9.3,%,IBGE SIDRA 6396
2022-06-01,BR,women,unemployment,11.5,%,IBGE SIDRA 6396
2022-06-01,CE,men,unemployment,9.1,%,IBGE SIDRA 6396
2022-06-01,CE,total,unemployment,10.4,%,IBGE SIDRA 6396
2022-06-01,CE,women,unemployment,12.1,%,IBGE SIDRA 6396
2022-06-01,DF,men,unemployment,10.8,%,IBGE SIDRA 6396
2022-06-01,DF,total,unemployment,11.6,%,IBGE SIDRA 6396
2022-06-01,DF,women,unemployment,12.5,%,IBGE SIDRA 6396
2022-06-01,ES,men,unemployment,6.1,%,IBGE SIDRA 6396
2022-06-01,ES,total,unemployment,8.0,%,IBGE SIDRA 6396
2022-06-01,ES,women,unemployment,10.5,%,IBGE SIDRA 6396
2022-06-01,GO,men,unemployment,5.4,%,IBGE SIDRA 6396
2022-06-01,GO,total,unemployment,6.9,%,IBGE SIDRA 6396
2022-06-01,GO,women,unemployment,8.8,%,IBGE SIDRA 6396
2022-06-01,MA,men,unemployment,9.1,%,IBGE SIDRA 6396
2022-06-01,MA,total,unemployment,10.8,%,IBGE SIDRA 6396
2022-06-01,MA,women,unemployment,13.2,%,IBGE SIDRA 6396
2022-06-01,MG,men,unemployment,6.2,%,IBGE SIDRA 6396
2022-06-01,MG,total,unemployment,7.3,%,IBGE SIDRA 6396
2022-06-01,MG,women,unemployment,8.6,%,IBGE SIDRA 6396
2022-06-01,MS,men,unemployment,3.7,%,IBGE SIDRA 6396
2022-06-01,MS,total,unemployment,5.2,%,IBGE SIDRA 6396
2022-06-01,MS,women,unemployment,7.2,%,IBGE SIDRA 6396
2022-06-01,MT,men,unemployment,2.9,%,IBGE SIDRA 6396
2022-06-01,MT,total,unemployment,4.4,%,IBGE SIDRA 6396
2022-06-01,MT,women,unemployment,6.6,%,IBGE SIDRA 6396
2022-06-01,PA,men,unemployment,7.7,%,IBGE SIDRA 6396
2022-06-01,PA,total,unemployment,9.1,%,IBGE SIDRA 6396
2022-06-01,PA,women,unemployment,11.2,%,IBGE SIDRA 6396
2022-06-01,PB,men,unemployment,9.9,%,IBGE SIDRA 6396
2022-06-01,PB,total,unemployment,12.3,%,IBGE SIDRA 6396
2022-06-01,PB,women,unemployment,15.7,%,IBGE SIDRA 6396
2022-06-01,PE,men,unemployment,11.0,%,IBGE SIDRA 6396
2022-06-01,PE,total,unemployment,13.6,%,IBGE SIDRA 6396
2022-06-01,PE,women,unemployment,17.0,%,IBGE SIDRA 6396
2022-06-01,PI,men,unemployment,9.3,%,IBGE SIDRA 6396
2022-06-01,PI,total,unemployment,9.4,%,IBGE SIDRA 6396
2022-06-01,PI,women,unemployment,9.6,%,IBGE SIDRA 6396
2022-06-01,PR,men,unemployment,4.4,%,IBGE SIDRA 6396
2022-06-01,PR,total,unemployment,6.1,%,IBGE SIDRA 6396
2022-06-01,PR,women,unemployment,8.1,%,IBGE SIDRA 6396
2022-06-01,RJ,men,unemployment,10.0,%,IBGE SIDRA 6396
2022-06-01,RJ,total,unemployment,12.6,%,IBGE SIDRA 6396
2022-06-01,RJ,women,unemployment,15.7,%,IBGE SIDRA 6396
2022-06-01,RN,men,unemployment,10.8,%,IBGE SIDRA 6396
2022-06-01,RN,total,unemployment,12.0,%,IBGE SIDRA 6396
2022-06-01,RN,women,unemployment,13.7,%,IBGE SIDRA 6396
2022-06-01,RO,men,unemployment,3.8,%,IBGE SIDRA 6396
2022-06-01,RO,total,unemployment,5.7,%,IBGE SIDRA 6396
2022-06-01,RO,women,unemployment,8.5,%,IBGE SIDRA 6396
2022-06-01,RR,men,unemployment,4.7,%,IBGE SIDRA 6396
2022-06-01,RR,total,unemployment,6.2,%,IBGE SIDRA 6396
2022-06-01,RR,women,unemployment,8.4,%,IBGE SIDRA 6396
2022-06-01,RS,men,unemployment,5.4,%,IBGE SIDRA 6396
2022-06-01,RS,total,unemployment,6.3,%,IBGE SIDRA 6396
2022-06-01,RS,women,unemployment,7.3,%,IBGE SIDRA 6396
2022-06-01,SC,men,unemployment,3.1,%,IBGE SIDRA 6396
2022-06-01,SC,total,unemployment,4.0,%,IBGE SIDRA 6396
2022-06-01,SC,women,unemployment,5.0,%,IBGE SIDRA 6396
2022-06-01,SE,men,unemployment,9.6,%,IBGE SIDRA 6396
2022-06-01,SE,total,unemployment,12.9,%,IBGE SIDRA 6396
2022-06-01,SE,women,unemployment,17.6,%,IBGE SIDRA 6396
2022-06-01,SP,men,unemployment,7.3,%,IBGE SIDRA 6396
2022-06-01,SP,total,unemployment,9.2,%,IBGE SIDRA 6396
2022-06-01,SP,women,unemployment,11.4,%,IBGE SIDRA 6396
2022-06-01,TO,men,unemployment,4.0,%,IBGE SIDRA 6396
2022-06-01,TO,total,unemployment,5.5,%,IBGE SIDRA 6396
2022-06-01,TO,women,unemployment,7.6,%,IBGE SIDRA 6396
2022-09-01,AC,men,real_income,2695.0,R$,IBGE SIDRA 5436
2022-09-01,AC,total,real_income,2705.0,R$,IBGE SIDRA 5436
2022-09-01,AC,women,real_income,2721.0,R$,IBGE SIDRA 5436
2022-09-01,AL,men,real_income,2306.0,R$,IBGE SIDRA 5436
2022-09-01,AL,total,real_income,2191.0,R$,IBGE SIDRA 5436
2022-09-01,AL,women,real_income,2030.0,R$,IBGE SIDRA 5436
2022-09-01,AM,men,real_income,2626.0,R$,IBGE SIDRA 5436
2022-09-01,AM,total,real_income,2499.0,R$,IBGE SIDRA 5436
2022-09-01,AM,women,real_income,2301.0,R$,IBGE SIDRA 5436
2022-09-01,AP,men,real_income,2752.0,R$,IBGE SIDRA 5436
2022-09-01,AP,total,real_income,2795.0,R$,IBGE SIDRA 5436
2022-09-01,AP,women,real_income,2860.0,R$,IBGE SIDRA 5436
2022-09-01,BA,men,real_income,2091.0,R$,IBGE SIDRA 5436
2022-09-01,BA,total,real_income,2017.0,R$,IBGE SIDRA 5436
2022-09-01,BA,women,real_income,1910.0,R$,IBGE SIDRA 5436
2022-09-01,BR,men,real_income,3569.0,R$,IBGE SIDRA 5436
2022-09-01,BR,total,real_income,3252.0,R$,IBGE SIDRA 5436
2022-09-01,BR,women,real_income,2827.0,R$,IBGE SIDRA 5436
2022-09-01,CE,men,real_income,2450.0,R$,IBGE SIDRA 5436
2022-09-01,CE,total,real_income,2263.0,R$,IBGE SIDRA 5436
2022-09-01,CE,women,real_income,2000.0,R$,IBGE SIDRA 5436
2022-09-01,DF,men,real_income,6434.0,R$,IBGE SIDRA 5436
2022-09-01,DF,total,real_income,5760.0,R$,IBGE SIDRA 5436
2022-09-01,DF,women,real_income,5002.0,R$,IBGE SIDRA 5436
2022-09-01,ES,men,real_income,3654.0,R$,IBGE SIDRA 5436
2022-09-01,ES,total,real_income,3215.0,R$,IBGE SIDRA 5436
2022-09-01,ES,women,real_income,2633.0,R$,IBGE SIDRA 5436
2022-09-01,GO,men,real_income,3601.0,R$,IBGE SIDRA 5436
2022-09-01,GO,total,real_income,3142.0,R$,IBGE SIDRA 5436
2022-09-01,GO,women,real_income,2516.0,R$,IBGE SIDRA 5436
2022-09-01,MA,men,real_income,2127.0,R$,IBGE SIDRA 5436
2022-09-01,MA,total,real_income,1993.0,R$,IBGE SIDRA 5436
2022-09-01,MA,women,real_income,1802.0,R$,IBGE SIDRA 5436
2022-09-01,MG,men,real_income,3267.0,R$,IBGE SIDRA 5436
2022-09-01,MG,total,real_income,2922.0,R$,IBGE SIDRA 5436
2022-09-01,MG,women,real_income,2454.0,R$,IBGE SIDRA 5436
2022-09-01,MS,men,real_income,3978.0,R$,IBGE SIDRA 5436
2022-09-01,MS,total,real_income,3540.0,R$,IBGE SIDRA 5436
2022-09-01,MS,women,real_income,2953.0,R$,IBGE SIDRA 5436
2022-09-01,MT,men,real_income,4143.0,R$,IBGE SIDRA 5436
2022-09-01,MT,total,real_income,3604.0,R$,IBGE SIDRA 5436
2022-09-01,MT,women,real_income,2797.0,R$,IBGE SIDRA 5436
2022-09-01,PA,men,real_income,2460.0,R$,IBGE SIDRA 5436
2022-09-01,PA,total,real_income,2388.0,R$,IBGE SIDRA 5436
2022-09-01,PA,women,real_income,2269.0,R$,IBGE SIDRA 5436
2022-09-01,PB,men,real_income,2818.0,R$,IBGE SIDRA 5436
2022-09-01,PB,total,real_income,2616.0,R$,IBGE SIDRA 5436
2022-09-01,PB,women,real_income,2306.0,R$,IBGE SIDRA 5436
2022-09-01,PE,men,real_income,2282.0,R$,IBGE SIDRA 5436
2022-09-01,PE,total,real_income,2169.0,R$,IBGE SIDRA 5436
2022-09-01,PE,women,real_income,2006.0,R$,IBGE SIDRA 5436
2022-09-01,PI,men,real_income,2494.0,R$,IBGE SIDRA 5436
2022-09-01,PI,total,real_income,2449.0,R$,IBGE SIDRA 5436
2022-09-01,PI,women,real_income,2383.0,R$,IBGE SIDRA 5436
2022-09-01,PR,men,real_income,3914.0,R$,IBGE SIDRA 5436
2022-09-01,PR,total,real_income,3446.0,R$,IBGE SIDRA 5436
2022-09-01,PR,women,real_income,2818.0,R$,IBGE SIDRA 5436
2022-09-01,RJ,men,real_income,4207.0,R$,IBGE SIDRA 5436
2022-09-01,RJ,total,real_income,3857.0,R$,IBGE SIDRA 5436
2022-09-01,RJ,women,real_income,3414.0,R$,IBGE SIDRA 5436
2022-09-01,RN,men,real_income,2506.0,R$,IBGE SIDRA 5436
2022-09-01,RN,total,real_income,2367.0,R$,IBGE SIDRA 5436
2022-09-01,RN,women,real_income,2162.0,R$,IBGE SIDRA 5436
2022-09-01,RO,men,real_income,3070.0,R$,IBGE SIDRA 5436
2022-09-01,RO,total,real_income,2883.0,R$,IBGE SIDRA 5436
2022-09-01,RO,women,real_income,2583.0,R$,IBGE SIDRA 5436
2022-09-01,RR,men,real_income,2902.0,R$,IBGE SIDRA 5436
2022-09-01,RR,total,real_income,2757.0,R$,IBGE SIDRA 5436
2022-09-01,RR,women,real_income,2546.0,R$,IBGE SIDRA 5436
2022-09-01,RS,men,real_income,4098.0,R$,IBGE SIDRA 5436
2022-09-01,RS,total,real_income,3663.0,R$,IBGE SIDRA 5436
2022-09-01,RS,women,real_income,3094.0,R$,IBGE SIDRA 5436
2022-09-01,SC,men,real_income,4116.0,R$,IBGE SIDRA 5436
2022-09-01,SC,total,real_income,3685.0,R$,IBGE SIDRA 5436
2022-09-01,SC,women,real_income,3135.0,R$,IBGE SIDRA 5436
2022-09-01,SE,men,real_income,2388.0,R$,IBGE SIDRA 5436
2022-09-01,SE,total,real_income,2284.0,R$,IBGE SIDRA 5436
2022-09-01,SE,women,real_income,2128.0,R$,IBGE SIDRA 5436
2022-09-01,SP,men,real_income,4480.0,R$,IBGE SIDRA 5436
2022-09-01,SP,total,real_income,3987.0,R$,IBGE SIDRA 5436
2022-09-01,SP,women,real_income,3385.0,R$,IBGE SIDRA 5436
2022-09-01,TO,men,real_income,3212.0,R$,IBGE SIDRA 5436
2022-09-01,TO,total,real_income,2994.0,R$,IBGE SIDRA 5436
2022-09-01,TO,women,real_income,2685.0,R$,IBGE SIDRA 5436
2022-09-01,AC,men,unemployment,7.8,%,IBGE SIDRA 6396
2022-09-01,AC,total,unemployment,10.0,%,IBGE SIDRA 6396
2022-09-01,AC,women,unemployment,13.2,%,IBGE SIDRA 6396
2022-09-01,AL,men,unemployment,8.7,%,IBGE SIDRA 6396
2022-09-01,AL,total,unemployment,10.2,%,IBGE SIDRA 6396
2022-09-01,AL,women,unemployment,12.2,%,IBGE SIDRA 6396
2022-09-01,AM,men,unemployment,6.7,%,IBGE SIDRA 6396
2022-09-01,AM,total,unemployment,9.4,%,IBGE SIDRA 6396
2022-09-01,AM,women,unemployment,13.1,%,IBGE SIDRA 6396
2022-09-01,AP,men,unemployment,8.6,%,IBGE SIDRA 6396
2022-09-01,AP,total,unemployment,10.8,%,IBGE SIDRA 6396
2022-09-01,AP,women,unemployment,14.0,%,IBGE SIDRA 6396
2022-09-01,BA,men,unemployment,12.4,%,IBGE SIDRA 6396
2022-09-01,BA,total,unemployment,15.0,%,IBGE SIDRA 6396
2022-09-01,BA,women,unemployment,18.5,%,IBGE SIDRA 6396
2022-09-01,BR,men,unemployment,6.9,%,IBGE SIDRA 6396
2022-09-01,BR,total,unemployment,8.7,%,IBGE SIDRA 6396
2022-09-01,BR,women,unemployment,10.9,%,IBGE SIDRA 6396
2022-09-01,CE,men,unemployment,8.0,%,IBGE SIDRA 6396
2022-09-01,CE,total,unemployment,8.6,%,IBGE SIDRA 6396
2022-09-01,CE,women,unemployment,9.4,%,IBGE SIDRA 6396
2022-09-01,DF,men,unemployment,8.8,%,IBGE SIDRA 6396
2022-09-01,DF,total,unemployment,11.0,%,IBGE SIDRA 6396
2022-09-01,DF,women,unemployment,13.3,%,IBGE SIDRA 6396
2022-09-01,ES,men,unemployment,5.9,%,IBGE SIDRA 6396
2022-09-01,ES,total,unemployment,7.3,%,IBGE SIDRA 6396
2022-09-01,ES,women,unemployment,9.1,%,IBGE SIDRA 6396
2022-09-01,GO,men,unemployment,4.7,%,IBGE SIDRA 6396
2022-09-01,GO,total,unemployment,6.2,%,IBGE SIDRA 6396
2022-09-01,GO,women,unemployment,8.2,%,IBGE SIDRA 6396
2022-09-01,MA,men,unemployment,7.9,%,IBGE SIDRA 6396
2022-09-01,MA,total,unemployment,9.6,%,IBGE SIDRA 6396
2022-09-01,MA,women,unemployment,11.9,%,IBGE SIDRA 6396
2022-09-01,MG,men,unemployment,5.5,%,IBGE SIDRA 6396
2022-09-01,MG,total,unemployment,6.3,%,IBGE SIDRA 6396
2022-09-01,MG,women,unemployment,7.4,%,IBGE SIDRA 6396
2022-09-01,MS,men,unemployment,3.8,%,IBGE SIDRA 6396
2022-09-01,MS,total,unemployment,5.1,%,IBGE SIDRA 6396
2022-09-01,MS,women,unemployment,6.9,%,IBGE SIDRA 6396
2022-09-01,MT,men,unemployment,2.9,%,IBGE SIDRA 6396
2022-09-01,MT,total,unemployment,3.9,%,IBGE SIDRA 6396
2022-09-01,MT,women,unemployment,5.3,%,IBGE SIDRA 6396
2022-09-01,PA,men,unemployment,6.1,%,IBGE SIDRA 6396
2022-09-01,PA,total,unemployment,8.8,%,IBGE SIDRA 6396
2022-09-01,PA,women,unemployment,12.6,%,IBGE SIDRA 6396
2022-09-01,PB,men,unemployment,9.0,%,IBGE SIDRA 6396
2022-09-01,PB,total,unemployment,10.9,%,IBGE SIDRA 6396
2022-09-01,PB,women,unemployment,13.6,%,IBGE SIDRA 6396
2022-09-01,PE,men,unemployment,11.0,%,IBGE SIDRA 6396
2022-09-01,PE,total,unemployment,14.0,%,IBGE SIDRA 6396
2022-09-01,PE,women,unemployment,17.8,%,IBGE SIDRA 6396
2022-09-01,PI,men,unemployment,8.1,%,IBGE SIDRA 6396
2022-09-01,PI,total,unemployment,9.3,%,IBGE SIDRA 6396
2022-09-01,PI,women,unemployment,10.9,%,IBGE SIDRA 6396
2022-09-01,PR,men,unemployment,4.2,%,IBGE SIDRA 6396
2022-09-01,PR,total,unemployment,5.3,%,IBGE SIDRA 6396
2022-09-01,PR,women,unemployment,6.7,%,IBGE SIDRA 6396
2022-09-01,RJ,men,unemployment,9.8,%,IBGE SIDRA 6396
2022-09-01,RJ,total,unemployment,12.3,%,IBGE SIDRA 6396
2022-09-01,RJ,women,unemployment,15.4,%,IBGE SIDRA 6396
2022-09-01,RN,men,unemployment,9.3,%,IBGE SIDRA 6396
2022-09-01,RN,total,unemployment,10.5,%,IBGE SIDRA 6396
2022-09-01,RN,women,unemployment,12.2,%,IBGE SIDRA 6396
2022-09-01,RO,men,unemployment,2.5,%,IBGE SIDRA 6396
2022-09-01,RO,total,unemployment,3.9,%,IBGE SIDRA 6396
2022-09-01,RO,women,unemployment,6.0,%,IBGE SIDRA 6396
2022-09-01,RR,men,unemployment,3.4,%,IBGE SIDRA 6396
2022-09-01,RR,total,unemployment,4.9,%,IBGE SIDRA 6396
2022-09-01,RR,women,unemployment,6.9,%,IBGE SIDRA 6396
2022-09-01,RS,men,unemployment,4.6,%,IBGE SIDRA 6396
2022-09-01,RS,total,unemployment,6.0,%,IBGE SIDRA 6396
2022-09-01,RS,women,unemployment,7.7,%,IBGE SIDRA 6396
2022-09-01,SC,men,unemployment,3.1,%,IBGE SIDRA 6396
2022-09-01,SC,total,unemployment,3.8,%,IBGE SIDRA 6396
2022-09-01,SC,women,unemployment,4.7,%,IBGE SIDRA 6396
2022-09-01,SE,men,unemployment,10.1,%,IBGE SIDRA 6396
2022-09-01,SE,total,unemployment,12.2,%,IBGE SIDRA 6396
2022-09-01,SE,women,unemployment,15.1,%,IBGE SIDRA 6396
2022-09-01,SP,men,unemployment,6.5,%,IBGE SIDRA 6396
2022-09-01,SP,total,unemployment,8.7,%,IBGE SIDRA 6396
2022-09-01,SP,women,unemployment,11.1,%,IBGE SIDRA 6396
2022-09-01,TO,men,unemployment,4.1,%,IBGE SIDRA 6396
2022-09-01,TO,total,unemployment,5.6,%,IBGE SIDRA 6396
2022-09-01,TO,women,unemployment,7.8,%,IBGE SIDRA 6396
2022-12-01,AC,men,real_income,2685.0,R$,IBGE SIDRA 5436
2022-12-01,AC,total,real_income,2635.0,R$,IBGE SIDRA 5436
2022-12-01,AC,women,real_income,2558.0,R$,IBGE SIDRA 5436
2022-12-01,AL,men,real_income,2258.0,R$,IBGE SIDRA 5436
2022-12-01,AL,total,real_income,2184.0,R$,IBGE SIDRA 5436
2022-12-01,AL,women,real_income,2080.0,R$,IBGE SIDRA 5436
2022-12-01,AM,men,real_income,2656.0,R$,IBGE SIDRA 5436
2022-12-01,AM,total,real_income,2544.0,R$,IBGE SIDRA 5436
2022-12-01,AM,women,real_income,2372.0,R$,IBGE SIDRA 5436
2022-12-01,AP,men,real_income,2957.0,R$,IBGE SIDRA 5436
2022-12-01,AP,total,real_income,2904.0,R$,IBGE SIDRA 5436
2022-12-01,AP,women,real_income,2826.0,R$,IBGE SIDRA 5436
2022-12-01,BA,men,real_income,2149.0,R$,IBGE SIDRA 5436
2022-12-01,BA,total,real_income,2074.0,R$,IBGE SIDRA 5436
2022-12-01,BA,women,real_income,1963.0,R$,IBGE SIDRA 5436
2022-12-01,BR,men,real_income,3656.0,R$,IBGE SIDRA 5436
2022-12-01,BR,total,real_income,3310.0,R$,IBGE SIDRA 5436
2022-12-01,BR,women,real_income,2847.0,R$,IBGE SIDRA 5436
2022-12-01,CE,men,real_income,2209.0,R$,IBGE SIDRA 5436
2022-12-01,CE,total,real_income,2097.0,R$,IBGE SIDRA 5436
2022-12-01,CE,women,real_income,1944.0,R$,IBGE SIDRA 5436
2022-12-01,DF,men,real_income,6548.0,R$,IBGE SIDRA 5436
2022-12-01,DF,total,real_income,5634.0,R$,IBGE SIDRA 5436
2022-12-01,DF,women,real_income,4590.0,R$,IBGE SIDRA 5436
2022-12-01,ES,men,real_income,3706.0,R$,IBGE SIDRA 5436
2022-12-01,ES,total,real_income,3265.0,R$,IBGE SIDRA 5436
2022-12-01,ES,women,real_income,2672.0,R$,IBGE SIDRA 5436
2022-12-01,GO,men,real_income,3671.0,R$,IBGE SIDRA 5436
2022-12-01,GO,total,real_income,3248.0,R$,IBGE SIDRA 5436
2022-12-01,GO,women,real_income,2671.0,R$,IBGE SIDRA 5436
2022-12-01,MA,men,real_income,2102.0,R$,IBGE SIDRA 5436
2022-12-01,MA,total,real_income,2031.0,R$,IBGE SIDRA 5436
2022-12-01,MA,women,real_income,1933.0,R$,IBGE SIDRA 5436
2022-12-01,MG,men,real_income,3327.0,R$,IBGE SIDRA 5436
2022-12-01,MG,total,real_income,2955.0,R$,IBGE SIDRA 5436
2022-12-01,MG,women,real_income,2446.0,R$,IBGE SIDRA 5436
2022-12-01,MS,men,real_income,4276.0,R$,IBGE SIDRA 5436
2022-12-01,MS,total,real_income,3812.0,R$,IBGE SIDRA 5436
2022-12-01,MS,women,real_income,3194.0,R$,IBGE SIDRA 5436
2022-12-01,MT,men,real_income,4241.0,R$,IBGE SIDRA 5436
2022-12-01,MT,total,real_income,3701.0,R$,IBGE SIDRA 5436
2022-12-01,MT,women,real_income,2888.0,R$,IBGE SIDRA 5436
2022-12-01,PA,men,real_income,2598.0,R$,IBGE SIDRA 5436
2022-12-01,PA,total,real_income,2420.0,R$,IBGE SIDRA 5436
2022-12-01,PA,women,real_income,2131.0,R$,IBGE SIDRA 5436
2022-12-01,PB,men,real_income,2462.0,R$,IBGE SIDRA 5436
2022-12-01,PB,total,real_income,2329.0,R$,IBGE SIDRA 5436
2022-12-01,PB,women,real_income,2127.0,R$,IBGE SIDRA 5436
2022-12-01,PE,men,real_income,2523.0,R$,IBGE SIDRA 5436
2022-12-01,PE,total,real_income,2378.0,R$,IBGE SIDRA 5436
2022-12-01,PE,women,real_income,2168.0,R$,IBGE SIDRA 5436
2022-12-01,PI,men,real_income,2457.0,R$,IBGE SIDRA 5436
2022-12-01,PI,total,real_income,2393.0,R$,IBGE SIDRA 5436
2022-12-01,PI,women,real_income,2298.0,R$,IBGE SIDRA 5436
2022-12-01,PR,men,real_income,3947.0,R$,IBGE SIDRA 5436
2022-12-01,PR,total,real_income,3511.0,R$,IBGE SIDRA 5436
2022-12-01,PR,women,real_income,2929.0,R$,IBGE SIDRA 5436
2022-12-01,RJ,men,real_income,4281.0,R$,IBGE SIDRA 5436
2022-12-01,RJ,total,real_income,3966.0,R$,IBGE SIDRA 5436
2022-12-01,RJ,women,real_income,3569.0,R$,IBGE SIDRA 5436
2022-12-01,RN,men,real_income,2671.0,R$,IBGE SIDRA 5436
2022-12-01,RN,total,real_income,2514.0,R$,IBGE SIDRA 5436
2022-12-01,RN,women,real_income,2290.0,R$,IBGE SIDRA 5436
2022-12-01,RO,men,real_income,3356.0,R$,IBGE SIDRA 5436
2022-12-01,RO,total,real_income,3053.0,R$,IBGE SIDRA 5436
2022-12-01,RO,women,real_income,2576.0,R$,IBGE SIDRA 5436
2022-12-01,RR,men,real_income,3443.0,R$,IBGE SIDRA 5436
2022-12-01,RR,total,real_income,3130.0,R$,IBGE SIDRA 5436
2022-12-01,RR,women,real_income,2683.0,R$,IBGE SIDRA 5436
2022-12-01,RS,men,real_income,4155.0,R$,IBGE SIDRA 5436
2022-12-01,RS,total,real_income,3741.0,R$,IBGE SIDRA 5436
2022-12-01,RS,women,real_income,3200.0,R$,IBGE SIDRA 5436
2022-12-01,SC,men,real_income,4108.0,R$,IBGE SIDRA 5436
2022-12-01,SC,total,real_income,3668.0,R$,IBGE SIDRA 5436
2022-12-01,SC,women,real_income,3105.0,R$,IBGE SIDRA 5436
2022-12-01,SE,men,real_income,2418.0,R$,IBGE SIDRA 5436
2022-12-01,SE,total,real_income,2346.0,R$,IBGE SIDRA 5436
2022-12-01,SE,women,real_income,2237.0,R$,IBGE SIDRA 5436
2022-12-01,SP,men,real_income,4691.0,R$,IBGE SIDRA 5436
2022-12-01,SP,total,real_income,4076.0,R$,IBGE SIDRA 5436
2022-12-01,SP,women,real_income,3330.0,R$,IBGE SIDRA 5436
2022-12-01,TO,men,real_income,3213.0,R$,IBGE SIDRA 5436
2022-12-01,TO,total,real_income,2970.0,R$,IBGE SIDRA 5436
2022-12-01,TO,women,real_income,2627.0,R$,IBGE SIDRA 5436
2022-12-01,AC,men,unemployment,9.1,%,IBGE SIDRA 6396
2022-12-01,AC,total,unemployment,9.8,%,IBGE SIDRA 6396
2022-12-01,AC,women,unemployment,10.9,%,IBGE SIDRA 6396
2022-12-01,AL,men,unemployment,7.6,%,IBGE SIDRA 6396
2022-12-01,AL,total,unemployment,9.4,%,IBGE SIDRA 6396
2022-12-01,AL,women,unemployment,11.7,%,IBGE SIDRA 6396
2022-12-01,AM,men,unemployment,7.7,%,IBGE SIDRA 6396
2022-12-01,AM,total,unemployment,10.1,%,IBGE SIDRA 6396
2022-12-01,AM,women,unemployment,13.2,%,IBGE SIDRA 6396
2022-12-01,AP,men,unemployment,10.4,%,IBGE SIDRA 6396
2022-12-01,AP,total,unemployment,13.4,%,IBGE SIDRA 6396
2022-12-01,AP,women,unemployment,17.5,%,IBGE SIDRA 6396
2022-12-01,BA,men,unemployment,10.6,%,IBGE SIDRA 6396
2022-12-01,BA,total,unemployment,13.5,%,IBGE SIDRA 6396
2022-12-01,BA,women,unemployment,17.4,%,IBGE SIDRA 6396
2022-12-01,BR,men,unemployment,6.5,%,IBGE SIDRA 6396
2022-12-01,BR,total,unemployment,7.9,%,IBGE SIDRA 6396
2022-12-01,BR,women,unemployment,9.8,%,IBGE SIDRA 6396
2022-12-01,CE,men,unemployment,7.6,%,IBGE SIDRA 6396
2022-12-01,CE,total,unemployment,7.8,%,IBGE SIDRA 6396
2022-12-01,CE,women,unemployment,8.1,%,IBGE SIDRA 6396
2022-12-01,DF,men,unemployment,8.4,%,IBGE SIDRA 6396
2022-12-01,DF,total,unemployment,10.3,%,IBGE SIDRA 6396
2022-12-01,DF,women,unemployment,12.4,%,IBGE SIDRA 6396
2022-12-01,ES,men,unemployment,5.6,%,IBGE SIDRA 6396
2022-12-01,ES,total,unemployment,7.3,%,IBGE SIDRA 6396
2022-12-01,ES,women,unemployment,9.3,%,IBGE SIDRA 6396
2022-12-01,GO,men,unemployment,5.9,%,IBGE SIDRA 6396
2022-12-01,GO,total,unemployment,6.7,%,IBGE SIDRA 6396
2022-12-01,GO,women,unemployment,7.7,%,IBGE SIDRA 6396
2022-12-01,MA,men,unemployment,7.6,%,IBGE SIDRA 6396
2022-12-01,MA,total,unemployment,8.4,%,IBGE SIDRA 6396
2022-12-01,MA,women,unemployment,9.5,%,IBGE SIDRA 6396
2022-12-01,MG,men,unemployment,4.9,%,IBGE SIDRA 6396
2022-12-01,MG,total,unemployment,5.8,%,IBGE SIDRA 6396
2022-12-01,MG,women,unemployment,7.0,%,IBGE SIDRA 6396
2022-12-01,MS,men,unemployment,2.6,%,IBGE SIDRA 6396
2022-12-01,MS,total,unemployment,3.3,%,IBGE SIDRA 6396
2022-12-01,MS,women,unemployment,4.3,%,IBGE SIDRA 6396
2022-12-01,MT,men,unemployment,2.5,%,IBGE SIDRA 6396
2022-12-01,MT,total,unemployment,3.6,%,IBGE SIDRA 6396
2022-12-01,MT,women,unemployment,5.0,%,IBGE SIDRA 6396
2022-12-01,PA,men,unemployment,6.3,%,IBGE SIDRA 6396
2022-12-01,PA,total,unemployment,8.2,%,IBGE SIDRA 6396
2022-12-01,PA,women,unemployment,11.0,%,IBGE SIDRA 6396
2022-12-01,PB,men,unemployment,9.4,%,IBGE SIDRA 6396
2022-12-01,PB,total,unemployment,10.3,%,IBGE SIDRA 6396
2022-12-01,PB,women,unemployment,11.7,%,IBGE SIDRA 6396
2022-12-01,PE,men,unemployment,10.0,%,IBGE SIDRA 6396
2022-12-01,PE,total,unemployment,12.3,%,IBGE SIDRA 6396
2022-12-01,PE,women,unemployment,15.5,%,IBGE SIDRA 6396
2022-12-01,PI,men,unemployment,7.6,%,IBGE SIDRA 6396
2022-12-01,PI,total,unemployment,9.5,%,IBGE SIDRA 6396
2022-12-01,PI,women,unemployment,12.1,%,IBGE SIDRA 6396
2022-12-01,PR,men,unemployment,4.4,%,IBGE SIDRA 6396
2022-12-01,PR,total,unemployment,5.2,%,IBGE SIDRA 6396
2022-12-01,PR,women,unemployment,6.1,%,IBGE SIDRA 6396
2022-12-01,RJ,men,unemployment,9.3,%,IBGE SIDRA 6396
2022-12-01,RJ,total,unemployment,11.4,%,IBGE SIDRA 6396
2022-12-01,RJ,women,unemployment,14.0,%,IBGE SIDRA 6396
2022-12-01,RN,men,unemployment,9.3,%,IBGE SIDRA 6396
2022-12-01,RN,total,unemployment,10.0,%,IBGE SIDRA 6396
2022-12-01,RN,women,unemployment,10.9,%,IBGE SIDRA 6396
2022-12-01,RO,men,unemployment,2.2,%,IBGE SIDRA 6396
2022-12-01,RO,total,unemployment,3.1,%,IBGE SIDRA 6396
2022-12-01,RO,women,unemployment,4.3,%,IBGE SIDRA 6396
2022-12-01,RR,men,unemployment,3.5,%,IBGE SIDRA 6396
2022-12-01,RR,total,unemployment,4.6,%,IBGE SIDRA 6396
2022-12-01,RR,women,unemployment,6.0,%,IBGE SIDRA 6396
2022-12-01,RS,men,unemployment,3.6,%,IBGE SIDRA 6396
2022-12-01,RS,total,unemployment,4.6,%,IBGE SIDRA 6396
2022-12-01,RS,women,unemployment,6.0,%,IBGE SIDRA 6396
2022-12-01,SC,men,unemployment,2.4,%,IBGE SIDRA 6396
2022-12-01,SC,total,unemployment,3.3,%,IBGE SIDRA 6396
2022-12-01,SC,women,unemployment,4.4,%,IBGE SIDRA 6396
2022-12-01,SE,men,unemployment,9.6,%,IBGE SIDRA 6396
2022-12-01,SE,total,unemployment,12.0,%,IBGE SIDRA 6396
2022-12-01,SE,women,unemployment,15.2,%,IBGE SIDRA 6396
2022-12-01,SP,men,unemployment,6.0,%,IBGE SIDRA 6396
2022-12-01,SP,total,unemployment,7.7,%,IBGE SIDRA 6396
2022-12-01,SP,women,unemployment,9.7,%,IBGE SIDRA 6396
2022-12-01,TO,men,unemployment,4.7,%,IBGE SIDRA 6396
2022-12-01,TO,total,unemployment,5.2,%,IBGE SIDRA 6396
2022-12-01,TO,women,unemployment,5.8,%,IBGE SIDRA 6396
2023-03-01,AC,men,real_income,2710.0,R$,IBGE SIDRA 5436
2023-03-01,AC,total,real_income,2637.0,R$,IBGE SIDRA 5436
2023-03-01,AC,women,real_income,2526.0,R$,IBGE SIDRA 5436
2023-03-01,AL,men,real_income,2381.0,R$,IBGE SIDRA 5436
2023-03-01,AL,total,real_income,2294.0,R$,IBGE SIDRA 5436
2023-03-01,AL,women,real_income,2167.0,R$,IBGE SIDRA 5436
2023-03-01,AM,men,real_income,2622.0,R$,IBGE SIDRA 5436
2023-03-01,AM,total,real_income,2460.0,R$,IBGE SIDRA 5436
2023-03-01,AM,women,real_income,2206.0,R$,IBGE SIDRA 5436
2023-03-01,AP,men,real_income,2852.0,R$,IBGE SIDRA 5436
2023-03-01,AP,total,real_income,2867.0,R$,IBGE SIDRA 5436
2023-03-01,AP,women,real_income,2889.0,R$,IBGE SIDRA 5436
2023-03-01,BA,men,real_income,2147.0,R$,IBGE SIDRA 5436
2023-03-01,BA,total,real_income,2125.0,R$,IBGE SIDRA 5436
2023-03-01,BA,women,real_income,2091.0,R$,IBGE SIDRA 5436
2023-03-01,BR,men,real_income,3644.0,R$,IBGE SIDRA 5436
2023-03-01,BR,total,real_income,3330.0,R$,IBGE SIDRA 5436
2023-03-01,BR,women,real_income,2909.0,R$,IBGE SIDRA 5436
2023-03-01,CE,men,real_income,2360.0,R$,IBGE SIDRA 5436
2023-03-01,CE,total,real_income,2224.0,R$,IBGE SIDRA 5436
2023-03-01,CE,women,real_income,2035.0,R$,IBGE SIDRA 5436
2023-03-01,DF,men,real_income,6472.0,R$,IBGE SIDRA 5436
2023-03-01,DF,total,real_income,5645.0,R$,IBGE SIDRA 5436
2023-03-01,DF,women,real_income,4648.0,R$,IBGE SIDRA 5436
2023-03-01,ES,men,real_income,3750.0,R$,IBGE SIDRA 5436
2023-03-01,ES,total,real_income,3312.0,R$,IBGE SIDRA 5436
2023-03-01,ES,women,real_income,2721.0,R$,IBGE SIDRA 5436
2023-03-01,GO,men,real_income,3749.0,R$,IBGE SIDRA 5436
2023-03-01,GO,total,real_income,3332.0,R$,IBGE SIDRA 5436
2023-03-01,GO,women,real_income,2752.0,R$,IBGE SIDRA 5436
2023-03-01,MA,men,real_income,2241.0,R$,IBGE SIDRA 5436
2023-03-01,MA,total,real_income,2134.0,R$,IBGE SIDRA 5436
2023-03-01,MA,women,real_income,1980.0,R$,IBGE SIDRA 5436
2023-03-01,MG,men,real_income,3407.0,R$,IBGE SIDRA 5436
2023-03-01,MG,total,real_income,3079.0,R$,IBGE SIDRA 5436
2023-03-01,MG,women,real_income,2630.0,R$,IBGE SIDRA 5436
2023-03-01,MS,men,real_income,4172.0,R$,IBGE SIDRA 5436
2023-03-01,MS,total,real_income,3673.0,R$,IBGE SIDRA 5436
2023-03-01,MS,women,real_income,2989.0,R$,IBGE SIDRA 5436
2023-03-01,MT,men,real_income,4052.0,R$,IBGE SIDRA 5436
2023-03-01,MT,total,real_income,3594.0,R$,IBGE SIDRA 5436
2023-03-01,MT,women,real_income,2919.0,R$,IBGE SIDRA 5436
2023-03-01,PA,men,real_income,2515.0,R$,IBGE SIDRA 5436
2023-03-01,PA,total,real_income,2412.0,R$,IBGE SIDRA 5436
2023-03-01,PA,women,real_income,2245.0,R$,IBGE SIDRA 5436
2023-03-01,PB,men,real_income,2534.0,R$,IBGE SIDRA 5436
2023-03-01,PB,total,real_income,2424.0,R$,IBGE SIDRA 5436
2023-03-01,PB,women,real_income,2252.0,R$,IBGE SIDRA 5436
2023-03-01,PE,men,real_income,2515.0,R$,IBGE SIDRA 5436
2023-03-01,PE,total,real_income,2358.0,R$,IBGE SIDRA 5436
2023-03-01,PE,women,real_income,2130.0,R$,IBGE SIDRA 5436
2023-03-01,PI,men,real_income,2680.0,R$,IBGE SIDRA 5436
2023-03-01,PI,total,real_income,2656.0,R$,IBGE SIDRA 5436
2023-03-01,PI,women,real_income,2621.0,R$,IBGE SIDRA 5436
2023-03-01,PR,men,real_income,3885.0,R$,IBGE SIDRA 5436
2023-03-01,PR,total,real_income,3474.0,R$,IBGE SIDRA 5436
2023-03-01,PR,women,real_income,2912.0,R$,IBGE SIDRA 5436
2023-03-01,RJ,men,real_income,4401.0,R$,IBGE SIDRA 5436
2023-03-01,RJ,total,real_income,4028.0,R$,IBGE SIDRA 5436
2023-03-01,RJ,women,real_income,3550.0,R$,IBGE SIDRA 5436
2023-03-01,RN,men,real_income,2560.0,R$,IBGE SIDRA 5436
2023-03-01,RN,total,real_income,2444.0,R$,IBGE SIDRA 5436
2023-03-01,RN,women,real_income,2273.0,R$,IBGE SIDRA 5436
2023-03-01,RO,men,real_income,3164.0,R$,IBGE SIDRA 5436
2023-03-01,RO,total,real_income,2993.0,R$,IBGE SIDRA 5436
2023-03-01,RO,women,real_income,2719.0,R$,IBGE SIDRA 5436
2023-03-01,RR,men,real_income,3283.0,R$,IBGE SIDRA 5436
2023-03-01,RR,total,real_income,3125.0,R$,IBGE SIDRA 5436
2023-03-01,RR,women,real_income,2892.0,R$,IBGE SIDRA 5436
2023-03-01,RS,men,real_income,4021.0,R$,IBGE SIDRA 5436
2023-03-01,RS,total,real_income,3635.0,R$,IBGE SIDRA 5436
2023-03-01,RS,women,real_income,3137.0,R$,IBGE SIDRA 5436
2023-03-01,SC,men,real_income,4099.0,R$,IBGE SIDRA 5436
2023-03-01,SC,total,real_income,3668.0,R$,IBGE SIDRA 5436
2023-03-01,SC,women,real_income,3117.0,R$,IBGE SIDRA 5436
2023-03-01,SE,men,real_income,2497.0,R$,IBGE SIDRA 5436
2023-03-01,SE,total,real_income,2355.0,R$,IBGE SIDRA 5436
2023-03-01,SE,women,real_income,2154.0,R$,IBGE SIDRA 5436
2023-03-01,SP,men,real_income,4563.0,R$,IBGE SIDRA 5436
2023-03-01,SP,total,real_income,4044.0,R$,IBGE SIDRA 5436
2023-03-01,SP,women,real_income,3419.0,R$,IBGE SIDRA 5436
2023-03-01,TO,men,real_income,3124.0,R$,IBGE SIDRA 5436
2023-03-01,TO,total,real_income,2855.0,R$,IBGE SIDRA 5436
2023-03-01,TO,women,real_income,2494.0,R$,IBGE SIDRA 5436
2023-03-01,AC,men,unemployment,9.2,%,IBGE SIDRA 6396
2023-03-01,AC,total,unemployment,9.7,%,IBGE SIDRA 6396
2023-03-01,AC,women,unemployment,10.3,%,IBGE SIDRA 6396
2023-03-01,AL,men,unemployment,8.1,%,IBGE SIDRA 6396
2023-03-01,AL,total,unemployment,10.6,%,IBGE SIDRA 6396
2023-03-01,AL,women,unemployment,14.0,%,IBGE SIDRA 6396
2023-03-01,AM,men,unemployment,8.2,%,IBGE SIDRA 6396
2023-03-01,AM,total,unemployment,10.5,%,IBGE SIDRA 6396
2023-03-01,AM,women,unemployment,13.8,%,IBGE SIDRA 6396
2023-03-01,AP,men,unemployment,9.7,%,IBGE SIDRA 6396
2023-03-01,AP,total,unemployment,12.2,%,IBGE SIDRA 6396
2023-03-01,AP,women,unemployment,15.5,%,IBGE SIDRA 6396
2023-03-01,BA,men,unemployment,11.2,%,IBGE SIDRA 6396
2023-03-01,BA,total,unemployment,14.4,%,IBGE SIDRA 6396
2023-03-01,BA,women,unemployment,18.6,%,IBGE SIDRA 6396
2023-03-01,BR,men,unemployment,7.2,%,IBGE SIDRA 6396
2023-03-01,BR,total,unemployment,8.8,%,IBGE SIDRA 6396
2023-03-01,BR,women,unemployment,10.8,%,IBGE SIDRA 6396
2023-03-01,CE,men,unemployment,9.4,%,IBGE SIDRA 6396
2023-03-01,CE,total,unemployment,9.6,%,IBGE SIDRA 6396
2023-03-01,CE,women,unemployment,10.0,%,IBGE SIDRA 6396
2023-03-01,DF,men,unemployment,8.8,%,IBGE SIDRA 6396
2023-03-01,DF,total,unemployment,12.0,%,IBGE SIDRA 6396
2023-03-01,DF,women,unemployment,15.7,%,IBGE SIDRA 6396
2023-03-01,ES,men,unemployment,5.6,%,IBGE SIDRA 6396
2023-03-01,ES,total,unemployment,7.0,%,IBGE SIDRA 6396
2023-03-01,ES,women,unemployment,8.8,%,IBGE SIDRA 6396
2023-03-01,GO,men,unemployment,5.5,%,IBGE SIDRA 6396
2023-03-01,GO,total,unemployment,6.8,%,IBGE SIDRA 6396
2023-03-01,GO,women,unemployment,8.5,%,IBGE SIDRA 6396
2023-03-01,MA,men,unemployment,9.3,%,IBGE SIDRA 6396
2023-03-01,MA,total,unemployment,10.0,%,IBGE SIDRA 6396
2023-03-01,MA,women,unemployment,11.0,%,IBGE SIDRA 6396
2023-03-01,MG,men,unemployment,5.6,%,IBGE SIDRA 6396
2023-03-01,MG,total,unemployment,6.8,%,IBGE SIDRA 6396
2023-03-01,MG,women,unemployment,8.4,%,IBGE SIDRA 6396
2023-03-01,MS,men,unemployment,4.0,%,IBGE SIDRA 6396
2023-03-01,MS,total,unemployment,4.8,%,IBGE SIDRA 6396
2023-03-01,MS,women,unemployment,6.0,%,IBGE SIDRA 6396
2023-03-01,MT,men,unemployment,3.4,%,IBGE SIDRA 6396
2023-03-01,MT,total,unemployment,4.5,%,IBGE SIDRA 6396
2023-03-01,MT,women,unemployment,6.2,%,IBGE SIDRA 6396
2023-03-01,PA,men,unemployment,7.2,%,IBGE SIDRA 6396
2023-03-01,PA,total,unemployment,9.8,%,IBGE SIDRA 6396
2023-03-01,PA,women,unemployment,13.5,%,IBGE SIDRA 6396
2023-03-01,PB,men,unemployment,8.9,%,IBGE SIDRA 6396
2023-03-01,PB,total,unemployment,11.1,%,IBGE SIDRA 6396
2023-03-01,PB,women,unemployment,14.4,%,IBGE SIDRA 6396
2023-03-01,PE,men,unemployment,11.8,%,IBGE SIDRA 6396
2023-03-01,PE,total,unemployment,14.1,%,IBGE SIDRA 6396
2023-03-01,PE,women,unemployment,17.2,%,IBGE SIDRA 6396
2023-03-01,PI,men,unemployment,9.9,%,IBGE SIDRA 6396
2023-03-01,PI,total,unemployment,11.1,%,IBGE SIDRA 6396
2023-03-01,PI,women,unemployment,12.8,%,IBGE SIDRA 6396
2023-03-01,PR,men,unemployment,4.3,%,IBGE SIDRA 6396
2023-03-01,PR,total,unemployment,5.4,%,IBGE SIDRA 6396
2023-03-01,PR,women,unemployment,6.9,%,IBGE SIDRA 6396
2023-03-01,RJ,men,unemployment,9.4,%,IBGE SIDRA 6396
2023-03-01,RJ,total,unemployment,11.7,%,IBGE SIDRA 6396
2023-03-01,RJ,women,unemployment,14.4,%,IBGE SIDRA 6396
2023-03-01,RN,men,unemployment,10.5,%,IBGE SIDRA 6396
2023-03-01,RN,total,unemployment,12.3,%,IBGE SIDRA 6396
2023-03-01,RN,women,unemployment,14.8,%,IBGE SIDRA 6396
2023-03-01,RO,men,unemployment,2.9,%,IBGE SIDRA 6396
2023-03-01,RO,total,unemployment,3.1,%,IBGE SIDRA 6396
2023-03-01,RO,women,unemployment,3.6,%,IBGE SIDRA 6396
2023-03-01,RR,men,unemployment,5.6,%,IBGE SIDRA 6396
2023-03-01,RR,total,unemployment,6.7,%,IBGE SIDRA 6396
2023-03-01,RR,women,unemployment,8.3,%,IBGE SIDRA 6396
2023-03-01,RS,men,unemployment,4.3,%,IBGE SIDRA 6396
2023-03-01,RS,total,unemployment,5.4,%,IBGE SIDRA 6396
2023-03-01,RS,women,unemployment,6.6,%,IBGE SIDRA 6396
2023-03-01,SC,men,unemployment,3.1,%,IBGE SIDRA 6396
2023-03-01,SC,total,unemployment,3.9,%,IBGE SIDRA 6396
2023-03-01,SC,women,unemployment,4.8,%,IBGE SIDRA 6396
2023-03-01,SE,men,unemployment,9.9,%,IBGE SIDRA 6396
2023-03-01,SE,total,unemployment,12.0,%,IBGE SIDRA 6396
2023-03-01,SE,women,unemployment,14.5,%,IBGE SIDRA 6396
2023-03-01,SP,men,unemployment,7.2,%,IBGE SIDRA 6396
2023-03-01,SP,total,unemployment,8.5,%,IBGE SIDRA 6396
2023-03-01,SP,women,unemployment,10.0,%,IBGE SIDRA 6396
2023-03-01,TO,men,unemployment,5.8,%,IBGE SIDRA 6396
2023-03-01,TO,total,unemployment,6.9,%,IBGE SIDRA 6396
2023-03-01,TO,women,unemployment,8.4,%,IBGE SIDRA 6396
2023-06-01,AC,men,real_income,2758.0,R$,IBGE SIDRA 5436
2023-06-01,AC,total,real_income,2710.0,R$,IBGE SIDRA 5436
2023-06-01,AC,women,real_income,2640.0,R$,IBGE SIDRA 5436
2023-06-01,AL,men,real_income,2383.0,R$,IBGE SIDRA 5436
2023-06-01,AL,total,real_income,2264.0,R$,IBGE SIDRA 5436
2023-06-01,AL,women,real_income,2096.0,R$,IBGE SIDRA 5436
2023-06-01,AM,men,real_income,2613.0,R$,IBGE SIDRA 5436
2023-06-01,AM,total,real_income,2527.0,R$,IBGE SIDRA 5436
2023-06-01,AM,women,real_income,2389.0,R$,IBGE SIDRA 5436
2023-06-01,AP,men,real_income,2853.0,R$,IBGE SIDRA 5436
2023-06-01,AP,total,real_income,2922.0,R$,IBGE SIDRA 5436
2023-06-01,AP,women,real_income,3023.0,R$,IBGE SIDRA 5436
2023-06-01,BA,men,real_income,2109.0,R$,IBGE SIDRA 5436
2023-06-01,BA,total,real_income,2060.0,R$,IBGE SIDRA 5436
2023-06-01,BA,women,real_income,1988.0,R$,IBGE SIDRA 5436
2023-06-01,BR,men,real_income,3644.0,R$,IBGE SIDRA 5436
2023-06-01,BR,total,real_income,3329.0,R$,IBGE SIDRA 5436
2023-06-01,BR,women,real_income,2909.0,R$,IBGE SIDRA 5436
2023-06-01,CE,men,real_income,2411.0,R$,IBGE SIDRA 5436
2023-06-01,CE,total,real_income,2286.0,R$,IBGE SIDRA 5436
2023-06-01,CE,women,real_income,2106.0,R$,IBGE SIDRA 5436
2023-06-01,DF,men,real_income,6433.0,R$,IBGE SIDRA 5436
2023-06-01,DF,total,real_income,5528.0,R$,IBGE SIDRA 5436
2023-06-01,DF,women,real_income,4489.0,R$,IBGE SIDRA 5436
2023-06-01,ES,men,real_income,3718.0,R$,IBGE SIDRA 5436
2023-06-01,ES,total,real_income,3296.0,R$,IBGE SIDRA 5436
2023-06-01,ES,women,real_income,2722.0,R$,IBGE SIDRA 5436
2023-06-01,GO,men,real_income,3794.0,R$,IBGE SIDRA 5436
2023-06-01,GO,total,real_income,3370.0,R$,IBGE SIDRA 5436
2023-06-01,GO,women,real_income,2789.0,R$,IBGE SIDRA 5436
2023-06-01,MA,men,real_income,2209.0,R$,IBGE SIDRA 5436
2023-06-01,MA,total,real_income,2094.0,R$,IBGE SIDRA 5436
2023-06-01,MA,women,real_income,1933.0,R$,IBGE SIDRA 5436
2023-06-01,MG,men,real_income,3421.0,R$,IBGE SIDRA 5436
2023-06-01,MG,total,real_income,3063.0,R$,IBGE SIDRA 5436
2023-06-01,MG,women,real_income,2577.0,R$,IBGE SIDRA 5436
2023-06-01,MS,men,real_income,4155.0,R$,IBGE SIDRA 5436
2023-06-01,MS,total,real_income,3638.0,R$,IBGE SIDRA 5436
2023-06-01,MS,women,real_income,2964.0,R$,IBGE SIDRA 5436
2023-06-01,MT,men,real_income,4040.0,R$,IBGE SIDRA 5436
2023-06-01,MT,total,real_income,3623.0,R$,IBGE SIDRA 5436
2023-06-01,MT,women,real_income,3013.0,R$,IBGE SIDRA 5436
2023-06-01,PA,men,real_income,2651.0,R$,IBGE SIDRA 5436
2023-06-01,PA,total,real_income,2514.0,R$,IBGE SIDRA 5436
2023-06-01,PA,women,real_income,2302.0,R$,IBGE SIDRA 5436
2023-06-01,PB,men,real_income,2561.0,R$,IBGE SIDRA 5436
2023-06-01,PB,total,real_income,2399.0,R$,IBGE SIDRA 5436
2023-06-01,PB,women,real_income,2166.0,R$,IBGE SIDRA 5436
2023-06-01,PE,men,real_income,2562.0,R$,IBGE SIDRA 5436
2023-06-01,PE,total,real_income,2371.0,R$,IBGE SIDRA 5436
2023-06-01,PE,women,real_income,2097.0,R$,IBGE SIDRA 5436
2023-06-01,PI,men,real_income,2634.0,R$,IBGE SIDRA 5436
2023-06-01,PI,total,real_income,2618.0,R$,IBGE SIDRA 5436
2023-06-01,PI,women,real_income,2596.0,R$,IBGE SIDRA 5436
2023-06-01,PR,men,real_income,3943.0,R$,IBGE SIDRA 5436
2023-06-01,PR,total,real_income,3491.0,R$,IBGE SIDRA 5436
2023-06-01,PR,women,real_income,2879.0,R$,IBGE SIDRA 5436
2023-06-01,RJ,men,real_income,4395.0,R$,IBGE SIDRA 5436
2023-06-01,RJ,total,real_income,4003.0,R$,IBGE SIDRA 5436
2023-06-01,RJ,women,real_income,3508.0,R$,IBGE SIDRA 5436
2023-06-01,RN,men,real_income,2511.0,R$,IBGE SIDRA 5436
2023-06-01,RN,total,real_income,2410.0,R$,IBGE SIDRA 5436
2023-06-01,RN,women,real_income,2259.0,R$,IBGE SIDRA 5436
2023-06-01,RO,men,real_income,3154.0,R$,IBGE SIDRA 5436
2023-06-01,RO,total,real_income,2952.0,R$,IBGE SIDRA 5436
2023-06-01,RO,women,real_income,2627.0,R$,IBGE SIDRA 5436
2023-06-01,RR,men,real_income,3277.0,R$,IBGE SIDRA 5436
2023-06-01,RR,total,real_income,3117.0,R$,IBGE SIDRA 5436
2023-06-01,RR,women,real_income,2877.0,R$,IBGE SIDRA 5436
2023-06-01,RS,men,real_income,3995.0,R$,IBGE SIDRA 5436
2023-06-01,RS,total,real_income,3609.0,R$,IBGE SIDRA 5436
2023-06-01,RS,women,real_income,3125.0,R$,IBGE SIDRA 5436
2023-06-01,SC,men,real_income,4023.0,R$,IBGE SIDRA 5436
2023-06-01,SC,total,real_income,3653.0,R$,IBGE SIDRA 5436
2023-06-01,SC,women,real_income,3186.0,R$,IBGE SIDRA 5436
2023-06-01,SE,men,real_income,2508.0,R$,IBGE SIDRA 5436
2023-06-01,SE,total,real_income,2408.0,R$,IBGE SIDRA 5436
2023-06-01,SE,women,real_income,2265.0,R$,IBGE SIDRA 5436
2023-06-01,SP,men,real_income,4547.0,R$,IBGE SIDRA 5436
2023-06-01,SP,total,real_income,4059.0,R$,IBGE SIDRA 5436
2023-06-01,SP,women,real_income,3466.0,R$,IBGE SIDRA 5436
2023-06-01,TO,men,real_income,3208.0,R$,IBGE SIDRA 5436
2023-06-01,TO,total,real_income,2943.0,R$,IBGE SIDRA 5436
2023-06-01,TO,women,real_income,2571.0,R$,IBGE SIDRA 5436
2023-06-01,AC,men,unemployment,8.2,%,IBGE SIDRA 6396
2023-06-01,AC,total,unemployment,9.2,%,IBGE SIDRA 6396
2023-06-01,AC,women,unemployment,10.5,%,IBGE SIDRA 6396
2023-06-01,AL,men,unemployment,8.6,%,IBGE SIDRA 6396
2023-06-01,AL,total,unemployment,9.7,%,IBGE SIDRA 6396
2023-06-01,AL,women,unemployment,11.3,%,IBGE SIDRA 6396
2023-06-01,AM,men,unemployment,7.8,%,IBGE SIDRA 6396
2023-06-01,AM,total,unemployment,9.7,%,IBGE SIDRA 6396
2023-06-01,AM,women,unemployment,12.5,%,IBGE SIDRA 6396
2023-06-01,AP,men,unemployment,10.3,%,IBGE SIDRA 6396
2023-06-01,AP,total,unemployment,12.3,%,IBGE SIDRA 6396
2023-06-01,AP,women,unemployment,15.0,%,IBGE SIDRA 6396
2023-06-01,BA,men,unemployment,10.6,%,IBGE SIDRA 6396
2023-06-01,BA,total,unemployment,13.3,%,IBGE SIDRA 6396
2023-06-01,BA,women,unemployment,17.0,%,IBGE SIDRA 6396
2023-06-01,BR,men,unemployment,6.8,%,IBGE SIDRA 6396
2023-06-01,BR,total,unemployment,8.0,%,IBGE SIDRA 6396
2023-06-01,BR,women,unemployment,9.5,%,IBGE SIDRA 6396
2023-06-01,CE,men,unemployment,7.8,%,IBGE SIDRA 6396
2023-06-01,CE,total,unemployment,8.6,%,IBGE SIDRA 6396
2023-06-01,CE,women,unemployment,9.8,%,IBGE SIDRA 6396
2023-06-01,DF,men,unemployment,7.3,%,IBGE SIDRA 6396
2023-06-01,DF,total,unemployment,8.8,%,IBGE SIDRA 6396
2023-06-01,DF,women,unemployment,10.4,%,IBGE SIDRA 6396
2023-06-01,ES,men,unemployment,5.4,%,IBGE SIDRA 6396
2023-06-01,ES,total,unemployment,6.4,%,IBGE SIDRA 6396
2023-06-01,ES,women,unemployment,7.6,%,IBGE SIDRA 6396
2023-06-01,GO,men,unemployment,4.7,%,IBGE SIDRA 6396
2023-06-01,GO,total,unemployment,6.2,%,IBGE SIDRA 6396
2023-06-01,GO,women,unemployment,8.2,%,IBGE SIDRA 6396
2023-06-01,MA,men,unemployment,7.8,%,IBGE SIDRA 6396
2023-06-01,MA,total,unemployment,8.9,%,IBGE SIDRA 6396
2023-06-01,MA,women,unemployment,10.3,%,IBGE SIDRA 6396
2023-06-01,MG,men,unemployment,4.8,%,IBGE SIDRA 6396
2023-06-01,MG,total,unemployment,5.8,%,IBGE SIDRA 6396
2023-06-01,MG,women,unemployment,7.2,%,IBGE SIDRA 6396
2023-06-01,MS,men,unemployment,3.4,%,IBGE SIDRA 6396
2023-06-01,MS,total,unemployment,4.1,%,IBGE SIDRA 6396
2023-06-01,MS,women,unemployment,5.0,%,IBGE SIDRA 6396
2023-06-01,MT,men,unemployment,2.6,%,IBGE SIDRA 6396
2023-06-01,MT,total,unemployment,3.0,%,IBGE SIDRA 6396
2023-06-01,MT,women,unemployment,3.6,%,IBGE SIDRA 6396
2023-06-01,PA,men,unemployment,6.9,%,IBGE SIDRA 6396
2023-06-01,PA,total,unemployment,8.5,%,IBGE SIDRA 6396
2023-06-01,PA,women,unemployment,10.9,%,IBGE SIDRA 6396
2023-06-01,PB,men,unemployment,9.2,%,IBGE SIDRA 6396
2023-06-01,PB,total,unemployment,10.4,%,IBGE SIDRA 6396
2023-06-01,PB,women,unemployment,12.1,%,IBGE SIDRA 6396
2023-06-01,PE,men,unemployment,12.5,%,IBGE SIDRA 6396
2023-06-01,PE,total,unemployment,14.2,%,IBGE SIDRA 6396
2023-06-01,PE,women,unemployment,16.4,%,IBGE SIDRA 6396
2023-06-01,PI,men,unemployment,10.0,%,IBGE SIDRA 6396
2023-06-01,PI,total,unemployment,9.7,%,IBGE SIDRA 6396
2023-06-01,PI,women,unemployment,9.3,%,IBGE SIDRA 6396
2023-06-01,PR,men,unemployment,4.3,%,IBGE SIDRA 6396
2023-06-01,PR,total,unemployment,4.9,%,IBGE SIDRA 6396
2023-06-01,PR,women,unemployment,5.6,%,IBGE SIDRA 6396
2023-06-01,RJ,men,unemployment,9.4,%,IBGE SIDRA 6396
2023-06-01,RJ,total,unemployment,11.3,%,IBGE SIDRA 6396
2023-06-01,RJ,women,unemployment,13.6,%,IBGE SIDRA 6396
2023-06-01,RN,men,unemployment,8.7,%,IBGE SIDRA 6396
2023-06-01,RN,total,unemployment,10.3,%,IBGE SIDRA 6396
2023-06-01,RN,women,unemployment,12.6,%,IBGE SIDRA 6396
2023-06-01,RO,men,unemployment,1.8,%,IBGE SIDRA 6396
2023-06-01,RO,total,unemployment,2.3,%,IBGE SIDRA 6396
2023-06-01,RO,women,unemployment,3.2,%,IBGE SIDRA 6396
2023-06-01,RR,men,unemployment,4.4,%,IBGE SIDRA 6396
2023-06-01,RR,total,unemployment,5.1,%,IBGE SIDRA 6396
2023-06-01,RR,women,unemployment,6.0,%,IBGE SIDRA 6396
2023-06-01,RS,men,unemployment,4.3,%,IBGE SIDRA 6396
2023-06-01,RS,total,unemployment,5.3,%,IBGE SIDRA 6396
2023-06-01,RS,women,unemployment,6.3,%,IBGE SIDRA 6396
2023-06-01,SC,men,unemployment,3.0,%,IBGE SIDRA 6396
2023-06-01,SC,total,unemployment,3.5,%,IBGE SIDRA 6396
2023-06-01,SC,women,unemployment,4.2,%,IBGE SIDRA 6396
2023-06-01,SE,men,unemployment,8.1,%,IBGE SIDRA 6396
2023-06-01,SE,total,unemployment,10.3,%,IBGE SIDRA 6396
2023-06-01,SE,women,unemployment,13.2,%,IBGE SIDRA 6396
2023-06-01,SP,men,unemployment,7.0,%,IBGE SIDRA 6396
2023-06-01,SP,total,unemployment,7.8,%,IBGE SIDRA 6396
2023-06-01,SP,women,unemployment,8.9,%,IBGE SIDRA 6396
2023-06-01,TO,men,unemployment,5.6,%,IBGE SIDRA 6396
2023-06-01,TO,total,unemployment,6.5,%,IBGE SIDRA 6396
2023-06-01,TO,women,unemployment,7.7,%,IBGE SIDRA 6396
2023-09-01,AC,men,real_income,2640.0,R$,IBGE SIDRA 5436
2023-09-01,AC,total,real_income,2653.0,R$,IBGE SIDRA 5436
2023-09-01,AC,women,real_income,2673.0,R$,IBGE SIDRA 5436
2023-09-01,AL,men,real_income,2325.0,R$,IBGE SIDRA 5436
2023-09-01,AL,total,real_income,2227.0,R$,IBGE SIDRA 5436
2023-09-01,AL,women,real_income,2090.0,R$,IBGE SIDRA 5436
2023-09-01,AM,men,real_income,2579.0,R$,IBGE SIDRA 5436
2023-09-01,AM,total,real_income,2453.0,R$,IBGE SIDRA 5436
2023-09-01,AM,women,real_income,2254.0,R$,IBGE SIDRA 5436
2023-09-01,AP,men,real_income,2863.0,R$,IBGE SIDRA 5436
2023-09-01,AP,total,real_income,2991.0,R$,IBGE SIDRA 5436
2023-09-01,AP,women,real_income,3175.0,R$,IBGE SIDRA 5436
2023-09-01,BA,men,real_income,2262.0,R$,IBGE SIDRA 5436
2023-09-01,BA,total,real_income,2154.0,R$,IBGE SIDRA 5436
2023-09-01,BA,women,real_income,1998.0,R$,IBGE SIDRA 5436
2023-09-01,BR,men,real_income,3706.0,R$,IBGE SIDRA 5436
2023-09-01,BR,total,real_income,3384.0,R$,IBGE SIDRA 5436
2023-09-01,BR,women,real_income,2953.0,R$,IBGE SIDRA 5436
2023-09-01,CE,men,real_income,2307.0,R$,IBGE SIDRA 5436
2023-09-01,CE,total,real_income,2187.0,R$,IBGE SIDRA 5436
2023-09-01,CE,women,real_income,2012.0,R$,IBGE SIDRA 5436
2023-09-01,DF,men,real_income,6539.0,R$,IBGE SIDRA 5436
2023-09-01,DF,total,real_income,5607.0,R$,IBGE SIDRA 5436
2023-09-01,DF,women,real_income,4563.0,R$,IBGE SIDRA 5436
2023-09-01,ES,men,real_income,3517.0,R$,IBGE SIDRA 5436
2023-09-01,ES,total,real_income,3217.0,R$,IBGE SIDRA 5436
2023-09-01,ES,women,real_income,2807.0,R$,IBGE SIDRA 5436
2023-09-01,GO,men,real_income,3861.0,R$,IBGE SIDRA 5436
2023-09-01,GO,total,real_income,3400.0,R$,IBGE SIDRA 5436
2023-09-01,GO,women,real_income,2774.0,R$,IBGE SIDRA 5436
2023-09-01,MA,men,real_income,2141.0,R$,IBGE SIDRA 5436
2023-09-01,MA,total,real_income,2082.0,R$,IBGE SIDRA 5436
2023-09-01,MA,women,real_income,2001.0,R$,IBGE SIDRA 5436
2023-09-01,MG,men,real_income,3593.0,R$,IBGE SIDRA 5436
2023-09-01,MG,total,real_income,3187.0,R$,IBGE SIDRA 5436
2023-09-01,MG,women,real_income,2637.0,R$,IBGE SIDRA 5436
2023-09-01,MS,men,real_income,4293.0,R$,IBGE SIDRA 5436
2023-09-01,MS,total,real_income,3768.0,R$,IBGE SIDRA 5436
2023-09-01,MS,women,real_income,3098.0,R$,IBGE SIDRA 5436
2023-09-01,MT,men,real_income,4140.0,R$,IBGE SIDRA 5436
2023-09-01,MT,total,real_income,3717.0,R$,IBGE SIDRA 5436
2023-09-01,MT,women,real_income,3065.0,R$,IBGE SIDRA 5436
2023-09-01,PA,men,real_income,2662.0,R$,IBGE SIDRA 5436
2023-09-01,PA,total,real_income,2503.0,R$,IBGE SIDRA 5436
2023-09-01,PA,women,real_income,2245.0,R$,IBGE SIDRA 5436
2023-09-01,PB,men,real_income,2574.0,R$,IBGE SIDRA 5436
2023-09-01,PB,total,real_income,2484.0,R$,IBGE SIDRA 5436
2023-09-01,PB,women,real_income,2354.0,R$,IBGE SIDRA 5436
2023-09-01,PE,men,real_income,2533.0,R$,IBGE SIDRA 5436
2023-09-01,PE,total,real_income,2370.0,R$,IBGE SIDRA 5436
2023-09-01,PE,women,real_income,2131.0,R$,IBGE SIDRA 5436
2023-09-01,PI,men,real_income,2612.0,R$,IBGE SIDRA 5436
2023-09-01,PI,total,real_income,2532.0,R$,IBGE SIDRA 5436
2023-09-01,PI,women,real_income,2420.0,R$,IBGE SIDRA 5436
2023-09-01,PR,men,real_income,3917.0,R$,IBGE SIDRA 5436
2023-09-01,PR,total,real_income,3529.0,R$,IBGE SIDRA 5436
2023-09-01,PR,women,real_income,2998.0,R$,IBGE SIDRA 5436
2023-09-01,RJ,men,real_income,4571.0,R$,IBGE SIDRA 5436
2023-09-01,RJ,total,real_income,4121.0,R$,IBGE SIDRA 5436
2023-09-01,RJ,women,real_income,3554.0,R$,IBGE SIDRA 5436
2023-09-01,RN,men,real_income,2618.0,R$,IBGE SIDRA 5436
2023-09-01,RN,total,real_income,2520.0,R$,IBGE SIDRA 5436
2023-09-01,RN,women,real_income,2380.0,R$,IBGE SIDRA 5436
2023-09-01,RO,men,real_income,3389.0,R$,IBGE SIDRA 5436
2023-09-01,RO,total,real_income,3106.0,R$,IBGE SIDRA 5436
2023-09-01,RO,women,real_income,2650.0,R$,IBGE SIDRA 5436
2023-09-01,RR,men,real_income,3243.0,R$,IBGE SIDRA 5436
2023-09-01,RR,total,real_income,3282.0,R$,IBGE SIDRA 5436
2023-09-01,RR,women,real_income,3342.0,R$,IBGE SIDRA 5436
2023-09-01,RS,men,real_income,4193.0,R$,IBGE SIDRA 5436
2023-09-01,RS,total,real_income,3715.0,R$,IBGE SIDRA 5436
2023-09-01,RS,women,real_income,3123.0,R$,IBGE SIDRA 5436
2023-09-01,SC,men,real_income,4139.0,R$,IBGE SIDRA 5436
2023-09-01,SC,total,real_income,3742.0,R$,IBGE SIDRA 5436
2023-09-01,SC,women,real_income,3242.0,R$,IBGE SIDRA 5436
2023-09-01,SE,men,real_income,2365.0,R$,IBGE SIDRA 5436
2023-09-01,SE,total,real_income,2308.0,R$,IBGE SIDRA 5436
2023-09-01,SE,women,real_income,2229.0,R$,IBGE SIDRA 5436
2023-09-01,SP,men,real_income,4592.0,R$,IBGE SIDRA 5436
2023-09-01,SP,total,real_income,4125.0,R$,IBGE SIDRA 5436
2023-09-01,SP,women,real_income,3551.0,R$,IBGE SIDRA 5436
2023-09-01,TO,men,real_income,3314.0,R$,IBGE SIDRA 5436
2023-09-01,TO,total,real_income,3046.0,R$,IBGE SIDRA 5436
2023-09-01,TO,women,real_income,2658.0,R$,IBGE SIDRA 5436
2023-09-01,AC,men,unemployment,5.6,%,IBGE SIDRA 6396
2023-09-01,AC,total,unemployment,6.2,%,IBGE SIDRA 6396
2023-09-01,AC,women,unemployment,7.1,%,IBGE SIDRA 6396
2023-09-01,AL,men,unemployment,7.8,%,IBGE SIDRA 6396
2023-09-01,AL,total,unemployment,9.0,%,IBGE SIDRA 6396
2023-09-01,AL,women,unemployment,10.5,%,IBGE SIDRA 6396
2023-09-01,AM,men,unemployment,8.1,%,IBGE SIDRA 6396
2023-09-01,AM,total,unemployment,9.6,%,IBGE SIDRA 6396
2023-09-01,AM,women,unemployment,11.8,%,IBGE SIDRA 6396
2023-09-01,AP,men,unemployment,11.0,%,IBGE SIDRA 6396
2023-09-01,AP,total,unemployment,12.4,%,IBGE SIDRA 6396
2023-09-01,AP,women,unemployment,14.4,%,IBGE SIDRA 6396
2023-09-01,BA,men,unemployment,10.2,%,IBGE SIDRA 6396
2023-09-01,BA,total,unemployment,13.3,%,IBGE SIDRA 6396
2023-09-01,BA,women,unemployment,17.2,%,IBGE SIDRA 6396
2023-09-01,BR,men,unemployment,6.4,%,IBGE SIDRA 6396
2023-09-01,BR,total,unemployment,7.7,%,IBGE SIDRA 6396
2023-09-01,BR,women,unemployment,9.3,%,IBGE SIDRA 6396
2023-09-01,CE,men,unemployment,8.0,%,IBGE SIDRA 6396
2023-09-01,CE,total,unemployment,9.2,%,IBGE SIDRA 6396
2023-09-01,CE,women,unemployment,10.7,%,IBGE SIDRA 6396
2023-09-01,DF,men,unemployment,7.8,%,IBGE SIDRA 6396
2023-09-01,DF,total,unemployment,8.9,%,IBGE SIDRA 6396
2023-09-01,DF,women,unemployment,10.1,%,IBGE SIDRA 6396
2023-09-01,ES,men,unemployment,4.8,%,IBGE SIDRA 6396
2023-09-01,ES,total,unemployment,5.6,%,IBGE SIDRA 6396
2023-09-01,ES,women,unemployment,6.6,%,IBGE SIDRA 6396
2023-09-01,GO,men,unemployment,4.5,%,IBGE SIDRA 6396
2023-09-01,GO,total,unemployment,6.0,%,IBGE SIDRA 6396
2023-09-01,GO,women,unemployment,7.8,%,IBGE SIDRA 6396
2023-09-01,MA,men,unemployment,5.7,%,IBGE SIDRA 6396
2023-09-01,MA,total,unemployment,6.8,%,IBGE SIDRA 6396
2023-09-01,MA,women,unemployment,8.1,%,IBGE SIDRA 6396
2023-09-01,MG,men,unemployment,5.1,%,IBGE SIDRA 6396
2023-09-01,MG,total,unemployment,6.0,%,IBGE SIDRA 6396
2023-09-01,MG,women,unemployment,7.2,%,IBGE SIDRA 6396
2023-09-01,MS,men,unemployment,3.2,%,IBGE SIDRA 6396
2023-09-01,MS,total,unemployment,4.0,%,IBGE SIDRA 6396
2023-09-01,MS,women,unemployment,5.0,%,IBGE SIDRA 6396
2023-09-01,MT,men,unemployment,2.1,%,IBGE SIDRA 6396
2023-09-01,MT,total,unemployment,2.5,%,IBGE SIDRA 6396
2023-09-01,MT,women,unemployment,3.1,%,IBGE SIDRA 6396
2023-09-01,PA,men,unemployment,6.5,%,IBGE SIDRA 6396
2023-09-01,PA,total,unemployment,8.0,%,IBGE SIDRA 6396
2023-09-01,PA,women,unemployment,10.2,%,IBGE SIDRA 6396
2023-09-01,PB,men,unemployment,8.2,%,IBGE SIDRA 6396
2023-09-01,PB,total,unemployment,9.3,%,IBGE SIDRA 6396
2023-09-01,PB,women,unemployment,10.9,%,IBGE SIDRA 6396
2023-09-01,PE,men,unemployment,11.5,%,IBGE SIDRA 6396
2023-09-01,PE,total,unemployment,13.3,%,IBGE SIDRA 6396
2023-09-01,PE,women,unemployment,15.7,%,IBGE SIDRA 6396
2023-09-01,PI,men,unemployment,10.4,%,IBGE SIDRA 6396
2023-09-01,PI,total,unemployment,9.9,%,IBGE SIDRA 6396
2023-09-01,PI,women,unemployment,9.3,%,IBGE SIDRA 6396
2023-09-01,PR,men,unemployment,3.7,%,IBGE SIDRA 6396
2023-09-01,PR,total,unemployment,4.6,%,IBGE SIDRA 6396
2023-09-01,PR,women,unemployment,5.9,%,IBGE SIDRA 6396
2023-09-01,RJ,men,unemployment,9.1,%,IBGE SIDRA 6396
2023-09-01,RJ,total,unemployment,10.9,%,IBGE SIDRA 6396
2023-09-01,RJ,women,unemployment,13.2,%,IBGE SIDRA 6396
2023-09-01,RN,men,unemployment,8.5,%,IBGE SIDRA 6396
2023-09-01,RN,total,unemployment,10.1,%,IBGE SIDRA 6396
2023-09-01,RN,women,unemployment,12.3,%,IBGE SIDRA 6396
2023-09-01,RO,men,unemployment,1.9,%,IBGE SIDRA 6396
2023-09-01,RO,total,unemployment,2.3,%,IBGE SIDRA 6396
2023-09-01,RO,women,unemployment,2.9,%,IBGE SIDRA 6396
2023-09-01,RR,men,unemployment,5.7,%,IBGE SIDRA 6396
2023-09-01,RR,total,unemployment,7.7,%,IBGE SIDRA 6396
2023-09-01,RR,women,unemployment,10.7,%,IBGE SIDRA 6396
2023-09-01,RS,men,unemployment,4.5,%,IBGE SIDRA 6396
2023-09-01,RS,total,unemployment,5.4,%,IBGE SIDRA 6396
2023-09-01,RS,women,unemployment,6.4,%,IBGE SIDRA 6396
2023-09-01,SC,men,unemployment,3.1,%,IBGE SIDRA 6396
2023-09-01,SC,total,unemployment,3.6,%,IBGE SIDRA 6396
2023-09-01,SC,women,unemployment,4.2,%,IBGE SIDRA 6396
2023-09-01,SE,men,unemployment,7.6,%,IBGE SIDRA 6396
2023-09-01,SE,total,unemployment,9.9,%,IBGE SIDRA 6396
2023-09-01,SE,women,unemployment,12.7,%,IBGE SIDRA 6396
2023-09-01,SP,men,unemployment,6.0,%,IBGE SIDRA 6396
2023-09-01,SP,total,unemployment,7.2,%,IBGE SIDRA 6396
2023-09-01,SP,women,unemployment,8.6,%,IBGE SIDRA 6396
2023-09-01,TO,men,unemployment,4.8,%,IBGE SIDRA 6396
2023-09-01,TO,total,unemployment,5.3,%,IBGE SIDRA 6396
2023-09-01,TO,women,unemployment,6.1,%,IBGE SIDRA 6396
2023-12-01,AC,men,real_income,2770.0,R$,IBGE SIDRA 5436
2023-12-01,AC,total,real_income,2670.0,R$,IBGE SIDRA 5436
2023-12-01,AC,women,real_income,2519.0,R$,IBGE SIDRA 5436
2023-12-01,AL,men,real_income,2345.0,R$,IBGE SIDRA 5436
2023-12-01,AL,total,real_income,2228.0,R$,IBGE SIDRA 5436
2023-12-01,AL,women,real_income,2062.0,R$,IBGE SIDRA 5436
2023-12-01,AM,men,real_income,2770.0,R$,IBGE SIDRA 5436
2023-12-01,AM,total,real_income,2651.0,R$,IBGE SIDRA 5436
2023-12-01,AM,women,real_income,2459.0,R$,IBGE SIDRA 5436
2023-12-01,AP,men,real_income,3015.0,R$,IBGE SIDRA 5436
2023-12-01,AP,total,real_income,3075.0,R$,IBGE SIDRA 5436
2023-12-01,AP,women,real_income,3156.0,R$,IBGE SIDRA 5436
2023-12-01,BA,men,real_income,2277.0,R$,IBGE SIDRA 5436
2023-12-01,BA,total,real_income,2171.0,R$,IBGE SIDRA 5436
2023-12-01,BA,women,real_income,2021.0,R$,IBGE SIDRA 5436
2023-12-01,BR,men,real_income,3744.0,R$,IBGE SIDRA 5436
2023-12-01,BR,total,real_income,3410.0,R$,IBGE SIDRA 5436
2023-12-01,BR,women,real_income,2966.0,R$,IBGE SIDRA 5436
2023-12-01,CE,men,real_income,2377.0,R$,IBGE SIDRA 5436
2023-12-01,CE,total,real_income,2250.0,R$,IBGE SIDRA 5436
2023-12-01,CE,women,real_income,2069.0,R$,IBGE SIDRA 5436
2023-12-01,DF,men,real_income,6606.0,R$,IBGE SIDRA 5436
2023-12-01,DF,total,real_income,5718.0,R$,IBGE SIDRA 5436
2023-12-01,DF,women,real_income,4688.0,R$,IBGE SIDRA 5436
2023-12-01,ES,men,real_income,3616.0,R$,IBGE SIDRA 5436
2023-12-01,ES,total,real_income,3292.0,R$,IBGE SIDRA 5436
2023-12-01,ES,women,real_income,2852.0,R$,IBGE SIDRA 5436
2023-12-01,GO,men,real_income,3894.0,R$,IBGE SIDRA 5436
2023-12-01,GO,total,real_income,3433.0,R$,IBGE SIDRA 5436
2023-12-01,GO,women,real_income,2800.0,R$,IBGE SIDRA 5436
2023-12-01,MA,men,real_income,2160.0,R$,IBGE SIDRA 5436
2023-12-01,MA,total,real_income,2068.0,R$,IBGE SIDRA 5436
2023-12-01,MA,women,real_income,1935.0,R$,IBGE SIDRA 5436
2023-12-01,MG,men,real_income,3466.0,R$,IBGE SIDRA 5436
2023-12-01,MG,total,real_income,3139.0,R$,IBGE SIDRA 5436
2023-12-01,MG,women,real_income,2692.0,R$,IBGE SIDRA 5436
2023-12-01,MS,men,real_income,4210.0,R$,IBGE SIDRA 5436
2023-12-01,MS,total,real_income,3707.0,R$,IBGE SIDRA 5436
2023-12-01,MS,women,real_income,3043.0,R$,IBGE SIDRA 5436
2023-12-01,MT,men,real_income,4278.0,R$,IBGE SIDRA 5436
2023-12-01,MT,total,real_income,3738.0,R$,IBGE SIDRA 5436
2023-12-01,MT,women,real_income,2950.0,R$,IBGE SIDRA 5436
2023-12-01,PA,men,real_income,2725.0,R$,IBGE SIDRA 5436
2023-12-01,PA,total,real_income,2560.0,R$,IBGE SIDRA 5436
2023-12-01,PA,women,real_income,2299.0,R$,IBGE SIDRA 5436
2023-12-01,PB,men,real_income,2828.0,R$,IBGE SIDRA 5436
2023-12-01,PB,total,real_income,2607.0,R$,IBGE SIDRA 5436
2023-12-01,PB,women,real_income,2293.0,R$,IBGE SIDRA 5436
2023-12-01,PE,men,real_income,2467.0,R$,IBGE SIDRA 5436
2023-12-01,PE,total,real_income,2341.0,R$,IBGE SIDRA 5436
2023-12-01,PE,women,real_income,2155.0,R$,IBGE SIDRA 5436
2023-12-01,PI,men,real_income,2638.0,R$,IBGE SIDRA 5436
2023-12-01,PI,total,real_income,2497.0,R$,IBGE SIDRA 5436
2023-12-01,PI,women,real_income,2295.0,R$,IBGE SIDRA 5436
2023-12-01,PR,men,real_income,4003.0,R$,IBGE SIDRA 5436
2023-12-01,PR,total,real_income,3564.0,R$,IBGE SIDRA 5436
2023-12-01,PR,women,real_income,2979.0,R$,IBGE SIDRA 5436
2023-12-01,RJ,men,real_income,4430.0,R$,IBGE SIDRA 5436
2023-12-01,RJ,total,real_income,3993.0,R$,IBGE SIDRA 5436
2023-12-01,RJ,women,real_income,3455.0,R$,IBGE SIDRA 5436
2023-12-01,RN,men,real_income,2836.0,R$,IBGE SIDRA 5436
2023-12-01,RN,total,real_income,2723.0,R$,IBGE SIDRA 5436
2023-12-01,RN,women,real_income,2560.0,R$,IBGE SIDRA 5436
2023-12-01,RO,men,real_income,3366.0,R$,IBGE SIDRA 5436
2023-12-01,RO,total,real_income,3077.0,R$,IBGE SIDRA 5436
2023-12-01,RO,women,real_income,2611.0,R$,IBGE SIDRA 5436
2023-12-01,RR,men,real_income,3182.0,R$,IBGE SIDRA 5436
2023-12-01,RR,total,real_income,3046.0,R$,IBGE SIDRA 5436
2023-12-01,RR,women,real_income,2846.0,R$,IBGE SIDRA 5436
2023-12-01,RS,men,real_income,4118.0,R$,IBGE SIDRA 5436
2023-12-01,RS,total,real_income,3709.0,R$,IBGE SIDRA 5436
2023-12-01,RS,women,real_income,3203.0,R$,IBGE SIDRA 5436
2023-12-01,SC,men,real_income,4235.0,R$,IBGE SIDRA 5436
2023-12-01,SC,total,real_income,3791.0,R$,IBGE SIDRA 5436
2023-12-01,SC,women,real_income,3225.0,R$,IBGE SIDRA 5436
2023-12-01,SE,men,real_income,2325.0,R$,IBGE SIDRA 5436
2023-12-01,SE,total,real_income,2298.0,R$,IBGE SIDRA 5436
2023-12-01,SE,women,real_income,2262.0,R$,IBGE SIDRA 5436
2023-12-01,SP,men,real_income,4729.0,R$,IBGE SIDRA 5436
2023-12-01,SP,total,real_income,4212.0,R$,IBGE SIDRA 5436
2023-12-01,SP,women,real_income,3575.0,R$,IBGE SIDRA 5436
2023-12-01,TO,men,real_income,3347.0,R$,IBGE SIDRA 5436
2023-12-01,TO,total,real_income,3062.0,R$,IBGE SIDRA 5436
2023-12-01,TO,women,real_income,2656.0,R$,IBGE SIDRA 5436
2023-12-01,AC,men,unemployment,5.9,%,IBGE SIDRA 6396
2023-12-01,AC,total,unemployment,6.7,%,IBGE SIDRA 6396
2023-12-01,AC,women,unemployment,7.8,%,IBGE SIDRA 6396
2023-12-01,AL,men,unemployment,7.2,%,IBGE SIDRA 6396
2023-12-01,AL,total,unemployment,8.9,%,IBGE SIDRA 6396
2023-12-01,AL,women,unemployment,11.2,%,IBGE SIDRA 6396
2023-12-01,AM,men,unemployment,6.6,%,IBGE SIDRA 6396
2023-12-01,AM,total,unemployment,8.8,%,IBGE SIDRA 6396
2023-12-01,AM,women,unemployment,12.1,%,IBGE SIDRA 6396
2023-12-01,AP,men,unemployment,12.5,%,IBGE SIDRA 6396
2023-12-01,AP,total,unemployment,14.1,%,IBGE SIDRA 6396
2023-12-01,AP,women,unemployment,16.1,%,IBGE SIDRA 6396
2023-12-01,BA,men,unemployment,10.0,%,IBGE SIDRA 6396
2023-12-01,BA,total,unemployment,12.7,%,IBGE SIDRA 6396
2023-12-01,BA,women,unemployment,16.1,%,IBGE SIDRA 6396
2023-12-01,BR,men,unemployment,6.0,%,IBGE SIDRA 6396
2023-12-01,BR,total,unemployment,7.4,%,IBGE SIDRA 6396
2023-12-01,BR,women,unemployment,9.2,%,IBGE SIDRA 6396
2023-12-01,CE,men,unemployment,7.5,%,IBGE SIDRA 6396
2023-12-01,CE,total,unemployment,8.8,%,IBGE SIDRA 6396
2023-12-01,CE,women,unemployment,10.5,%,IBGE SIDRA 6396
2023-12-01,DF,men,unemployment,7.8,%,IBGE SIDRA 6396
2023-12-01,DF,total,unemployment,9.7,%,IBGE SIDRA 6396
2023-12-01,DF,women,unemployment,11.8,%,IBGE SIDRA 6396
2023-12-01,ES,men,unemployment,4.3,%,IBGE SIDRA 6396
2023-12-01,ES,total,unemployment,5.3,%,IBGE SIDRA 6396
2023-12-01,ES,women,unemployment,6.5,%,IBGE SIDRA 6396
2023-12-01,GO,men,unemployment,4.6,%,IBGE SIDRA 6396
2023-12-01,GO,total,unemployment,5.6,%,IBGE SIDRA 6396
2023-12-01,GO,women,unemployment,7.1,%,IBGE SIDRA 6396
2023-12-01,MA,men,unemployment,6.5,%,IBGE SIDRA 6396
2023-12-01,MA,total,unemployment,7.2,%,IBGE SIDRA 6396
2023-12-01,MA,women,unemployment,8.1,%,IBGE SIDRA 6396
2023-12-01,MG,men,unemployment,4.6,%,IBGE SIDRA 6396
2023-12-01,MG,total,unemployment,5.7,%,IBGE SIDRA 6396
2023-12-01,MG,women,unemployment,7.2,%,IBGE SIDRA 6396
2023-12-01,MS,men,unemployment,2.5,%,IBGE SIDRA 6396
2023-12-01,MS,total,unemployment,4.1,%,IBGE SIDRA 6396
2023-12-01,MS,women,unemployment,6.1,%,IBGE SIDRA 6396
2023-12-01,MT,men,unemployment,2.5,%,IBGE SIDRA 6396
2023-12-01,MT,total,unemployment,3.9,%,IBGE SIDRA 6396
2023-12-01,MT,women,unemployment,5.9,%,IBGE SIDRA 6396
2023-12-01,PA,men,unemployment,6.3,%,IBGE SIDRA 6396
2023-12-01,PA,total,unemployment,7.8,%,IBGE SIDRA 6396
2023-12-01,PA,women,unemployment,10.1,%,IBGE SIDRA 6396
2023-12-01,PB,men,unemployment,8.1,%,IBGE SIDRA 6396
2023-12-01,PB,total,unemployment,9.6,%,IBGE SIDRA 6396
2023-12-01,PB,women,unemployment,11.7,%,IBGE SIDRA 6396
2023-12-01,PE,men,unemployment,10.2,%,IBGE SIDRA 6396
2023-12-01,PE,total,unemployment,12.0,%,IBGE SIDRA 6396
2023-12-01,PE,women,unemployment,14.4,%,IBGE SIDRA 6396
2023-12-01,PI,men,unemployment,10.5,%,IBGE SIDRA 6396
2023-12-01,PI,total,unemployment,10.6,%,IBGE SIDRA 6396
2023-12-01,PI,women,unemployment,10.8,%,IBGE SIDRA 6396
2023-12-01,PR,men,unemployment,3.8,%,IBGE SIDRA 6396
2023-12-01,PR,total,unemployment,4.7,%,IBGE SIDRA 6396
2023-12-01,PR,women,unemployment,5.9,%,IBGE SIDRA 6396
2023-12-01,RJ,men,unemployment,8.1,%,IBGE SIDRA 6396
2023-12-01,RJ,total,unemployment,10.1,%,IBGE SIDRA 6396
2023-12-01,RJ,women,unemployment,12.4,%,IBGE SIDRA 6396
2023-12-01,RN,men,unemployment,6.6,%,IBGE SIDRA 6396
2023-12-01,RN,total,unemployment,8.5,%,IBGE SIDRA 6396
2023-12-01,RN,women,unemployment,11.0,%,IBGE SIDRA 6396
2023-12-01,RO,men,unemployment,3.2,%,IBGE SIDRA 6396
2023-12-01,RO,total,unemployment,3.7,%,IBGE SIDRA 6396
2023-12-01,RO,women,unemployment,4.6,%,IBGE SIDRA 6396
2023-12-01,RR,men,unemployment,5.2,%,IBGE SIDRA 6396
2023-12-01,RR,total,unemployment,7.1,%,IBGE SIDRA 6396
2023-12-01,RR,women,unemployment,9.7,%,IBGE SIDRA 6396
2023-12-01,RS,men,unemployment,4.1,%,IBGE SIDRA 6396
2023-12-01,RS,total,unemployment,5.2,%,IBGE SIDRA 6396
2023-12-01,RS,women,unemployment,6.5,%,IBGE SIDRA 6396
2023-12-01,SC,men,unemployment,2.9,%,IBGE SIDRA 6396
2023-12-01,SC,total,unemployment,3.2,%,IBGE SIDRA 6396
2023-12-01,SC,women,unemployment,3.7,%,IBGE SIDRA 6396
2023-12-01,SE,men,unemployment,8.3,%,IBGE SIDRA 6396
2023-12-01,SE,total,unemployment,11.3,%,IBGE SIDRA 6396
2023-12-01,SE,women,unemployment,15.0,%,IBGE SIDRA 6396
2023-12-01,SP,men,unemployment,5.6,%,IBGE SIDRA 6396
2023-12-01,SP,total,unemployment,6.9,%,IBGE SIDRA 6396
2023-12-01,SP,women,unemployment,8.4,%,IBGE SIDRA 6396
2023-12-01,TO,men,unemployment,5.0,%,IBGE SIDRA 6396
2023-12-01,TO,total,unemployment,5.8,%,IBGE SIDRA 6396
2023-12-01,TO,women,unemployment,6.8,%,IBGE SIDRA 6396
2024-03-01,AC,men,real_income,2770.0,R$,IBGE SIDRA 5436
2024-03-01,AC,total,real_income,2758.0,R$,IBGE SIDRA 5436
2024-03-01,AC,women,real_income,2738.0,R$,IBGE SIDRA 5436
2024-03-01,AL,men,real_income,2419.0,R$,IBGE SIDRA 5436
2024-03-01,AL,total,real_income,2315.0,R$,IBGE SIDRA 5436
2024-03-01,AL,women,real_income,2166.0,R$,IBGE SIDRA 5436
2024-03-01,AM,men,real_income,2620.0,R$,IBGE SIDRA 5436
2024-03-01,AM,total,real_income,2558.0,R$,IBGE SIDRA 5436
2024-03-01,AM,women,real_income,2456.0,R$,IBGE SIDRA 5436
2024-03-01,AP,men,real_income,2934.0,R$,IBGE SIDRA 5436
2024-03-01,AP,total,real_income,2943.0,R$,IBGE SIDRA 5436
2024-03-01,AP,women,real_income,2957.0,R$,IBGE SIDRA 5436
2024-03-01,BA,men,real_income,2369.0,R$,IBGE SIDRA 5436
2024-03-01,BA,total,real_income,2300.0,R$,IBGE SIDRA 5436
2024-03-01,BA,women,real_income,2201.0,R$,IBGE SIDRA 5436
2024-03-01,BR,men,real_income,3788.0,R$,IBGE SIDRA 5436
2024-03-01,BR,total,real_income,3460.0,R$,IBGE SIDRA 5436
2024-03-01,BR,women,real_income,3021.0,R$,IBGE SIDRA 5436
2024-03-01,CE,men,real_income,2359.0,R$,IBGE SIDRA 5436
2024-03-01,CE,total,real_income,2208.0,R$,IBGE SIDRA 5436
2024-03-01,CE,women,real_income,1993.0,R$,IBGE SIDRA 5436
2024-03-01,DF,men,real_income,6467.0,R$,IBGE SIDRA 5436
2024-03-01,DF,total,real_income,5621.0,R$,IBGE SIDRA 5436
2024-03-01,DF,women,real_income,4630.0,R$,IBGE SIDRA 5436
2024-03-01,ES,men,real_income,3738.0,R$,IBGE SIDRA 5436
2024-03-01,ES,total,real_income,3448.0,R$,IBGE SIDRA 5436
2024-03-01,ES,women,real_income,3049.0,R$,IBGE SIDRA 5436
2024-03-01,GO,men,real_income,3983.0,R$,IBGE SIDRA 5436
2024-03-01,GO,total,real_income,3470.0,R$,IBGE SIDRA 5436
2024-03-01,GO,women,real_income,2771.0,R$,IBGE SIDRA 5436
2024-03-01,MA,men,real_income,2154.0,R$,IBGE SIDRA 5436
2024-03-01,MA,total,real_income,2108.0,R$,IBGE SIDRA 5436
2024-03-01,MA,women,real_income,2042.0,R$,IBGE SIDRA 5436
2024-03-01,MG,men,real_income,3571.0,R$,IBGE SIDRA 5436
2024-03-01,MG,total,real_income,3203.0,R$,IBGE SIDRA 5436
2024-03-01,MG,women,real_income,2701.0,R$,IBGE SIDRA 5436
2024-03-01,MS,men,real_income,4064.0,R$,IBGE SIDRA 5436
2024-03-01,MS,total,real_income,3634.0,R$,IBGE SIDRA 5436
2024-03-01,MS,women,real_income,3076.0,R$,IBGE SIDRA 5436
2024-03-01,MT,men,real_income,4328.0,R$,IBGE SIDRA 5436
2024-03-01,MT,total,real_income,3839.0,R$,IBGE SIDRA 5436
2024-03-01,MT,women,real_income,3138.0,R$,IBGE SIDRA 5436
2024-03-01,PA,men,real_income,2781.0,R$,IBGE SIDRA 5436
2024-03-01,PA,total,real_income,2622.0,R$,IBGE SIDRA 5436
2024-03-01,PA,women,real_income,2370.0,R$,IBGE SIDRA 5436
2024-03-01,PB,men,real_income,2775.0,R$,IBGE SIDRA 5436
2024-03-01,PB,total,real_income,2579.0,R$,IBGE SIDRA 5436
2024-03-01,PB,women,real_income,2288.0,R$,IBGE SIDRA 5436
2024-03-01,PE,men,real_income,2415.0,R$,IBGE SIDRA 5436
2024-03-01,PE,total,real_income,2302.0,R$,IBGE SIDRA 5436
2024-03-01,PE,women,real_income,2138.0,R$,IBGE SIDRA 5436
2024-03-01,PI,men,real_income,2608.0,R$,IBGE SIDRA 5436
2024-03-01,PI,total,real_income,2528.0,R$,IBGE SIDRA 5436
2024-03-01,PI,women,real_income,2408.0,R$,IBGE SIDRA 5436
2024-03-01,PR,men,real_income,4119.0,R$,IBGE SIDRA 5436
2024-03-01,PR,total,real_income,3697.0,R$,IBGE SIDRA 5436
2024-03-01,PR,women,real_income,3130.0,R$,IBGE SIDRA 5436
2024-03-01,RJ,men,real_income,4571.0,R$,IBGE SIDRA 5436
2024-03-01,RJ,total,real_income,4074.0,R$,IBGE SIDRA 5436
2024-03-01,RJ,women,real_income,3464.0,R$,IBGE SIDRA 5436
2024-03-01,RN,men,real_income,2821.0,R$,IBGE SIDRA 5436
2024-03-01,RN,total,real_income,2712.0,R$,IBGE SIDRA 5436
2024-03-01,RN,women,real_income,2550.0,R$,IBGE SIDRA 5436
2024-03-01,RO,men,real_income,3372.0,R$,IBGE SIDRA 5436
2024-03-01,RO,total,real_income,3075.0,R$,IBGE SIDRA 5436
2024-03-01,RO,women,real_income,2593.0,R$,IBGE SIDRA 5436
2024-03-01,RR,men,real_income,3208.0,R$,IBGE SIDRA 5436
2024-03-01,RR,total,real_income,3095.0,R$,IBGE SIDRA 5436
2024-03-01,RR,women,real_income,2938.0,R$,IBGE SIDRA 5436
2024-03-01,RS,men,real_income,4167.0,R$,IBGE SIDRA 5436
2024-03-01,RS,total,real_income,3731.0,R$,IBGE SIDRA 5436
2024-03-01,RS,women,real_income,3189.0,R$,IBGE SIDRA 5436
2024-03-01,SC,men,real_income,4182.0,R$,IBGE SIDRA 5436
2024-03-01,SC,total,real_income,3778.0,R$,IBGE SIDRA 5436
2024-03-01,SC,women,real_income,3265.0,R$,IBGE SIDRA 5436
2024-03-01,SE,men,real_income,2478.0,R$,IBGE SIDRA 5436
2024-03-01,SE,total,real_income,2390.0,R$,IBGE SIDRA 5436
2024-03-01,SE,women,real_income,2265.0,R$,IBGE SIDRA 5436
2024-03-01,SP,men,real_income,4754.0,R$,IBGE SIDRA 5436
2024-03-01,SP,total,real_income,4271.0,R$,IBGE SIDRA 5436
2024-03-01,SP,women,real_income,3665.0,R$,IBGE SIDRA 5436
2024-03-01,TO,men,real_income,3184.0,R$,IBGE SIDRA 5436
2024-03-01,TO,total,real_income,2956.0,R$,IBGE SIDRA 5436
2024-03-01,TO,women,real_income,2621.0,R$,IBGE SIDRA 5436
2024-03-01,AC,men,unemployment,7.8,%,IBGE SIDRA 6396
2024-03-01,AC,total,unemployment,8.9,%,IBGE SIDRA 6396
2024-03-01,AC,women,unemployment,10.6,%,IBGE SIDRA 6396
2024-03-01,AL,men,unemployment,8.8,%,IBGE SIDRA 6396
2024-03-01,AL,total,unemployment,9.9,%,IBGE SIDRA 6396
2024-03-01,AL,women,unemployment,11.4,%,IBGE SIDRA 6396
2024-03-01,AM,men,unemployment,7.4,%,IBGE SIDRA 6396
2024-03-01,AM,total,unemployment,9.8,%,IBGE SIDRA 6396
2024-03-01,AM,women,unemployment,13.3,%,IBGE SIDRA 6396
2024-03-01,AP,men,unemployment,9.7,%,IBGE SIDRA 6396
2024-03-01,AP,total,unemployment,10.9,%,IBGE SIDRA 6396
2024-03-01,AP,women,unemployment,12.4,%,IBGE SIDRA 6396
2024-03-01,BA,men,unemployment,10.6,%,IBGE SIDRA 6396
2024-03-01,BA,total,unemployment,14.0,%,IBGE SIDRA 6396
2024-03-01,BA,women,unemployment,18.4,%,IBGE SIDRA 6396
2024-03-01,BR,men,unemployment,6.5,%,IBGE SIDRA 6396
2024-03-01,BR,total,unemployment,7.9,%,IBGE SIDRA 6396
2024-03-01,BR,women,unemployment,9.8,%,IBGE SIDRA 6396
2024-03-01,CE,men,unemployment,7.4,%,IBGE SIDRA 6396
2024-03-01,CE,total,unemployment,8.7,%,IBGE SIDRA 6396
2024-03-01,CE,women,unemployment,10.4,%,IBGE SIDRA 6396
2024-03-01,DF,men,unemployment,7.8,%,IBGE SIDRA 6396
2024-03-01,DF,total,unemployment,9.6,%,IBGE SIDRA 6396
2024-03-01,DF,women,unemployment,11.6,%,IBGE SIDRA 6396
2024-03-01,ES,men,unemployment,5.0,%,IBGE SIDRA 6396
2024-03-01,ES,total,unemployment,5.9,%,IBGE SIDRA 6396
2024-03-01,ES,women,unemployment,7.1,%,IBGE SIDRA 6396
2024-03-01,GO,men,unemployment,5.2,%,IBGE SIDRA 6396
2024-03-01,GO,total,unemployment,6.1,%,IBGE SIDRA 6396
2024-03-01,GO,women,unemployment,7.4,%,IBGE SIDRA 6396
2024-03-01,MA,men,unemployment,6.9,%,IBGE SIDRA 6396
2024-03-01,MA,total,unemployment,8.5,%,IBGE SIDRA 6396
2024-03-01,MA,women,unemployment,10.7,%,IBGE SIDRA 6396
2024-03-01,MG,men,unemployment,5.0,%,IBGE SIDRA 6396
2024-03-01,MG,total,unemployment,6.3,%,IBGE SIDRA 6396
2024-03-01,MG,women,unemployment,8.1,%,IBGE SIDRA 6396
2024-03-01,MS,men,unemployment,3.6,%,IBGE SIDRA 6396
2024-03-01,MS,total,unemployment,5.0,%,IBGE SIDRA 6396
2024-03-01,MS,women,unemployment,6.7,%,IBGE SIDRA 6396
2024-03-01,MT,men,unemployment,2.2,%,IBGE SIDRA 6396
2024-03-01,MT,total,unemployment,3.8,%,IBGE SIDRA 6396
2024-03-01,MT,women,unemployment,5.8,%,IBGE SIDRA 6396
2024-03-01,PA,men,unemployment,6.7,%,IBGE SIDRA 6396
2024-03-01,PA,total,unemployment,8.5,%,IBGE SIDRA 6396
2024-03-01,PA,women,unemployment,11.1,%,IBGE SIDRA 6396
2024-03-01,PB,men,unemployment,8.6,%,IBGE SIDRA 6396
2024-03-01,PB,total,unemployment,9.9,%,IBGE SIDRA 6396
2024-03-01,PB,women,unemployment,11.6,%,IBGE SIDRA 6396
2024-03-01,PE,men,unemployment,10.3,%,IBGE SIDRA 6396
2024-03-01,PE,total,unemployment,12.4,%,IBGE SIDRA 6396
2024-03-01,PE,women,unemployment,15.2,%,IBGE SIDRA 6396
2024-03-01,PI,men,unemployment,9.5,%,IBGE SIDRA 6396
2024-03-01,PI,total,unemployment,10.0,%,IBGE SIDRA 6396
2024-03-01,PI,women,unemployment,10.8,%,IBGE SIDRA 6396
2024-03-01,PR,men,unemployment,4.2,%,IBGE SIDRA 6396
2024-03-01,PR,total,unemployment,4.8,%,IBGE SIDRA 6396
2024-03-01,PR,women,unemployment,5.6,%,IBGE SIDRA 6396
2024-03-01,RJ,men,unemployment,8.1,%,IBGE SIDRA 6396
2024-03-01,RJ,total,unemployment,10.3,%,IBGE SIDRA 6396
2024-03-01,RJ,women,unemployment,12.9,%,IBGE SIDRA 6396
2024-03-01,RN,men,unemployment,7.0,%,IBGE SIDRA 6396
2024-03-01,RN,total,unemployment,9.8,%,IBGE SIDRA 6396
2024-03-01,RN,women,unemployment,13.6,%,IBGE SIDRA 6396
2024-03-01,RO,men,unemployment,2.3,%,IBGE SIDRA 6396
2024-03-01,RO,total,unemployment,3.7,%,IBGE SIDRA 6396
2024-03-01,RO,women,unemployment,5.8,%,IBGE SIDRA 6396
2024-03-01,RR,men,unemployment,6.7,%,IBGE SIDRA 6396
2024-03-01,RR,total,unemployment,7.7,%,IBGE SIDRA 6396
2024-03-01,RR,women,unemployment,9.1,%,IBGE SIDRA 6396
2024-03-01,RS,men,unemployment,4.7,%,IBGE SIDRA 6396
2024-03-01,RS,total,unemployment,5.8,%,IBGE SIDRA 6396
2024-03-01,RS,women,unemployment,7.1,%,IBGE SIDRA 6396
2024-03-01,SC,men,unemployment,3.1,%,IBGE SIDRA 6396
2024-03-01,SC,total,unemployment,3.9,%,IBGE SIDRA 6396
2024-03-01,SC,women,unemployment,4.8,%,IBGE SIDRA 6396
2024-03-01,SE,men,unemployment,7.6,%,IBGE SIDRA 6396
2024-03-01,SE,total,unemployment,10.0,%,IBGE SIDRA 6396
2024-03-01,SE,women,unemployment,13.1,%,IBGE SIDRA 6396
2024-03-01,SP,men,unemployment,6.3,%,IBGE SIDRA 6396
2024-03-01,SP,total,unemployment,7.4,%,IBGE SIDRA 6396
2024-03-01,SP,women,unemployment,8.7,%,IBGE SIDRA 6396
2024-03-01,TO,men,unemployment,5.1,%,IBGE SIDRA 6396
2024-03-01,TO,total,unemployment,6.1,%,IBGE SIDRA 6396
2024-03-01,TO,women,unemployment,7.4,%,IBGE SIDRA 6396
2024-06-01,AC,men,real_income,2674.0,R$,IBGE SIDRA 5436
2024-06-01,AC,total,real_income,2701.0,R$,IBGE SIDRA 5436
2024-06-01,AC,women,real_income,2746.0,R$,IBGE SIDRA 5436
2024-06-01,AL,men,real_income,2421.0,R$,IBGE SIDRA 5436
2024-06-01,AL,total,real_income,2339.0,R$,IBGE SIDRA 5436
2024-06-01,AL,women,real_income,2224.0,R$,IBGE SIDRA 5436
2024-06-01,AM,men,real_income,2567.0,R$,IBGE SIDRA 5436
2024-06-01,AM,total,real_income,2504.0,R$,IBGE SIDRA 5436
2024-06-01,AM,women,real_income,2403.0,R$,IBGE SIDRA 5436
2024-06-01,AP,men,real_income,3358.0,R$,IBGE SIDRA 5436
2024-06-01,AP,total,real_income,3206.0,R$,IBGE SIDRA 5436
2024-06-01,AP,women,real_income,2982.0,R$,IBGE SIDRA 5436
2024-06-01,BA,men,real_income,2475.0,R$,IBGE SIDRA 5436
2024-06-01,BA,total,real_income,2388.0,R$,IBGE SIDRA 5436
2024-06-01,BA,women,real_income,2262.0,R$,IBGE SIDRA 5436
2024-06-01,BR,men,real_income,3868.0,R$,IBGE SIDRA 5436
2024-06-01,BR,total,real_income,3520.0,R$,IBGE SIDRA 5436
2024-06-01,BR,women,real_income,3056.0,R$,IBGE SIDRA 5436
2024-06-01,CE,men,real_income,2522.0,R$,IBGE SIDRA 5436
2024-06-01,CE,total,real_income,2366.0,R$,IBGE SIDRA 5436
2024-06-01,CE,women,real_income,2145.0,R$,IBGE SIDRA 5436
2024-06-01,DF,men,real_income,6476.0,R$,IBGE SIDRA 5436
2024-06-01,DF,total,real_income,5652.0,R$,IBGE SIDRA 5436
2024-06-01,DF,women,real_income,4682.0,R$,IBGE SIDRA 5436
2024-06-01,ES,men,real_income,3870.0,R$,IBGE SIDRA 5436
2024-06-01,ES,total,real_income,3490.0,R$,IBGE SIDRA 5436
2024-06-01,ES,women,real_income,2963.0,R$,IBGE SIDRA 5436
2024-06-01,GO,men,real_income,4030.0,R$,IBGE SIDRA 5436
2024-06-01,GO,total,real_income,3517.0,R$,IBGE SIDRA 5436
2024-06-01,GO,women,real_income,2846.0,R$,IBGE SIDRA 5436
2024-06-01,MA,men,real_income,2386.0,R$,IBGE SIDRA 5436
2024-06-01,MA,total,real_income,2291.0,R$,IBGE SIDRA 5436
2024-06-01,MA,women,real_income,2156.0,R$,IBGE SIDRA 5436
2024-06-01,MG,men,real_income,3649.0,R$,IBGE SIDRA 5436
2024-06-01,MG,total,real_income,3287.0,R$,IBGE SIDRA 5436
2024-06-01,MG,women,real_income,2803.0,R$,IBGE SIDRA 5436
2024-06-01,MS,men,real_income,3997.0,R$,IBGE SIDRA 5436
2024-06-01,MS,total,real_income,3631.0,R$,IBGE SIDRA 5436
2024-06-01,MS,women,real_income,3161.0,R$,IBGE SIDRA 5436
2024-06-01,MT,men,real_income,4314.0,R$,IBGE SIDRA 5436
2024-06-01,MT,total,real_income,3846.0,R$,IBGE SIDRA 5436
2024-06-01,MT,women,real_income,3199.0,R$,IBGE SIDRA 5436
2024-06-01,PA,men,real_income,2742.0,R$,IBGE SIDRA 5436
2024-06-01,PA,total,real_income,2602.0,R$,IBGE SIDRA 5436
2024-06-01,PA,women,real_income,2381.0,R$,IBGE SIDRA 5436
2024-06-01,PB,men,real_income,2637.0,R$,IBGE SIDRA 5436
2024-06-01,PB,total,real_income,2514.0,R$,IBGE SIDRA 5436
2024-06-01,PB,women,real_income,2334.0,R$,IBGE SIDRA 5436
2024-06-01,PE,men,real_income,2647.0,R$,IBGE SIDRA 5436
2024-06-01,PE,total,real_income,2498.0,R$,IBGE SIDRA 5436
2024-06-01,PE,women,real_income,2290.0,R$,IBGE SIDRA 5436
2024-06-01,PI,men,real_income,2761.0,R$,IBGE SIDRA 5436
2024-06-01,PI,total,real_income,2589.0,R$,IBGE SIDRA 5436
2024-06-01,PI,women,real_income,2335.0,R$,IBGE SIDRA 5436
2024-06-01,PR,men,real_income,4154.0,R$,IBGE SIDRA 5436
2024-06-01,PR,total,real_income,3713.0,R$,IBGE SIDRA 5436
2024-06-01,PR,women,real_income,3122.0,R$,IBGE SIDRA 5436
2024-06-01,RJ,men,real_income,4612.0,R$,IBGE SIDRA 5436
2024-06-01,RJ,total,real_income,4100.0,R$,IBGE SIDRA 5436
2024-06-01,RJ,women,real_income,3467.0,R$,IBGE SIDRA 5436
2024-06-01,RN,men,real_income,2982.0,R$,IBGE SIDRA 5436
2024-06-01,RN,total,real_income,2863.0,R$,IBGE SIDRA 5436
2024-06-01,RN,women,real_income,2692.0,R$,IBGE SIDRA 5436
2024-06-01,RO,men,real_income,3699.0,R$,IBGE SIDRA 5436
2024-06-01,RO,total,real_income,3340.0,R$,IBGE SIDRA 5436
2024-06-01,RO,women,real_income,2792.0,R$,IBGE SIDRA 5436
2024-06-01,RR,men,real_income,3066.0,R$,IBGE SIDRA 5436
2024-06-01,RR,total,real_income,3013.0,R$,IBGE SIDRA 5436
2024-06-01,RR,women,real_income,2938.0,R$,IBGE SIDRA 5436
2024-06-01,RS,men,real_income,4397.0,R$,IBGE SIDRA 5436
2024-06-01,RS,total,real_income,3921.0,R$,IBGE SIDRA 5436
2024-06-01,RS,women,real_income,3319.0,R$,IBGE SIDRA 5436
2024-06-01,SC,men,real_income,4310.0,R$,IBGE SIDRA 5436
2024-06-01,SC,total,real_income,3852.0,R$,IBGE SIDRA 5436
2024-06-01,SC,women,real_income,3269.0,R$,IBGE SIDRA 5436
2024-06-01,SE,men,real_income,2580.0,R$,IBGE SIDRA 5436
2024-06-01,SE,total,real_income,2487.0,R$,IBGE SIDRA 5436
2024-06-01,SE,women,real_income,2355.0,R$,IBGE SIDRA 5436
2024-06-01,SP,men,real_income,4839.0,R$,IBGE SIDRA 5436
2024-06-01,SP,total,real_income,4306.0,R$,IBGE SIDRA 5436
2024-06-01,SP,women,real_income,3644.0,R$,IBGE SIDRA 5436
2024-06-01,TO,men,real_income,3181.0,R$,IBGE SIDRA 5436
2024-06-01,TO,total,real_income,3012.0,R$,IBGE SIDRA 5436
2024-06-01,TO,women,real_income,2761.0,R$,IBGE SIDRA 5436
2024-06-01,AC,men,unemployment,5.8,%,IBGE SIDRA 6396
2024-06-01,AC,total,unemployment,7.2,%,IBGE SIDRA 6396
2024-06-01,AC,women,unemployment,9.3,%,IBGE SIDRA 6396
2024-06-01,AL,men,unemployment,6.4,%,IBGE SIDRA 6396
2024-06-01,AL,total,unemployment,8.2,%,IBGE SIDRA 6396
2024-06-01,AL,women,unemployment,10.7,%,IBGE SIDRA 6396
2024-06-01,AM,men,unemployment,5.6,%,IBGE SIDRA 6396
2024-06-01,AM,total,unemployment,8.0,%,IBGE SIDRA 6396
2024-06-01,AM,women,unemployment,11.4,%,IBGE SIDRA 6396
2024-06-01,AP,men,unemployment,6.5,%,IBGE SIDRA 6396
2024-06-01,AP,total,unemployment,8.9,%,IBGE SIDRA 6396
2024-06-01,AP,women,unemployment,12.1,%,IBGE SIDRA 6396
2024-06-01,BA,men,unemployment,8.5,%,IBGE SIDRA 6396
2024-06-01,BA,total,unemployment,11.0,%,IBGE SIDRA 6396
2024-06-01,BA,women,unemployment,14.4,%,IBGE SIDRA 6396
2024-06-01,BR,men,unemployment,5.6,%,IBGE SIDRA 6396
2024-06-01,BR,total,unemployment,6.9,%,IBGE SIDRA 6396
2024-06-01,BR,women,unemployment,8.5,%,IBGE SIDRA 6396
2024-06-01,CE,men,unemployment,6.7,%,IBGE SIDRA 6396
2024-06-01,CE,total,unemployment,7.5,%,IBGE SIDRA 6396
2024-06-01,CE,women,unemployment,8.7,%,IBGE SIDRA 6396
2024-06-01,DF,men,unemployment,7.6,%,IBGE SIDRA 6396
2024-06-01,DF,total,unemployment,9.7,%,IBGE SIDRA 6396
2024-06-01,DF,women,unemployment,12.2,%,IBGE SIDRA 6396
2024-06-01,ES,men,unemployment,3.8,%,IBGE SIDRA 6396
2024-06-01,ES,total,unemployment,4.5,%,IBGE SIDRA 6396
2024-06-01,ES,women,unemployment,5.5,%,IBGE SIDRA 6396
2024-06-01,GO,men,unemployment,3.8,%,IBGE SIDRA 6396
2024-06-01,GO,total,unemployment,5.2,%,IBGE SIDRA 6396
2024-06-01,GO,women,unemployment,7.0,%,IBGE SIDRA 6396
2024-06-01,MA,men,unemployment,6.3,%,IBGE SIDRA 6396
2024-06-01,MA,total,unemployment,7.3,%,IBGE SIDRA 6396
2024-06-01,MA,women,unemployment,8.7,%,IBGE SIDRA 6396
2024-06-01,MG,men,unemployment,4.3,%,IBGE SIDRA 6396
2024-06-01,MG,total,unemployment,5.3,%,IBGE SIDRA 6396
2024-06-01,MG,women,unemployment,6.5,%,IBGE SIDRA 6396
2024-06-01,MS,men,unemployment,3.1,%,IBGE SIDRA 6396
2024-06-01,MS,total,unemployment,3.8,%,IBGE SIDRA 6396
2024-06-01,MS,women,unemployment,4.7,%,IBGE SIDRA 6396
2024-06-01,MT,men,unemployment,2.2,%,IBGE SIDRA 6396
2024-06-01,MT,total,unemployment,3.3,%,IBGE SIDRA 6396
2024-06-01,MT,women,unemployment,4.7,%,IBGE SIDRA 6396
2024-06-01,PA,men,unemployment,5.5,%,IBGE SIDRA 6396
2024-06-01,PA,total,unemployment,7.4,%,IBGE SIDRA 6396
2024-06-01,PA,women,unemployment,10.3,%,IBGE SIDRA 6396
2024-06-01,PB,men,unemployment,7.2,%,IBGE SIDRA 6396
2024-06-01,PB,total,unemployment,8.7,%,IBGE SIDRA 6396
2024-06-01,PB,women,unemployment,10.6,%,IBGE SIDRA 6396
2024-06-01,PE,men,unemployment,10.0,%,IBGE SIDRA 6396
2024-06-01,PE,total,unemployment,11.6,%,IBGE SIDRA 6396
2024-06-01,PE,women,unemployment,13.6,%,IBGE SIDRA 6396
2024-06-01,PI,men,unemployment,7.0,%,IBGE SIDRA 6396
2024-06-01,PI,total,unemployment,7.6,%,IBGE SIDRA 6396
2024-06-01,PI,women,unemployment,8.5,%,IBGE SIDRA 6396
2024-06-01,PR,men,unemployment,3.7,%,IBGE SIDRA 6396
2024-06-01,PR,total,unemployment,4.4,%,IBGE SIDRA 6396
2024-06-01,PR,women,unemployment,5.5,%,IBGE SIDRA 6396
2024-06-01,RJ,men,unemployment,7.8,%,IBGE SIDRA 6396
2024-06-01,RJ,total,unemployment,9.7,%,IBGE SIDRA 6396
2024-06-01,RJ,women,unemployment,11.9,%,IBGE SIDRA 6396
2024-06-01,RN,men,unemployment,8.1,%,IBGE SIDRA 6396
2024-06-01,RN,total,unemployment,9.2,%,IBGE SIDRA 6396
2024-06-01,RN,women,unemployment,10.8,%,IBGE SIDRA 6396
2024-06-01,RO,men,unemployment,2.7,%,IBGE SIDRA 6396
2024-06-01,RO,total,unemployment,3.2,%,IBGE SIDRA 6396
2024-06-01,RO,women,unemployment,4.0,%,IBGE SIDRA 6396
2024-06-01,RR,men,unemployment,5.5,%,IBGE SIDRA 6396
2024-06-01,RR,total,unemployment,7.1,%,IBGE SIDRA 6396
2024-06-01,RR,women,unemployment,9.2,%,IBGE SIDRA 6396
2024-06-01,RS,men,unemployment,4.9,%,IBGE SIDRA 6396
2024-06-01,RS,total,unemployment,5.9,%,IBGE SIDRA 6396
2024-06-01,RS,women,unemployment,7.1,%,IBGE SIDRA 6396
2024-06-01,SC,men,unemployment,2.8,%,IBGE SIDRA 6396
2024-06-01,SC,total,unemployment,3.2,%,IBGE SIDRA 6396
2024-06-01,SC,women,unemployment,3.7,%,IBGE SIDRA 6396
2024-06-01,SE,men,unemployment,7.4,%,IBGE SIDRA 6396
2024-06-01,SE,total,unemployment,9.2,%,IBGE SIDRA 6396
2024-06-01,SE,women,unemployment,11.6,%,IBGE SIDRA 6396
2024-06-01,SP,men,unemployment,5.3,%,IBGE SIDRA 6396
2024-06-01,SP,total,unemployment,6.4,%,IBGE SIDRA 6396
2024-06-01,SP,women,unemployment,7.7,%,IBGE SIDRA 6396
2024-06-01,TO,men,unemployment,3.9,%,IBGE SIDRA 6396
2024-06-01,TO,total,unemployment,4.3,%,IBGE SIDRA 6396
2024-06-01,TO,women,unemployment,4.9,%,IBGE SIDRA 6396
2024-09-01,AC,men,real_income,2757.0,R$,IBGE SIDRA 5436
2024-09-01,AC,total,real_income,2725.0,R$,IBGE SIDRA 5436
2024-09-01,AC,women,real_income,2673.0,R$,IBGE SIDRA 5436
2024-09-01,AL,men,real_income,2627.0,R$,IBGE SIDRA 5436
2024-09-01,AL,total,real_income,2476.0,R$,IBGE SIDRA 5436
2024-09-01,AL,women,real_income,2268.0,R$,IBGE SIDRA 5436
2024-09-01,AM,men,real_income,2662.0,R$,IBGE SIDRA 5436
2024-09-01,AM,total,real_income,2537.0,R$,IBGE SIDRA 5436
2024-09-01,AM,women,real_income,2339.0,R$,IBGE SIDRA 5436
2024-09-01,AP,men,real_income,3131.0,R$,IBGE SIDRA 5436
2024-09-01,AP,total,real_income,3046.0,R$,IBGE SIDRA 5436
2024-09-01,AP,women,real_income,2921.0,R$,IBGE SIDRA 5436
2024-09-01,BA,men,real_income,2345.0,R$,IBGE SIDRA 5436
2024-09-01,BA,total,real_income,2250.0,R$,IBGE SIDRA 5436
2024-09-01,BA,women,real_income,2117.0,R$,IBGE SIDRA 5436
2024-09-01,BR,men,real_income,3871.0,R$,IBGE SIDRA 5436
2024-09-01,BR,total,real_income,3506.0,R$,IBGE SIDRA 5436
2024-09-01,BR,women,real_income,3025.0,R$,IBGE SIDRA 5436
2024-09-01,CE,men,real_income,2373.0,R$,IBGE SIDRA 5436
2024-09-01,CE,total,real_income,2279.0,R$,IBGE SIDRA 5436
2024-09-01,CE,women,real_income,2147.0,R$,IBGE SIDRA 5436
2024-09-01,DF,men,real_income,6847.0,R$,IBGE SIDRA 5436
2024-09-01,DF,total,real_income,5872.0,R$,IBGE SIDRA 5436
2024-09-01,DF,women,real_income,4703.0,R$,IBGE SIDRA 5436
2024-09-01,ES,men,real_income,3933.0,R$,IBGE SIDRA 5436
2024-09-01,ES,total,real_income,3592.0,R$,IBGE SIDRA 5436
2024-09-01,ES,women,real_income,3130.0,R$,IBGE SIDRA 5436
2024-09-01,GO,men,real_income,3977.0,R$,IBGE SIDRA 5436
2024-09-01,GO,total,real_income,3468.0,R$,IBGE SIDRA 5436
2024-09-01,GO,women,real_income,2790.0,R$,IBGE SIDRA 5436
2024-09-01,MA,men,real_income,2316.0,R$,IBGE SIDRA 5436
2024-09-01,MA,total,real_income,2274.0,R$,IBGE SIDRA 5436
2024-09-01,MA,women,real_income,2215.0,R$,IBGE SIDRA 5436
2024-09-01,MG,men,real_income,3613.0,R$,IBGE SIDRA 5436
2024-09-01,MG,total,real_income,3246.0,R$,IBGE SIDRA 5436
2024-09-01,MG,women,real_income,2759.0,R$,IBGE SIDRA 5436
2024-09-01,MS,men,real_income,4048.0,R$,IBGE SIDRA 5436
2024-09-01,MS,total,real_income,3686.0,R$,IBGE SIDRA 5436
2024-09-01,MS,women,real_income,3214.0,R$,IBGE SIDRA 5436
2024-09-01,MT,men,real_income,4327.0,R$,IBGE SIDRA 5436
2024-09-01,MT,total,real_income,3832.0,R$,IBGE SIDRA 5436
2024-09-01,MT,women,real_income,3174.0,R$,IBGE SIDRA 5436
2024-09-01,PA,men,real_income,2661.0,R$,IBGE SIDRA 5436
2024-09-01,PA,total,real_income,2528.0,R$,IBGE SIDRA 5436
2024-09-01,PA,women,real_income,2321.0,R$,IBGE SIDRA 5436
2024-09-01,PB,men,real_income,2781.0,R$,IBGE SIDRA 5436
2024-09-01,PB,total,real_income,2640.0,R$,IBGE SIDRA 5436
2024-09-01,PB,women,real_income,2432.0,R$,IBGE SIDRA 5436
2024-09-01,PE,men,real_income,2654.0,R$,IBGE SIDRA 5436
2024-09-01,PE,total,real_income,2520.0,R$,IBGE SIDRA 5436
2024-09-01,PE,women,real_income,2330.0,R$,IBGE SIDRA 5436
2024-09-01,PI,men,real_income,2761.0,R$,IBGE SIDRA 5436
2024-09-01,PI,total,real_income,2583.0,R$,IBGE SIDRA 5436
2024-09-01,PI,women,real_income,2330.0,R$,IBGE SIDRA 5436
2024-09-01,PR,men,real_income,4229.0,R$,IBGE SIDRA 5436
2024-09-01,PR,total,real_income,3804.0,R$,IBGE SIDRA 5436
2024-09-01,PR,women,real_income,3244.0,R$,IBGE SIDRA 5436
2024-09-01,RJ,men,real_income,4546.0,R$,IBGE SIDRA 5436
2024-09-01,RJ,total,real_income,4032.0,R$,IBGE SIDRA 5436
2024-09-01,RJ,women,real_income,3398.0,R$,IBGE SIDRA 5436
2024-09-01,RN,men,real_income,2983.0,R$,IBGE SIDRA 5436
2024-09-01,RN,total,real_income,2770.0,R$,IBGE SIDRA 5436
2024-09-01,RN,women,real_income,2468.0,R$,IBGE SIDRA 5436
2024-09-01,RO,men,real_income,3651.0,R$,IBGE SIDRA 5436
2024-09-01,RO,total,real_income,3350.0,R$,IBGE SIDRA 5436
2024-09-01,RO,women,real_income,2872.0,R$,IBGE SIDRA 5436
2024-09-01,RR,men,real_income,2994.0,R$,IBGE SIDRA 5436
2024-09-01,RR,total,real_income,2924.0,R$,IBGE SIDRA 5436
2024-09-01,RR,women,real_income,2826.0,R$,IBGE SIDRA 5436
2024-09-01,RS,men,real_income,4293.0,R$,IBGE SIDRA 5436
2024-09-01,RS,total,real_income,3823.0,R$,IBGE SIDRA 5436
2024-09-01,RS,women,real_income,3241.0,R$,IBGE SIDRA 5436
2024-09-01,SC,men,real_income,4432.0,R$,IBGE SIDRA 5436
2024-09-01,SC,total,real_income,3946.0,R$,IBGE SIDRA 5436
2024-09-01,SC,women,real_income,3331.0,R$,IBGE SIDRA 5436
2024-09-01,SE,men,real_income,2597.0,R$,IBGE SIDRA 5436
2024-09-01,SE,total,real_income,2539.0,R$,IBGE SIDRA 5436
2024-09-01,SE,women,real_income,2459.0,R$,IBGE SIDRA 5436
2024-09-01,SP,men,real_income,4923.0,R$,IBGE SIDRA 5436
2024-09-01,SP,total,real_income,4326.0,R$,IBGE SIDRA 5436
2024-09-01,SP,women,real_income,3587.0,R$,IBGE SIDRA 5436
2024-09-01,TO,men,real_income,3204.0,R$,IBGE SIDRA 5436
2024-09-01,TO,total,real_income,3013.0,R$,IBGE SIDRA 5436
2024-09-01,TO,women,real_income,2736.0,R$,IBGE SIDRA 5436
2024-09-01,AC,men,unemployment,7.0,%,IBGE SIDRA 6396
2024-09-01,AC,total,unemployment,7.4,%,IBGE SIDRA 6396
2024-09-01,AC,women,unemployment,7.9,%,IBGE SIDRA 6396
2024-09-01,AL,men,unemployment,6.6,%,IBGE SIDRA 6396
2024-09-01,AL,total,unemployment,7.8,%,IBGE SIDRA 6396
2024-09-01,AL,women,unemployment,9.2,%,IBGE SIDRA 6396
2024-09-01,AM,men,unemployment,5.9,%,IBGE SIDRA 6396
2024-09-01,AM,total,unemployment,8.2,%,IBGE SIDRA 6396
2024-09-01,AM,women,unemployment,11.4,%,IBGE SIDRA 6396
2024-09-01,AP,men,unemployment,6.6,%,IBGE SIDRA 6396
2024-09-01,AP,total,unemployment,8.3,%,IBGE SIDRA 6396
2024-09-01,AP,women,unemployment,10.7,%,IBGE SIDRA 6396
2024-09-01,BA,men,unemployment,7.4,%,IBGE SIDRA 6396
2024-09-01,BA,total,unemployment,9.7,%,IBGE SIDRA 6396
2024-09-01,BA,women,unemployment,12.6,%,IBGE SIDRA 6396
2024-09-01,BR,men,unemployment,5.3,%,IBGE SIDRA 6396
2024-09-01,BR,total,unemployment,6.4,%,IBGE SIDRA 6396
2024-09-01,BR,women,unemployment,7.7,%,IBGE SIDRA 6396
2024-09-01,CE,men,unemployment,6.0,%,IBGE SIDRA 6396
2024-09-01,CE,total,unemployment,6.7,%,IBGE SIDRA 6396
2024-09-01,CE,women,unemployment,7.5,%,IBGE SIDRA 6396
2024-09-01,DF,men,unemployment,6.4,%,IBGE SIDRA 6396
2024-09-01,DF,total,unemployment,8.9,%,IBGE SIDRA 6396
2024-09-01,DF,women,unemployment,11.7,%,IBGE SIDRA 6396
2024-09-01,ES,men,unemployment,3.7,%,IBGE SIDRA 6396
2024-09-01,ES,total,unemployment,4.1,%,IBGE SIDRA 6396
2024-09-01,ES,women,unemployment,4.7,%,IBGE SIDRA 6396
2024-09-01,GO,men,unemployment,3.8,%,IBGE SIDRA 6396
2024-09-01,GO,total,unemployment,5.2,%,IBGE SIDRA 6396
2024-09-01,GO,women,unemployment,7.0,%,IBGE SIDRA 6396
2024-09-01,MA,men,unemployment,6.6,%,IBGE SIDRA 6396
2024-09-01,MA,total,unemployment,7.6,%,IBGE SIDRA 6396
2024-09-01,MA,women,unemployment,9.0,%,IBGE SIDRA 6396
2024-09-01,MG,men,unemployment,4.0,%,IBGE SIDRA 6396
2024-09-01,MG,total,unemployment,5.0,%,IBGE SIDRA 6396
2024-09-01,MG,women,unemployment,6.2,%,IBGE SIDRA 6396
2024-09-01,MS,men,unemployment,2.9,%,IBGE SIDRA 6396
2024-09-01,MS,total,unemployment,3.4,%,IBGE SIDRA 6396
2024-09-01,MS,women,unemployment,4.0,%,IBGE SIDRA 6396
2024-09-01,MT,men,unemployment,1.8,%,IBGE SIDRA 6396
2024-09-01,MT,total,unemployment,2.3,%,IBGE SIDRA 6396
2024-09-01,MT,women,unemployment,3.0,%,IBGE SIDRA 6396
2024-09-01,PA,men,unemployment,6.2,%,IBGE SIDRA 6396
2024-09-01,PA,total,unemployment,6.9,%,IBGE SIDRA 6396
2024-09-01,PA,women,unemployment,7.8,%,IBGE SIDRA 6396
2024-09-01,PB,men,unemployment,7.4,%,IBGE SIDRA 6396
2024-09-01,PB,total,unemployment,7.8,%,IBGE SIDRA 6396
2024-09-01,PB,women,unemployment,8.5,%,IBGE SIDRA 6396
2024-09-01,PE,men,unemployment,8.9,%,IBGE SIDRA 6396
2024-09-01,PE,total,unemployment,10.6,%,IBGE SIDRA 6396
2024-09-01,PE,women,unemployment,12.9,%,IBGE SIDRA 6396
2024-09-01,PI,men,unemployment,7.6,%,IBGE SIDRA 6396
2024-09-01,PI,total,unemployment,8.0,%,IBGE SIDRA 6396
2024-09-01,PI,women,unemployment,8.5,%,IBGE SIDRA 6396
2024-09-01,PR,men,unemployment,3.4,%,IBGE SIDRA 6396
2024-09-01,PR,total,unemployment,4.0,%,IBGE SIDRA 6396
2024-09-01,PR,women,unemployment,4.7,%,IBGE SIDRA 6396
2024-09-01,RJ,men,unemployment,7.0,%,IBGE SIDRA 6396
2024-09-01,RJ,total,unemployment,8.6,%,IBGE SIDRA 6396
2024-09-01,RJ,women,unemployment,10.4,%,IBGE SIDRA 6396
2024-09-01,RN,men,unemployment,7.5,%,IBGE SIDRA 6396
2024-09-01,RN,total,unemployment,8.9,%,IBGE SIDRA 6396
2024-09-01,RN,women,unemployment,10.8,%,IBGE SIDRA 6396
2024-09-01,RO,men,unemployment,1.9,%,IBGE SIDRA 6396
2024-09-01,RO,total,unemployment,2.1,%,IBGE SIDRA 6396
2024-09-01,RO,women,unemployment,2.3,%,IBGE SIDRA 6396
2024-09-01,RR,men,unemployment,5.4,%,IBGE SIDRA 6396
2024-09-01,RR,total,unemployment,6.2,%,IBGE SIDRA 6396
2024-09-01,RR,women,unemployment,7.4,%,IBGE SIDRA 6396
2024-09-01,RS,men,unemployment,4.5,%,IBGE SIDRA 6396
2024-09-01,RS,total,unemployment,5.1,%,IBGE SIDRA 6396
2024-09-01,RS,women,unemployment,5.8,%,IBGE SIDRA 6396
2024-09-01,SC,men,unemployment,2.1,%,IBGE SIDRA 6396
2024-09-01,SC,total,unemployment,2.8,%,IBGE SIDRA 6396
2024-09-01,SC,women,unemployment,3.6,%,IBGE SIDRA 6396
2024-09-01,SE,men,unemployment,7.0,%,IBGE SIDRA 6396
2024-09-01,SE,total,unemployment,8.4,%,IBGE SIDRA 6396
2024-09-01,SE,women,unemployment,10.4,%,IBGE SIDRA 6396
2024-09-01,SP,men,unemployment,5.2,%,IBGE SIDRA 6396
2024-09-01,SP,total,unemployment,6.1,%,IBGE SIDRA 6396
2024-09-01,SP,women,unemployment,7.0,%,IBGE SIDRA 6396
2024-09-01,TO,men,unemployment,4.4,%,IBGE SIDRA 6396
2024-09-01,TO,total,unemployment,5.1,%,IBGE SIDRA 6396
2024-09-01,TO,women,unemployment,5.9,%,IBGE SIDRA 6396
2024-12-01,AC,men,real_income,2889.0,R$,IBGE SIDRA 5436
2024-12-01,AC,total,real_income,2773.0,R$,IBGE SIDRA 5436
2024-12-01,AC,women,real_income,2589.0,R$,IBGE SIDRA 5436
2024-12-01,AL,men,real_income,2759.0,R$,IBGE SIDRA 5436
2024-12-01,AL,total,real_income,2542.0,R$,IBGE SIDRA 5436
2024-12-01,AL,women,real_income,2231.0,R$,IBGE SIDRA 5436
2024-12-01,AM,men,real_income,2697.0,R$,IBGE SIDRA 5436
2024-12-01,AM,total,real_income,2604.0,R$,IBGE SIDRA 5436
2024-12-01,AM,women,real_income,2457.0,R$,IBGE SIDRA 5436
2024-12-01,AP,men,real_income,3199.0,R$,IBGE SIDRA 5436
2024-12-01,AP,total,real_income,3081.0,R$,IBGE SIDRA 5436
2024-12-01,AP,women,real_income,2906.0,R$,IBGE SIDRA 5436
2024-12-01,BA,men,real_income,2405.0,R$,IBGE SIDRA 5436
2024-12-01,BA,total,real_income,2268.0,R$,IBGE SIDRA 5436
2024-12-01,BA,women,real_income,2083.0,R$,IBGE SIDRA 5436
2024-12-01,BR,men,real_income,3914.0,R$,IBGE SIDRA 5436
2024-12-01,BR,total,real_income,3555.0,R$,IBGE SIDRA 5436
2024-12-01,BR,women,real_income,3082.0,R$,IBGE SIDRA 5436
2024-12-01,CE,men,real_income,2425.0,R$,IBGE SIDRA 5436
2024-12-01,CE,total,real_income,2315.0,R$,IBGE SIDRA 5436
2024-12-01,CE,women,real_income,2163.0,R$,IBGE SIDRA 5436
2024-12-01,DF,men,real_income,6747.0,R$,IBGE SIDRA 5436
2024-12-01,DF,total,real_income,5816.0,R$,IBGE SIDRA 5436
2024-12-01,DF,women,real_income,4665.0,R$,IBGE SIDRA 5436
2024-12-01,ES,men,real_income,3850.0,R$,IBGE SIDRA 5436
2024-12-01,ES,total,real_income,3533.0,R$,IBGE SIDRA 5436
2024-12-01,ES,women,real_income,3107.0,R$,IBGE SIDRA 5436
2024-12-01,GO,men,real_income,4079.0,R$,IBGE SIDRA 5436
2024-12-01,GO,total,real_income,3588.0,R$,IBGE SIDRA 5436
2024-12-01,GO,women,real_income,2928.0,R$,IBGE SIDRA 5436
2024-12-01,MA,men,real_income,2290.0,R$,IBGE SIDRA 5436
2024-12-01,MA,total,real_income,2226.0,R$,IBGE SIDRA 5436
2024-12-01,MA,women,real_income,2133.0,R$,IBGE SIDRA 5436
2024-12-01,MG,men,real_income,3566.0,R$,IBGE SIDRA 5436
2024-12-01,MG,total,real_income,3191.0,R$,IBGE SIDRA 5436
2024-12-01,MG,women,real_income,2696.0,R$,IBGE SIDRA 5436
2024-12-01,MS,men,real_income,4114.0,R$,IBGE SIDRA 5436
2024-12-01,MS,total,real_income,3757.0,R$,IBGE SIDRA 5436
2024-12-01,MS,women,real_income,3307.0,R$,IBGE SIDRA 5436
2024-12-01,MT,men,real_income,4324.0,R$,IBGE SIDRA 5436
2024-12-01,MT,total,real_income,3827.0,R$,IBGE SIDRA 5436
2024-12-01,MT,women,real_income,3170.0,R$,IBGE SIDRA 5436
2024-12-01,PA,men,real_income,2717.0,R$,IBGE SIDRA 5436
2024-12-01,PA,total,real_income,2548.0,R$,IBGE SIDRA 5436
2024-12-01,PA,women,real_income,2276.0,R$,IBGE SIDRA 5436
2024-12-01,PB,men,real_income,2722.0,R$,IBGE SIDRA 5436
2024-12-01,PB,total,real_income,2638.0,R$,IBGE SIDRA 5436
2024-12-01,PB,women,real_income,2514.0,R$,IBGE SIDRA 5436
2024-12-01,PE,men,real_income,2900.0,R$,IBGE SIDRA 5436
2024-12-01,PE,total,real_income,2706.0,R$,IBGE SIDRA 5436
2024-12-01,PE,women,real_income,2441.0,R$,IBGE SIDRA 5436
2024-12-01,PI,men,real_income,2731.0,R$,IBGE SIDRA 5436
2024-12-01,PI,total,real_income,2583.0,R$,IBGE SIDRA 5436
2024-12-01,PI,women,real_income,2373.0,R$,IBGE SIDRA 5436
2024-12-01,PR,men,real_income,4367.0,R$,IBGE SIDRA 5436
2024-12-01,PR,total,real_income,3881.0,R$,IBGE SIDRA 5436
2024-12-01,PR,women,real_income,3245.0,R$,IBGE SIDRA 5436
2024-12-01,RJ,men,real_income,4453.0,R$,IBGE SIDRA 5436
2024-12-01,RJ,total,real_income,4018.0,R$,IBGE SIDRA 5436
2024-12-01,RJ,women,real_income,3484.0,R$,IBGE SIDRA 5436
2024-12-01,RN,men,real_income,2925.0,R$,IBGE SIDRA 5436
2024-12-01,RN,total,real_income,2746.0,R$,IBGE SIDRA 5436
2024-12-01,RN,women,real_income,2478.0,R$,IBGE SIDRA 5436
2024-12-01,RO,men,real_income,3529.0,R$,IBGE SIDRA 5436
2024-12-01,RO,total,real_income,3321.0,R$,IBGE SIDRA 5436
2024-12-01,RO,women,real_income,2976.0,R$,IBGE SIDRA 5436
2024-12-01,RR,men,real_income,3480.0,R$,IBGE SIDRA 5436
2024-12-01,RR,total,real_income,3258.0,R$,IBGE SIDRA 5436
2024-12-01,RR,women,real_income,2951.0,R$,IBGE SIDRA 5436
2024-12-01,RS,men,real_income,4418.0,R$,IBGE SIDRA 5436
2024-12-01,RS,total,real_income,3965.0,R$,IBGE SIDRA 5436
2024-12-01,RS,women,real_income,3399.0,R$,IBGE SIDRA 5436
2024-12-01,SC,men,real_income,4480.0,R$,IBGE SIDRA 5436
2024-12-01,SC,total,real_income,4012.0,R$,IBGE SIDRA 5436
2024-12-01,SC,women,real_income,3424.0,R$,IBGE SIDRA 5436
2024-12-01,SE,men,real_income,2878.0,R$,IBGE SIDRA 5436
2024-12-01,SE,total,real_income,2727.0,R$,IBGE SIDRA 5436
2024-12-01,SE,women,real_income,2512.0,R$,IBGE SIDRA 5436
2024-12-01,SP,men,real_income,4979.0,R$,IBGE SIDRA 5436
2024-12-01,SP,total,real_income,4417.0,R$,IBGE SIDRA 5436
2024-12-01,SP,women,real_income,3724.0,R$,IBGE SIDRA 5436
2024-12-01,TO,men,real_income,3432.0,R$,IBGE SIDRA 5436
2024-12-01,TO,total,real_income,3144.0,R$,IBGE SIDRA 5436
2024-12-01,TO,women,real_income,2740.0,R$,IBGE SIDRA 5436
2024-12-01,AC,men,unemployment,7.2,%,IBGE SIDRA 6396
2024-12-01,AC,total,unemployment,7.3,%,IBGE SIDRA 6396
2024-12-01,AC,women,unemployment,7.3,%,IBGE SIDRA 6396
2024-12-01,AL,men,unemployment,6.4,%,IBGE SIDRA 6396
2024-12-01,AL,total,unemployment,8.1,%,IBGE SIDRA 6396
2024-12-01,AL,women,unemployment,10.5,%,IBGE SIDRA 6396
2024-12-01,AM,men,unemployment,5.8,%,IBGE SIDRA 6396
2024-12-01,AM,total,unemployment,8.3,%,IBGE SIDRA 6396
2024-12-01,AM,women,unemployment,11.9,%,IBGE SIDRA 6396
2024-12-01,AP,men,unemployment,7.9,%,IBGE SIDRA 6396
2024-12-01,AP,total,unemployment,8.7,%,IBGE SIDRA 6396
2024-12-01,AP,women,unemployment,9.8,%,IBGE SIDRA 6396
2024-12-01,BA,men,unemployment,7.9,%,IBGE SIDRA 6396
2024-12-01,BA,total,unemployment,10.0,%,IBGE SIDRA 6396
2024-12-01,BA,women,unemployment,12.7,%,IBGE SIDRA 6396
2024-12-01,BR,men,unemployment,5.1,%,IBGE SIDRA 6396
2024-12-01,BR,total,unemployment,6.2,%,IBGE SIDRA 6396
2024-12-01,BR,women,unemployment,7.5,%,IBGE SIDRA 6396
2024-12-01,CE,men,unemployment,5.6,%,IBGE SIDRA 6396
2024-12-01,CE,total,unemployment,6.5,%,IBGE SIDRA 6396
2024-12-01,CE,women,unemployment,7.7,%,IBGE SIDRA 6396
2024-12-01,DF,men,unemployment,6.9,%,IBGE SIDRA 6396
2024-12-01,DF,total,unemployment,9.1,%,IBGE SIDRA 6396
2024-12-01,DF,women,unemployment,11.7,%,IBGE SIDRA 6396
2024-12-01,ES,men,unemployment,3.5,%,IBGE SIDRA 6396
2024-12-01,ES,total,unemployment,4.0,%,IBGE SIDRA 6396
2024-12-01,ES,women,unemployment,4.6,%,IBGE SIDRA 6396
2024-12-01,GO,men,unemployment,3.9,%,IBGE SIDRA 6396
2024-12-01,GO,total,unemployment,4.9,%,IBGE SIDRA 6396
2024-12-01,GO,women,unemployment,6.1,%,IBGE SIDRA 6396
2024-12-01,MA,men,unemployment,6.2,%,IBGE SIDRA 6396
2024-12-01,MA,total,unemployment,6.9,%,IBGE SIDRA 6396
2024-12-01,MA,women,unemployment,7.8,%,IBGE SIDRA 6396
2024-12-01,MG,men,unemployment,3.8,%,IBGE SIDRA 6396
2024-12-01,MG,total,unemployment,4.3,%,IBGE SIDRA 6396
2024-12-01,MG,women,unemployment,5.0,%,IBGE SIDRA 6396
2024-12-01,MS,men,unemployment,3.5,%,IBGE SIDRA 6396
2024-12-01,MS,total,unemployment,3.7,%,IBGE SIDRA 6396
2024-12-01,MS,women,unemployment,4.0,%,IBGE SIDRA 6396
2024-12-01,MT,men,unemployment,1.6,%,IBGE SIDRA 6396
2024-12-01,MT,total,unemployment,2.5,%,IBGE SIDRA 6396
2024-12-01,MT,women,unemployment,3.6,%,IBGE SIDRA 6396
2024-12-01,PA,men,unemployment,6.3,%,IBGE SIDRA 6396
2024-12-01,PA,total,unemployment,7.2,%,IBGE SIDRA 6396
2024-12-01,PA,women,unemployment,8.5,%,IBGE SIDRA 6396
2024-12-01,PB,men,unemployment,7.3,%,IBGE SIDRA 6396
2024-12-01,PB,total,unemployment,8.5,%,IBGE SIDRA 6396
2024-12-01,PB,women,unemployment,10.1,%,IBGE SIDRA 6396
2024-12-01,PE,men,unemployment,8.1,%,IBGE SIDRA 6396
2024-12-01,PE,total,unemployment,10.3,%,IBGE SIDRA 6396
2024-12-01,PE,women,unemployment,13.0,%,IBGE SIDRA 6396
2024-12-01,PI,men,unemployment,7.1,%,IBGE SIDRA 6396
2024-12-01,PI,total,unemployment,7.5,%,IBGE SIDRA 6396
2024-12-01,PI,women,unemployment,8.2,%,IBGE SIDRA 6396
2024-12-01,PR,men,unemployment,2.5,%,IBGE SIDRA 6396
2024-12-01,PR,total,unemployment,3.2,%,IBGE SIDRA 6396
2024-12-01,PR,women,unemployment,4.2,%,IBGE SIDRA 6396
2024-12-01,RJ,men,unemployment,6.6,%,IBGE SIDRA 6396
2024-12-01,RJ,total,unemployment,8.2,%,IBGE SIDRA 6396
2024-12-01,RJ,women,unemployment,10.2,%,IBGE SIDRA 6396
2024-12-01,RN,men,unemployment,7.3,%,IBGE SIDRA 6396
2024-12-01,RN,total,unemployment,8.7,%,IBGE SIDRA 6396
2024-12-01,RN,women,unemployment,10.6,%,IBGE SIDRA 6396
2024-12-01,RO,men,unemployment,1.7,%,IBGE SIDRA 6396
2024-12-01,RO,total,unemployment,2.8,%,IBGE SIDRA 6396
2024-12-01,RO,women,unemployment,4.4,%,IBGE SIDRA 6396
2024-12-01,RR,men,unemployment,5.6,%,IBGE SIDRA 6396
2024-12-01,RR,total,unemployment,6.6,%,IBGE SIDRA 6396
2024-12-01,RR,women,unemployment,7.9,%,IBGE SIDRA 6396
2024-12-01,RS,men,unemployment,4.0,%,IBGE SIDRA 6396
2024-12-01,RS,total,unemployment,4.5,%,IBGE SIDRA 6396
2024-12-01,RS,women,unemployment,5.2,%,IBGE SIDRA 6396
2024-12-01,SC,men,unemployment,2.1,%,IBGE SIDRA 6396
2024-12-01,SC,total,unemployment,2.7,%,IBGE SIDRA 6396
2024-12-01,SC,women,unemployment,3.4,%,IBGE SIDRA 6396
2024-12-01,SE,men,unemployment,6.2,%,IBGE SIDRA 6396
2024-12-01,SE,total,unemployment,8.4,%,IBGE SIDRA 6396
2024-12-01,SE,women,unemployment,11.3,%,IBGE SIDRA 6396
2024-12-01,SP,men,unemployment,4.9,%,IBGE SIDRA 6396
2024-12-01,SP,total,unemployment,5.9,%,IBGE SIDRA 6396
2024-12-01,SP,women,unemployment,7.1,%,IBGE SIDRA 6396
2024-12-01,TO,men,unemployment,4.0,%,IBGE SIDRA 6396
2024-12-01,TO,total,unemployment,5.1,%,IBGE SIDRA 6396
2024-12-01,TO,women,unemployment,6.5,%,IBGE SIDRA 6396
2025-03-01,AC,men,real_income,2807.0,R$,IBGE SIDRA 5436
2025-03-01,AC,total,real_income,2796.0,R$,IBGE SIDRA 5436
2025-03-01,AC,women,real_income,2777.0,R$,IBGE SIDRA 5436
2025-03-01,AL,men,real_income,2770.0,R$,IBGE SIDRA 5436
2025-03-01,AL,total,real_income,2626.0,R$,IBGE SIDRA 5436
2025-03-01,AL,women,real_income,2414.0,R$,IBGE SIDRA 5436
2025-03-01,AM,men,real_income,2687.0,R$,IBGE SIDRA 5436
2025-03-01,AM,total,real_income,2631.0,R$,IBGE SIDRA 5436
2025-03-01,AM,women,real_income,2545.0,R$,IBGE SIDRA 5436
2025-03-01,AP,men,real_income,3330.0,R$,IBGE SIDRA 5436
2025-03-01,AP,total,real_income,3127.0,R$,IBGE SIDRA 5436
2025-03-01,AP,women,real_income,2840.0,R$,IBGE SIDRA 5436
2025-03-01,BA,men,real_income,2447.0,R$,IBGE SIDRA 5436
2025-03-01,BA,total,real_income,2328.0,R$,IBGE SIDRA 5436
2025-03-01,BA,women,real_income,2161.0,R$,IBGE SIDRA 5436
2025-03-01,BR,men,real_income,3938.0,R$,IBGE SIDRA 5436
2025-03-01,BR,total,real_income,3596.0,R$,IBGE SIDRA 5436
2025-03-01,BR,women,real_income,3143.0,R$,IBGE SIDRA 5436
2025-03-01,CE,men,real_income,2522.0,R$,IBGE SIDRA 5436
2025-03-01,CE,total,real_income,2384.0,R$,IBGE SIDRA 5436
2025-03-01,CE,women,real_income,2198.0,R$,IBGE SIDRA 5436
2025-03-01,DF,men,real_income,6450.0,R$,IBGE SIDRA 5436
2025-03-01,DF,total,real_income,5855.0,R$,IBGE SIDRA 5436
2025-03-01,DF,women,real_income,5129.0,R$,IBGE SIDRA 5436
2025-03-01,ES,men,real_income,3962.0,R$,IBGE SIDRA 5436
2025-03-01,ES,total,real_income,3616.0,R$,IBGE SIDRA 5436
2025-03-01,ES,women,real_income,3140.0,R$,IBGE SIDRA 5436
2025-03-01,GO,men,real_income,3971.0,R$,IBGE SIDRA 5436
2025-03-01,GO,total,real_income,3524.0,R$,IBGE SIDRA 5436
2025-03-01,GO,women,real_income,2945.0,R$,IBGE SIDRA 5436
2025-03-01,MA,men,real_income,2290.0,R$,IBGE SIDRA 5436
2025-03-01,MA,total,real_income,2211.0,R$,IBGE SIDRA 5436
2025-03-01,MA,women,real_income,2095.0,R$,IBGE SIDRA 5436
2025-03-01,MG,men,real_income,3658.0,R$,IBGE SIDRA 5436
2025-03-01,MG,total,real_income,3263.0,R$,IBGE SIDRA 5436
2025-03-01,MG,women,real_income,2743.0,R$,IBGE SIDRA 5436
2025-03-01,MS,men,real_income,4196.0,R$,IBGE SIDRA 5436
2025-03-01,MS,total,real_income,3802.0,R$,IBGE SIDRA 5436
2025-03-01,MS,women,real_income,3275.0,R$,IBGE SIDRA 5436
2025-03-01,MT,men,real_income,4271.0,R$,IBGE SIDRA 5436
2025-03-01,MT,total,real_income,3804.0,R$,IBGE SIDRA 5436
2025-03-01,MT,women,real_income,3138.0,R$,IBGE SIDRA 5436
2025-03-01,PA,men,real_income,2787.0,R$,IBGE SIDRA 5436
2025-03-01,PA,total,real_income,2634.0,R$,IBGE SIDRA 5436
2025-03-01,PA,women,real_income,2384.0,R$,IBGE SIDRA 5436
2025-03-01,PB,men,real_income,2763.0,R$,IBGE SIDRA 5436
2025-03-01,PB,total,real_income,2609.0,R$,IBGE SIDRA 5436
2025-03-01,PB,women,real_income,2379.0,R$,IBGE SIDRA 5436
2025-03-01,PE,men,real_income,3011.0,R$,IBGE SIDRA 5436
2025-03-01,PE,total,real_income,2833.0,R$,IBGE SIDRA 5436
2025-03-01,PE,women,real_income,2586.0,R$,IBGE SIDRA 5436
2025-03-01,PI,men,real_income,2869.0,R$,IBGE SIDRA 5436
2025-03-01,PI,total,real_income,2667.0,R$,IBGE SIDRA 5436
2025-03-01,PI,women,real_income,2377.0,R$,IBGE SIDRA 5436
2025-03-01,PR,men,real_income,4411.0,R$,IBGE SIDRA 5436
2025-03-01,PR,total,real_income,3926.0,R$,IBGE SIDRA 5436
2025-03-01,PR,women,real_income,3301.0,R$,IBGE SIDRA 5436
2025-03-01,RJ,men,real_income,4771.0,R$,IBGE SIDRA 5436
2025-03-01,RJ,total,real_income,4283.0,R$,IBGE SIDRA 5436
2025-03-01,RJ,women,real_income,3667.0,R$,IBGE SIDRA 5436
2025-03-01,RN,men,real_income,3051.0,R$,IBGE SIDRA 5436
2025-03-01,RN,total,real_income,2861.0,R$,IBGE SIDRA 5436
2025-03-01,RN,women,real_income,2577.0,R$,IBGE SIDRA 5436
2025-03-01,RO,men,real_income,3439.0,R$,IBGE SIDRA 5436
2025-03-01,RO,total,real_income,3187.0,R$,IBGE SIDRA 5436
2025-03-01,RO,women,real_income,2779.0,R$,IBGE SIDRA 5436
2025-03-01,RR,men,real_income,3423.0,R$,IBGE SIDRA 5436
2025-03-01,RR,total,real_income,3300.0,R$,IBGE SIDRA 5436
2025-03-01,RR,women,real_income,3128.0,R$,IBGE SIDRA 5436
2025-03-01,RS,men,real_income,4455.0,R$,IBGE SIDRA 5436
2025-03-01,RS,total,real_income,3988.0,R$,IBGE SIDRA 5436
2025-03-01,RS,women,real_income,3410.0,R$,IBGE SIDRA 5436
2025-03-01,SC,men,real_income,4731.0,R$,IBGE SIDRA 5436
2025-03-01,SC,total,real_income,4237.0,R$,IBGE SIDRA 5436
2025-03-01,SC,women,real_income,3617.0,R$,IBGE SIDRA 5436
2025-03-01,SE,men,real_income,2840.0,R$,IBGE SIDRA 5436
2025-03-01,SE,total,real_income,2711.0,R$,IBGE SIDRA 5436
2025-03-01,SE,women,real_income,2528.0,R$,IBGE SIDRA 5436
2025-03-01,SP,men,real_income,4780.0,R$,IBGE SIDRA 5436
2025-03-01,SP,total,real_income,4307.0,R$,IBGE SIDRA 5436
2025-03-01,SP,women,real_income,3718.0,R$,IBGE SIDRA 5436
2025-03-01,TO,men,real_income,3506.0,R$,IBGE SIDRA 5436
2025-03-01,TO,total,real_income,3227.0,R$,IBGE SIDRA 5436
2025-03-01,TO,women,real_income,2820.0,R$,IBGE SIDRA 5436
2025-03-01,AC,men,unemployment,7.1,%,IBGE SIDRA 6396
2025-03-01,AC,total,unemployment,8.2,%,IBGE SIDRA 6396
2025-03-01,AC,women,unemployment,9.8,%,IBGE SIDRA 6396
2025-03-01,AL,men,unemployment,7.5,%,IBGE SIDRA 6396
2025-03-01,AL,total,unemployment,9.0,%,IBGE SIDRA 6396
2025-03-01,AL,women,unemployment,11.0,%,IBGE SIDRA 6396
2025-03-01,AM,men,unemployment,7.9,%,IBGE SIDRA 6396
2025-03-01,AM,total,unemployment,10.0,%,IBGE SIDRA 6396
2025-03-01,AM,women,unemployment,13.0,%,IBGE SIDRA 6396
2025-03-01,AP,men,unemployment,8.2,%,IBGE SIDRA 6396
2025-03-01,AP,total,unemployment,8.6,%,IBGE SIDRA 6396
2025-03-01,AP,women,unemployment,9.2,%,IBGE SIDRA 6396
2025-03-01,BA,men,unemployment,7.9,%,IBGE SIDRA 6396
2025-03-01,BA,total,unemployment,11.1,%,IBGE SIDRA 6396
2025-03-01,BA,women,unemployment,15.1,%,IBGE SIDRA 6396
2025-03-01,BR,men,unemployment,5.7,%,IBGE SIDRA 6396
2025-03-01,BR,total,unemployment,7.0,%,IBGE SIDRA 6396
2025-03-01,BR,women,unemployment,8.7,%,IBGE SIDRA 6396
2025-03-01,CE,men,unemployment,7.1,%,IBGE SIDRA 6396
2025-03-01,CE,total,unemployment,8.0,%,IBGE SIDRA 6396
2025-03-01,CE,women,unemployment,9.2,%,IBGE SIDRA 6396
2025-03-01,DF,men,unemployment,7.5,%,IBGE SIDRA 6396
2025-03-01,DF,total,unemployment,9.2,%,IBGE SIDRA 6396
2025-03-01,DF,women,unemployment,11.1,%,IBGE SIDRA 6396
2025-03-01,ES,men,unemployment,3.2,%,IBGE SIDRA 6396
2025-03-01,ES,total,unemployment,4.0,%,IBGE SIDRA 6396
2025-03-01,ES,women,unemployment,5.1,%,IBGE SIDRA 6396
2025-03-01,GO,men,unemployment,4.6,%,IBGE SIDRA 6396
2025-03-01,GO,total,unemployment,5.3,%,IBGE SIDRA 6396
2025-03-01,GO,women,unemployment,6.2,%,IBGE SIDRA 6396
2025-03-01,MA,men,unemployment,6.6,%,IBGE SIDRA 6396
2025-03-01,MA,total,unemployment,8.1,%,IBGE SIDRA 6396
2025-03-01,MA,women,unemployment,10.2,%,IBGE SIDRA 6396
2025-03-01,MG,men,unemployment,5.1,%,IBGE SIDRA 6396
2025-03-01,MG,total,unemployment,5.7,%,IBGE SIDRA 6396
2025-03-01,MG,women,unemployment,6.5,%,IBGE SIDRA 6396
2025-03-01,MS,men,unemployment,3.3,%,IBGE SIDRA 6396
2025-03-01,MS,total,unemployment,4.0,%,IBGE SIDRA 6396
2025-03-01,MS,women,unemployment,4.8,%,IBGE SIDRA 6396
2025-03-01,MT,men,unemployment,2.2,%,IBGE SIDRA 6396
2025-03-01,MT,total,unemployment,3.5,%,IBGE SIDRA 6396
2025-03-01,MT,women,unemployment,5.3,%,IBGE SIDRA 6396
2025-03-01,PA,men,unemployment,7.2,%,IBGE SIDRA 6396
2025-03-01,PA,total,unemployment,8.7,%,IBGE SIDRA 6396
2025-03-01,PA,women,unemployment,11.0,%,IBGE SIDRA 6396
2025-03-01,PB,men,unemployment,7.0,%,IBGE SIDRA 6396
2025-03-01,PB,total,unemployment,8.7,%,IBGE SIDRA 6396
2025-03-01,PB,women,unemployment,11.0,%,IBGE SIDRA 6396
2025-03-01,PE,men,unemployment,9.7,%,IBGE SIDRA 6396
2025-03-01,PE,total,unemployment,11.6,%,IBGE SIDRA 6396
2025-03-01,PE,women,unemployment,14.0,%,IBGE SIDRA 6396
2025-03-01,PI,men,unemployment,9.4,%,IBGE SIDRA 6396
2025-03-01,PI,total,unemployment,10.2,%,IBGE SIDRA 6396
2025-03-01,PI,women,unemployment,11.3,%,IBGE SIDRA 6396
2025-03-01,PR,men,unemployment,3.4,%,IBGE SIDRA 6396
2025-03-01,PR,total,unemployment,4.0,%,IBGE SIDRA 6396
2025-03-01,PR,women,unemployment,4.7,%,IBGE SIDRA 6396
2025-03-01,RJ,men,unemployment,7.3,%,IBGE SIDRA 6396
2025-03-01,RJ,total,unemployment,9.3,%,IBGE SIDRA 6396
2025-03-01,RJ,women,unemployment,11.8,%,IBGE SIDRA 6396
2025-03-01,RN,men,unemployment,8.3,%,IBGE SIDRA 6396
2025-03-01,RN,total,unemployment,9.9,%,IBGE SIDRA 6396
2025-03-01,RN,women,unemployment,12.3,%,IBGE SIDRA 6396
2025-03-01,RO,men,unemployment,1.8,%,IBGE SIDRA 6396
2025-03-01,RO,total,unemployment,3.1,%,IBGE SIDRA 6396
2025-03-01,RO,women,unemployment,5.1,%,IBGE SIDRA 6396
2025-03-01,RR,men,unemployment,6.8,%,IBGE SIDRA 6396
2025-03-01,RR,total,unemployment,7.5,%,IBGE SIDRA 6396
2025-03-01,RR,women,unemployment,8.4,%,IBGE SIDRA 6396
2025-03-01,RS,men,unemployment,4.2,%,IBGE SIDRA 6396
2025-03-01,RS,total,unemployment,5.3,%,IBGE SIDRA 6396
2025-03-01,RS,women,unemployment,6.5,%,IBGE SIDRA 6396
2025-03-01,SC,men,unemployment,2.3,%,IBGE SIDRA 6396
2025-03-01,SC,total,unemployment,3.0,%,IBGE SIDRA 6396
2025-03-01,SC,women,unemployment,4.0,%,IBGE SIDRA 6396
2025-03-01,SE,men,unemployment,7.2,%,IBGE SIDRA 6396
2025-03-01,SE,total,unemployment,9.3,%,IBGE SIDRA 6396
2025-03-01,SE,women,unemployment,12.1,%,IBGE SIDRA 6396
2025-03-01,SP,men,unemployment,4.9,%,IBGE SIDRA 6396
2025-03-01,SP,total,unemployment,6.3,%,IBGE SIDRA 6396
2025-03-01,SP,women,unemployment,7.9,%,IBGE SIDRA 6396
2025-03-01,TO,men,unemployment,6.1,%,IBGE SIDRA 6396
2025-03-01,TO,total,unemployment,6.4,%,IBGE SIDRA 6396
2025-03-01,TO,women,unemployment,6.8,%,IBGE SIDRA 6396
2025-06-01,AC,men,real_income,2715.0,R$,IBGE SIDRA 5436
2025-06-01,AC,total,real_income,2633.0,R$,IBGE SIDRA 5436
2025-06-01,AC,women,real_income,2506.0,R$,IBGE SIDRA 5436
2025-06-01,AL,men,real_income,2802.0,R$,IBGE SIDRA 5436
2025-06-01,AL,total,real_income,2654.0,R$,IBGE SIDRA 5436
2025-06-01,AL,women,real_income,2445.0,R$,IBGE SIDRA 5436
2025-06-01,AM,men,real_income,2660.0,R$,IBGE SIDRA 5436
2025-06-01,AM,total,real_income,2554.0,R$,IBGE SIDRA 5436
2025-06-01,AM,women,real_income,2398.0,R$,IBGE SIDRA 5436
2025-06-01,AP,men,real_income,3376.0,R$,IBGE SIDRA 5436
2025-06-01,AP,total,real_income,3203.0,R$,IBGE SIDRA 5436
2025-06-01,AP,women,real_income,2966.0,R$,IBGE SIDRA 5436
2025-06-01,BA,men,real_income,2433.0,R$,IBGE SIDRA 5436
2025-06-01,BA,total,real_income,2299.0,R$,IBGE SIDRA 5436
2025-06-01,BA,women,real_income,2116.0,R$,IBGE SIDRA 5436
2025-06-01,BR,men,real_income,4000.0,R$,IBGE SIDRA 5436
2025-06-01,BR,total,real_income,3635.0,R$,IBGE SIDRA 5436
2025-06-01,BR,women,real_income,3158.0,R$,IBGE SIDRA 5436
2025-06-01,CE,men,real_income,2600.0,R$,IBGE SIDRA 5436
2025-06-01,CE,total,real_income,2446.0,R$,IBGE SIDRA 5436
2025-06-01,CE,women,real_income,2238.0,R$,IBGE SIDRA 5436
2025-06-01,DF,men,real_income,6904.0,R$,IBGE SIDRA 5436
2025-06-01,DF,total,real_income,6174.0,R$,IBGE SIDRA 5436
2025-06-01,DF,women,real_income,5315.0,R$,IBGE SIDRA 5436
2025-06-01,ES,men,real_income,3991.0,R$,IBGE SIDRA 5436
2025-06-01,ES,total,real_income,3637.0,R$,IBGE SIDRA 5436
2025-06-01,ES,women,real_income,3147.0,R$,IBGE SIDRA 5436
2025-06-01,GO,men,real_income,4072.0,R$,IBGE SIDRA 5436
2025-06-01,GO,total,real_income,3618.0,R$,IBGE SIDRA 5436
2025-06-01,GO,women,real_income,3009.0,R$,IBGE SIDRA 5436
2025-06-01,MA,men,real_income,2364.0,R$,IBGE SIDRA 5436
2025-06-01,MA,total,real_income,2266.0,R$,IBGE SIDRA 5436
2025-06-01,MA,women,real_income,2130.0,R$,IBGE SIDRA 5436
2025-06-01,MG,men,real_income,3760.0,R$,IBGE SIDRA 5436
2025-06-01,MG,total,real_income,3342.0,R$,IBGE SIDRA 5436
2025-06-01,MG,women,real_income,2794.0,R$,IBGE SIDRA 5436
2025-06-01,MS,men,real_income,4100.0,R$,IBGE SIDRA 5436
2025-06-01,MS,total,real_income,3715.0,R$,IBGE SIDRA 5436
2025-06-01,MS,women,real_income,3223.0,R$,IBGE SIDRA 5436
2025-06-01,MT,men,real_income,4200.0,R$,IBGE SIDRA 5436
2025-06-01,MT,total,real_income,3759.0,R$,IBGE SIDRA 5436
2025-06-01,MT,women,real_income,3158.0,R$,IBGE SIDRA 5436
2025-06-01,PA,men,real_income,2896.0,R$,IBGE SIDRA 5436
2025-06-01,PA,total,real_income,2713.0,R$,IBGE SIDRA 5436
2025-06-01,PA,women,real_income,2423.0,R$,IBGE SIDRA 5436
2025-06-01,PB,men,real_income,2657.0,R$,IBGE SIDRA 5436
2025-06-01,PB,total,real_income,2539.0,R$,IBGE SIDRA 5436
2025-06-01,PB,women,real_income,2372.0,R$,IBGE SIDRA 5436
2025-06-01,PE,men,real_income,3152.0,R$,IBGE SIDRA 5436
2025-06-01,PE,total,real_income,2866.0,R$,IBGE SIDRA 5436
2025-06-01,PE,women,real_income,2474.0,R$,IBGE SIDRA 5436
2025-06-01,PI,men,real_income,2688.0,R$,IBGE SIDRA 5436
2025-06-01,PI,total,real_income,2537.0,R$,IBGE SIDRA 5436
2025-06-01,PI,women,real_income,2320.0,R$,IBGE SIDRA 5436
2025-06-01,PR,men,real_income,4402.0,R$,IBGE SIDRA 5436
2025-06-01,PR,total,real_income,3951.0,R$,IBGE SIDRA 5436
2025-06-01,PR,women,real_income,3376.0,R$,IBGE SIDRA 5436
2025-06-01,RJ,men,real_income,4919.0,R$,IBGE SIDRA 5436
2025-06-01,RJ,total,real_income,4380.0,R$,IBGE SIDRA 5436
2025-06-01,RJ,women,real_income,3694.0,R$,IBGE SIDRA 5436
2025-06-01,RN,men,real_income,3293.0,R$,IBGE SIDRA 5436
2025-06-01,RN,total,real_income,3023.0,R$,IBGE SIDRA 5436
2025-06-01,RN,women,real_income,2637.0,R$,IBGE SIDRA 5436
2025-06-01,RO,men,real_income,3562.0,R$,IBGE SIDRA 5436
2025-06-01,RO,total,real_income,3313.0,R$,IBGE SIDRA 5436
2025-06-01,RO,women,real_income,2918.0,R$,IBGE SIDRA 5436
2025-06-01,RR,men,real_income,3544.0,R$,IBGE SIDRA 5436
2025-06-01,RR,total,real_income,3363.0,R$,IBGE SIDRA 5436
2025-06-01,RR,women,real_income,3110.0,R$,IBGE SIDRA 5436
2025-06-01,RS,men,real_income,4403.0,R$,IBGE SIDRA 5436
2025-06-01,RS,total,real_income,3962.0,R$,IBGE SIDRA 5436
2025-06-01,RS,women,real_income,3410.0,R$,IBGE SIDRA 5436
2025-06-01,SC,men,real_income,4764.0,R$,IBGE SIDRA 5436
2025-06-01,SC,total,real_income,4237.0,R$,IBGE SIDRA 5436
2025-06-01,SC,women,real_income,3581.0,R$,IBGE SIDRA 5436
2025-06-01,SE,men,real_income,2819.0,R$,IBGE SIDRA 5436
2025-06-01,SE,total,real_income,2679.0,R$,IBGE SIDRA 5436
2025-06-01,SE,women,real_income,2482.0,R$,IBGE SIDRA 5436
2025-06-01,SP,men,real_income,4885.0,R$,IBGE SIDRA 5436
2025-06-01,SP,total,real_income,4380.0,R$,IBGE SIDRA 5436
2025-06-01,SP,women,real_income,3760.0,R$,IBGE SIDRA 5436
2025-06-01,TO,men,real_income,3581.0,R$,IBGE SIDRA 5436
2025-06-01,TO,total,real_income,3276.0,R$,IBGE SIDRA 5436
2025-06-01,TO,women,real_income,2854.0,R$,IBGE SIDRA 5436
2025-06-01,AC,men,unemployment,6.0,%,IBGE SIDRA 6396
2025-06-01,AC,total,unemployment,7.3,%,IBGE SIDRA 6396
2025-06-01,AC,women,unemployment,9.4,%,IBGE SIDRA 6396
2025-06-01,AL,men,unemployment,6.4,%,IBGE SIDRA 6396
2025-06-01,AL,total,unemployment,7.5,%,IBGE SIDRA 6396
2025-06-01,AL,women,unemployment,8.9,%,IBGE SIDRA 6396
2025-06-01,AM,men,unemployment,5.9,%,IBGE SIDRA 6396
2025-06-01,AM,total,unemployment,7.7,%,IBGE SIDRA 6396
2025-06-01,AM,women,unemployment,10.2,%,IBGE SIDRA 6396
2025-06-01,AP,men,unemployment,6.8,%,IBGE SIDRA 6396
2025-06-01,AP,total,unemployment,6.9,%,IBGE SIDRA 6396
2025-06-01,AP,women,unemployment,7.0,%,IBGE SIDRA 6396
2025-06-01,BA,men,unemployment,6.9,%,IBGE SIDRA 6396
2025-06-01,BA,total,unemployment,9.1,%,IBGE SIDRA 6396
2025-06-01,BA,women,unemployment,12.0,%,IBGE SIDRA 6396
2025-06-01,BR,men,unemployment,4.8,%,IBGE SIDRA 6396
2025-06-01,BR,total,unemployment,5.8,%,IBGE SIDRA 6396
2025-06-01,BR,women,unemployment,6.9,%,IBGE SIDRA 6396
2025-06-01,CE,men,unemployment,6.1,%,IBGE SIDRA 6396
2025-06-01,CE,total,unemployment,6.6,%,IBGE SIDRA 6396
2025-06-01,CE,women,unemployment,7.2,%,IBGE SIDRA 6396
2025-06-01,DF,men,unemployment,7.3,%,IBGE SIDRA 6396
2025-06-01,DF,total,unemployment,8.7,%,IBGE SIDRA 6396
2025-06-01,DF,women,unemployment,10.3,%,IBGE SIDRA 6396
2025-06-01,ES,men,unemployment,2.3,%,IBGE SIDRA 6396
2025-06-01,ES,total,unemployment,3.1,%,IBGE SIDRA 6396
2025-06-01,ES,women,unemployment,4.2,%,IBGE SIDRA 6396
2025-06-01,GO,men,unemployment,3.8,%,IBGE SIDRA 6396
2025-06-01,GO,total,unemployment,4.4,%,IBGE SIDRA 6396
2025-06-01,GO,women,unemployment,5.3,%,IBGE SIDRA 6396
2025-06-01,MA,men,unemployment,6.1,%,IBGE SIDRA 6396
2025-06-01,MA,total,unemployment,6.6,%,IBGE SIDRA 6396
2025-06-01,MA,women,unemployment,7.3,%,IBGE SIDRA 6396
2025-06-01,MG,men,unemployment,3.6,%,IBGE SIDRA 6396
2025-06-01,MG,total,unemployment,4.0,%,IBGE SIDRA 6396
2025-06-01,MG,women,unemployment,4.6,%,IBGE SIDRA 6396
2025-06-01,MS,men,unemployment,2.9,%,IBGE SIDRA 6396
2025-06-01,MS,total,unemployment,2.9,%,IBGE SIDRA 6396
2025-06-01,MS,women,unemployment,2.9,%,IBGE SIDRA 6396
2025-06-01,MT,men,unemployment,2.2,%,IBGE SIDRA 6396
2025-06-01,MT,total,unemployment,2.8,%,IBGE SIDRA 6396
2025-06-01,MT,women,unemployment,3.6,%,IBGE SIDRA 6396
2025-06-01,PA,men,unemployment,5.4,%,IBGE SIDRA 6396
2025-06-01,PA,total,unemployment,6.9,%,IBGE SIDRA 6396
2025-06-01,PA,women,unemployment,9.1,%,IBGE SIDRA 6396
2025-06-01,PB,men,unemployment,6.0,%,IBGE SIDRA 6396
2025-06-01,PB,total,unemployment,7.0,%,IBGE SIDRA 6396
2025-06-01,PB,women,unemployment,8.4,%,IBGE SIDRA 6396
2025-06-01,PE,men,unemployment,9.3,%,IBGE SIDRA 6396
2025-06-01,PE,total,unemployment,10.4,%,IBGE SIDRA 6396
2025-06-01,PE,women,unemployment,11.8,%,IBGE SIDRA 6396
2025-06-01,PI,men,unemployment,7.6,%,IBGE SIDRA 6396
2025-06-01,PI,total,unemployment,8.5,%,IBGE SIDRA 6396
2025-06-01,PI,women,unemployment,9.7,%,IBGE SIDRA 6396
2025-06-01,PR,men,unemployment,3.2,%,IBGE SIDRA 6396
2025-06-01,PR,total,unemployment,3.8,%,IBGE SIDRA 6396
2025-06-01,PR,women,unemployment,4.6,%,IBGE SIDRA 6396
2025-06-01,RJ,men,unemployment,6.4,%,IBGE SIDRA 6396
2025-06-01,RJ,total,unemployment,8.1,%,IBGE SIDRA 6396
2025-06-01,RJ,women,unemployment,10.2,%,IBGE SIDRA 6396
2025-06-01,RN,men,unemployment,6.6,%,IBGE SIDRA 6396
2025-06-01,RN,total,unemployment,7.5,%,IBGE SIDRA 6396
2025-06-01,RN,women,unemployment,8.7,%,IBGE SIDRA 6396
2025-06-01,RO,men,unemployment,1.7,%,IBGE SIDRA 6396
2025-06-01,RO,total,unemployment,2.3,%,IBGE SIDRA 6396
2025-06-01,RO,women,unemployment,3.1,%,IBGE SIDRA 6396
2025-06-01,RR,men,unemployment,4.9,%,IBGE SIDRA 6396
2025-06-01,RR,total,unemployment,5.9,%,IBGE SIDRA 6396
2025-06-01,RR,women,unemployment,7.2,%,IBGE SIDRA 6396
2025-06-01,RS,men,unemployment,3.8,%,IBGE SIDRA 6396
2025-06-01,RS,total,unemployment,4.3,%,IBGE SIDRA 6396
2025-06-01,RS,women,unemployment,5.1,%,IBGE SIDRA 6396
2025-06-01,SC,men,unemployment,2.1,%,IBGE SIDRA 6396
2025-06-01,SC,total,unemployment,2.2,%,IBGE SIDRA 6396
2025-06-01,SC,women,unemployment,2.5,%,IBGE SIDRA 6396
2025-06-01,SE,men,unemployment,5.8,%,IBGE SIDRA 6396
2025-06-01,SE,total,unemployment,8.1,%,IBGE SIDRA 6396
2025-06-01,SE,women,unemployment,10.9,%,IBGE SIDRA 6396
2025-06-01,SP,men,unemployment,4.3,%,IBGE SIDRA 6396
2025-06-01,SP,total,unemployment,5.1,%,IBGE SIDRA 6396
2025-06-01,SP,women,unemployment,6.1,%,IBGE SIDRA 6396
2025-06-01,TO,men,unemployment,5.5,%,IBGE SIDRA 6396
2025-06-01,TO,total,unemployment,5.3,%,IBGE SIDRA 6396
2025-06-01,TO,women,unemployment,5.1,%,IBGE SIDRA 6396
2025-09-01,AC,men,real_income,2986.0,R$,IBGE SIDRA 5436
2025-09-01,AC,total,real_income,2890.0,R$,IBGE SIDRA 5436
2025-09-01,AC,women,real_income,2748.0,R$,IBGE SIDRA 5436
2025-09-01,AL,men,real_income,2706.0,R$,IBGE SIDRA 5436
2025-09-01,AL,total,real_income,2577.0,R$,IBGE SIDRA 5436
2025-09-01,AL,women,real_income,2393.0,R$,IBGE SIDRA 5436
2025-09-01,AM,men,real_income,2842.0,R$,IBGE SIDRA 5436
2025-09-01,AM,total,real_income,2713.0,R$,IBGE SIDRA 5436
2025-09-01,AM,women,real_income,2522.0,R$,IBGE SIDRA 5436
2025-09-01,AP,men,real_income,3269.0,R$,IBGE SIDRA 5436
2025-09-01,AP,total,real_income,3179.0,R$,IBGE SIDRA 5436
2025-09-01,AP,women,real_income,3055.0,R$,IBGE SIDRA 5436
2025-09-01,BA,men,real_income,2498.0,R$,IBGE SIDRA 5436
2025-09-01,BA,total,real_income,2374.0,R$,IBGE SIDRA 5436
2025-09-01,BA,women,real_income,2207.0,R$,IBGE SIDRA 5436
2025-09-01,BR,men,real_income,3996.0,R$,IBGE SIDRA 5436
2025-09-01,BR,total,real_income,3645.0,R$,IBGE SIDRA 5436
2025-09-01,BR,women,real_income,3181.0,R$,IBGE SIDRA 5436
2025-09-01,CE,men,real_income,2580.0,R$,IBGE SIDRA 5436
2025-09-01,CE,total,real_income,2457.0,R$,IBGE SIDRA 5436
2025-09-01,CE,women,real_income,2287.0,R$,IBGE SIDRA 5436
2025-09-01,DF,men,real_income,7124.0,R$,IBGE SIDRA 5436
2025-09-01,DF,total,real_income,6374.0,R$,IBGE SIDRA 5436
2025-09-01,DF,women,real_income,5475.0,R$,IBGE SIDRA 5436
2025-09-01,ES,men,real_income,3971.0,R$,IBGE SIDRA 5436
2025-09-01,ES,total,real_income,3563.0,R$,IBGE SIDRA 5436
2025-09-01,ES,women,real_income,3007.0,R$,IBGE SIDRA 5436
2025-09-01,GO,men,real_income,4202.0,R$,IBGE SIDRA 5436
2025-09-01,GO,total,real_income,3718.0,R$,IBGE SIDRA 5436
2025-09-01,GO,women,real_income,3084.0,R$,IBGE SIDRA 5436
2025-09-01,MA,men,real_income,2343.0,R$,IBGE SIDRA 5436
2025-09-01,MA,total,real_income,2286.0,R$,IBGE SIDRA 5436
2025-09-01,MA,women,real_income,2203.0,R$,IBGE SIDRA 5436
2025-09-01,MG,men,real_income,3717.0,R$,IBGE SIDRA 5436
2025-09-01,MG,total,real_income,3329.0,R$,IBGE SIDRA 5436
2025-09-01,MG,women,real_income,2817.0,R$,IBGE SIDRA 5436
2025-09-01,MS,men,real_income,4146.0,R$,IBGE SIDRA 5436
2025-09-01,MS,total,real_income,3737.0,R$,IBGE SIDRA 5436
2025-09-01,MS,women,real_income,3211.0,R$,IBGE SIDRA 5436
2025-09-01,MT,men,real_income,4370.0,R$,IBGE SIDRA 5436
2025-09-01,MT,total,real_income,3918.0,R$,IBGE SIDRA 5436
2025-09-01,MT,women,real_income,3286.0,R$,IBGE SIDRA 5436
2025-09-01,PA,men,real_income,2610.0,R$,IBGE SIDRA 5436
2025-09-01,PA,total,real_income,2522.0,R$,IBGE SIDRA 5436
2025-09-01,PA,women,real_income,2376.0,R$,IBGE SIDRA 5436
2025-09-01,PB,men,real_income,2811.0,R$,IBGE SIDRA 5436
2025-09-01,PB,total,real_income,2688.0,R$,IBGE SIDRA 5436
2025-09-01,PB,women,real_income,2510.0,R$,IBGE SIDRA 5436
2025-09-01,PE,men,real_income,2900.0,R$,IBGE SIDRA 5436
2025-09-01,PE,total,real_income,2750.0,R$,IBGE SIDRA 5436
2025-09-01,PE,women,real_income,2535.0,R$,IBGE SIDRA 5436
2025-09-01,PI,men,real_income,2715.0,R$,IBGE SIDRA 5436
2025-09-01,PI,total,real_income,2586.0,R$,IBGE SIDRA 5436
2025-09-01,PI,women,real_income,2399.0,R$,IBGE SIDRA 5436
2025-09-01,PR,men,real_income,4736.0,R$,IBGE SIDRA 5436
2025-09-01,PR,total,real_income,4183.0,R$,IBGE SIDRA 5436
2025-09-01,PR,women,real_income,3483.0,R$,IBGE SIDRA 5436
2025-09-01,RJ,men,real_income,4765.0,R$,IBGE SIDRA 5436
2025-09-01,RJ,total,real_income,4268.0,R$,IBGE SIDRA 5436
2025-09-01,RJ,women,real_income,3641.0,R$,IBGE SIDRA 5436
2025-09-01,RN,men,real_income,3097.0,R$,IBGE SIDRA 5436
2025-09-01,RN,total,real_income,2939.0,R$,IBGE SIDRA 5436
2025-09-01,RN,women,real_income,2716.0,R$,IBGE SIDRA 5436
2025-09-01,RO,men,real_income,3484.0,R$,IBGE SIDRA 5436
2025-09-01,RO,total,real_income,3323.0,R$,IBGE SIDRA 5436
2025-09-01,RO,women,real_income,3064.0,R$,IBGE SIDRA 5436
2025-09-01,RR,men,real_income,3768.0,R$,IBGE SIDRA 5436
2025-09-01,RR,total,real_income,3462.0,R$,IBGE SIDRA 5436
2025-09-01,RR,women,real_income,3014.0,R$,IBGE SIDRA 5436
2025-09-01,RS,men,real_income,4549.0,R$,IBGE SIDRA 5436
2025-09-01,RS,total,real_income,4031.0,R$,IBGE SIDRA 5436
2025-09-01,RS,women,real_income,3395.0,R$,IBGE SIDRA 5436
2025-09-01,SC,men,real_income,4824.0,R$,IBGE SIDRA 5436
2025-09-01,SC,total,real_income,4344.0,R$,IBGE SIDRA 5436
2025-09-01,SC,women,real_income,3736.0,R$,IBGE SIDRA 5436
2025-09-01,SE,men,real_income,3283.0,R$,IBGE SIDRA 5436
2025-09-01,SE,total,real_income,3036.0,R$,IBGE SIDRA 5436
2025-09-01,SE,women,real_income,2695.0,R$,IBGE SIDRA 5436
2025-09-01,SP,men,real_income,4830.0,R$,IBGE SIDRA 5436
2025-09-01,SP,total,real_income,4336.0,R$,IBGE SIDRA 5436
2025-09-01,SP,women,real_income,3721.0,R$,IBGE SIDRA 5436
2025-09-01,TO,men,real_income,3588.0,R$,IBGE SIDRA 5436
2025-09-01,TO,total,real_income,3244.0,R$,IBGE SIDRA 5436
2025-09-01,TO,women,real_income,2771.0,R$,IBGE SIDRA 5436
2025-09-01,AC,men,unemployment,6.8,%,IBGE SIDRA 6396
2025-09-01,AC,total,unemployment,7.4,%,IBGE SIDRA 6396
2025-09-01,AC,women,unemployment,8.4,%,IBGE SIDRA 6396
2025-09-01,AL,men,unemployment,6.8,%,IBGE SIDRA 6396
2025-09-01,AL,total,unemployment,7.7,%,IBGE SIDRA 6396
2025-09-01,AL,women,unemployment,8.9,%,IBGE SIDRA 6396
2025-09-01,AM,men,unemployment,5.9,%,IBGE SIDRA 6396
2025-09-01,AM,total,unemployment,7.6,%,IBGE SIDRA 6396
2025-09-01,AM,women,unemployment,9.8,%,IBGE SIDRA 6396
2025-09-01,AP,men,unemployment,7.9,%,IBGE SIDRA 6396
2025-09-01,AP,total,unemployment,8.7,%,IBGE SIDRA 6396
2025-09-01,AP,women,unemployment,9.7,%,IBGE SIDRA 6396
2025-09-01,BA,men,unemployment,6.0,%,IBGE SIDRA 6396
2025-09-01,BA,total,unemployment,8.5,%,IBGE SIDRA 6396
2025-09-01,BA,women,unemployment,11.5,%,IBGE SIDRA 6396
2025-09-01,BR,men,unemployment,4.5,%,IBGE SIDRA 6396
2025-09-01,BR,total,unemployment,5.6,%,IBGE SIDRA 6396
2025-09-01,BR,women,unemployment,6.9,%,IBGE SIDRA 6396
2025-09-01,CE,men,unemployment,5.5,%,IBGE SIDRA 6396
2025-09-01,CE,total,unemployment,6.4,%,IBGE SIDRA 6396
2025-09-01,CE,women,unemployment,7.7,%,IBGE SIDRA 6396
2025-09-01,DF,men,unemployment,6.3,%,IBGE SIDRA 6396
2025-09-01,DF,total,unemployment,8.0,%,IBGE SIDRA 6396
2025-09-01,DF,women,unemployment,10.1,%,IBGE SIDRA 6396
2025-09-01,ES,men,unemployment,2.2,%,IBGE SIDRA 6396
2025-09-01,ES,total,unemployment,2.6,%,IBGE SIDRA 6396
2025-09-01,ES,women,unemployment,3.1,%,IBGE SIDRA 6396
2025-09-01,GO,men,unemployment,4.0,%,IBGE SIDRA 6396
2025-09-01,GO,total,unemployment,4.5,%,IBGE SIDRA 6396
2025-09-01,GO,women,unemployment,5.1,%,IBGE SIDRA 6396
2025-09-01,MA,men,unemployment,5.3,%,IBGE SIDRA 6396
2025-09-01,MA,total,unemployment,6.1,%,IBGE SIDRA 6396
2025-09-01,MA,women,unemployment,7.2,%,IBGE SIDRA 6396
2025-09-01,MG,men,unemployment,3.4,%,IBGE SIDRA 6396
2025-09-01,MG,total,unemployment,4.1,%,IBGE SIDRA 6396
2025-09-01,MG,women,unemployment,5.1,%,IBGE SIDRA 6396
2025-09-01,MS,men,unemployment,2.5,%,IBGE SIDRA 6396
2025-09-01,MS,total,unemployment,2.9,%,IBGE SIDRA 6396
2025-09-01,MS,women,unemployment,3.4,%,IBGE SIDRA 6396
2025-09-01,MT,men,unemployment,1.8,%,IBGE SIDRA 6396
2025-09-01,MT,total,unemployment,2.3,%,IBGE SIDRA 6396
2025-09-01,MT,women,unemployment,3.0,%,IBGE SIDRA 6396
2025-09-01,PA,men,unemployment,5.3,%,IBGE SIDRA 6396
2025-09-01,PA,total,unemployment,6.5,%,IBGE SIDRA 6396
2025-09-01,PA,women,unemployment,8.2,%,IBGE SIDRA 6396
2025-09-01,PB,men,unemployment,6.1,%,IBGE SIDRA 6396
2025-09-01,PB,total,unemployment,7.0,%,IBGE SIDRA 6396
2025-09-01,PB,women,unemployment,8.3,%,IBGE SIDRA 6396
2025-09-01,PE,men,unemployment,8.0,%,IBGE SIDRA 6396
2025-09-01,PE,total,unemployment,10.0,%,IBGE SIDRA 6396
2025-09-01,PE,women,unemployment,12.8,%,IBGE SIDRA 6396
2025-09-01,PI,men,unemployment,6.9,%,IBGE SIDRA 6396
2025-09-01,PI,total,unemployment,7.5,%,IBGE SIDRA 6396
2025-09-01,PI,women,unemployment,8.3,%,IBGE SIDRA 6396
2025-09-01,PR,men,unemployment,3.0,%,IBGE SIDRA 6396
2025-09-01,PR,total,unemployment,3.5,%,IBGE SIDRA 6396
2025-09-01,PR,women,unemployment,4.1,%,IBGE SIDRA 6396
2025-09-01,RJ,men,unemployment,5.8,%,IBGE SIDRA 6396
2025-09-01,RJ,total,unemployment,7.5,%,IBGE SIDRA 6396
2025-09-01,RJ,women,unemployment,9.5,%,IBGE SIDRA 6396
2025-09-01,RN,men,unemployment,6.9,%,IBGE SIDRA 6396
2025-09-01,RN,total,unemployment,7.5,%,IBGE SIDRA 6396
2025-09-01,RN,women,unemployment,8.3,%,IBGE SIDRA 6396
2025-09-01,RO,men,unemployment,1.7,%,IBGE SIDRA 6396
2025-09-01,RO,total,unemployment,2.6,%,IBGE SIDRA 6396
2025-09-01,RO,women,unemployment,4.0,%,IBGE SIDRA 6396
2025-09-01,RR,men,unemployment,4.5,%,IBGE SIDRA 6396
2025-09-01,RR,total,unemployment,4.7,%,IBGE SIDRA 6396
2025-09-01,RR,women,unemployment,5.1,%,IBGE SIDRA 6396
2025-09-01,RS,men,unemployment,3.4,%,IBGE SIDRA 6396
2025-09-01,RS,total,unemployment,4.1,%,IBGE SIDRA 6396
2025-09-01,RS,women,unemployment,4.8,%,IBGE SIDRA 6396
2025-09-01,SC,men,unemployment,2.2,%,IBGE SIDRA 6396
2025-09-01,SC,total,unemployment,2.3,%,IBGE SIDRA 6396
2025-09-01,SC,women,unemployment,2.6,%,IBGE SIDRA 6396
2025-09-01,SE,men,unemployment,6.5,%,IBGE SIDRA 6396
2025-09-01,SE,total,unemployment,7.7,%,IBGE SIDRA 6396
2025-09-01,SE,women,unemployment,9.3,%,IBGE SIDRA 6396
2025-09-01,SP,men,unemployment,4.2,%,IBGE SIDRA 6396
2025-09-01,SP,total,unemployment,5.2,%,IBGE SIDRA 6396
2025-09-01,SP,women,unemployment,6.5,%,IBGE SIDRA 6396
2025-09-01,TO,men,unemployment,3.4,%,IBGE SIDRA 6396
2025-09-01,TO,total,unemployment,3.8,%,IBGE SIDRA 6396
2025-09-01,TO,women,unemployment,4.3,%,IBGE SIDRA 6396
2025-12-01,AC,men,real_income,3131.0,R$,IBGE SIDRA 5436
2025-12-01,AC,total,real_income,3045.0,R$,IBGE SIDRA 5436
2025-12-01,AC,women,real_income,2916.0,R$,IBGE SIDRA 5436
2025-12-01,AL,men,real_income,2845.0,R$,IBGE SIDRA 5436
2025-12-01,AL,total,real_income,2656.0,R$,IBGE SIDRA 5436
2025-12-01,AL,women,real_income,2388.0,R$,IBGE SIDRA 5436
2025-12-01,AM,men,real_income,2921.0,R$,IBGE SIDRA 5436
2025-12-01,AM,total,real_income,2790.0,R$,IBGE SIDRA 5436
2025-12-01,AM,women,real_income,2599.0,R$,IBGE SIDRA 5436
2025-12-01,AP,men,real_income,3666.0,R$,IBGE SIDRA 5436
2025-12-01,AP,total,real_income,3490.0,R$,IBGE SIDRA 5436
2025-12-01,AP,women,real_income,3248.0,R$,IBGE SIDRA 5436
2025-12-01,BA,men,real_income,2625.0,R$,IBGE SIDRA 5436
2025-12-01,BA,total,real_income,2445.0,R$,IBGE SIDRA 5436
2025-12-01,BA,women,real_income,2205.0,R$,IBGE SIDRA 5436
2025-12-01,BR,men,real_income,4109.0,R$,IBGE SIDRA 5436
2025-12-01,BR,total,real_income,3734.0,R$,IBGE SIDRA 5436
2025-12-01,BR,women,real_income,3241.0,R$,IBGE SIDRA 5436
2025-12-01,CE,men,real_income,2604.0,R$,IBGE SIDRA 5436
2025-12-01,CE,total,real_income,2524.0,R$,IBGE SIDRA 5436
2025-12-01,CE,women,real_income,2413.0,R$,IBGE SIDRA 5436
2025-12-01,DF,men,real_income,7173.0,R$,IBGE SIDRA 5436
2025-12-01,DF,total,real_income,6400.0,R$,IBGE SIDRA 5436
2025-12-01,DF,women,real_income,5523.0,R$,IBGE SIDRA 5436
2025-12-01,ES,men,real_income,3963.0,R$,IBGE SIDRA 5436
2025-12-01,ES,total,real_income,3613.0,R$,IBGE SIDRA 5436
2025-12-01,ES,women,real_income,3124.0,R$,IBGE SIDRA 5436
2025-12-01,GO,men,real_income,4320.0,R$,IBGE SIDRA 5436
2025-12-01,GO,total,real_income,3798.0,R$,IBGE SIDRA 5436
2025-12-01,GO,women,real_income,3125.0,R$,IBGE SIDRA 5436
2025-12-01,MA,men,real_income,2275.0,R$,IBGE SIDRA 5436
2025-12-01,MA,total,real_income,2217.0,R$,IBGE SIDRA 5436
2025-12-01,MA,women,real_income,2132.0,R$,IBGE SIDRA 5436
2025-12-01,MG,men,real_income,3888.0,R$,IBGE SIDRA 5436
2025-12-01,MG,total,real_income,3465.0,R$,IBGE SIDRA 5436
2025-12-01,MG,women,real_income,2906.0,R$,IBGE SIDRA 5436
2025-12-01,MS,men,real_income,4247.0,R$,IBGE SIDRA 5436
2025-12-01,MS,total,real_income,3830.0,R$,IBGE SIDRA 5436
2025-12-01,MS,women,real_income,3294.0,R$,IBGE SIDRA 5436
2025-12-01,MT,men,real_income,4548.0,R$,IBGE SIDRA 5436
2025-12-01,MT,total,real_income,4023.0,R$,IBGE SIDRA 5436
2025-12-01,MT,women,real_income,3298.0,R$,IBGE SIDRA 5436
2025-12-01,PA,men,real_income,2830.0,R$,IBGE SIDRA 5436
2025-12-01,PA,total,real_income,2677.0,R$,IBGE SIDRA 5436
2025-12-01,PA,women,real_income,2421.0,R$,IBGE SIDRA 5436
2025-12-01,PB,men,real_income,2908.0,R$,IBGE SIDRA 5436
2025-12-01,PB,total,real_income,2765.0,R$,IBGE SIDRA 5436
2025-12-01,PB,women,real_income,2555.0,R$,IBGE SIDRA 5436
2025-12-01,PE,men,real_income,3056.0,R$,IBGE SIDRA 5436
2025-12-01,PE,total,real_income,2836.0,R$,IBGE SIDRA 5436
2025-12-01,PE,women,real_income,2534.0,R$,IBGE SIDRA 5436
2025-12-01,PI,men,real_income,2833.0,R$,IBGE SIDRA 5436
2025-12-01,PI,total,real_income,2681.0,R$,IBGE SIDRA 5436
2025-12-01,PI,women,real_income,2455.0,R$,IBGE SIDRA 5436
2025-12-01,PR,men,real_income,4723.0,R$,IBGE SIDRA 5436
2025-12-01,PR,total,real_income,4230.0,R$,IBGE SIDRA 5436
2025-12-01,PR,women,real_income,3616.0,R$,IBGE SIDRA 5436
2025-12-01,RJ,men,real_income,4894.0,R$,IBGE SIDRA 5436
2025-12-01,RJ,total,real_income,4327.0,R$,IBGE SIDRA 5436
2025-12-01,RJ,women,real_income,3629.0,R$,IBGE SIDRA 5436
2025-12-01,RN,men,real_income,3103.0,R$,IBGE SIDRA 5436
2025-12-01,RN,total,real_income,2948.0,R$,IBGE SIDRA 5436
2025-12-01,RN,women,real_income,2737.0,R$,IBGE SIDRA 5436
2025-12-01,RO,men,real_income,3877.0,R$,IBGE SIDRA 5436
2025-12-01,RO,total,real_income,3621.0,R$,IBGE SIDRA 5436
2025-12-01,RO,women,real_income,3215.0,R$,IBGE SIDRA 5436
2025-12-01,RR,men,real_income,3651.0,R$,IBGE SIDRA 5436
2025-12-01,RR,total,real_income,3403.0,R$,IBGE SIDRA 5436
2025-12-01,RR,women,real_income,3071.0,R$,IBGE SIDRA 5436
2025-12-01,RS,men,real_income,4591.0,R$,IBGE SIDRA 5436
2025-12-01,RS,total,real_income,4095.0,R$,IBGE SIDRA 5436
2025-12-01,RS,women,real_income,3486.0,R$,IBGE SIDRA 5436
2025-12-01,SC,men,real_income,4838.0,R$,IBGE SIDRA 5436
2025-12-01,SC,total,real_income,4315.0,R$,IBGE SIDRA 5436
2025-12-01,SC,women,real_income,3650.0,R$,IBGE SIDRA 5436
2025-12-01,SE,men,real_income,3188.0,R$,IBGE SIDRA 5436
2025-12-01,SE,total,real_income,2989.0,R$,IBGE SIDRA 5436
2025-12-01,SE,women,real_income,2725.0,R$,IBGE SIDRA 5436
2025-12-01,SP,men,real_income,4997.0,R$,IBGE SIDRA 5436
2025-12-01,SP,total,real_income,4466.0,R$,IBGE SIDRA 5436
2025-12-01,SP,women,real_income,3808.0,R$,IBGE SIDRA 5436
2025-12-01,TO,men,real_income,3681.0,R$,IBGE SIDRA 5436
2025-12-01,TO,total,real_income,3416.0,R$,IBGE SIDRA 5436
2025-12-01,TO,women,real_income,3046.0,R$,IBGE SIDRA 5436
2025-12-01,AC,men,unemployment,5.8,%,IBGE SIDRA 6396
2025-12-01,AC,total,unemployment,6.4,%,IBGE SIDRA 6396
2025-12-01,AC,women,unemployment,7.2,%,IBGE SIDRA 6396
2025-12-01,AL,men,unemployment,7.5,%,IBGE SIDRA 6396
2025-12-01,AL,total,unemployment,8.0,%,IBGE SIDRA 6396
2025-12-01,AL,women,unemployment,8.8,%,IBGE SIDRA 6396
2025-12-01,AM,men,unemployment,5.5,%,IBGE SIDRA 6396
2025-12-01,AM,total,unemployment,7.3,%,IBGE SIDRA 6396
2025-12-01,AM,women,unemployment,9.8,%,IBGE SIDRA 6396
2025-12-01,AP,men,unemployment,7.6,%,IBGE SIDRA 6396
2025-12-01,AP,total,unemployment,8.4,%,IBGE SIDRA 6396
2025-12-01,AP,women,unemployment,9.4,%,IBGE SIDRA 6396
2025-12-01,BA,men,unemployment,5.7,%,IBGE SIDRA 6396
2025-12-01,BA,total,unemployment,8.0,%,IBGE SIDRA 6396
2025-12-01,BA,women,unemployment,10.8,%,IBGE SIDRA 6396
2025-12-01,BR,men,unemployment,4.2,%,IBGE SIDRA 6396
2025-12-01,BR,total,unemployment,5.1,%,IBGE SIDRA 6396
2025-12-01,BR,women,unemployment,6.2,%,IBGE SIDRA 6396
2025-12-01,CE,men,unemployment,4.4,%,IBGE SIDRA 6396
2025-12-01,CE,total,unemployment,5.0,%,IBGE SIDRA 6396
2025-12-01,CE,women,unemployment,5.7,%,IBGE SIDRA 6396
2025-12-01,DF,men,unemployment,6.3,%,IBGE SIDRA 6396
2025-12-01,DF,total,unemployment,6.8,%,IBGE SIDRA 6396
2025-12-01,DF,women,unemployment,7.3,%,IBGE SIDRA 6396
2025-12-01,ES,men,unemployment,2.2,%,IBGE SIDRA 6396
2025-12-01,ES,total,unemployment,2.4,%,IBGE SIDRA 6396
2025-12-01,ES,women,unemployment,2.7,%,IBGE SIDRA 6396
2025-12-01,GO,men,unemployment,3.6,%,IBGE SIDRA 6396
2025-12-01,GO,total,unemployment,3.9,%,IBGE SIDRA 6396
2025-12-01,GO,women,unemployment,4.3,%,IBGE SIDRA 6396
2025-12-01,MA,men,unemployment,4.3,%,IBGE SIDRA 6396
2025-12-01,MA,total,unemployment,5.6,%,IBGE SIDRA 6396
2025-12-01,MA,women,unemployment,7.5,%,IBGE SIDRA 6396
2025-12-01,MG,men,unemployment,3.2,%,IBGE SIDRA 6396
2025-12-01,MG,total,unemployment,3.8,%,IBGE SIDRA 6396
2025-12-01,MG,women,unemployment,4.6,%,IBGE SIDRA 6396
2025-12-01,MS,men,unemployment,2.2,%,IBGE SIDRA 6396
2025-12-01,MS,total,unemployment,2.4,%,IBGE SIDRA 6396
2025-12-01,MS,women,unemployment,2.8,%,IBGE SIDRA 6396
2025-12-01,MT,men,unemployment,2.0,%,IBGE SIDRA 6396
2025-12-01,MT,total,unemployment,2.4,%,IBGE SIDRA 6396
2025-12-01,MT,women,unemployment,3.0,%,IBGE SIDRA 6396
2025-12-01,PA,men,unemployment,4.2,%,IBGE SIDRA 6396
2025-12-01,PA,total,unemployment,5.8,%,IBGE SIDRA 6396
2025-12-01,PA,women,unemployment,8.4,%,IBGE SIDRA 6396
2025-12-01,PB,men,unemployment,4.8,%,IBGE SIDRA 6396
2025-12-01,PB,total,unemployment,5.7,%,IBGE SIDRA 6396
2025-12-01,PB,women,unemployment,7.0,%,IBGE SIDRA 6396
2025-12-01,PE,men,unemployment,8.2,%,IBGE SIDRA 6396
2025-12-01,PE,total,unemployment,8.8,%,IBGE SIDRA 6396
2025-12-01,PE,women,unemployment,9.7,%,IBGE SIDRA 6396
2025-12-01,PI,men,unemployment,7.6,%,IBGE SIDRA 6396
2025-12-01,PI,total,unemployment,8.0,%,IBGE SIDRA 6396
2025-12-01,PI,women,unemployment,8.6,%,IBGE SIDRA 6396
2025-12-01,PR,men,unemployment,2.8,%,IBGE SIDRA 6396
2025-12-01,PR,total,unemployment,3.2,%,IBGE SIDRA 6396
2025-12-01,PR,women,unemployment,3.7,%,IBGE SIDRA 6396
2025-12-01,RJ,men,unemployment,5.3,%,IBGE SIDRA 6396
2025-12-01,RJ,total,unemployment,6.9,%,IBGE SIDRA 6396
2025-12-01,RJ,women,unemployment,8.7,%,IBGE SIDRA 6396
2025-12-01,RN,men,unemployment,5.8,%,IBGE SIDRA 6396
2025-12-01,RN,total,unemployment,6.7,%,IBGE SIDRA 6396
2025-12-01,RN,women,unemployment,7.8,%,IBGE SIDRA 6396
2025-12-01,RO,men,unemployment,1.9,%,IBGE SIDRA 6396
2025-12-01,RO,total,unemployment,2.6,%,IBGE SIDRA 6396
2025-12-01,RO,women,unemployment,3.7,%,IBGE SIDRA 6396
2025-12-01,RR,men,unemployment,4.1,%,IBGE SIDRA 6396
2025-12-01,RR,total,unemployment,4.7,%,IBGE SIDRA 6396
2025-12-01,RR,women,unemployment,5.4,%,IBGE SIDRA 6396
2025-12-01,RS,men,unemployment,3.3,%,IBGE SIDRA 6396
2025-12-01,RS,total,unemployment,3.7,%,IBGE SIDRA 6396
2025-12-01,RS,women,unemployment,4.3,%,IBGE SIDRA 6396
2025-12-01,SC,men,unemployment,1.8,%,IBGE SIDRA 6396
2025-12-01,SC,total,unemployment,2.2,%,IBGE SIDRA 6396
2025-12-01,SC,women,unemployment,2.6,%,IBGE SIDRA 6396
2025-12-01,SE,men,unemployment,5.9,%,IBGE SIDRA 6396
2025-12-01,SE,total,unemployment,7.5,%,IBGE SIDRA 6396
2025-12-01,SE,women,unemployment,9.6,%,IBGE SIDRA 6396
2025-12-01,SP,men,unemployment,3.9,%,IBGE SIDRA 6396
2025-12-01,SP,total,unemployment,4.7,%,IBGE SIDRA 6396
2025-12-01,SP,women,unemployment,5.7,%,IBGE SIDRA 6396
2025-12-01,TO,men,unemployment,3.7,%,IBGE SIDRA 6396
2025-12-01,TO,total,unemployment,4.0,%,IBGE SIDRA 6396
2025-12-01,TO,women,unemployment,4.5,%,IBGE SIDRA 6396
2026-03-01,AC,men,real_income,2914.0,R$,IBGE SIDRA 5436
2026-03-01,AC,total,real_income,2889.0,R$,IBGE SIDRA 5436
2026-03-01,AC,women,real_income,2851.0,R$,IBGE SIDRA 5436
2026-03-01,AL,men,real_income,2710.0,R$,IBGE SIDRA 5436
2026-03-01,AL,total,real_income,2595.0,R$,IBGE SIDRA 5436
2026-03-01,AL,women,real_income,2432.0,R$,IBGE SIDRA 5436
2026-03-01,AM,men,real_income,2945.0,R$,IBGE SIDRA 5436
2026-03-01,AM,total,real_income,2840.0,R$,IBGE SIDRA 5436
2026-03-01,AM,women,real_income,2674.0,R$,IBGE SIDRA 5436
2026-03-01,AP,men,real_income,3624.0,R$,IBGE SIDRA 5436
2026-03-01,AP,total,real_income,3498.0,R$,IBGE SIDRA 5436
2026-03-01,AP,women,real_income,3322.0,R$,IBGE SIDRA 5436
2026-03-01,BA,men,real_income,2687.0,R$,IBGE SIDRA 5436
2026-03-01,BA,total,real_income,2536.0,R$,IBGE SIDRA 5436
2026-03-01,BA,women,real_income,2331.0,R$,IBGE SIDRA 5436
2026-03-01,BR,men,real_income,4168.0,R$,IBGE SIDRA 5436
2026-03-01,BR,total,real_income,3795.0,R$,IBGE SIDRA 5436
2026-03-01,BR,women,real_income,3303.0,R$,IBGE SIDRA 5436
2026-03-01,CE,men,real_income,2755.0,R$,IBGE SIDRA 5436
2026-03-01,CE,total,real_income,2655.0,R$,IBGE SIDRA 5436
2026-03-01,CE,women,real_income,2515.0,R$,IBGE SIDRA 5436
2026-03-01,DF,men,real_income,7543.0,R$,IBGE SIDRA 5436
2026-03-01,DF,total,real_income,6822.0,R$,IBGE SIDRA 5436
2026-03-01,DF,women,real_income,5948.0,R$,IBGE SIDRA 5436
2026-03-01,ES,men,real_income,4185.0,R$,IBGE SIDRA 5436
2026-03-01,ES,total,real_income,3769.0,R$,IBGE SIDRA 5436
2026-03-01,ES,women,real_income,3196.0,R$,IBGE SIDRA 5436
2026-03-01,GO,men,real_income,4495.0,R$,IBGE SIDRA 5436
2026-03-01,GO,total,real_income,3965.0,R$,IBGE SIDRA 5436
2026-03-01,GO,women,real_income,3257.0,R$,IBGE SIDRA 5436
2026-03-01,MA,men,real_income,2383.0,R$,IBGE SIDRA 5436
2026-03-01,MA,total,real_income,2304.0,R$,IBGE SIDRA 5436
2026-03-01,MA,women,real_income,2188.0,R$,IBGE SIDRA 5436
2026-03-01,MG,men,real_income,3905.0,R$,IBGE SIDRA 5436
2026-03-01,MG,total,real_income,3509.0,R$,IBGE SIDRA 5436
2026-03-01,MG,women,real_income,2980.0,R$,IBGE SIDRA 5436
2026-03-01,MS,men,real_income,4315.0,R$,IBGE SIDRA 5436
2026-03-01,MS,total,real_income,3866.0,R$,IBGE SIDRA 5436
2026-03-01,MS,women,real_income,3260.0,R$,IBGE SIDRA 5436
2026-03-01,MT,men,real_income,4414.0,R$,IBGE SIDRA 5436
2026-03-01,MT,total,real_income,4021.0,R$,IBGE SIDRA 5436
2026-03-01,MT,women,real_income,3469.0,R$,IBGE SIDRA 5436
2026-03-01,PA,men,real_income,2684.0,R$,IBGE SIDRA 5436
2026-03-01,PA,total,real_income,2595.0,R$,IBGE SIDRA 5436
2026-03-01,PA,women,real_income,2450.0,R$,IBGE SIDRA 5436
2026-03-01,PB,men,real_income,3021.0,R$,IBGE SIDRA 5436
2026-03-01,PB,total,real_income,2871.0,R$,IBGE SIDRA 5436
2026-03-01,PB,women,real_income,2646.0,R$,IBGE SIDRA 5436
2026-03-01,PE,men,real_income,3066.0,R$,IBGE SIDRA 5436
2026-03-01,PE,total,real_income,2899.0,R$,IBGE SIDRA 5436
2026-03-01,PE,women,real_income,2660.0,R$,IBGE SIDRA 5436
2026-03-01,PI,men,real_income,2806.0,R$,IBGE SIDRA 5436
2026-03-01,PI,total,real_income,2690.0,R$,IBGE SIDRA 5436
2026-03-01,PI,women,real_income,2516.0,R$,IBGE SIDRA 5436
2026-03-01,PR,men,real_income,4715.0,R$,IBGE SIDRA 5436
2026-03-01,PR,total,real_income,4246.0,R$,IBGE SIDRA 5436
2026-03-01,PR,women,real_income,3662.0,R$,IBGE SIDRA 5436
2026-03-01,RJ,men,real_income,5045.0,R$,IBGE SIDRA 5436
2026-03-01,RJ,total,real_income,4437.0,R$,IBGE SIDRA 5436
2026-03-01,RJ,women,real_income,3671.0,R$,IBGE SIDRA 5436
2026-03-01,RN,men,real_income,3184.0,R$,IBGE SIDRA 5436
2026-03-01,RN,total,real_income,3022.0,R$,IBGE SIDRA 5436
2026-03-01,RN,women,real_income,2794.0,R$,IBGE SIDRA 5436
2026-03-01,RO,men,real_income,3888.0,R$,IBGE SIDRA 5436
2026-03-01,RO,total,real_income,3572.0,R$,IBGE SIDRA 5436
2026-03-01,RO,women,real_income,3068.0,R$,IBGE SIDRA 5436
2026-03-01,RR,men,real_income,3837.0,R$,IBGE SIDRA 5436
2026-03-01,RR,total,real_income,3620.0,R$,IBGE SIDRA 5436
2026-03-01,RR,women,real_income,3321.0,R$,IBGE SIDRA 5436
2026-03-01,RS,men,real_income,4684.0,R$,IBGE SIDRA 5436
2026-03-01,RS,total,real_income,4207.0,R$,IBGE SIDRA 5436
2026-03-01,RS,women,real_income,3616.0,R$,IBGE SIDRA 5436
2026-03-01,SC,men,real_income,4868.0,R$,IBGE SIDRA 5436
2026-03-01,SC,total,real_income,4374.0,R$,IBGE SIDRA 5436
2026-03-01,SC,women,real_income,3747.0,R$,IBGE SIDRA 5436
2026-03-01,SE,men,real_income,3247.0,R$,IBGE SIDRA 5436
2026-03-01,SE,total,real_income,3109.0,R$,IBGE SIDRA 5436
2026-03-01,SE,women,real_income,2921.0,R$,IBGE SIDRA 5436
2026-03-01,SP,men,real_income,5028.0,R$,IBGE SIDRA 5436
2026-03-01,SP,total,real_income,4457.0,R$,IBGE SIDRA 5436
2026-03-01,SP,women,real_income,3761.0,R$,IBGE SIDRA 5436
2026-03-01,TO,men,real_income,3646.0,R$,IBGE SIDRA 5436
2026-03-01,TO,total,real_income,3414.0,R$,IBGE SIDRA 5436
2026-03-01,TO,women,real_income,3080.0,R$,IBGE SIDRA 5436
2026-03-01,AC,men,unemployment,7.4,%,IBGE SIDRA 6396
2026-03-01,AC,total,unemployment,8.2,%,IBGE SIDRA 6396
2026-03-01,AC,women,unemployment,9.3,%,IBGE SIDRA 6396
2026-03-01,AL,men,unemployment,8.1,%,IBGE SIDRA 6396
2026-03-01,AL,total,unemployment,9.2,%,IBGE SIDRA 6396
2026-03-01,AL,women,unemployment,10.7,%,IBGE SIDRA 6396
2026-03-01,AM,men,unemployment,6.7,%,IBGE SIDRA 6396
2026-03-01,AM,total,unemployment,8.3,%,IBGE SIDRA 6396
2026-03-01,AM,women,unemployment,10.7,%,IBGE SIDRA 6396
2026-03-01,AP,men,unemployment,8.9,%,IBGE SIDRA 6396
2026-03-01,AP,total,unemployment,10.0,%,IBGE SIDRA 6396
2026-03-01,AP,women,unemployment,11.4,%,IBGE SIDRA 6396
2026-03-01,BA,men,unemployment,7.4,%,IBGE SIDRA 6396
2026-03-01,BA,total,unemployment,9.2,%,IBGE SIDRA 6396
2026-03-01,BA,women,unemployment,11.6,%,IBGE SIDRA 6396
2026-03-01,BR,men,unemployment,5.1,%,IBGE SIDRA 6396
2026-03-01,BR,total,unemployment,6.1,%,IBGE SIDRA 6396
2026-03-01,BR,women,unemployment,7.3,%,IBGE SIDRA 6396
2026-03-01,CE,men,unemployment,6.6,%,IBGE SIDRA 6396
2026-03-01,CE,total,unemployment,7.3,%,IBGE SIDRA 6396
2026-03-01,CE,women,unemployment,8.1,%,IBGE SIDRA 6396
2026-03-01,DF,men,unemployment,6.3,%,IBGE SIDRA 6396
2026-03-01,DF,total,unemployment,7.1,%,IBGE SIDRA 6396
2026-03-01,DF,women,unemployment,8.1,%,IBGE SIDRA 6396
2026-03-01,ES,men,unemployment,2.6,%,IBGE SIDRA 6396
2026-03-01,ES,total,unemployment,3.2,%,IBGE SIDRA 6396
2026-03-01,ES,women,unemployment,3.9,%,IBGE SIDRA 6396
2026-03-01,GO,men,unemployment,4.3,%,IBGE SIDRA 6396
2026-03-01,GO,total,unemployment,5.1,%,IBGE SIDRA 6396
2026-03-01,GO,women,unemployment,6.1,%,IBGE SIDRA 6396
2026-03-01,MA,men,unemployment,5.8,%,IBGE SIDRA 6396
2026-03-01,MA,total,unemployment,6.9,%,IBGE SIDRA 6396
2026-03-01,MA,women,unemployment,8.5,%,IBGE SIDRA 6396
2026-03-01,MG,men,unemployment,4.3,%,IBGE SIDRA 6396
2026-03-01,MG,total,unemployment,5.0,%,IBGE SIDRA 6396
2026-03-01,MG,women,unemployment,5.9,%,IBGE SIDRA 6396
2026-03-01,MS,men,unemployment,3.0,%,IBGE SIDRA 6396
2026-03-01,MS,total,unemployment,3.8,%,IBGE SIDRA 6396
2026-03-01,MS,women,unemployment,4.8,%,IBGE SIDRA 6396
2026-03-01,MT,men,unemployment,2.3,%,IBGE SIDRA 6396
2026-03-01,MT,total,unemployment,3.1,%,IBGE SIDRA 6396
2026-03-01,MT,women,unemployment,4.1,%,IBGE SIDRA 6396
2026-03-01,PA,men,unemployment,5.6,%,IBGE SIDRA 6396
2026-03-01,PA,total,unemployment,7.0,%,IBGE SIDRA 6396
2026-03-01,PA,women,unemployment,9.1,%,IBGE SIDRA 6396
2026-03-01,PB,men,unemployment,5.8,%,IBGE SIDRA 6396
2026-03-01,PB,total,unemployment,7.0,%,IBGE SIDRA 6396
2026-03-01,PB,women,unemployment,8.7,%,IBGE SIDRA 6396
2026-03-01,PE,men,unemployment,7.7,%,IBGE SIDRA 6396
2026-03-01,PE,total,unemployment,9.2,%,IBGE SIDRA 6396
2026-03-01,PE,women,unemployment,11.1,%,IBGE SIDRA 6396
2026-03-01,PI,men,unemployment,8.3,%,IBGE SIDRA 6396
2026-03-01,PI,total,unemployment,8.9,%,IBGE SIDRA 6396
2026-03-01,PI,women,unemployment,9.8,%,IBGE SIDRA 6396
2026-03-01,PR,men,unemployment,3.0,%,IBGE SIDRA 6396
2026-03-01,PR,total,unemployment,3.5,%,IBGE SIDRA 6396
2026-03-01,PR,women,unemployment,4.2,%,IBGE SIDRA 6396
2026-03-01,RJ,men,unemployment,6.1,%,IBGE SIDRA 6396
2026-03-01,RJ,total,unemployment,7.3,%,IBGE SIDRA 6396
2026-03-01,RJ,women,unemployment,8.9,%,IBGE SIDRA 6396
2026-03-01,RN,men,unemployment,6.3,%,IBGE SIDRA 6396
2026-03-01,RN,total,unemployment,7.6,%,IBGE SIDRA 6396
2026-03-01,RN,women,unemployment,9.3,%,IBGE SIDRA 6396
2026-03-01,RO,men,unemployment,2.0,%,IBGE SIDRA 6396
2026-03-01,RO,total,unemployment,3.7,%,IBGE SIDRA 6396
2026-03-01,RO,women,unemployment,6.1,%,IBGE SIDRA 6396
2026-03-01,RR,men,unemployment,4.4,%,IBGE SIDRA 6396
2026-03-01,RR,total,unemployment,5.7,%,IBGE SIDRA 6396
2026-03-01,RR,women,unemployment,7.6,%,IBGE SIDRA 6396
2026-03-01,RS,men,unemployment,3.5,%,IBGE SIDRA 6396
2026-03-01,RS,total,unemployment,4.0,%,IBGE SIDRA 6396
2026-03-01,RS,women,unemployment,4.7,%,IBGE SIDRA 6396
2026-03-01,SC,men,unemployment,2.2,%,IBGE SIDRA 6396
2026-03-01,SC,total,unemployment,2.7,%,IBGE SIDRA 6396
2026-03-01,SC,women,unemployment,3.4,%,IBGE SIDRA 6396
2026-03-01,SE,men,unemployment,6.2,%,IBGE SIDRA 6396
2026-03-01,SE,total,unemployment,8.6,%,IBGE SIDRA 6396
2026-03-01,SE,women,unemployment,11.5,%,IBGE SIDRA 6396
2026-03-01,SP,men,unemployment,5.1,%,IBGE SIDRA 6396
2026-03-01,SP,total,unemployment,6.0,%,IBGE SIDRA 6396
2026-03-01,SP,women,unemployment,7.0,%,IBGE SIDRA 6396
2026-03-01,TO,men,unemployment,4.5,%,IBGE SIDRA 6396
2026-03-01,TO,total,unemployment,5.6,%,IBGE SIDRA 6396
2026-03-01,TO,women,unemployment,7.2,%,IBGE SIDRA 6396
2026-06-01,AC,men,real_income,3204.0,R$,IBGE SIDRA 5436
2026-06-01,AC,total,real_income,3149.0,R$,IBGE SIDRA 5436
2026-06-01,AC,women,real_income,3068.0,R$,IBGE SIDRA 5436
2026-06-01,AL,men,real_income,2726.0,R$,IBGE SIDRA 5436
2026-06-01,AL,total,real_income,2578.0,R$,IBGE SIDRA 5436
2026-06-01,AL,women,real_income,2376.0,R$,IBGE SIDRA 5436
2026-06-01,AM,men,real_income,2912.0,R$,IBGE SIDRA 5436
2026-06-01,AM,total,real_income,2771.0,R$,IBGE SIDRA 5436
2026-06-01,AM,women,real_income,2557.0,R$,IBGE SIDRA 5436
2026-06-01,AP,men,real_income,3105.0,R$,IBGE SIDRA 5436
2026-06-01,AP,total,real_income,3134.0,R$,IBGE SIDRA 5436
2026-06-01,AP,women,real_income,3175.0,R$,IBGE SIDRA 5436
2026-06-01,BA,men,real_income,2692.0,R$,IBGE SIDRA 5436
2026-06-01,BA,total,real_income,2563.0,R$,IBGE SIDRA 5436
2026-06-01,BA,women,real_income,2384.0,R$,IBGE SIDRA 5436
2026-06-01,BR,men,real_income,4086.0,R$,IBGE SIDRA 5436
2026-06-01,BR,total,real_income,3738.0,R$,IBGE SIDRA 5436
2026-06-01,BR,women,real_income,3281.0,R$,IBGE SIDRA 5436
2026-06-01,CE,men,real_income,2832.0,R$,IBGE SIDRA 5436
2026-06-01,CE,total,real_income,2727.0,R$,IBGE SIDRA 5436
2026-06-01,CE,women,real_income,2578.0,R$,IBGE SIDRA 5436
2026-06-01,DF,men,real_income,6796.0,R$,IBGE SIDRA 5436
2026-06-01,DF,total,real_income,6171.0,R$,IBGE SIDRA 5436
2026-06-01,DF,women,real_income,5421.0,R$,IBGE SIDRA 5436
2026-06-01,ES,men,real_income,4057.0,R$,IBGE SIDRA 5436
2026-06-01,ES,total,real_income,3637.0,R$,IBGE SIDRA 5436
2026-06-01,ES,women,real_income,3052.0,R$,IBGE SIDRA 5436
2026-06-01,GO,men,real_income,4471.0,R$,IBGE SIDRA 5436
2026-06-01,GO,total,real_income,3946.0,R$,IBGE SIDRA 5436
2026-06-01,GO,women,real_income,3252.0,R$,IBGE SIDRA 5436
2026-06-01,MA,men,real_income,2359.0,R$,IBGE SIDRA 5436
2026-06-01,MA,total,real_income,2284.0,R$,IBGE SIDRA 5436
2026-06-01,MA,women,real_income,2175.0,R$,IBGE SIDRA 5436
2026-06-01,MG,men,real_income,3817.0,R$,IBGE SIDRA 5436
2026-06-01,MG,total,real_income,3463.0,R$,IBGE SIDRA 5436
2026-06-01,MG,women,real_income,2987.0,R$,IBGE SIDRA 5436
2026-06-01,MS,men,real_income,4271.0,R$,IBGE SIDRA 5436
2026-06-01,MS,total,real_income,3840.0,R$,IBGE SIDRA 5436
2026-06-01,MS,women,real_income,3285.0,R$,IBGE SIDRA 5436
2026-06-01,MT,men,real_income,4590.0,R$,IBGE SIDRA 5436
2026-06-01,MT,total,real_income,4137.0,R$,IBGE SIDRA 5436
2026-06-01,MT,women,real_income,3490.0,R$,IBGE SIDRA 5436
2026-06-01,PA,men,real_income,2676.0,R$,IBGE SIDRA 5436
2026-06-01,PA,total,real_income,2593.0,R$,IBGE SIDRA 5436
2026-06-01,PA,women,real_income,2456.0,R$,IBGE SIDRA 5436
2026-06-01,PB,men,real_income,2938.0,R$,IBGE SIDRA 5436
2026-06-01,PB,total,real_income,2799.0,R$,IBGE SIDRA 5436
2026-06-01,PB,women,real_income,2586.0,R$,IBGE SIDRA 5436
2026-06-01,PE,men,real_income,2904.0,R$,IBGE SIDRA 5436
2026-06-01,PE,total,real_income,2771.0,R$,IBGE SIDRA 5436
2026-06-01,PE,women,real_income,2580.0,R$,IBGE SIDRA 5436
2026-06-01,PI,men,real_income,2638.0,R$,IBGE SIDRA 5436
2026-06-01,PI,total,real_income,2547.0,R$,IBGE SIDRA 5436
2026-06-01,PI,women,real_income,2417.0,R$,IBGE SIDRA 5436
2026-06-01,PR,men,real_income,4684.0,R$,IBGE SIDRA 5436
2026-06-01,PR,total,real_income,4204.0,R$,IBGE SIDRA 5436
2026-06-01,PR,women,real_income,3607.0,R$,IBGE SIDRA 5436
2026-06-01,RJ,men,real_income,4664.0,R$,IBGE SIDRA 5436
2026-06-01,RJ,total,real_income,4158.0,R$,IBGE SIDRA 5436
2026-06-01,RJ,women,real_income,3521.0,R$,IBGE SIDRA 5436
2026-06-01,RN,men,real_income,3055.0,R$,IBGE SIDRA 5436
2026-06-01,RN,total,real_income,2861.0,R$,IBGE SIDRA 5436
2026-06-01,RN,women,real_income,2593.0,R$,IBGE SIDRA 5436
2026-06-01,RO,men,real_income,4248.0,R$,IBGE SIDRA 5436
2026-06-01,RO,total,real_income,3799.0,R$,IBGE SIDRA 5436
2026-06-01,RO,women,real_income,3105.0,R$,IBGE SIDRA 5436
2026-06-01,RR,men,real_income,3875.0,R$,IBGE SIDRA 5436
2026-06-01,RR,total,real_income,3568.0,R$,IBGE SIDRA 5436
2026-06-01,RR,women,real_income,3144.0,R$,IBGE SIDRA 5436
2026-06-01,RS,men,real_income,4654.0,R$,IBGE SIDRA 5436
2026-06-01,RS,total,real_income,4169.0,R$,IBGE SIDRA 5436
2026-06-01,RS,women,real_income,3576.0,R$,IBGE SIDRA 5436
2026-06-01,SC,men,real_income,4896.0,R$,IBGE SIDRA 5436
2026-06-01,SC,total,real_income,4372.0,R$,IBGE SIDRA 5436
2026-06-01,SC,women,real_income,3713.0,R$,IBGE SIDRA 5436
2026-06-01,SE,men,real_income,3146.0,R$,IBGE SIDRA 5436
2026-06-01,SE,total,real_income,3042.0,R$,IBGE SIDRA 5436
2026-06-01,SE,women,real_income,2903.0,R$,IBGE SIDRA 5436
2026-06-01,SP,men,real_income,4959.0,R$,IBGE SIDRA 5436
2026-06-01,SP,total,real_income,4447.0,R$,IBGE SIDRA 5436
2026-06-01,SP,women,real_income,3821.0,R$,IBGE SIDRA 5436
2026-06-01,TO,men,real_income,3814.0,R$,IBGE SIDRA 5436
2026-06-01,TO,total,real_income,3498.0,R$,IBGE SIDRA 5436
2026-06-01,TO,women,real_income,3054.0,R$,IBGE SIDRA 5436
2026-06-01,AC,men,unemployment,5.7,%,IBGE SIDRA 6396
2026-06-01,AC,total,unemployment,6.6,%,IBGE SIDRA 6396
2026-06-01,AC,women,unemployment,7.8,%,IBGE SIDRA 6396
2026-06-01,AL,men,unemployment,7.4,%,IBGE SIDRA 6396
2026-06-01,AL,total,unemployment,7.9,%,IBGE SIDRA 6396
2026-06-01,AL,women,unemployment,8.7,%,IBGE SIDRA 6396
2026-06-01,AM,men,unemployment,6.2,%,IBGE SIDRA 6396
2026-06-01,AM,total,unemployment,7.5,%,IBGE SIDRA 6396
2026-06-01,AM,women,unemployment,9.3,%,IBGE SIDRA 6396
2026-06-01,AP,men,unemployment,8.1,%,IBGE SIDRA 6396
2026-06-01,AP,total,unemployment,9.8,%,IBGE SIDRA 6396
2026-06-01,AP,women,unemployment,12.1,%,IBGE SIDRA 6396
2026-06-01,BA,men,unemployment,7.1,%,IBGE SIDRA 6396
2026-06-01,BA,total,unemployment,9.1,%,IBGE SIDRA 6396
2026-06-01,BA,women,unemployment,11.7,%,IBGE SIDRA 6396
2026-06-01,BR,men,unemployment,4.6,%,IBGE SIDRA 6396
2026-06-01,BR,total,unemployment,5.4,%,IBGE SIDRA 6396
2026-06-01,BR,women,unemployment,6.4,%,IBGE SIDRA 6396
2026-06-01,CE,men,unemployment,6.2,%,IBGE SIDRA 6396
2026-06-01,CE,total,unemployment,6.6,%,IBGE SIDRA 6396
2026-06-01,CE,women,unemployment,7.1,%,IBGE SIDRA 6396
2026-06-01,DF,men,unemployment,5.5,%,IBGE SIDRA 6396
2026-06-01,DF,total,unemployment,6.5,%,IBGE SIDRA 6396
2026-06-01,DF,women,unemployment,7.7,%,IBGE SIDRA 6396
2026-06-01,ES,men,unemployment,1.9,%,IBGE SIDRA 6396
2026-06-01,ES,total,unemployment,2.3,%,IBGE SIDRA 6396
2026-06-01,ES,women,unemployment,2.8,%,IBGE SIDRA 6396
2026-06-01,GO,men,unemployment,3.8,%,IBGE SIDRA 6396
2026-06-01,GO,total,unemployment,4.0,%,IBGE SIDRA 6396
2026-06-01,GO,women,unemployment,4.4,%,IBGE SIDRA 6396
2026-06-01,MA,men,unemployment,5.4,%,IBGE SIDRA 6396
2026-06-01,MA,total,unemployment,6.0,%,IBGE SIDRA 6396
2026-06-01,MA,women,unemployment,6.9,%,IBGE SIDRA 6396
2026-06-01,MG,men,unemployment,3.1,%,IBGE SIDRA 6396
2026-06-01,MG,total,unemployment,3.8,%,IBGE SIDRA 6396
2026-06-01,MG,women,unemployment,4.7,%,IBGE SIDRA 6396
2026-06-01,MS,men,unemployment,2.2,%,IBGE SIDRA 6396
2026-06-01,MS,total,unemployment,2.7,%,IBGE SIDRA 6396
2026-06-01,MS,women,unemployment,3.3,%,IBGE SIDRA 6396
2026-06-01,MT,men,unemployment,1.9,%,IBGE SIDRA 6396
2026-06-01,MT,total,unemployment,2.2,%,IBGE SIDRA 6396
2026-06-01,MT,women,unemployment,2.6,%,IBGE SIDRA 6396
2026-06-01,PA,men,unemployment,5.1,%,IBGE SIDRA 6396
2026-06-01,PA,total,unemployment,6.2,%,IBGE SIDRA 6396
2026-06-01,PA,women,unemployment,7.9,%,IBGE SIDRA 6396
2026-06-01,PB,men,unemployment,4.8,%,IBGE SIDRA 6396
2026-06-01,PB,total,unemployment,5.4,%,IBGE SIDRA 6396
2026-06-01,PB,women,unemployment,6.3,%,IBGE SIDRA 6396
2026-06-01,PE,men,unemployment,6.8,%,IBGE SIDRA 6396
2026-06-01,PE,total,unemployment,8.3,%,IBGE SIDRA 6396
2026-06-01,PE,women,unemployment,10.4,%,IBGE SIDRA 6396
2026-06-01,PI,men,unemployment,7.9,%,IBGE SIDRA 6396
2026-06-01,PI,total,unemployment,8.3,%,IBGE SIDRA 6396
2026-06-01,PI,women,unemployment,8.8,%,IBGE SIDRA 6396
2026-06-01,PR,men,unemployment,2.5,%,IBGE SIDRA 6396
2026-06-01,PR,total,unemployment,3.1,%,IBGE SIDRA 6396
2026-06-01,PR,women,unemployment,3.8,%,IBGE SIDRA 6396
2026-06-01,RJ,men,unemployment,5.8,%,IBGE SIDRA 6396
2026-06-01,RJ,total,unemployment,7.1,%,IBGE SIDRA 6396
2026-06-01,RJ,women,unemployment,8.7,%,IBGE SIDRA 6396
2026-06-01,RN,men,unemployment,4.8,%,IBGE SIDRA 6396
2026-06-01,RN,total,unemployment,5.6,%,IBGE SIDRA 6396
2026-06-01,RN,women,unemployment,6.8,%,IBGE SIDRA 6396
2026-06-01,RO,men,unemployment,1.9,%,IBGE SIDRA 6396
2026-06-01,RO,total,unemployment,2.6,%,IBGE SIDRA 6396
2026-06-01,RO,women,unemployment,3.8,%,IBGE SIDRA 6396
2026-06-01,RR,men,unemployment,4.3,%,IBGE SIDRA 6396
2026-06-01,RR,total,unemployment,5.0,%,IBGE SIDRA 6396
2026-06-01,RR,women,unemployment,5.9,%,IBGE SIDRA 6396
2026-06-01,RS,men,unemployment,4.0,%,IBGE SIDRA 6396
2026-06-01,RS,total,unemployment,4.2,%,IBGE SIDRA 6396
2026-06-01,RS,women,unemployment,4.4,%,IBGE SIDRA 6396
2026-06-01,SC,men,unemployment,1.8,%,IBGE SIDRA 6396
2026-06-01,SC,total,unemployment,2.1,%,IBGE SIDRA 6396
2026-06-01,SC,women,unemployment,2.4,%,IBGE SIDRA 6396
2026-06-01,SE,men,unemployment,6.1,%,IBGE SIDRA 6396
2026-06-01,SE,total,unemployment,7.9,%,IBGE SIDRA 6396
2026-06-01,SE,women,unemployment,10.1,%,IBGE SIDRA 6396
2026-06-01,SP,men,unemployment,4.7,%,IBGE SIDRA 6396
2026-06-01,SP,total,unemployment,5.4,%,IBGE SIDRA 6396
2026-06-01,SP,women,unemployment,6.2,%,IBGE SIDRA 6396
2026-06-01,TO,men,unemployment,4.0,%,IBGE SIDRA 6396
2026-06-01,TO,total,unemployment,4.1,%,IBGE SIDRA 6396
2026-06-01,TO,women,unemployment,4.2,%,IBGE SIDRA 6396
