date,uf,key,value,unit,source
2025-01-31,AC,delinquency_card,8.163591,%,BCB SCR.data v2
2025-01-31,AC,delinquency_personal,3.588711,%,BCB SCR.data v2
2025-01-31,AC,delinquency_revolving,10.738121,%,BCB SCR.data v2
2025-01-31,AC,delinquency_pf,4.034506,%,BCB SCR.data v2
2025-01-31,AC,credit_balance_pf,12912.789777,R$ mi,BCB SCR.data v2
2025-01-31,AC,problem_assets_pf,7.322175,%,BCB SCR.data v2
2025-01-31,AC,delinquency_vehicle,3.540905,%,BCB SCR.data v2
2025-01-31,AC,delinquency_pj,3.911355,%,BCB SCR.data v2
2025-01-31,AC,credit_balance_pj,4485.199956,R$ mi,BCB SCR.data v2
2025-01-31,AC,problem_assets_pj,5.869561,%,BCB SCR.data v2
2025-01-31,AL,delinquency_card,9.338415,%,BCB SCR.data v2
2025-01-31,AL,delinquency_personal,3.558971,%,BCB SCR.data v2
2025-01-31,AL,delinquency_revolving,17.702507,%,BCB SCR.data v2
2025-01-31,AL,delinquency_pf,5.088545,%,BCB SCR.data v2
2025-01-31,AL,credit_balance_pf,37071.321213,R$ mi,BCB SCR.data v2
2025-01-31,AL,problem_assets_pf,8.23465,%,BCB SCR.data v2
2025-01-31,AL,delinquency_vehicle,7.249911,%,BCB SCR.data v2
2025-01-31,AL,delinquency_pj,2.215789,%,BCB SCR.data v2
2025-01-31,AL,credit_balance_pj,14816.058568,R$ mi,BCB SCR.data v2
2025-01-31,AL,problem_assets_pj,4.925389,%,BCB SCR.data v2
2025-01-31,AM,delinquency_card,8.819937,%,BCB SCR.data v2
2025-01-31,AM,delinquency_personal,4.451565,%,BCB SCR.data v2
2025-01-31,AM,delinquency_revolving,13.841177,%,BCB SCR.data v2
2025-01-31,AM,delinquency_pf,5.242558,%,BCB SCR.data v2
2025-01-31,AM,credit_balance_pf,38600.495593,R$ mi,BCB SCR.data v2
2025-01-31,AM,problem_assets_pf,9.304136,%,BCB SCR.data v2
2025-01-31,AM,delinquency_vehicle,5.373195,%,BCB SCR.data v2
2025-01-31,AM,delinquency_pj,2.192469,%,BCB SCR.data v2
2025-01-31,AM,credit_balance_pj,28843.54054,R$ mi,BCB SCR.data v2
2025-01-31,AM,problem_assets_pj,4.357208,%,BCB SCR.data v2
2025-01-31,AP,delinquency_card,8.229749,%,BCB SCR.data v2
2025-01-31,AP,delinquency_personal,4.020958,%,BCB SCR.data v2
2025-01-31,AP,delinquency_revolving,15.865926,%,BCB SCR.data v2
2025-01-31,AP,delinquency_pf,4.65199,%,BCB SCR.data v2
2025-01-31,AP,credit_balance_pf,11260.353812,R$ mi,BCB SCR.data v2
2025-01-31,AP,problem_assets_pf,8.531788,%,BCB SCR.data v2
2025-01-31,AP,delinquency_vehicle,3.199218,%,BCB SCR.data v2
2025-01-31,AP,delinquency_pj,2.955884,%,BCB SCR.data v2
2025-01-31,AP,credit_balance_pj,4670.517818,R$ mi,BCB SCR.data v2
2025-01-31,AP,problem_assets_pj,8.488962,%,BCB SCR.data v2
2025-01-31,BA,delinquency_card,8.213587,%,BCB SCR.data v2
2025-01-31,BA,delinquency_personal,4.056182,%,BCB SCR.data v2
2025-01-31,BA,delinquency_revolving,14.340158,%,BCB SCR.data v2
2025-01-31,BA,delinquency_pf,4.696778,%,BCB SCR.data v2
2025-01-31,BA,credit_balance_pf,167693.863898,R$ mi,BCB SCR.data v2
2025-01-31,BA,problem_assets_pf,8.166429,%,BCB SCR.data v2
2025-01-31,BA,delinquency_vehicle,5.331717,%,BCB SCR.data v2
2025-01-31,BA,delinquency_pj,2.741305,%,BCB SCR.data v2
2025-01-31,BA,credit_balance_pj,88143.002905,R$ mi,BCB SCR.data v2
2025-01-31,BA,problem_assets_pj,6.248604,%,BCB SCR.data v2
2025-01-31,CE,delinquency_card,8.453965,%,BCB SCR.data v2
2025-01-31,CE,delinquency_personal,3.719906,%,BCB SCR.data v2
2025-01-31,CE,delinquency_revolving,15.044261,%,BCB SCR.data v2
2025-01-31,CE,delinquency_pf,4.690251,%,BCB SCR.data v2
2025-01-31,CE,credit_balance_pf,97192.313656,R$ mi,BCB SCR.data v2
2025-01-31,CE,problem_assets_pf,7.96622,%,BCB SCR.data v2
2025-01-31,CE,delinquency_vehicle,4.619492,%,BCB SCR.data v2
2025-01-31,CE,delinquency_pj,2.794604,%,BCB SCR.data v2
2025-01-31,CE,credit_balance_pj,48679.961008,R$ mi,BCB SCR.data v2
2025-01-31,CE,problem_assets_pj,5.797304,%,BCB SCR.data v2
2025-01-31,DF,delinquency_card,6.172881,%,BCB SCR.data v2
2025-01-31,DF,delinquency_personal,3.404481,%,BCB SCR.data v2
2025-01-31,DF,delinquency_revolving,12.301588,%,BCB SCR.data v2
2025-01-31,DF,delinquency_pf,3.5518,%,BCB SCR.data v2
2025-01-31,DF,credit_balance_pf,95181.647686,R$ mi,BCB SCR.data v2
2025-01-31,DF,problem_assets_pf,6.97656,%,BCB SCR.data v2
2025-01-31,DF,delinquency_vehicle,4.528822,%,BCB SCR.data v2
2025-01-31,DF,delinquency_pj,1.589648,%,BCB SCR.data v2
2025-01-31,DF,credit_balance_pj,68904.253828,R$ mi,BCB SCR.data v2
2025-01-31,DF,problem_assets_pj,3.166822,%,BCB SCR.data v2
2025-01-31,ES,delinquency_card,6.511117,%,BCB SCR.data v2
2025-01-31,ES,delinquency_personal,3.711378,%,BCB SCR.data v2
2025-01-31,ES,delinquency_revolving,13.812544,%,BCB SCR.data v2
2025-01-31,ES,delinquency_pf,3.344258,%,BCB SCR.data v2
2025-01-31,ES,credit_balance_pf,64850.024619,R$ mi,BCB SCR.data v2
2025-01-31,ES,problem_assets_pf,6.651933,%,BCB SCR.data v2
2025-01-31,ES,delinquency_vehicle,3.506673,%,BCB SCR.data v2
2025-01-31,ES,delinquency_pj,2.418884,%,BCB SCR.data v2
2025-01-31,ES,credit_balance_pj,46937.463926,R$ mi,BCB SCR.data v2
2025-01-31,ES,problem_assets_pj,8.005591,%,BCB SCR.data v2
2025-01-31,GO,delinquency_card,7.77417,%,BCB SCR.data v2
2025-01-31,GO,delinquency_personal,5.178884,%,BCB SCR.data v2
2025-01-31,GO,delinquency_revolving,11.931264,%,BCB SCR.data v2
2025-01-31,GO,delinquency_pf,4.239396,%,BCB SCR.data v2
2025-01-31,GO,credit_balance_pf,227855.208911,R$ mi,BCB SCR.data v2
2025-01-31,GO,problem_assets_pf,8.665364,%,BCB SCR.data v2
2025-01-31,GO,delinquency_vehicle,4.963762,%,BCB SCR.data v2
2025-01-31,GO,delinquency_pj,3.950542,%,BCB SCR.data v2
2025-01-31,GO,credit_balance_pj,80201.138296,R$ mi,BCB SCR.data v2
2025-01-31,GO,problem_assets_pj,8.565016,%,BCB SCR.data v2
2025-01-31,MA,delinquency_card,7.865615,%,BCB SCR.data v2
2025-01-31,MA,delinquency_personal,4.208216,%,BCB SCR.data v2
2025-01-31,MA,delinquency_revolving,11.130415,%,BCB SCR.data v2
2025-01-31,MA,delinquency_pf,4.796399,%,BCB SCR.data v2
2025-01-31,MA,credit_balance_pf,78188.516988,R$ mi,BCB SCR.data v2
2025-01-31,MA,problem_assets_pf,8.613415,%,BCB SCR.data v2
2025-01-31,MA,delinquency_vehicle,4.210825,%,BCB SCR.data v2
2025-01-31,MA,delinquency_pj,4.731443,%,BCB SCR.data v2
2025-01-31,MA,credit_balance_pj,22628.304501,R$ mi,BCB SCR.data v2
2025-01-31,MA,problem_assets_pj,7.67086,%,BCB SCR.data v2
2025-01-31,MG,delinquency_card,6.521053,%,BCB SCR.data v2
2025-01-31,MG,delinquency_personal,4.235976,%,BCB SCR.data v2
2025-01-31,MG,delinquency_revolving,11.487418,%,BCB SCR.data v2
2025-01-31,MG,delinquency_pf,3.623189,%,BCB SCR.data v2
2025-01-31,MG,credit_balance_pf,385541.803841,R$ mi,BCB SCR.data v2
2025-01-31,MG,problem_assets_pf,6.968027,%,BCB SCR.data v2
2025-01-31,MG,delinquency_vehicle,4.102824,%,BCB SCR.data v2
2025-01-31,MG,delinquency_pj,2.384742,%,BCB SCR.data v2
2025-01-31,MG,credit_balance_pj,214355.781787,R$ mi,BCB SCR.data v2
2025-01-31,MG,problem_assets_pj,5.565315,%,BCB SCR.data v2
2025-01-31,MS,delinquency_card,7.388579,%,BCB SCR.data v2
2025-01-31,MS,delinquency_personal,4.441444,%,BCB SCR.data v2
2025-01-31,MS,delinquency_revolving,8.836862,%,BCB SCR.data v2
2025-01-31,MS,delinquency_pf,4.615591,%,BCB SCR.data v2
2025-01-31,MS,credit_balance_pf,95858.680068,R$ mi,BCB SCR.data v2
2025-01-31,MS,problem_assets_pf,9.587659,%,BCB SCR.data v2
2025-01-31,MS,delinquency_vehicle,4.183615,%,BCB SCR.data v2
2025-01-31,MS,delinquency_pj,3.354771,%,BCB SCR.data v2
2025-01-31,MS,credit_balance_pj,35876.560882,R$ mi,BCB SCR.data v2
2025-01-31,MS,problem_assets_pj,8.037419,%,BCB SCR.data v2
2025-01-31,MT,delinquency_card,6.98324,%,BCB SCR.data v2
2025-01-31,MT,delinquency_personal,4.764972,%,BCB SCR.data v2
2025-01-31,MT,delinquency_revolving,7.915423,%,BCB SCR.data v2
2025-01-31,MT,delinquency_pf,3.548198,%,BCB SCR.data v2
2025-01-31,MT,credit_balance_pf,165816.211606,R$ mi,BCB SCR.data v2
2025-01-31,MT,problem_assets_pf,8.020442,%,BCB SCR.data v2
2025-01-31,MT,delinquency_vehicle,3.731089,%,BCB SCR.data v2
2025-01-31,MT,delinquency_pj,2.865988,%,BCB SCR.data v2
2025-01-31,MT,credit_balance_pj,80826.333628,R$ mi,BCB SCR.data v2
2025-01-31,MT,problem_assets_pj,5.996171,%,BCB SCR.data v2
2025-01-31,PA,delinquency_card,8.683141,%,BCB SCR.data v2
2025-01-31,PA,delinquency_personal,3.732369,%,BCB SCR.data v2
2025-01-31,PA,delinquency_revolving,13.13086,%,BCB SCR.data v2
2025-01-31,PA,delinquency_pf,4.745118,%,BCB SCR.data v2
2025-01-31,PA,credit_balance_pf,96209.211976,R$ mi,BCB SCR.data v2
2025-01-31,PA,problem_assets_pf,8.055949,%,BCB SCR.data v2
2025-01-31,PA,delinquency_vehicle,4.745194,%,BCB SCR.data v2
2025-01-31,PA,delinquency_pj,2.94236,%,BCB SCR.data v2
2025-01-31,PA,credit_balance_pj,46549.727992,R$ mi,BCB SCR.data v2
2025-01-31,PA,problem_assets_pj,6.547946,%,BCB SCR.data v2
2025-01-31,PB,delinquency_card,8.078702,%,BCB SCR.data v2
2025-01-31,PB,delinquency_personal,3.648159,%,BCB SCR.data v2
2025-01-31,PB,delinquency_revolving,13.423218,%,BCB SCR.data v2
2025-01-31,PB,delinquency_pf,4.261663,%,BCB SCR.data v2
2025-01-31,PB,credit_balance_pf,53600.757041,R$ mi,BCB SCR.data v2
2025-01-31,PB,problem_assets_pf,8.332814,%,BCB SCR.data v2
2025-01-31,PB,delinquency_vehicle,4.554339,%,BCB SCR.data v2
2025-01-31,PB,delinquency_pj,3.864385,%,BCB SCR.data v2
2025-01-31,PB,credit_balance_pj,12416.556384,R$ mi,BCB SCR.data v2
2025-01-31,PB,problem_assets_pj,6.541805,%,BCB SCR.data v2
2025-01-31,PE,delinquency_card,9.032653,%,BCB SCR.data v2
2025-01-31,PE,delinquency_personal,4.268588,%,BCB SCR.data v2
2025-01-31,PE,delinquency_revolving,15.090784,%,BCB SCR.data v2
2025-01-31,PE,delinquency_pf,5.284932,%,BCB SCR.data v2
2025-01-31,PE,credit_balance_pf,103333.674947,R$ mi,BCB SCR.data v2
2025-01-31,PE,problem_assets_pf,8.692719,%,BCB SCR.data v2
2025-01-31,PE,delinquency_vehicle,5.656673,%,BCB SCR.data v2
2025-01-31,PE,delinquency_pj,2.882774,%,BCB SCR.data v2
2025-01-31,PE,credit_balance_pj,46058.492051,R$ mi,BCB SCR.data v2
2025-01-31,PE,problem_assets_pj,6.283222,%,BCB SCR.data v2
2025-01-31,PI,delinquency_card,7.83989,%,BCB SCR.data v2
2025-01-31,PI,delinquency_personal,3.563381,%,BCB SCR.data v2
2025-01-31,PI,delinquency_revolving,12.241009,%,BCB SCR.data v2
2025-01-31,PI,delinquency_pf,4.402046,%,BCB SCR.data v2
2025-01-31,PI,credit_balance_pf,34962.266331,R$ mi,BCB SCR.data v2
2025-01-31,PI,problem_assets_pf,8.051427,%,BCB SCR.data v2
2025-01-31,PI,delinquency_vehicle,4.963584,%,BCB SCR.data v2
2025-01-31,PI,delinquency_pj,2.333787,%,BCB SCR.data v2
2025-01-31,PI,credit_balance_pj,23471.270337,R$ mi,BCB SCR.data v2
2025-01-31,PI,problem_assets_pj,3.520967,%,BCB SCR.data v2
2025-01-31,PR,delinquency_card,6.459545,%,BCB SCR.data v2
2025-01-31,PR,delinquency_personal,3.861073,%,BCB SCR.data v2
2025-01-31,PR,delinquency_revolving,12.61001,%,BCB SCR.data v2
2025-01-31,PR,delinquency_pf,3.369391,%,BCB SCR.data v2
2025-01-31,PR,credit_balance_pf,311425.277288,R$ mi,BCB SCR.data v2
2025-01-31,PR,problem_assets_pf,6.562861,%,BCB SCR.data v2
2025-01-31,PR,delinquency_vehicle,4.264952,%,BCB SCR.data v2
2025-01-31,PR,delinquency_pj,2.52855,%,BCB SCR.data v2
2025-01-31,PR,credit_balance_pj,190092.27712,R$ mi,BCB SCR.data v2
2025-01-31,PR,problem_assets_pj,5.274191,%,BCB SCR.data v2
2025-01-31,RJ,delinquency_card,7.933123,%,BCB SCR.data v2
2025-01-31,RJ,delinquency_personal,4.718304,%,BCB SCR.data v2
2025-01-31,RJ,delinquency_revolving,13.719896,%,BCB SCR.data v2
2025-01-31,RJ,delinquency_pf,5.49827,%,BCB SCR.data v2
2025-01-31,RJ,credit_balance_pf,260179.098272,R$ mi,BCB SCR.data v2
2025-01-31,RJ,problem_assets_pf,9.242187,%,BCB SCR.data v2
2025-01-31,RJ,delinquency_vehicle,7.27942,%,BCB SCR.data v2
2025-01-31,RJ,delinquency_pj,1.380302,%,BCB SCR.data v2
2025-01-31,RJ,credit_balance_pj,292609.822748,R$ mi,BCB SCR.data v2
2025-01-31,RJ,problem_assets_pj,6.462766,%,BCB SCR.data v2
2025-01-31,RN,delinquency_card,8.710016,%,BCB SCR.data v2
2025-01-31,RN,delinquency_personal,3.722661,%,BCB SCR.data v2
2025-01-31,RN,delinquency_revolving,17.742751,%,BCB SCR.data v2
2025-01-31,RN,delinquency_pf,4.753006,%,BCB SCR.data v2
2025-01-31,RN,credit_balance_pf,45716.153282,R$ mi,BCB SCR.data v2
2025-01-31,RN,problem_assets_pf,9.077049,%,BCB SCR.data v2
2025-01-31,RN,delinquency_vehicle,4.844293,%,BCB SCR.data v2
2025-01-31,RN,delinquency_pj,3.122867,%,BCB SCR.data v2
2025-01-31,RN,credit_balance_pj,17270.904924,R$ mi,BCB SCR.data v2
2025-01-31,RN,problem_assets_pj,4.991308,%,BCB SCR.data v2
2025-01-31,RO,delinquency_card,6.638704,%,BCB SCR.data v2
2025-01-31,RO,delinquency_personal,4.539431,%,BCB SCR.data v2
2025-01-31,RO,delinquency_revolving,7.781773,%,BCB SCR.data v2
2025-01-31,RO,delinquency_pf,3.800888,%,BCB SCR.data v2
2025-01-31,RO,credit_balance_pf,47361.517988,R$ mi,BCB SCR.data v2
2025-01-31,RO,problem_assets_pf,7.463938,%,BCB SCR.data v2
2025-01-31,RO,delinquency_vehicle,4.070751,%,BCB SCR.data v2
2025-01-31,RO,delinquency_pj,3.422264,%,BCB SCR.data v2
2025-01-31,RO,credit_balance_pj,11665.889332,R$ mi,BCB SCR.data v2
2025-01-31,RO,problem_assets_pj,7.346677,%,BCB SCR.data v2
2025-01-31,RR,delinquency_card,8.83768,%,BCB SCR.data v2
2025-01-31,RR,delinquency_personal,3.843898,%,BCB SCR.data v2
2025-01-31,RR,delinquency_revolving,13.341061,%,BCB SCR.data v2
2025-01-31,RR,delinquency_pf,4.351588,%,BCB SCR.data v2
2025-01-31,RR,credit_balance_pf,10473.788813,R$ mi,BCB SCR.data v2
2025-01-31,RR,problem_assets_pf,7.83773,%,BCB SCR.data v2
2025-01-31,RR,delinquency_vehicle,4.112589,%,BCB SCR.data v2
2025-01-31,RR,delinquency_pj,3.427964,%,BCB SCR.data v2
2025-01-31,RR,credit_balance_pj,2907.574067,R$ mi,BCB SCR.data v2
2025-01-31,RR,problem_assets_pj,7.043932,%,BCB SCR.data v2
2025-01-31,RS,delinquency_card,6.025308,%,BCB SCR.data v2
2025-01-31,RS,delinquency_personal,3.53404,%,BCB SCR.data v2
2025-01-31,RS,delinquency_revolving,10.794787,%,BCB SCR.data v2
2025-01-31,RS,delinquency_pf,2.660611,%,BCB SCR.data v2
2025-01-31,RS,credit_balance_pf,307881.511823,R$ mi,BCB SCR.data v2
2025-01-31,RS,problem_assets_pf,6.416852,%,BCB SCR.data v2
2025-01-31,RS,delinquency_vehicle,3.890889,%,BCB SCR.data v2
2025-01-31,RS,delinquency_pj,1.740921,%,BCB SCR.data v2
2025-01-31,RS,credit_balance_pj,166241.447357,R$ mi,BCB SCR.data v2
2025-01-31,RS,problem_assets_pj,4.991308,%,BCB SCR.data v2
2025-01-31,SC,delinquency_card,5.598579,%,BCB SCR.data v2
2025-01-31,SC,delinquency_personal,4.161178,%,BCB SCR.data v2
2025-01-31,SC,delinquency_revolving,8.020201,%,BCB SCR.data v2
2025-01-31,SC,delinquency_pf,3.043418,%,BCB SCR.data v2
2025-01-31,SC,credit_balance_pf,198611.811376,R$ mi,BCB SCR.data v2
2025-01-31,SC,problem_assets_pf,5.834572,%,BCB SCR.data v2
2025-01-31,SC,delinquency_vehicle,4.054647,%,BCB SCR.data v2
2025-01-31,SC,delinquency_pj,1.953094,%,BCB SCR.data v2
2025-01-31,SC,credit_balance_pj,166218.308847,R$ mi,BCB SCR.data v2
2025-01-31,SC,problem_assets_pj,4.552497,%,BCB SCR.data v2
2025-01-31,SE,delinquency_card,8.215445,%,BCB SCR.data v2
2025-01-31,SE,delinquency_personal,4.174532,%,BCB SCR.data v2
2025-01-31,SE,delinquency_revolving,17.679946,%,BCB SCR.data v2
2025-01-31,SE,delinquency_pf,4.403914,%,BCB SCR.data v2
2025-01-31,SE,credit_balance_pf,31948.253626,R$ mi,BCB SCR.data v2
2025-01-31,SE,problem_assets_pf,7.697613,%,BCB SCR.data v2
2025-01-31,SE,delinquency_vehicle,5.883141,%,BCB SCR.data v2
2025-01-31,SE,delinquency_pj,4.46298,%,BCB SCR.data v2
2025-01-31,SE,credit_balance_pj,8165.559491,R$ mi,BCB SCR.data v2
2025-01-31,SE,problem_assets_pj,7.85332,%,BCB SCR.data v2
2025-01-31,SP,delinquency_card,7.084478,%,BCB SCR.data v2
2025-01-31,SP,delinquency_personal,4.323143,%,BCB SCR.data v2
2025-01-31,SP,delinquency_revolving,12.206662,%,BCB SCR.data v2
2025-01-31,SP,delinquency_pf,3.844187,%,BCB SCR.data v2
2025-01-31,SP,credit_balance_pf,1069886.997263,R$ mi,BCB SCR.data v2
2025-01-31,SP,problem_assets_pf,7.326995,%,BCB SCR.data v2
2025-01-31,SP,delinquency_vehicle,4.113415,%,BCB SCR.data v2
2025-01-31,SP,delinquency_pj,1.958688,%,BCB SCR.data v2
2025-01-31,SP,credit_balance_pj,824557.1519,R$ mi,BCB SCR.data v2
2025-01-31,SP,problem_assets_pj,6.816892,%,BCB SCR.data v2
2025-01-31,TO,delinquency_card,7.088446,%,BCB SCR.data v2
2025-01-31,TO,delinquency_personal,4.42814,%,BCB SCR.data v2
2025-01-31,TO,delinquency_revolving,9.359725,%,BCB SCR.data v2
2025-01-31,TO,delinquency_pf,4.784998,%,BCB SCR.data v2
2025-01-31,TO,credit_balance_pf,37429.857357,R$ mi,BCB SCR.data v2
2025-01-31,TO,problem_assets_pf,9.870351,%,BCB SCR.data v2
2025-01-31,TO,delinquency_vehicle,4.373536,%,BCB SCR.data v2
2025-01-31,TO,delinquency_pj,3.501614,%,BCB SCR.data v2
2025-01-31,TO,credit_balance_pj,13809.015209,R$ mi,BCB SCR.data v2
2025-01-31,TO,problem_assets_pj,5.720873,%,BCB SCR.data v2
2025-02-28,AC,delinquency_card,8.692848,%,BCB SCR.data v2
2025-02-28,AC,delinquency_personal,3.582414,%,BCB SCR.data v2
2025-02-28,AC,delinquency_revolving,12.351499,%,BCB SCR.data v2
2025-02-28,AC,delinquency_pf,4.168764,%,BCB SCR.data v2
2025-02-28,AC,credit_balance_pf,13001.286058,R$ mi,BCB SCR.data v2
2025-02-28,AC,problem_assets_pf,7.370945,%,BCB SCR.data v2
2025-02-28,AC,delinquency_vehicle,3.569908,%,BCB SCR.data v2
2025-02-28,AC,delinquency_pj,3.783162,%,BCB SCR.data v2
2025-02-28,AC,credit_balance_pj,4503.950507,R$ mi,BCB SCR.data v2
2025-02-28,AC,problem_assets_pj,5.723347,%,BCB SCR.data v2
2025-02-28,AL,delinquency_card,9.717889,%,BCB SCR.data v2
2025-02-28,AL,delinquency_personal,3.644061,%,BCB SCR.data v2
2025-02-28,AL,delinquency_revolving,18.843667,%,BCB SCR.data v2
2025-02-28,AL,delinquency_pf,5.245721,%,BCB SCR.data v2
2025-02-28,AL,credit_balance_pf,37284.540969,R$ mi,BCB SCR.data v2
2025-02-28,AL,problem_assets_pf,8.304423,%,BCB SCR.data v2
2025-02-28,AL,delinquency_vehicle,7.440052,%,BCB SCR.data v2
2025-02-28,AL,delinquency_pj,3.184793,%,BCB SCR.data v2
2025-02-28,AL,credit_balance_pj,14774.164081,R$ mi,BCB SCR.data v2
2025-02-28,AL,problem_assets_pj,5.025614,%,BCB SCR.data v2
2025-02-28,AM,delinquency_card,9.323654,%,BCB SCR.data v2
2025-02-28,AM,delinquency_personal,4.639137,%,BCB SCR.data v2
2025-02-28,AM,delinquency_revolving,14.3433,%,BCB SCR.data v2
2025-02-28,AM,delinquency_pf,5.389634,%,BCB SCR.data v2
2025-02-28,AM,credit_balance_pf,39113.007567,R$ mi,BCB SCR.data v2
2025-02-28,AM,problem_assets_pf,9.231179,%,BCB SCR.data v2
2025-02-28,AM,delinquency_vehicle,5.434908,%,BCB SCR.data v2
2025-02-28,AM,delinquency_pj,2.431424,%,BCB SCR.data v2
2025-02-28,AM,credit_balance_pj,28695.483615,R$ mi,BCB SCR.data v2
2025-02-28,AM,problem_assets_pj,4.286911,%,BCB SCR.data v2
2025-02-28,AP,delinquency_card,8.858811,%,BCB SCR.data v2
2025-02-28,AP,delinquency_personal,4.036218,%,BCB SCR.data v2
2025-02-28,AP,delinquency_revolving,17.183914,%,BCB SCR.data v2
2025-02-28,AP,delinquency_pf,4.736846,%,BCB SCR.data v2
2025-02-28,AP,credit_balance_pf,11356.142708,R$ mi,BCB SCR.data v2
2025-02-28,AP,problem_assets_pf,8.518406,%,BCB SCR.data v2
2025-02-28,AP,delinquency_vehicle,3.148473,%,BCB SCR.data v2
2025-02-28,AP,delinquency_pj,3.242952,%,BCB SCR.data v2
2025-02-28,AP,credit_balance_pj,4703.520365,R$ mi,BCB SCR.data v2
2025-02-28,AP,problem_assets_pj,8.638722,%,BCB SCR.data v2
2025-02-28,BA,delinquency_card,8.750949,%,BCB SCR.data v2
2025-02-28,BA,delinquency_personal,4.143182,%,BCB SCR.data v2
2025-02-28,BA,delinquency_revolving,15.390062,%,BCB SCR.data v2
2025-02-28,BA,delinquency_pf,4.855322,%,BCB SCR.data v2
2025-02-28,BA,credit_balance_pf,169145.271579,R$ mi,BCB SCR.data v2
2025-02-28,BA,problem_assets_pf,8.17388,%,BCB SCR.data v2
2025-02-28,BA,delinquency_vehicle,5.354221,%,BCB SCR.data v2
2025-02-28,BA,delinquency_pj,2.917923,%,BCB SCR.data v2
2025-02-28,BA,credit_balance_pj,89304.423384,R$ mi,BCB SCR.data v2
2025-02-28,BA,problem_assets_pj,6.274851,%,BCB SCR.data v2
2025-02-28,CE,delinquency_card,8.914747,%,BCB SCR.data v2
2025-02-28,CE,delinquency_personal,3.825748,%,BCB SCR.data v2
2025-02-28,CE,delinquency_revolving,15.974027,%,BCB SCR.data v2
2025-02-28,CE,delinquency_pf,4.811718,%,BCB SCR.data v2
2025-02-28,CE,credit_balance_pf,97846.434128,R$ mi,BCB SCR.data v2
2025-02-28,CE,problem_assets_pf,7.951931,%,BCB SCR.data v2
2025-02-28,CE,delinquency_vehicle,4.622667,%,BCB SCR.data v2
2025-02-28,CE,delinquency_pj,2.947405,%,BCB SCR.data v2
2025-02-28,CE,credit_balance_pj,47101.629505,R$ mi,BCB SCR.data v2
2025-02-28,CE,problem_assets_pj,5.849998,%,BCB SCR.data v2
2025-02-28,DF,delinquency_card,6.638241,%,BCB SCR.data v2
2025-02-28,DF,delinquency_personal,3.429886,%,BCB SCR.data v2
2025-02-28,DF,delinquency_revolving,13.574849,%,BCB SCR.data v2
2025-02-28,DF,delinquency_pf,3.586821,%,BCB SCR.data v2
2025-02-28,DF,credit_balance_pf,95417.400272,R$ mi,BCB SCR.data v2
2025-02-28,DF,problem_assets_pf,6.803578,%,BCB SCR.data v2
2025-02-28,DF,delinquency_vehicle,4.502269,%,BCB SCR.data v2
2025-02-28,DF,delinquency_pj,1.568554,%,BCB SCR.data v2
2025-02-28,DF,credit_balance_pj,69581.149792,R$ mi,BCB SCR.data v2
2025-02-28,DF,problem_assets_pj,3.153458,%,BCB SCR.data v2
2025-02-28,ES,delinquency_card,6.966444,%,BCB SCR.data v2
2025-02-28,ES,delinquency_personal,3.801302,%,BCB SCR.data v2
2025-02-28,ES,delinquency_revolving,13.875888,%,BCB SCR.data v2
2025-02-28,ES,delinquency_pf,3.475897,%,BCB SCR.data v2
2025-02-28,ES,credit_balance_pf,65484.095601,R$ mi,BCB SCR.data v2
2025-02-28,ES,problem_assets_pf,6.690308,%,BCB SCR.data v2
2025-02-28,ES,delinquency_vehicle,3.615529,%,BCB SCR.data v2
2025-02-28,ES,delinquency_pj,4.226166,%,BCB SCR.data v2
2025-02-28,ES,credit_balance_pj,47693.655726,R$ mi,BCB SCR.data v2
2025-02-28,ES,problem_assets_pj,7.805154,%,BCB SCR.data v2
2025-02-28,GO,delinquency_card,8.296655,%,BCB SCR.data v2
2025-02-28,GO,delinquency_personal,5.07963,%,BCB SCR.data v2
2025-02-28,GO,delinquency_revolving,12.650624,%,BCB SCR.data v2
2025-02-28,GO,delinquency_pf,4.240401,%,BCB SCR.data v2
2025-02-28,GO,credit_balance_pf,230192.088202,R$ mi,BCB SCR.data v2
2025-02-28,GO,problem_assets_pf,8.664395,%,BCB SCR.data v2
2025-02-28,GO,delinquency_vehicle,5.019226,%,BCB SCR.data v2
2025-02-28,GO,delinquency_pj,4.126846,%,BCB SCR.data v2
2025-02-28,GO,credit_balance_pj,81022.614999,R$ mi,BCB SCR.data v2
2025-02-28,GO,problem_assets_pj,8.486044,%,BCB SCR.data v2
2025-02-28,MA,delinquency_card,8.428463,%,BCB SCR.data v2
2025-02-28,MA,delinquency_personal,4.257319,%,BCB SCR.data v2
2025-02-28,MA,delinquency_revolving,13.533295,%,BCB SCR.data v2
2025-02-28,MA,delinquency_pf,4.974521,%,BCB SCR.data v2
2025-02-28,MA,credit_balance_pf,79196.111153,R$ mi,BCB SCR.data v2
2025-02-28,MA,problem_assets_pf,8.829246,%,BCB SCR.data v2
2025-02-28,MA,delinquency_vehicle,4.262547,%,BCB SCR.data v2
2025-02-28,MA,delinquency_pj,4.947684,%,BCB SCR.data v2
2025-02-28,MA,credit_balance_pj,22732.161216,R$ mi,BCB SCR.data v2
2025-02-28,MA,problem_assets_pj,7.853252,%,BCB SCR.data v2
2025-02-28,MG,delinquency_card,6.911026,%,BCB SCR.data v2
2025-02-28,MG,delinquency_personal,4.339587,%,BCB SCR.data v2
2025-02-28,MG,delinquency_revolving,12.140597,%,BCB SCR.data v2
2025-02-28,MG,delinquency_pf,3.740832,%,BCB SCR.data v2
2025-02-28,MG,credit_balance_pf,388901.355138,R$ mi,BCB SCR.data v2
2025-02-28,MG,problem_assets_pf,6.960257,%,BCB SCR.data v2
2025-02-28,MG,delinquency_vehicle,4.205038,%,BCB SCR.data v2
2025-02-28,MG,delinquency_pj,2.595765,%,BCB SCR.data v2
2025-02-28,MG,credit_balance_pj,217625.739725,R$ mi,BCB SCR.data v2
2025-02-28,MG,problem_assets_pj,5.559844,%,BCB SCR.data v2
2025-02-28,MS,delinquency_card,7.919871,%,BCB SCR.data v2
2025-02-28,MS,delinquency_personal,4.490266,%,BCB SCR.data v2
2025-02-28,MS,delinquency_revolving,9.736148,%,BCB SCR.data v2
2025-02-28,MS,delinquency_pf,4.751041,%,BCB SCR.data v2
2025-02-28,MS,credit_balance_pf,96683.680956,R$ mi,BCB SCR.data v2
2025-02-28,MS,problem_assets_pf,9.734244,%,BCB SCR.data v2
2025-02-28,MS,delinquency_vehicle,4.414409,%,BCB SCR.data v2
2025-02-28,MS,delinquency_pj,3.41657,%,BCB SCR.data v2
2025-02-28,MS,credit_balance_pj,36251.183898,R$ mi,BCB SCR.data v2
2025-02-28,MS,problem_assets_pj,7.869091,%,BCB SCR.data v2
2025-02-28,MT,delinquency_card,7.566043,%,BCB SCR.data v2
2025-02-28,MT,delinquency_personal,4.921189,%,BCB SCR.data v2
2025-02-28,MT,delinquency_revolving,9.075822,%,BCB SCR.data v2
2025-02-28,MT,delinquency_pf,3.724021,%,BCB SCR.data v2
2025-02-28,MT,credit_balance_pf,167194.120152,R$ mi,BCB SCR.data v2
2025-02-28,MT,problem_assets_pf,8.309391,%,BCB SCR.data v2
2025-02-28,MT,delinquency_vehicle,3.812603,%,BCB SCR.data v2
2025-02-28,MT,delinquency_pj,3.038635,%,BCB SCR.data v2
2025-02-28,MT,credit_balance_pj,83204.396308,R$ mi,BCB SCR.data v2
2025-02-28,MT,problem_assets_pj,6.397477,%,BCB SCR.data v2
2025-02-28,PA,delinquency_card,9.257379,%,BCB SCR.data v2
2025-02-28,PA,delinquency_personal,3.764872,%,BCB SCR.data v2
2025-02-28,PA,delinquency_revolving,14.253299,%,BCB SCR.data v2
2025-02-28,PA,delinquency_pf,4.898844,%,BCB SCR.data v2
2025-02-28,PA,credit_balance_pf,97254.529754,R$ mi,BCB SCR.data v2
2025-02-28,PA,problem_assets_pf,8.167277,%,BCB SCR.data v2
2025-02-28,PA,delinquency_vehicle,4.786409,%,BCB SCR.data v2
2025-02-28,PA,delinquency_pj,2.999405,%,BCB SCR.data v2
2025-02-28,PA,credit_balance_pj,47512.813675,R$ mi,BCB SCR.data v2
2025-02-28,PA,problem_assets_pj,6.464747,%,BCB SCR.data v2
2025-02-28,PB,delinquency_card,8.448372,%,BCB SCR.data v2
2025-02-28,PB,delinquency_personal,3.780478,%,BCB SCR.data v2
2025-02-28,PB,delinquency_revolving,14.502166,%,BCB SCR.data v2
2025-02-28,PB,delinquency_pf,4.350209,%,BCB SCR.data v2
2025-02-28,PB,credit_balance_pf,53963.906148,R$ mi,BCB SCR.data v2
2025-02-28,PB,problem_assets_pf,8.254108,%,BCB SCR.data v2
2025-02-28,PB,delinquency_vehicle,4.546726,%,BCB SCR.data v2
2025-02-28,PB,delinquency_pj,4.023279,%,BCB SCR.data v2
2025-02-28,PB,credit_balance_pj,12560.84366,R$ mi,BCB SCR.data v2
2025-02-28,PB,problem_assets_pj,6.496651,%,BCB SCR.data v2
2025-02-28,PE,delinquency_card,9.388978,%,BCB SCR.data v2
2025-02-28,PE,delinquency_personal,4.348892,%,BCB SCR.data v2
2025-02-28,PE,delinquency_revolving,16.070587,%,BCB SCR.data v2
2025-02-28,PE,delinquency_pf,5.367351,%,BCB SCR.data v2
2025-02-28,PE,credit_balance_pf,104205.448287,R$ mi,BCB SCR.data v2
2025-02-28,PE,problem_assets_pf,8.620342,%,BCB SCR.data v2
2025-02-28,PE,delinquency_vehicle,5.726167,%,BCB SCR.data v2
2025-02-28,PE,delinquency_pj,2.96157,%,BCB SCR.data v2
2025-02-28,PE,credit_balance_pj,46210.402901,R$ mi,BCB SCR.data v2
2025-02-28,PE,problem_assets_pj,6.299429,%,BCB SCR.data v2
2025-02-28,PI,delinquency_card,8.369363,%,BCB SCR.data v2
2025-02-28,PI,delinquency_personal,3.653685,%,BCB SCR.data v2
2025-02-28,PI,delinquency_revolving,14.126092,%,BCB SCR.data v2
2025-02-28,PI,delinquency_pf,4.537306,%,BCB SCR.data v2
2025-02-28,PI,credit_balance_pf,35243.447648,R$ mi,BCB SCR.data v2
2025-02-28,PI,problem_assets_pf,8.135379,%,BCB SCR.data v2
2025-02-28,PI,delinquency_vehicle,4.964509,%,BCB SCR.data v2
2025-02-28,PI,delinquency_pj,2.245309,%,BCB SCR.data v2
2025-02-28,PI,credit_balance_pj,25110.457571,R$ mi,BCB SCR.data v2
2025-02-28,PI,problem_assets_pj,3.263083,%,BCB SCR.data v2
2025-02-28,PR,delinquency_card,6.878939,%,BCB SCR.data v2
2025-02-28,PR,delinquency_personal,3.968861,%,BCB SCR.data v2
2025-02-28,PR,delinquency_revolving,12.750297,%,BCB SCR.data v2
2025-02-28,PR,delinquency_pf,3.473653,%,BCB SCR.data v2
2025-02-28,PR,credit_balance_pf,313591.45976,R$ mi,BCB SCR.data v2
2025-02-28,PR,problem_assets_pf,6.561279,%,BCB SCR.data v2
2025-02-28,PR,delinquency_vehicle,4.418612,%,BCB SCR.data v2
2025-02-28,PR,delinquency_pj,2.590262,%,BCB SCR.data v2
2025-02-28,PR,credit_balance_pj,191270.016156,R$ mi,BCB SCR.data v2
2025-02-28,PR,problem_assets_pj,5.309374,%,BCB SCR.data v2
2025-02-28,RJ,delinquency_card,8.356108,%,BCB SCR.data v2
2025-02-28,RJ,delinquency_personal,4.738227,%,BCB SCR.data v2
2025-02-28,RJ,delinquency_revolving,14.244056,%,BCB SCR.data v2
2025-02-28,RJ,delinquency_pf,5.560196,%,BCB SCR.data v2
2025-02-28,RJ,credit_balance_pf,261402.726279,R$ mi,BCB SCR.data v2
2025-02-28,RJ,problem_assets_pf,9.059356,%,BCB SCR.data v2
2025-02-28,RJ,delinquency_vehicle,7.388029,%,BCB SCR.data v2
2025-02-28,RJ,delinquency_pj,1.408924,%,BCB SCR.data v2
2025-02-28,RJ,credit_balance_pj,294619.779246,R$ mi,BCB SCR.data v2
2025-02-28,RJ,problem_assets_pj,6.382211,%,BCB SCR.data v2
2025-02-28,RN,delinquency_card,9.186259,%,BCB SCR.data v2
2025-02-28,RN,delinquency_personal,3.796947,%,BCB SCR.data v2
2025-02-28,RN,delinquency_revolving,18.949201,%,BCB SCR.data v2
2025-02-28,RN,delinquency_pf,4.884903,%,BCB SCR.data v2
2025-02-28,RN,credit_balance_pf,46111.376492,R$ mi,BCB SCR.data v2
2025-02-28,RN,problem_assets_pf,9.065664,%,BCB SCR.data v2
2025-02-28,RN,delinquency_vehicle,4.831332,%,BCB SCR.data v2
2025-02-28,RN,delinquency_pj,3.184349,%,BCB SCR.data v2
2025-02-28,RN,credit_balance_pj,17369.156615,R$ mi,BCB SCR.data v2
2025-02-28,RN,problem_assets_pj,4.952041,%,BCB SCR.data v2
2025-02-28,RO,delinquency_card,7.152789,%,BCB SCR.data v2
2025-02-28,RO,delinquency_personal,4.740681,%,BCB SCR.data v2
2025-02-28,RO,delinquency_revolving,8.871536,%,BCB SCR.data v2
2025-02-28,RO,delinquency_pf,3.99071,%,BCB SCR.data v2
2025-02-28,RO,credit_balance_pf,47861.089813,R$ mi,BCB SCR.data v2
2025-02-28,RO,problem_assets_pf,7.557596,%,BCB SCR.data v2
2025-02-28,RO,delinquency_vehicle,4.14737,%,BCB SCR.data v2
2025-02-28,RO,delinquency_pj,3.762483,%,BCB SCR.data v2
2025-02-28,RO,credit_balance_pj,11758.000691,R$ mi,BCB SCR.data v2
2025-02-28,RO,problem_assets_pj,7.134314,%,BCB SCR.data v2
2025-02-28,RR,delinquency_card,9.41526,%,BCB SCR.data v2
2025-02-28,RR,delinquency_personal,4.077281,%,BCB SCR.data v2
2025-02-28,RR,delinquency_revolving,15.462071,%,BCB SCR.data v2
2025-02-28,RR,delinquency_pf,4.559414,%,BCB SCR.data v2
2025-02-28,RR,credit_balance_pf,10597.621214,R$ mi,BCB SCR.data v2
2025-02-28,RR,problem_assets_pf,7.965013,%,BCB SCR.data v2
2025-02-28,RR,delinquency_vehicle,4.121585,%,BCB SCR.data v2
2025-02-28,RR,delinquency_pj,3.741289,%,BCB SCR.data v2
2025-02-28,RR,credit_balance_pj,2928.143231,R$ mi,BCB SCR.data v2
2025-02-28,RR,problem_assets_pj,7.38696,%,BCB SCR.data v2
2025-02-28,RS,delinquency_card,6.483578,%,BCB SCR.data v2
2025-02-28,RS,delinquency_personal,3.735864,%,BCB SCR.data v2
2025-02-28,RS,delinquency_revolving,11.470754,%,BCB SCR.data v2
2025-02-28,RS,delinquency_pf,2.89297,%,BCB SCR.data v2
2025-02-28,RS,credit_balance_pf,310089.204101,R$ mi,BCB SCR.data v2
2025-02-28,RS,problem_assets_pf,6.529447,%,BCB SCR.data v2
2025-02-28,RS,delinquency_vehicle,4.059248,%,BCB SCR.data v2
2025-02-28,RS,delinquency_pj,1.895808,%,BCB SCR.data v2
2025-02-28,RS,credit_balance_pj,168694.531879,R$ mi,BCB SCR.data v2
2025-02-28,RS,problem_assets_pj,4.812836,%,BCB SCR.data v2
2025-02-28,SC,delinquency_card,5.992794,%,BCB SCR.data v2
2025-02-28,SC,delinquency_personal,4.328204,%,BCB SCR.data v2
2025-02-28,SC,delinquency_revolving,8.433851,%,BCB SCR.data v2
2025-02-28,SC,delinquency_pf,3.166457,%,BCB SCR.data v2
2025-02-28,SC,credit_balance_pf,199713.455732,R$ mi,BCB SCR.data v2
2025-02-28,SC,problem_assets_pf,5.861227,%,BCB SCR.data v2
2025-02-28,SC,delinquency_vehicle,4.191657,%,BCB SCR.data v2
2025-02-28,SC,delinquency_pj,2.110986,%,BCB SCR.data v2
2025-02-28,SC,credit_balance_pj,166955.998356,R$ mi,BCB SCR.data v2
2025-02-28,SC,problem_assets_pj,4.41911,%,BCB SCR.data v2
2025-02-28,SE,delinquency_card,8.640867,%,BCB SCR.data v2
2025-02-28,SE,delinquency_personal,4.275617,%,BCB SCR.data v2
2025-02-28,SE,delinquency_revolving,18.334276,%,BCB SCR.data v2
2025-02-28,SE,delinquency_pf,4.52886,%,BCB SCR.data v2
2025-02-28,SE,credit_balance_pf,32112.946291,R$ mi,BCB SCR.data v2
2025-02-28,SE,problem_assets_pf,7.683101,%,BCB SCR.data v2
2025-02-28,SE,delinquency_vehicle,5.848001,%,BCB SCR.data v2
2025-02-28,SE,delinquency_pj,4.719905,%,BCB SCR.data v2
2025-02-28,SE,credit_balance_pj,8145.279035,R$ mi,BCB SCR.data v2
2025-02-28,SE,problem_assets_pj,8.084274,%,BCB SCR.data v2
2025-02-28,SP,delinquency_card,7.516923,%,BCB SCR.data v2
2025-02-28,SP,delinquency_personal,4.419423,%,BCB SCR.data v2
2025-02-28,SP,delinquency_revolving,12.372022,%,BCB SCR.data v2
2025-02-28,SP,delinquency_pf,3.935623,%,BCB SCR.data v2
2025-02-28,SP,credit_balance_pf,1076658.776076,R$ mi,BCB SCR.data v2
2025-02-28,SP,problem_assets_pf,7.271583,%,BCB SCR.data v2
2025-02-28,SP,delinquency_vehicle,4.261151,%,BCB SCR.data v2
2025-02-28,SP,delinquency_pj,1.979711,%,BCB SCR.data v2
2025-02-28,SP,credit_balance_pj,847971.770944,R$ mi,BCB SCR.data v2
2025-02-28,SP,problem_assets_pj,6.624049,%,BCB SCR.data v2
2025-02-28,TO,delinquency_card,7.671012,%,BCB SCR.data v2
2025-02-28,TO,delinquency_personal,4.621912,%,BCB SCR.data v2
2025-02-28,TO,delinquency_revolving,10.694571,%,BCB SCR.data v2
2025-02-28,TO,delinquency_pf,5.092715,%,BCB SCR.data v2
2025-02-28,TO,credit_balance_pf,37808.021824,R$ mi,BCB SCR.data v2
2025-02-28,TO,problem_assets_pf,10.1001,%,BCB SCR.data v2
2025-02-28,TO,delinquency_vehicle,4.447096,%,BCB SCR.data v2
2025-02-28,TO,delinquency_pj,3.842635,%,BCB SCR.data v2
2025-02-28,TO,credit_balance_pj,13926.322567,R$ mi,BCB SCR.data v2
2025-02-28,TO,problem_assets_pj,5.756584,%,BCB SCR.data v2
2025-03-31,AC,delinquency_card,8.657092,%,BCB SCR.data v2
2025-03-31,AC,delinquency_personal,3.45133,%,BCB SCR.data v2
2025-03-31,AC,delinquency_revolving,10.424433,%,BCB SCR.data v2
2025-03-31,AC,delinquency_pf,4.110255,%,BCB SCR.data v2
2025-03-31,AC,credit_balance_pf,13091.050564,R$ mi,BCB SCR.data v2
2025-03-31,AC,problem_assets_pf,7.303645,%,BCB SCR.data v2
2025-03-31,AC,delinquency_vehicle,3.842119,%,BCB SCR.data v2
2025-03-31,AC,delinquency_pj,3.773851,%,BCB SCR.data v2
2025-03-31,AC,credit_balance_pj,4496.672493,R$ mi,BCB SCR.data v2
2025-03-31,AC,problem_assets_pj,5.974361,%,BCB SCR.data v2
2025-03-31,AL,delinquency_card,9.74304,%,BCB SCR.data v2
2025-03-31,AL,delinquency_personal,3.609398,%,BCB SCR.data v2
2025-03-31,AL,delinquency_revolving,17.526984,%,BCB SCR.data v2
2025-03-31,AL,delinquency_pf,5.228482,%,BCB SCR.data v2
2025-03-31,AL,credit_balance_pf,37697.078744,R$ mi,BCB SCR.data v2
2025-03-31,AL,problem_assets_pf,8.366063,%,BCB SCR.data v2
2025-03-31,AL,delinquency_vehicle,7.760766,%,BCB SCR.data v2
2025-03-31,AL,delinquency_pj,3.078902,%,BCB SCR.data v2
2025-03-31,AL,credit_balance_pj,14907.09559,R$ mi,BCB SCR.data v2
2025-03-31,AL,problem_assets_pj,5.208491,%,BCB SCR.data v2
2025-03-31,AM,delinquency_card,9.106045,%,BCB SCR.data v2
2025-03-31,AM,delinquency_personal,4.514037,%,BCB SCR.data v2
2025-03-31,AM,delinquency_revolving,14.90302,%,BCB SCR.data v2
2025-03-31,AM,delinquency_pf,5.281956,%,BCB SCR.data v2
2025-03-31,AM,credit_balance_pf,39510.716799,R$ mi,BCB SCR.data v2
2025-03-31,AM,problem_assets_pf,8.995159,%,BCB SCR.data v2
2025-03-31,AM,delinquency_vehicle,5.728164,%,BCB SCR.data v2
2025-03-31,AM,delinquency_pj,2.405607,%,BCB SCR.data v2
2025-03-31,AM,credit_balance_pj,29424.515953,R$ mi,BCB SCR.data v2
2025-03-31,AM,problem_assets_pj,4.160923,%,BCB SCR.data v2
2025-03-31,AP,delinquency_card,8.7565,%,BCB SCR.data v2
2025-03-31,AP,delinquency_personal,4.143,%,BCB SCR.data v2
2025-03-31,AP,delinquency_revolving,16.009062,%,BCB SCR.data v2
2025-03-31,AP,delinquency_pf,4.823672,%,BCB SCR.data v2
2025-03-31,AP,credit_balance_pf,11472.285846,R$ mi,BCB SCR.data v2
2025-03-31,AP,problem_assets_pf,8.484785,%,BCB SCR.data v2
2025-03-31,AP,delinquency_vehicle,3.452797,%,BCB SCR.data v2
2025-03-31,AP,delinquency_pj,3.316502,%,BCB SCR.data v2
2025-03-31,AP,credit_balance_pj,4747.99259,R$ mi,BCB SCR.data v2
2025-03-31,AP,problem_assets_pj,8.603835,%,BCB SCR.data v2
2025-03-31,BA,delinquency_card,8.700708,%,BCB SCR.data v2
2025-03-31,BA,delinquency_personal,4.06802,%,BCB SCR.data v2
2025-03-31,BA,delinquency_revolving,14.242681,%,BCB SCR.data v2
2025-03-31,BA,delinquency_pf,4.828045,%,BCB SCR.data v2
2025-03-31,BA,credit_balance_pf,170619.705652,R$ mi,BCB SCR.data v2
2025-03-31,BA,problem_assets_pf,8.129464,%,BCB SCR.data v2
2025-03-31,BA,delinquency_vehicle,5.64143,%,BCB SCR.data v2
2025-03-31,BA,delinquency_pj,2.85437,%,BCB SCR.data v2
2025-03-31,BA,credit_balance_pj,91036.880623,R$ mi,BCB SCR.data v2
2025-03-31,BA,problem_assets_pj,6.116462,%,BCB SCR.data v2
2025-03-31,CE,delinquency_card,8.766153,%,BCB SCR.data v2
2025-03-31,CE,delinquency_personal,3.742086,%,BCB SCR.data v2
2025-03-31,CE,delinquency_revolving,13.630489,%,BCB SCR.data v2
2025-03-31,CE,delinquency_pf,4.805715,%,BCB SCR.data v2
2025-03-31,CE,credit_balance_pf,99048.282416,R$ mi,BCB SCR.data v2
2025-03-31,CE,problem_assets_pf,7.878497,%,BCB SCR.data v2
2025-03-31,CE,delinquency_vehicle,4.881115,%,BCB SCR.data v2
2025-03-31,CE,delinquency_pj,2.862262,%,BCB SCR.data v2
2025-03-31,CE,credit_balance_pj,47667.181732,R$ mi,BCB SCR.data v2
2025-03-31,CE,problem_assets_pj,6.084494,%,BCB SCR.data v2
2025-03-31,DF,delinquency_card,6.582983,%,BCB SCR.data v2
2025-03-31,DF,delinquency_personal,3.053916,%,BCB SCR.data v2
2025-03-31,DF,delinquency_revolving,12.946916,%,BCB SCR.data v2
2025-03-31,DF,delinquency_pf,3.505643,%,BCB SCR.data v2
2025-03-31,DF,credit_balance_pf,96265.397845,R$ mi,BCB SCR.data v2
2025-03-31,DF,problem_assets_pf,6.762385,%,BCB SCR.data v2
2025-03-31,DF,delinquency_vehicle,4.694034,%,BCB SCR.data v2
2025-03-31,DF,delinquency_pj,1.565466,%,BCB SCR.data v2
2025-03-31,DF,credit_balance_pj,69281.026257,R$ mi,BCB SCR.data v2
2025-03-31,DF,problem_assets_pj,3.043756,%,BCB SCR.data v2
2025-03-31,ES,delinquency_card,6.947391,%,BCB SCR.data v2
2025-03-31,ES,delinquency_personal,3.832623,%,BCB SCR.data v2
2025-03-31,ES,delinquency_revolving,13.652851,%,BCB SCR.data v2
2025-03-31,ES,delinquency_pf,3.546236,%,BCB SCR.data v2
2025-03-31,ES,credit_balance_pf,66314.991443,R$ mi,BCB SCR.data v2
2025-03-31,ES,problem_assets_pf,6.694661,%,BCB SCR.data v2
2025-03-31,ES,delinquency_vehicle,3.900941,%,BCB SCR.data v2
2025-03-31,ES,delinquency_pj,3.442438,%,BCB SCR.data v2
2025-03-31,ES,credit_balance_pj,48732.075238,R$ mi,BCB SCR.data v2
2025-03-31,ES,problem_assets_pj,8.680169,%,BCB SCR.data v2
2025-03-31,GO,delinquency_card,8.245308,%,BCB SCR.data v2
2025-03-31,GO,delinquency_personal,5.098601,%,BCB SCR.data v2
2025-03-31,GO,delinquency_revolving,12.357104,%,BCB SCR.data v2
2025-03-31,GO,delinquency_pf,4.214134,%,BCB SCR.data v2
2025-03-31,GO,credit_balance_pf,230608.048298,R$ mi,BCB SCR.data v2
2025-03-31,GO,problem_assets_pf,8.699638,%,BCB SCR.data v2
2025-03-31,GO,delinquency_vehicle,5.271868,%,BCB SCR.data v2
2025-03-31,GO,delinquency_pj,4.142286,%,BCB SCR.data v2
2025-03-31,GO,credit_balance_pj,81113.367464,R$ mi,BCB SCR.data v2
2025-03-31,GO,problem_assets_pj,8.34453,%,BCB SCR.data v2
2025-03-31,MA,delinquency_card,8.318639,%,BCB SCR.data v2
2025-03-31,MA,delinquency_personal,4.097088,%,BCB SCR.data v2
2025-03-31,MA,delinquency_revolving,11.252797,%,BCB SCR.data v2
2025-03-31,MA,delinquency_pf,5.008599,%,BCB SCR.data v2
2025-03-31,MA,credit_balance_pf,79991.397026,R$ mi,BCB SCR.data v2
2025-03-31,MA,problem_assets_pf,9.094997,%,BCB SCR.data v2
2025-03-31,MA,delinquency_vehicle,4.517301,%,BCB SCR.data v2
2025-03-31,MA,delinquency_pj,5.052718,%,BCB SCR.data v2
2025-03-31,MA,credit_balance_pj,22970.884243,R$ mi,BCB SCR.data v2
2025-03-31,MA,problem_assets_pj,7.91206,%,BCB SCR.data v2
2025-03-31,MG,delinquency_card,6.799845,%,BCB SCR.data v2
2025-03-31,MG,delinquency_personal,4.262886,%,BCB SCR.data v2
2025-03-31,MG,delinquency_revolving,11.705667,%,BCB SCR.data v2
2025-03-31,MG,delinquency_pf,3.712546,%,BCB SCR.data v2
2025-03-31,MG,credit_balance_pf,393258.575089,R$ mi,BCB SCR.data v2
2025-03-31,MG,problem_assets_pf,6.892899,%,BCB SCR.data v2
2025-03-31,MG,delinquency_vehicle,4.465909,%,BCB SCR.data v2
2025-03-31,MG,delinquency_pj,2.701957,%,BCB SCR.data v2
2025-03-31,MG,credit_balance_pj,219120.702027,R$ mi,BCB SCR.data v2
2025-03-31,MG,problem_assets_pj,5.564938,%,BCB SCR.data v2
2025-03-31,MS,delinquency_card,7.731065,%,BCB SCR.data v2
2025-03-31,MS,delinquency_personal,4.376888,%,BCB SCR.data v2
2025-03-31,MS,delinquency_revolving,9.447319,%,BCB SCR.data v2
2025-03-31,MS,delinquency_pf,4.645921,%,BCB SCR.data v2
2025-03-31,MS,credit_balance_pf,97365.24257,R$ mi,BCB SCR.data v2
2025-03-31,MS,problem_assets_pf,9.593221,%,BCB SCR.data v2
2025-03-31,MS,delinquency_vehicle,4.696453,%,BCB SCR.data v2
2025-03-31,MS,delinquency_pj,3.335832,%,BCB SCR.data v2
2025-03-31,MS,credit_balance_pj,36743.850723,R$ mi,BCB SCR.data v2
2025-03-31,MS,problem_assets_pj,7.783357,%,BCB SCR.data v2
2025-03-31,MT,delinquency_card,7.462676,%,BCB SCR.data v2
2025-03-31,MT,delinquency_personal,4.90054,%,BCB SCR.data v2
2025-03-31,MT,delinquency_revolving,8.413468,%,BCB SCR.data v2
2025-03-31,MT,delinquency_pf,3.73107,%,BCB SCR.data v2
2025-03-31,MT,credit_balance_pf,167982.968495,R$ mi,BCB SCR.data v2
2025-03-31,MT,problem_assets_pf,8.408716,%,BCB SCR.data v2
2025-03-31,MT,delinquency_vehicle,4.120278,%,BCB SCR.data v2
2025-03-31,MT,delinquency_pj,3.309722,%,BCB SCR.data v2
2025-03-31,MT,credit_balance_pj,80263.398238,R$ mi,BCB SCR.data v2
2025-03-31,MT,problem_assets_pj,6.808795,%,BCB SCR.data v2
2025-03-31,PA,delinquency_card,9.064406,%,BCB SCR.data v2
2025-03-31,PA,delinquency_personal,3.717357,%,BCB SCR.data v2
2025-03-31,PA,delinquency_revolving,13.247325,%,BCB SCR.data v2
2025-03-31,PA,delinquency_pf,4.891899,%,BCB SCR.data v2
2025-03-31,PA,credit_balance_pf,98238.582482,R$ mi,BCB SCR.data v2
2025-03-31,PA,problem_assets_pf,8.073995,%,BCB SCR.data v2
2025-03-31,PA,delinquency_vehicle,5.048544,%,BCB SCR.data v2
2025-03-31,PA,delinquency_pj,3.107348,%,BCB SCR.data v2
2025-03-31,PA,credit_balance_pj,47166.733489,R$ mi,BCB SCR.data v2
2025-03-31,PA,problem_assets_pj,6.278712,%,BCB SCR.data v2
2025-03-31,PB,delinquency_card,8.377357,%,BCB SCR.data v2
2025-03-31,PB,delinquency_personal,3.63457,%,BCB SCR.data v2
2025-03-31,PB,delinquency_revolving,12.747037,%,BCB SCR.data v2
2025-03-31,PB,delinquency_pf,4.293018,%,BCB SCR.data v2
2025-03-31,PB,credit_balance_pf,54507.107872,R$ mi,BCB SCR.data v2
2025-03-31,PB,problem_assets_pf,8.206375,%,BCB SCR.data v2
2025-03-31,PB,delinquency_vehicle,4.771981,%,BCB SCR.data v2
2025-03-31,PB,delinquency_pj,4.012221,%,BCB SCR.data v2
2025-03-31,PB,credit_balance_pj,12636.142163,R$ mi,BCB SCR.data v2
2025-03-31,PB,problem_assets_pj,6.327159,%,BCB SCR.data v2
2025-03-31,PE,delinquency_card,9.336695,%,BCB SCR.data v2
2025-03-31,PE,delinquency_personal,4.255346,%,BCB SCR.data v2
2025-03-31,PE,delinquency_revolving,15.331256,%,BCB SCR.data v2
2025-03-31,PE,delinquency_pf,5.336682,%,BCB SCR.data v2
2025-03-31,PE,credit_balance_pf,105131.692012,R$ mi,BCB SCR.data v2
2025-03-31,PE,problem_assets_pf,8.593835,%,BCB SCR.data v2
2025-03-31,PE,delinquency_vehicle,5.959754,%,BCB SCR.data v2
2025-03-31,PE,delinquency_pj,2.938591,%,BCB SCR.data v2
2025-03-31,PE,credit_balance_pj,46412.30119,R$ mi,BCB SCR.data v2
2025-03-31,PE,problem_assets_pj,6.248168,%,BCB SCR.data v2
2025-03-31,PI,delinquency_card,8.414247,%,BCB SCR.data v2
2025-03-31,PI,delinquency_personal,3.615103,%,BCB SCR.data v2
2025-03-31,PI,delinquency_revolving,11.863133,%,BCB SCR.data v2
2025-03-31,PI,delinquency_pf,4.589059,%,BCB SCR.data v2
2025-03-31,PI,credit_balance_pf,35556.780057,R$ mi,BCB SCR.data v2
2025-03-31,PI,problem_assets_pf,8.163656,%,BCB SCR.data v2
2025-03-31,PI,delinquency_vehicle,5.248974,%,BCB SCR.data v2
2025-03-31,PI,delinquency_pj,2.080692,%,BCB SCR.data v2
2025-03-31,PI,credit_balance_pj,25404.094995,R$ mi,BCB SCR.data v2
2025-03-31,PI,problem_assets_pj,3.196708,%,BCB SCR.data v2
2025-03-31,PR,delinquency_card,6.833915,%,BCB SCR.data v2
2025-03-31,PR,delinquency_personal,3.954889,%,BCB SCR.data v2
2025-03-31,PR,delinquency_revolving,13.128311,%,BCB SCR.data v2
2025-03-31,PR,delinquency_pf,3.483066,%,BCB SCR.data v2
2025-03-31,PR,credit_balance_pf,316258.19804,R$ mi,BCB SCR.data v2
2025-03-31,PR,problem_assets_pf,6.551877,%,BCB SCR.data v2
2025-03-31,PR,delinquency_vehicle,4.694496,%,BCB SCR.data v2
2025-03-31,PR,delinquency_pj,2.746301,%,BCB SCR.data v2
2025-03-31,PR,credit_balance_pj,192001.140047,R$ mi,BCB SCR.data v2
2025-03-31,PR,problem_assets_pj,5.360469,%,BCB SCR.data v2
2025-03-31,RJ,delinquency_card,8.315758,%,BCB SCR.data v2
2025-03-31,RJ,delinquency_personal,4.664117,%,BCB SCR.data v2
2025-03-31,RJ,delinquency_revolving,14.396463,%,BCB SCR.data v2
2025-03-31,RJ,delinquency_pf,5.538692,%,BCB SCR.data v2
2025-03-31,RJ,credit_balance_pf,263311.3799,R$ mi,BCB SCR.data v2
2025-03-31,RJ,problem_assets_pf,8.959621,%,BCB SCR.data v2
2025-03-31,RJ,delinquency_vehicle,7.801193,%,BCB SCR.data v2
2025-03-31,RJ,delinquency_pj,1.413661,%,BCB SCR.data v2
2025-03-31,RJ,credit_balance_pj,296216.95872,R$ mi,BCB SCR.data v2
2025-03-31,RJ,problem_assets_pj,6.328693,%,BCB SCR.data v2
2025-03-31,RN,delinquency_card,9.264438,%,BCB SCR.data v2
2025-03-31,RN,delinquency_personal,3.694174,%,BCB SCR.data v2
2025-03-31,RN,delinquency_revolving,17.294639,%,BCB SCR.data v2
2025-03-31,RN,delinquency_pf,4.895514,%,BCB SCR.data v2
2025-03-31,RN,credit_balance_pf,46495.595635,R$ mi,BCB SCR.data v2
2025-03-31,RN,problem_assets_pf,9.052584,%,BCB SCR.data v2
2025-03-31,RN,delinquency_vehicle,5.051197,%,BCB SCR.data v2
2025-03-31,RN,delinquency_pj,2.948906,%,BCB SCR.data v2
2025-03-31,RN,credit_balance_pj,17382.020645,R$ mi,BCB SCR.data v2
2025-03-31,RN,problem_assets_pj,4.778544,%,BCB SCR.data v2
2025-03-31,RO,delinquency_card,7.055327,%,BCB SCR.data v2
2025-03-31,RO,delinquency_personal,4.803567,%,BCB SCR.data v2
2025-03-31,RO,delinquency_revolving,7.753884,%,BCB SCR.data v2
2025-03-31,RO,delinquency_pf,3.993081,%,BCB SCR.data v2
2025-03-31,RO,credit_balance_pf,48121.120559,R$ mi,BCB SCR.data v2
2025-03-31,RO,problem_assets_pf,7.537837,%,BCB SCR.data v2
2025-03-31,RO,delinquency_vehicle,4.4162,%,BCB SCR.data v2
2025-03-31,RO,delinquency_pj,3.967412,%,BCB SCR.data v2
2025-03-31,RO,credit_balance_pj,11911.88822,R$ mi,BCB SCR.data v2
2025-03-31,RO,problem_assets_pj,7.586372,%,BCB SCR.data v2
2025-03-31,RR,delinquency_card,9.350832,%,BCB SCR.data v2
2025-03-31,RR,delinquency_personal,3.954739,%,BCB SCR.data v2
2025-03-31,RR,delinquency_revolving,13.917549,%,BCB SCR.data v2
2025-03-31,RR,delinquency_pf,4.48997,%,BCB SCR.data v2
2025-03-31,RR,credit_balance_pf,10686.493159,R$ mi,BCB SCR.data v2
2025-03-31,RR,problem_assets_pf,7.846293,%,BCB SCR.data v2
2025-03-31,RR,delinquency_vehicle,4.481794,%,BCB SCR.data v2
2025-03-31,RR,delinquency_pj,4.351167,%,BCB SCR.data v2
2025-03-31,RR,credit_balance_pj,2927.347962,R$ mi,BCB SCR.data v2
2025-03-31,RR,problem_assets_pj,7.577479,%,BCB SCR.data v2
2025-03-31,RS,delinquency_card,6.599634,%,BCB SCR.data v2
2025-03-31,RS,delinquency_personal,4.108732,%,BCB SCR.data v2
2025-03-31,RS,delinquency_revolving,10.506585,%,BCB SCR.data v2
2025-03-31,RS,delinquency_pf,3.069029,%,BCB SCR.data v2
2025-03-31,RS,credit_balance_pf,312971.60996,R$ mi,BCB SCR.data v2
2025-03-31,RS,problem_assets_pf,6.573888,%,BCB SCR.data v2
2025-03-31,RS,delinquency_vehicle,4.3313,%,BCB SCR.data v2
2025-03-31,RS,delinquency_pj,1.921345,%,BCB SCR.data v2
2025-03-31,RS,credit_balance_pj,170589.769285,R$ mi,BCB SCR.data v2
2025-03-31,RS,problem_assets_pj,4.906902,%,BCB SCR.data v2
2025-03-31,SC,delinquency_card,5.957845,%,BCB SCR.data v2
2025-03-31,SC,delinquency_personal,4.386727,%,BCB SCR.data v2
2025-03-31,SC,delinquency_revolving,8.234492,%,BCB SCR.data v2
2025-03-31,SC,delinquency_pf,3.221047,%,BCB SCR.data v2
2025-03-31,SC,credit_balance_pf,201870.468109,R$ mi,BCB SCR.data v2
2025-03-31,SC,problem_assets_pf,5.840219,%,BCB SCR.data v2
2025-03-31,SC,delinquency_vehicle,4.437132,%,BCB SCR.data v2
2025-03-31,SC,delinquency_pj,2.125817,%,BCB SCR.data v2
2025-03-31,SC,credit_balance_pj,168801.843667,R$ mi,BCB SCR.data v2
2025-03-31,SC,problem_assets_pj,4.605366,%,BCB SCR.data v2
2025-03-31,SE,delinquency_card,8.791492,%,BCB SCR.data v2
2025-03-31,SE,delinquency_personal,4.301762,%,BCB SCR.data v2
2025-03-31,SE,delinquency_revolving,17.310742,%,BCB SCR.data v2
2025-03-31,SE,delinquency_pf,4.619364,%,BCB SCR.data v2
2025-03-31,SE,credit_balance_pf,32431.920444,R$ mi,BCB SCR.data v2
2025-03-31,SE,problem_assets_pf,7.783321,%,BCB SCR.data v2
2025-03-31,SE,delinquency_vehicle,6.154965,%,BCB SCR.data v2
2025-03-31,SE,delinquency_pj,4.870042,%,BCB SCR.data v2
2025-03-31,SE,credit_balance_pj,8207.429872,R$ mi,BCB SCR.data v2
2025-03-31,SE,problem_assets_pj,8.194857,%,BCB SCR.data v2
2025-03-31,SP,delinquency_card,7.469651,%,BCB SCR.data v2
2025-03-31,SP,delinquency_personal,4.4147,%,BCB SCR.data v2
2025-03-31,SP,delinquency_revolving,13.06987,%,BCB SCR.data v2
2025-03-31,SP,delinquency_pf,3.953759,%,BCB SCR.data v2
2025-03-31,SP,credit_balance_pf,1088580.788658,R$ mi,BCB SCR.data v2
2025-03-31,SP,problem_assets_pf,7.218537,%,BCB SCR.data v2
2025-03-31,SP,delinquency_vehicle,4.553844,%,BCB SCR.data v2
2025-03-31,SP,delinquency_pj,1.87931,%,BCB SCR.data v2
2025-03-31,SP,credit_balance_pj,861592.566217,R$ mi,BCB SCR.data v2
2025-03-31,SP,problem_assets_pj,6.34369,%,BCB SCR.data v2
2025-03-31,TO,delinquency_card,7.543546,%,BCB SCR.data v2
2025-03-31,TO,delinquency_personal,4.529604,%,BCB SCR.data v2
2025-03-31,TO,delinquency_revolving,8.797243,%,BCB SCR.data v2
2025-03-31,TO,delinquency_pf,5.287132,%,BCB SCR.data v2
2025-03-31,TO,credit_balance_pf,38178.804092,R$ mi,BCB SCR.data v2
2025-03-31,TO,problem_assets_pf,10.227729,%,BCB SCR.data v2
2025-03-31,TO,delinquency_vehicle,4.782151,%,BCB SCR.data v2
2025-03-31,TO,delinquency_pj,3.965402,%,BCB SCR.data v2
2025-03-31,TO,credit_balance_pj,13794.064812,R$ mi,BCB SCR.data v2
2025-03-31,TO,problem_assets_pj,5.945428,%,BCB SCR.data v2
2025-04-30,AC,delinquency_card,9.223143,%,BCB SCR.data v2
2025-04-30,AC,delinquency_personal,3.595571,%,BCB SCR.data v2
2025-04-30,AC,delinquency_revolving,10.454164,%,BCB SCR.data v2
2025-04-30,AC,delinquency_pf,4.341651,%,BCB SCR.data v2
2025-04-30,AC,credit_balance_pf,13220.882349,R$ mi,BCB SCR.data v2
2025-04-30,AC,problem_assets_pf,7.646904,%,BCB SCR.data v2
2025-04-30,AC,delinquency_vehicle,3.776993,%,BCB SCR.data v2
2025-04-30,AC,delinquency_pj,3.934985,%,BCB SCR.data v2
2025-04-30,AC,credit_balance_pj,4504.941196,R$ mi,BCB SCR.data v2
2025-04-30,AC,problem_assets_pj,6.322354,%,BCB SCR.data v2
2025-04-30,AL,delinquency_card,10.253515,%,BCB SCR.data v2
2025-04-30,AL,delinquency_personal,3.811832,%,BCB SCR.data v2
2025-04-30,AL,delinquency_revolving,17.392121,%,BCB SCR.data v2
2025-04-30,AL,delinquency_pf,5.461451,%,BCB SCR.data v2
2025-04-30,AL,credit_balance_pf,38118.149791,R$ mi,BCB SCR.data v2
2025-04-30,AL,problem_assets_pf,8.582912,%,BCB SCR.data v2
2025-04-30,AL,delinquency_vehicle,7.847455,%,BCB SCR.data v2
2025-04-30,AL,delinquency_pj,3.144571,%,BCB SCR.data v2
2025-04-30,AL,credit_balance_pj,15081.351538,R$ mi,BCB SCR.data v2
2025-04-30,AL,problem_assets_pj,4.575311,%,BCB SCR.data v2
2025-04-30,AM,delinquency_card,9.624023,%,BCB SCR.data v2
2025-04-30,AM,delinquency_personal,4.83172,%,BCB SCR.data v2
2025-04-30,AM,delinquency_revolving,15.731336,%,BCB SCR.data v2
2025-04-30,AM,delinquency_pf,5.581987,%,BCB SCR.data v2
2025-04-30,AM,credit_balance_pf,40024.705556,R$ mi,BCB SCR.data v2
2025-04-30,AM,problem_assets_pf,9.182706,%,BCB SCR.data v2
2025-04-30,AM,delinquency_vehicle,5.856672,%,BCB SCR.data v2
2025-04-30,AM,delinquency_pj,2.771623,%,BCB SCR.data v2
2025-04-30,AM,credit_balance_pj,29014.561271,R$ mi,BCB SCR.data v2
2025-04-30,AM,problem_assets_pj,4.334922,%,BCB SCR.data v2
2025-04-30,AP,delinquency_card,9.275525,%,BCB SCR.data v2
2025-04-30,AP,delinquency_personal,4.405162,%,BCB SCR.data v2
2025-04-30,AP,delinquency_revolving,16.292015,%,BCB SCR.data v2
2025-04-30,AP,delinquency_pf,5.160001,%,BCB SCR.data v2
2025-04-30,AP,credit_balance_pf,11647.037264,R$ mi,BCB SCR.data v2
2025-04-30,AP,problem_assets_pf,8.819194,%,BCB SCR.data v2
2025-04-30,AP,delinquency_vehicle,3.560735,%,BCB SCR.data v2
2025-04-30,AP,delinquency_pj,3.37309,%,BCB SCR.data v2
2025-04-30,AP,credit_balance_pj,4804.8368,R$ mi,BCB SCR.data v2
2025-04-30,AP,problem_assets_pj,8.783262,%,BCB SCR.data v2
2025-04-30,BA,delinquency_card,9.173794,%,BCB SCR.data v2
2025-04-30,BA,delinquency_personal,4.288753,%,BCB SCR.data v2
2025-04-30,BA,delinquency_revolving,14.418107,%,BCB SCR.data v2
2025-04-30,BA,delinquency_pf,5.088333,%,BCB SCR.data v2
2025-04-30,BA,credit_balance_pf,172312.51284,R$ mi,BCB SCR.data v2
2025-04-30,BA,problem_assets_pf,8.369606,%,BCB SCR.data v2
2025-04-30,BA,delinquency_vehicle,5.783995,%,BCB SCR.data v2
2025-04-30,BA,delinquency_pj,2.928116,%,BCB SCR.data v2
2025-04-30,BA,credit_balance_pj,90543.557277,R$ mi,BCB SCR.data v2
2025-04-30,BA,problem_assets_pj,6.240887,%,BCB SCR.data v2
2025-04-30,CE,delinquency_card,9.232941,%,BCB SCR.data v2
2025-04-30,CE,delinquency_personal,3.989428,%,BCB SCR.data v2
2025-04-30,CE,delinquency_revolving,13.644714,%,BCB SCR.data v2
2025-04-30,CE,delinquency_pf,5.010724,%,BCB SCR.data v2
2025-04-30,CE,credit_balance_pf,100315.986594,R$ mi,BCB SCR.data v2
2025-04-30,CE,problem_assets_pf,8.083903,%,BCB SCR.data v2
2025-04-30,CE,delinquency_vehicle,4.987033,%,BCB SCR.data v2
2025-04-30,CE,delinquency_pj,3.039824,%,BCB SCR.data v2
2025-04-30,CE,credit_balance_pj,47780.059634,R$ mi,BCB SCR.data v2
2025-04-30,CE,problem_assets_pj,7.382799,%,BCB SCR.data v2
2025-04-30,DF,delinquency_card,6.975853,%,BCB SCR.data v2
2025-04-30,DF,delinquency_personal,3.31026,%,BCB SCR.data v2
2025-04-30,DF,delinquency_revolving,13.257588,%,BCB SCR.data v2
2025-04-30,DF,delinquency_pf,3.681736,%,BCB SCR.data v2
2025-04-30,DF,credit_balance_pf,97050.974229,R$ mi,BCB SCR.data v2
2025-04-30,DF,problem_assets_pf,6.853457,%,BCB SCR.data v2
2025-04-30,DF,delinquency_vehicle,4.784536,%,BCB SCR.data v2
2025-04-30,DF,delinquency_pj,1.730652,%,BCB SCR.data v2
2025-04-30,DF,credit_balance_pj,68841.59644,R$ mi,BCB SCR.data v2
2025-04-30,DF,problem_assets_pj,2.997183,%,BCB SCR.data v2
2025-04-30,ES,delinquency_card,7.313682,%,BCB SCR.data v2
2025-04-30,ES,delinquency_personal,3.993994,%,BCB SCR.data v2
2025-04-30,ES,delinquency_revolving,13.515352,%,BCB SCR.data v2
2025-04-30,ES,delinquency_pf,3.702062,%,BCB SCR.data v2
2025-04-30,ES,credit_balance_pf,67195.632206,R$ mi,BCB SCR.data v2
2025-04-30,ES,problem_assets_pf,6.817594,%,BCB SCR.data v2
2025-04-30,ES,delinquency_vehicle,4.035693,%,BCB SCR.data v2
2025-04-30,ES,delinquency_pj,3.674764,%,BCB SCR.data v2
2025-04-30,ES,credit_balance_pj,48058.02157,R$ mi,BCB SCR.data v2
2025-04-30,ES,problem_assets_pj,8.985905,%,BCB SCR.data v2
2025-04-30,GO,delinquency_card,8.752709,%,BCB SCR.data v2
2025-04-30,GO,delinquency_personal,5.242157,%,BCB SCR.data v2
2025-04-30,GO,delinquency_revolving,12.292932,%,BCB SCR.data v2
2025-04-30,GO,delinquency_pf,4.521425,%,BCB SCR.data v2
2025-04-30,GO,credit_balance_pf,231364.072037,R$ mi,BCB SCR.data v2
2025-04-30,GO,problem_assets_pf,9.06498,%,BCB SCR.data v2
2025-04-30,GO,delinquency_vehicle,5.352239,%,BCB SCR.data v2
2025-04-30,GO,delinquency_pj,4.209717,%,BCB SCR.data v2
2025-04-30,GO,credit_balance_pj,83211.057934,R$ mi,BCB SCR.data v2
2025-04-30,GO,problem_assets_pj,8.226811,%,BCB SCR.data v2
2025-04-30,MA,delinquency_card,8.898289,%,BCB SCR.data v2
2025-04-30,MA,delinquency_personal,4.387597,%,BCB SCR.data v2
2025-04-30,MA,delinquency_revolving,11.34687,%,BCB SCR.data v2
2025-04-30,MA,delinquency_pf,5.419025,%,BCB SCR.data v2
2025-04-30,MA,credit_balance_pf,80719.009114,R$ mi,BCB SCR.data v2
2025-04-30,MA,problem_assets_pf,9.66911,%,BCB SCR.data v2
2025-04-30,MA,delinquency_vehicle,4.617377,%,BCB SCR.data v2
2025-04-30,MA,delinquency_pj,5.537307,%,BCB SCR.data v2
2025-04-30,MA,credit_balance_pj,23432.838165,R$ mi,BCB SCR.data v2
2025-04-30,MA,problem_assets_pj,8.455672,%,BCB SCR.data v2
2025-04-30,MG,delinquency_card,7.102965,%,BCB SCR.data v2
2025-04-30,MG,delinquency_personal,4.433215,%,BCB SCR.data v2
2025-04-30,MG,delinquency_revolving,11.779166,%,BCB SCR.data v2
2025-04-30,MG,delinquency_pf,3.897753,%,BCB SCR.data v2
2025-04-30,MG,credit_balance_pf,397085.314554,R$ mi,BCB SCR.data v2
2025-04-30,MG,problem_assets_pf,7.153939,%,BCB SCR.data v2
2025-04-30,MG,delinquency_vehicle,4.578871,%,BCB SCR.data v2
2025-04-30,MG,delinquency_pj,3.098453,%,BCB SCR.data v2
2025-04-30,MG,credit_balance_pj,217264.064678,R$ mi,BCB SCR.data v2
2025-04-30,MG,problem_assets_pj,5.882582,%,BCB SCR.data v2
2025-04-30,MS,delinquency_card,8.153408,%,BCB SCR.data v2
2025-04-30,MS,delinquency_personal,4.603378,%,BCB SCR.data v2
2025-04-30,MS,delinquency_revolving,9.890314,%,BCB SCR.data v2
2025-04-30,MS,delinquency_pf,4.884405,%,BCB SCR.data v2
2025-04-30,MS,credit_balance_pf,97485.993212,R$ mi,BCB SCR.data v2
2025-04-30,MS,problem_assets_pf,10.003988,%,BCB SCR.data v2
2025-04-30,MS,delinquency_vehicle,4.869475,%,BCB SCR.data v2
2025-04-30,MS,delinquency_pj,3.548808,%,BCB SCR.data v2
2025-04-30,MS,credit_balance_pj,36960.155361,R$ mi,BCB SCR.data v2
2025-04-30,MS,problem_assets_pj,8.765335,%,BCB SCR.data v2
2025-04-30,MT,delinquency_card,7.952288,%,BCB SCR.data v2
2025-04-30,MT,delinquency_personal,5.156388,%,BCB SCR.data v2
2025-04-30,MT,delinquency_revolving,8.55645,%,BCB SCR.data v2
2025-04-30,MT,delinquency_pf,3.980398,%,BCB SCR.data v2
2025-04-30,MT,credit_balance_pf,167617.976371,R$ mi,BCB SCR.data v2
2025-04-30,MT,problem_assets_pf,8.768916,%,BCB SCR.data v2
2025-04-30,MT,delinquency_vehicle,4.185031,%,BCB SCR.data v2
2025-04-30,MT,delinquency_pj,3.619323,%,BCB SCR.data v2
2025-04-30,MT,credit_balance_pj,81774.998806,R$ mi,BCB SCR.data v2
2025-04-30,MT,problem_assets_pj,7.050753,%,BCB SCR.data v2
2025-04-30,PA,delinquency_card,9.523595,%,BCB SCR.data v2
2025-04-30,PA,delinquency_personal,3.838192,%,BCB SCR.data v2
2025-04-30,PA,delinquency_revolving,13.376458,%,BCB SCR.data v2
2025-04-30,PA,delinquency_pf,5.110249,%,BCB SCR.data v2
2025-04-30,PA,credit_balance_pf,99581.867677,R$ mi,BCB SCR.data v2
2025-04-30,PA,problem_assets_pf,8.275928,%,BCB SCR.data v2
2025-04-30,PA,delinquency_vehicle,5.128992,%,BCB SCR.data v2
2025-04-30,PA,delinquency_pj,3.345162,%,BCB SCR.data v2
2025-04-30,PA,credit_balance_pj,47330.941845,R$ mi,BCB SCR.data v2
2025-04-30,PA,problem_assets_pj,6.238973,%,BCB SCR.data v2
2025-04-30,PB,delinquency_card,8.828415,%,BCB SCR.data v2
2025-04-30,PB,delinquency_personal,3.766129,%,BCB SCR.data v2
2025-04-30,PB,delinquency_revolving,12.768739,%,BCB SCR.data v2
2025-04-30,PB,delinquency_pf,4.458044,%,BCB SCR.data v2
2025-04-30,PB,credit_balance_pf,55071.969602,R$ mi,BCB SCR.data v2
2025-04-30,PB,problem_assets_pf,8.366088,%,BCB SCR.data v2
2025-04-30,PB,delinquency_vehicle,4.851984,%,BCB SCR.data v2
2025-04-30,PB,delinquency_pj,4.337468,%,BCB SCR.data v2
2025-04-30,PB,credit_balance_pj,12672.281898,R$ mi,BCB SCR.data v2
2025-04-30,PB,problem_assets_pj,6.992581,%,BCB SCR.data v2
2025-04-30,PE,delinquency_card,9.749313,%,BCB SCR.data v2
2025-04-30,PE,delinquency_personal,4.440768,%,BCB SCR.data v2
2025-04-30,PE,delinquency_revolving,15.418017,%,BCB SCR.data v2
2025-04-30,PE,delinquency_pf,5.54614,%,BCB SCR.data v2
2025-04-30,PE,credit_balance_pf,106209.785565,R$ mi,BCB SCR.data v2
2025-04-30,PE,problem_assets_pf,8.773921,%,BCB SCR.data v2
2025-04-30,PE,delinquency_vehicle,6.061339,%,BCB SCR.data v2
2025-04-30,PE,delinquency_pj,3.116909,%,BCB SCR.data v2
2025-04-30,PE,credit_balance_pj,46020.033069,R$ mi,BCB SCR.data v2
2025-04-30,PE,problem_assets_pj,6.338204,%,BCB SCR.data v2
2025-04-30,PI,delinquency_card,8.995658,%,BCB SCR.data v2
2025-04-30,PI,delinquency_personal,3.839484,%,BCB SCR.data v2
2025-04-30,PI,delinquency_revolving,11.914981,%,BCB SCR.data v2
2025-04-30,PI,delinquency_pf,4.821155,%,BCB SCR.data v2
2025-04-30,PI,credit_balance_pf,35948.147287,R$ mi,BCB SCR.data v2
2025-04-30,PI,problem_assets_pf,8.405141,%,BCB SCR.data v2
2025-04-30,PI,delinquency_vehicle,5.377487,%,BCB SCR.data v2
2025-04-30,PI,delinquency_pj,2.264532,%,BCB SCR.data v2
2025-04-30,PI,credit_balance_pj,25470.860658,R$ mi,BCB SCR.data v2
2025-04-30,PI,problem_assets_pj,3.190991,%,BCB SCR.data v2
2025-04-30,PR,delinquency_card,7.192349,%,BCB SCR.data v2
2025-04-30,PR,delinquency_personal,4.091961,%,BCB SCR.data v2
2025-04-30,PR,delinquency_revolving,13.43907,%,BCB SCR.data v2
2025-04-30,PR,delinquency_pf,3.648976,%,BCB SCR.data v2
2025-04-30,PR,credit_balance_pf,317053.244867,R$ mi,BCB SCR.data v2
2025-04-30,PR,problem_assets_pf,6.731965,%,BCB SCR.data v2
2025-04-30,PR,delinquency_vehicle,4.823511,%,BCB SCR.data v2
2025-04-30,PR,delinquency_pj,2.886846,%,BCB SCR.data v2
2025-04-30,PR,credit_balance_pj,194994.336909,R$ mi,BCB SCR.data v2
2025-04-30,PR,problem_assets_pj,5.51434,%,BCB SCR.data v2
2025-04-30,RJ,delinquency_card,8.706162,%,BCB SCR.data v2
2025-04-30,RJ,delinquency_personal,4.827587,%,BCB SCR.data v2
2025-04-30,RJ,delinquency_revolving,14.738544,%,BCB SCR.data v2
2025-04-30,RJ,delinquency_pf,5.737996,%,BCB SCR.data v2
2025-04-30,RJ,credit_balance_pf,265783.641032,R$ mi,BCB SCR.data v2
2025-04-30,RJ,problem_assets_pf,9.092259,%,BCB SCR.data v2
2025-04-30,RJ,delinquency_vehicle,8.065348,%,BCB SCR.data v2
2025-04-30,RJ,delinquency_pj,1.521246,%,BCB SCR.data v2
2025-04-30,RJ,credit_balance_pj,294468.329767,R$ mi,BCB SCR.data v2
2025-04-30,RJ,problem_assets_pj,6.445621,%,BCB SCR.data v2
2025-04-30,RN,delinquency_card,9.766668,%,BCB SCR.data v2
2025-04-30,RN,delinquency_personal,3.906004,%,BCB SCR.data v2
2025-04-30,RN,delinquency_revolving,17.075832,%,BCB SCR.data v2
2025-04-30,RN,delinquency_pf,5.142281,%,BCB SCR.data v2
2025-04-30,RN,credit_balance_pf,46967.029493,R$ mi,BCB SCR.data v2
2025-04-30,RN,problem_assets_pf,9.274056,%,BCB SCR.data v2
2025-04-30,RN,delinquency_vehicle,5.16816,%,BCB SCR.data v2
2025-04-30,RN,delinquency_pj,3.205898,%,BCB SCR.data v2
2025-04-30,RN,credit_balance_pj,17368.370718,R$ mi,BCB SCR.data v2
2025-04-30,RN,problem_assets_pj,4.878255,%,BCB SCR.data v2
2025-04-30,RO,delinquency_card,7.500022,%,BCB SCR.data v2
2025-04-30,RO,delinquency_personal,5.063452,%,BCB SCR.data v2
2025-04-30,RO,delinquency_revolving,7.569426,%,BCB SCR.data v2
2025-04-30,RO,delinquency_pf,4.259097,%,BCB SCR.data v2
2025-04-30,RO,credit_balance_pf,48372.735004,R$ mi,BCB SCR.data v2
2025-04-30,RO,problem_assets_pf,7.863752,%,BCB SCR.data v2
2025-04-30,RO,delinquency_vehicle,4.360166,%,BCB SCR.data v2
2025-04-30,RO,delinquency_pj,4.666756,%,BCB SCR.data v2
2025-04-30,RO,credit_balance_pj,11811.264245,R$ mi,BCB SCR.data v2
2025-04-30,RO,problem_assets_pj,8.04272,%,BCB SCR.data v2
2025-04-30,RR,delinquency_card,10.015552,%,BCB SCR.data v2
2025-04-30,RR,delinquency_personal,4.378281,%,BCB SCR.data v2
2025-04-30,RR,delinquency_revolving,14.032007,%,BCB SCR.data v2
2025-04-30,RR,delinquency_pf,4.836137,%,BCB SCR.data v2
2025-04-30,RR,credit_balance_pf,10862.779392,R$ mi,BCB SCR.data v2
2025-04-30,RR,problem_assets_pf,8.143806,%,BCB SCR.data v2
2025-04-30,RR,delinquency_vehicle,4.677063,%,BCB SCR.data v2
2025-04-30,RR,delinquency_pj,4.338651,%,BCB SCR.data v2
2025-04-30,RR,credit_balance_pj,2943.570552,R$ mi,BCB SCR.data v2
2025-04-30,RR,problem_assets_pj,7.535784,%,BCB SCR.data v2
2025-04-30,RS,delinquency_card,7.017332,%,BCB SCR.data v2
2025-04-30,RS,delinquency_personal,4.398575,%,BCB SCR.data v2
2025-04-30,RS,delinquency_revolving,11.660625,%,BCB SCR.data v2
2025-04-30,RS,delinquency_pf,3.310027,%,BCB SCR.data v2
2025-04-30,RS,credit_balance_pf,315145.967689,R$ mi,BCB SCR.data v2
2025-04-30,RS,problem_assets_pf,6.869486,%,BCB SCR.data v2
2025-04-30,RS,delinquency_vehicle,4.779501,%,BCB SCR.data v2
2025-04-30,RS,delinquency_pj,2.13106,%,BCB SCR.data v2
2025-04-30,RS,credit_balance_pj,171275.865668,R$ mi,BCB SCR.data v2
2025-04-30,RS,problem_assets_pj,5.057813,%,BCB SCR.data v2
2025-04-30,SC,delinquency_card,6.249682,%,BCB SCR.data v2
2025-04-30,SC,delinquency_personal,4.579654,%,BCB SCR.data v2
2025-04-30,SC,delinquency_revolving,8.358792,%,BCB SCR.data v2
2025-04-30,SC,delinquency_pf,3.383421,%,BCB SCR.data v2
2025-04-30,SC,credit_balance_pf,203567.206382,R$ mi,BCB SCR.data v2
2025-04-30,SC,problem_assets_pf,6.004193,%,BCB SCR.data v2
2025-04-30,SC,delinquency_vehicle,4.572413,%,BCB SCR.data v2
2025-04-30,SC,delinquency_pj,2.262645,%,BCB SCR.data v2
2025-04-30,SC,credit_balance_pj,169647.635189,R$ mi,BCB SCR.data v2
2025-04-30,SC,problem_assets_pj,4.765086,%,BCB SCR.data v2
2025-04-30,SE,delinquency_card,9.280328,%,BCB SCR.data v2
2025-04-30,SE,delinquency_personal,4.49553,%,BCB SCR.data v2
2025-04-30,SE,delinquency_revolving,17.427098,%,BCB SCR.data v2
2025-04-30,SE,delinquency_pf,4.800492,%,BCB SCR.data v2
2025-04-30,SE,credit_balance_pf,32891.860748,R$ mi,BCB SCR.data v2
2025-04-30,SE,problem_assets_pf,7.962465,%,BCB SCR.data v2
2025-04-30,SE,delinquency_vehicle,6.168416,%,BCB SCR.data v2
2025-04-30,SE,delinquency_pj,5.211576,%,BCB SCR.data v2
2025-04-30,SE,credit_balance_pj,8239.540348,R$ mi,BCB SCR.data v2
2025-04-30,SE,problem_assets_pj,8.559004,%,BCB SCR.data v2
2025-04-30,SP,delinquency_card,7.839254,%,BCB SCR.data v2
2025-04-30,SP,delinquency_personal,4.56361,%,BCB SCR.data v2
2025-04-30,SP,delinquency_revolving,13.327413,%,BCB SCR.data v2
2025-04-30,SP,delinquency_pf,4.109607,%,BCB SCR.data v2
2025-04-30,SP,credit_balance_pf,1098771.750966,R$ mi,BCB SCR.data v2
2025-04-30,SP,problem_assets_pf,7.337463,%,BCB SCR.data v2
2025-04-30,SP,delinquency_vehicle,4.719912,%,BCB SCR.data v2
2025-04-30,SP,delinquency_pj,2.19113,%,BCB SCR.data v2
2025-04-30,SP,credit_balance_pj,858957.33377,R$ mi,BCB SCR.data v2
2025-04-30,SP,problem_assets_pj,6.462501,%,BCB SCR.data v2
2025-04-30,TO,delinquency_card,8.042371,%,BCB SCR.data v2
2025-04-30,TO,delinquency_personal,4.766789,%,BCB SCR.data v2
2025-04-30,TO,delinquency_revolving,8.590235,%,BCB SCR.data v2
2025-04-30,TO,delinquency_pf,5.671821,%,BCB SCR.data v2
2025-04-30,TO,credit_balance_pf,38435.824032,R$ mi,BCB SCR.data v2
2025-04-30,TO,problem_assets_pf,10.657884,%,BCB SCR.data v2
2025-04-30,TO,delinquency_vehicle,4.602139,%,BCB SCR.data v2
2025-04-30,TO,delinquency_pj,4.12811,%,BCB SCR.data v2
2025-04-30,TO,credit_balance_pj,14136.259448,R$ mi,BCB SCR.data v2
2025-04-30,TO,problem_assets_pj,6.033334,%,BCB SCR.data v2
2025-05-31,AC,delinquency_card,9.449482,%,BCB SCR.data v2
2025-05-31,AC,delinquency_personal,3.933404,%,BCB SCR.data v2
2025-05-31,AC,delinquency_revolving,13.19706,%,BCB SCR.data v2
2025-05-31,AC,delinquency_pf,4.412982,%,BCB SCR.data v2
2025-05-31,AC,credit_balance_pf,13329.433662,R$ mi,BCB SCR.data v2
2025-05-31,AC,problem_assets_pf,7.568183,%,BCB SCR.data v2
2025-05-31,AC,delinquency_vehicle,4.004293,%,BCB SCR.data v2
2025-05-31,AC,delinquency_pj,4.248145,%,BCB SCR.data v2
2025-05-31,AC,credit_balance_pj,4569.297072,R$ mi,BCB SCR.data v2
2025-05-31,AC,problem_assets_pj,6.166214,%,BCB SCR.data v2
2025-05-31,AL,delinquency_card,10.950212,%,BCB SCR.data v2
2025-05-31,AL,delinquency_personal,3.955721,%,BCB SCR.data v2
2025-05-31,AL,delinquency_revolving,22.620582,%,BCB SCR.data v2
2025-05-31,AL,delinquency_pf,5.664393,%,BCB SCR.data v2
2025-05-31,AL,credit_balance_pf,38287.907145,R$ mi,BCB SCR.data v2
2025-05-31,AL,problem_assets_pf,8.683112,%,BCB SCR.data v2
2025-05-31,AL,delinquency_vehicle,8.217208,%,BCB SCR.data v2
2025-05-31,AL,delinquency_pj,3.111404,%,BCB SCR.data v2
2025-05-31,AL,credit_balance_pj,15060.309674,R$ mi,BCB SCR.data v2
2025-05-31,AL,problem_assets_pj,5.312999,%,BCB SCR.data v2
2025-05-31,AM,delinquency_card,10.157204,%,BCB SCR.data v2
2025-05-31,AM,delinquency_personal,5.05196,%,BCB SCR.data v2
2025-05-31,AM,delinquency_revolving,19.977736,%,BCB SCR.data v2
2025-05-31,AM,delinquency_pf,5.780522,%,BCB SCR.data v2
2025-05-31,AM,credit_balance_pf,40727.396401,R$ mi,BCB SCR.data v2
2025-05-31,AM,problem_assets_pf,9.279078,%,BCB SCR.data v2
2025-05-31,AM,delinquency_vehicle,6.170932,%,BCB SCR.data v2
2025-05-31,AM,delinquency_pj,2.749873,%,BCB SCR.data v2
2025-05-31,AM,credit_balance_pj,30693.908984,R$ mi,BCB SCR.data v2
2025-05-31,AM,problem_assets_pj,4.336939,%,BCB SCR.data v2
2025-05-31,AP,delinquency_card,9.518515,%,BCB SCR.data v2
2025-05-31,AP,delinquency_personal,4.629039,%,BCB SCR.data v2
2025-05-31,AP,delinquency_revolving,20.913794,%,BCB SCR.data v2
2025-05-31,AP,delinquency_pf,5.318721,%,BCB SCR.data v2
2025-05-31,AP,credit_balance_pf,11762.402428,R$ mi,BCB SCR.data v2
2025-05-31,AP,problem_assets_pf,8.963167,%,BCB SCR.data v2
2025-05-31,AP,delinquency_vehicle,3.633171,%,BCB SCR.data v2
2025-05-31,AP,delinquency_pj,3.301495,%,BCB SCR.data v2
2025-05-31,AP,credit_balance_pj,5327.902762,R$ mi,BCB SCR.data v2
2025-05-31,AP,problem_assets_pj,7.961979,%,BCB SCR.data v2
2025-05-31,BA,delinquency_card,9.621675,%,BCB SCR.data v2
2025-05-31,BA,delinquency_personal,4.419675,%,BCB SCR.data v2
2025-05-31,BA,delinquency_revolving,18.089723,%,BCB SCR.data v2
2025-05-31,BA,delinquency_pf,5.238775,%,BCB SCR.data v2
2025-05-31,BA,credit_balance_pf,173564.711902,R$ mi,BCB SCR.data v2
2025-05-31,BA,problem_assets_pf,8.445414,%,BCB SCR.data v2
2025-05-31,BA,delinquency_vehicle,5.988467,%,BCB SCR.data v2
2025-05-31,BA,delinquency_pj,2.887281,%,BCB SCR.data v2
2025-05-31,BA,credit_balance_pj,94091.093962,R$ mi,BCB SCR.data v2
2025-05-31,BA,problem_assets_pj,5.935903,%,BCB SCR.data v2
2025-05-31,CE,delinquency_card,9.696325,%,BCB SCR.data v2
2025-05-31,CE,delinquency_personal,4.115138,%,BCB SCR.data v2
2025-05-31,CE,delinquency_revolving,19.218099,%,BCB SCR.data v2
2025-05-31,CE,delinquency_pf,5.166544,%,BCB SCR.data v2
2025-05-31,CE,credit_balance_pf,101106.844567,R$ mi,BCB SCR.data v2
2025-05-31,CE,problem_assets_pf,8.142154,%,BCB SCR.data v2
2025-05-31,CE,delinquency_vehicle,5.23231,%,BCB SCR.data v2
2025-05-31,CE,delinquency_pj,3.032933,%,BCB SCR.data v2
2025-05-31,CE,credit_balance_pj,48290.086395,R$ mi,BCB SCR.data v2
2025-05-31,CE,problem_assets_pj,6.63004,%,BCB SCR.data v2
2025-05-31,DF,delinquency_card,7.61444,%,BCB SCR.data v2
2025-05-31,DF,delinquency_personal,3.412781,%,BCB SCR.data v2
2025-05-31,DF,delinquency_revolving,15.705228,%,BCB SCR.data v2
2025-05-31,DF,delinquency_pf,3.870058,%,BCB SCR.data v2
2025-05-31,DF,credit_balance_pf,97240.252186,R$ mi,BCB SCR.data v2
2025-05-31,DF,problem_assets_pf,6.932488,%,BCB SCR.data v2
2025-05-31,DF,delinquency_vehicle,5.038895,%,BCB SCR.data v2
2025-05-31,DF,delinquency_pj,1.73987,%,BCB SCR.data v2
2025-05-31,DF,credit_balance_pj,69420.074335,R$ mi,BCB SCR.data v2
2025-05-31,DF,problem_assets_pj,3.14589,%,BCB SCR.data v2
2025-05-31,ES,delinquency_card,7.830267,%,BCB SCR.data v2
2025-05-31,ES,delinquency_personal,4.203429,%,BCB SCR.data v2
2025-05-31,ES,delinquency_revolving,17.07867,%,BCB SCR.data v2
2025-05-31,ES,delinquency_pf,3.879027,%,BCB SCR.data v2
2025-05-31,ES,credit_balance_pf,67426.352917,R$ mi,BCB SCR.data v2
2025-05-31,ES,problem_assets_pf,6.838631,%,BCB SCR.data v2
2025-05-31,ES,delinquency_vehicle,4.319975,%,BCB SCR.data v2
2025-05-31,ES,delinquency_pj,4.445231,%,BCB SCR.data v2
2025-05-31,ES,credit_balance_pj,49007.380235,R$ mi,BCB SCR.data v2
2025-05-31,ES,problem_assets_pj,9.303288,%,BCB SCR.data v2
2025-05-31,GO,delinquency_card,9.467947,%,BCB SCR.data v2
2025-05-31,GO,delinquency_personal,5.431115,%,BCB SCR.data v2
2025-05-31,GO,delinquency_revolving,15.132833,%,BCB SCR.data v2
2025-05-31,GO,delinquency_pf,4.693243,%,BCB SCR.data v2
2025-05-31,GO,credit_balance_pf,231581.785361,R$ mi,BCB SCR.data v2
2025-05-31,GO,problem_assets_pf,9.102558,%,BCB SCR.data v2
2025-05-31,GO,delinquency_vehicle,5.613602,%,BCB SCR.data v2
2025-05-31,GO,delinquency_pj,4.173066,%,BCB SCR.data v2
2025-05-31,GO,credit_balance_pj,83502.226203,R$ mi,BCB SCR.data v2
2025-05-31,GO,problem_assets_pj,8.140519,%,BCB SCR.data v2
2025-05-31,MA,delinquency_card,9.066835,%,BCB SCR.data v2
2025-05-31,MA,delinquency_personal,4.463444,%,BCB SCR.data v2
2025-05-31,MA,delinquency_revolving,14.753525,%,BCB SCR.data v2
2025-05-31,MA,delinquency_pf,5.625172,%,BCB SCR.data v2
2025-05-31,MA,credit_balance_pf,81440.211159,R$ mi,BCB SCR.data v2
2025-05-31,MA,problem_assets_pf,9.586616,%,BCB SCR.data v2
2025-05-31,MA,delinquency_vehicle,4.88339,%,BCB SCR.data v2
2025-05-31,MA,delinquency_pj,5.426088,%,BCB SCR.data v2
2025-05-31,MA,credit_balance_pj,23440.402732,R$ mi,BCB SCR.data v2
2025-05-31,MA,problem_assets_pj,8.87199,%,BCB SCR.data v2
2025-05-31,MG,delinquency_card,7.483248,%,BCB SCR.data v2
2025-05-31,MG,delinquency_personal,4.57842,%,BCB SCR.data v2
2025-05-31,MG,delinquency_revolving,14.219156,%,BCB SCR.data v2
2025-05-31,MG,delinquency_pf,4.027194,%,BCB SCR.data v2
2025-05-31,MG,credit_balance_pf,398304.860113,R$ mi,BCB SCR.data v2
2025-05-31,MG,problem_assets_pf,7.23799,%,BCB SCR.data v2
2025-05-31,MG,delinquency_vehicle,4.845672,%,BCB SCR.data v2
2025-05-31,MG,delinquency_pj,3.138711,%,BCB SCR.data v2
2025-05-31,MG,credit_balance_pj,222998.801342,R$ mi,BCB SCR.data v2
2025-05-31,MG,problem_assets_pj,5.796299,%,BCB SCR.data v2
2025-05-31,MS,delinquency_card,8.527577,%,BCB SCR.data v2
2025-05-31,MS,delinquency_personal,4.64443,%,BCB SCR.data v2
2025-05-31,MS,delinquency_revolving,11.614065,%,BCB SCR.data v2
2025-05-31,MS,delinquency_pf,4.940801,%,BCB SCR.data v2
2025-05-31,MS,credit_balance_pf,97992.472799,R$ mi,BCB SCR.data v2
2025-05-31,MS,problem_assets_pf,9.933428,%,BCB SCR.data v2
2025-05-31,MS,delinquency_vehicle,5.113491,%,BCB SCR.data v2
2025-05-31,MS,delinquency_pj,3.614552,%,BCB SCR.data v2
2025-05-31,MS,credit_balance_pj,37544.482886,R$ mi,BCB SCR.data v2
2025-05-31,MS,problem_assets_pj,8.697246,%,BCB SCR.data v2
2025-05-31,MT,delinquency_card,8.29972,%,BCB SCR.data v2
2025-05-31,MT,delinquency_personal,5.212888,%,BCB SCR.data v2
2025-05-31,MT,delinquency_revolving,10.79429,%,BCB SCR.data v2
2025-05-31,MT,delinquency_pf,4.127575,%,BCB SCR.data v2
2025-05-31,MT,credit_balance_pf,167371.376893,R$ mi,BCB SCR.data v2
2025-05-31,MT,problem_assets_pf,8.842013,%,BCB SCR.data v2
2025-05-31,MT,delinquency_vehicle,4.421482,%,BCB SCR.data v2
2025-05-31,MT,delinquency_pj,3.771614,%,BCB SCR.data v2
2025-05-31,MT,credit_balance_pj,81573.124913,R$ mi,BCB SCR.data v2
2025-05-31,MT,problem_assets_pj,7.103574,%,BCB SCR.data v2
2025-05-31,PA,delinquency_card,9.91075,%,BCB SCR.data v2
2025-05-31,PA,delinquency_personal,4.047596,%,BCB SCR.data v2
2025-05-31,PA,delinquency_revolving,16.61401,%,BCB SCR.data v2
2025-05-31,PA,delinquency_pf,5.29707,%,BCB SCR.data v2
2025-05-31,PA,credit_balance_pf,100260.22241,R$ mi,BCB SCR.data v2
2025-05-31,PA,problem_assets_pf,8.367697,%,BCB SCR.data v2
2025-05-31,PA,delinquency_vehicle,5.439492,%,BCB SCR.data v2
2025-05-31,PA,delinquency_pj,3.477429,%,BCB SCR.data v2
2025-05-31,PA,credit_balance_pj,47913.171668,R$ mi,BCB SCR.data v2
2025-05-31,PA,problem_assets_pj,6.509383,%,BCB SCR.data v2
2025-05-31,PB,delinquency_card,9.308944,%,BCB SCR.data v2
2025-05-31,PB,delinquency_personal,3.85834,%,BCB SCR.data v2
2025-05-31,PB,delinquency_revolving,18.706375,%,BCB SCR.data v2
2025-05-31,PB,delinquency_pf,4.57509,%,BCB SCR.data v2
2025-05-31,PB,credit_balance_pf,55287.976177,R$ mi,BCB SCR.data v2
2025-05-31,PB,problem_assets_pf,8.36592,%,BCB SCR.data v2
2025-05-31,PB,delinquency_vehicle,5.030308,%,BCB SCR.data v2
2025-05-31,PB,delinquency_pj,4.506104,%,BCB SCR.data v2
2025-05-31,PB,credit_balance_pj,12684.248202,R$ mi,BCB SCR.data v2
2025-05-31,PB,problem_assets_pj,7.101996,%,BCB SCR.data v2
2025-05-31,PE,delinquency_card,10.276633,%,BCB SCR.data v2
2025-05-31,PE,delinquency_personal,4.547741,%,BCB SCR.data v2
2025-05-31,PE,delinquency_revolving,19.9099,%,BCB SCR.data v2
2025-05-31,PE,delinquency_pf,5.728112,%,BCB SCR.data v2
2025-05-31,PE,credit_balance_pf,107436.898376,R$ mi,BCB SCR.data v2
2025-05-31,PE,problem_assets_pf,8.856122,%,BCB SCR.data v2
2025-05-31,PE,delinquency_vehicle,6.387599,%,BCB SCR.data v2
2025-05-31,PE,delinquency_pj,3.111553,%,BCB SCR.data v2
2025-05-31,PE,credit_balance_pj,45840.669155,R$ mi,BCB SCR.data v2
2025-05-31,PE,problem_assets_pj,6.419772,%,BCB SCR.data v2
2025-05-31,PI,delinquency_card,9.435405,%,BCB SCR.data v2
2025-05-31,PI,delinquency_personal,3.990727,%,BCB SCR.data v2
2025-05-31,PI,delinquency_revolving,16.280339,%,BCB SCR.data v2
2025-05-31,PI,delinquency_pf,5.007365,%,BCB SCR.data v2
2025-05-31,PI,credit_balance_pf,36103.549864,R$ mi,BCB SCR.data v2
2025-05-31,PI,problem_assets_pf,8.499232,%,BCB SCR.data v2
2025-05-31,PI,delinquency_vehicle,5.613753,%,BCB SCR.data v2
2025-05-31,PI,delinquency_pj,2.275202,%,BCB SCR.data v2
2025-05-31,PI,credit_balance_pj,25670.628107,R$ mi,BCB SCR.data v2
2025-05-31,PI,problem_assets_pj,3.241059,%,BCB SCR.data v2
2025-05-31,PR,delinquency_card,7.694925,%,BCB SCR.data v2
2025-05-31,PR,delinquency_personal,4.153694,%,BCB SCR.data v2
2025-05-31,PR,delinquency_revolving,15.802247,%,BCB SCR.data v2
2025-05-31,PR,delinquency_pf,3.741137,%,BCB SCR.data v2
2025-05-31,PR,credit_balance_pf,316736.716205,R$ mi,BCB SCR.data v2
2025-05-31,PR,problem_assets_pf,6.753934,%,BCB SCR.data v2
2025-05-31,PR,delinquency_vehicle,5.079541,%,BCB SCR.data v2
2025-05-31,PR,delinquency_pj,2.957766,%,BCB SCR.data v2
2025-05-31,PR,credit_balance_pj,195464.868546,R$ mi,BCB SCR.data v2
2025-05-31,PR,problem_assets_pj,5.557004,%,BCB SCR.data v2
2025-05-31,RJ,delinquency_card,9.165107,%,BCB SCR.data v2
2025-05-31,RJ,delinquency_personal,4.919689,%,BCB SCR.data v2
2025-05-31,RJ,delinquency_revolving,17.344411,%,BCB SCR.data v2
2025-05-31,RJ,delinquency_pf,5.919331,%,BCB SCR.data v2
2025-05-31,RJ,credit_balance_pf,267329.917777,R$ mi,BCB SCR.data v2
2025-05-31,RJ,problem_assets_pf,9.16962,%,BCB SCR.data v2
2025-05-31,RJ,delinquency_vehicle,8.525183,%,BCB SCR.data v2
2025-05-31,RJ,delinquency_pj,1.518856,%,BCB SCR.data v2
2025-05-31,RJ,credit_balance_pj,292276.681244,R$ mi,BCB SCR.data v2
2025-05-31,RJ,problem_assets_pj,6.379933,%,BCB SCR.data v2
2025-05-31,RN,delinquency_card,10.313202,%,BCB SCR.data v2
2025-05-31,RN,delinquency_personal,3.99179,%,BCB SCR.data v2
2025-05-31,RN,delinquency_revolving,22.549048,%,BCB SCR.data v2
2025-05-31,RN,delinquency_pf,5.318411,%,BCB SCR.data v2
2025-05-31,RN,credit_balance_pf,47336.954476,R$ mi,BCB SCR.data v2
2025-05-31,RN,problem_assets_pf,9.339745,%,BCB SCR.data v2
2025-05-31,RN,delinquency_vehicle,5.336245,%,BCB SCR.data v2
2025-05-31,RN,delinquency_pj,3.606276,%,BCB SCR.data v2
2025-05-31,RN,credit_balance_pj,17400.17348,R$ mi,BCB SCR.data v2
2025-05-31,RN,problem_assets_pj,5.407498,%,BCB SCR.data v2
2025-05-31,RO,delinquency_card,7.716947,%,BCB SCR.data v2
2025-05-31,RO,delinquency_personal,5.294523,%,BCB SCR.data v2
2025-05-31,RO,delinquency_revolving,9.328348,%,BCB SCR.data v2
2025-05-31,RO,delinquency_pf,4.379932,%,BCB SCR.data v2
2025-05-31,RO,credit_balance_pf,48519.359356,R$ mi,BCB SCR.data v2
2025-05-31,RO,problem_assets_pf,7.911384,%,BCB SCR.data v2
2025-05-31,RO,delinquency_vehicle,4.664192,%,BCB SCR.data v2
2025-05-31,RO,delinquency_pj,5.136585,%,BCB SCR.data v2
2025-05-31,RO,credit_balance_pj,11808.157668,R$ mi,BCB SCR.data v2
2025-05-31,RO,problem_assets_pj,8.314011,%,BCB SCR.data v2
2025-05-31,RR,delinquency_card,10.133029,%,BCB SCR.data v2
2025-05-31,RR,delinquency_personal,4.551198,%,BCB SCR.data v2
2025-05-31,RR,delinquency_revolving,16.791226,%,BCB SCR.data v2
2025-05-31,RR,delinquency_pf,4.924802,%,BCB SCR.data v2
2025-05-31,RR,credit_balance_pf,10975.514591,R$ mi,BCB SCR.data v2
2025-05-31,RR,problem_assets_pf,8.274593,%,BCB SCR.data v2
2025-05-31,RR,delinquency_vehicle,4.965534,%,BCB SCR.data v2
2025-05-31,RR,delinquency_pj,4.648631,%,BCB SCR.data v2
2025-05-31,RR,credit_balance_pj,2971.957189,R$ mi,BCB SCR.data v2
2025-05-31,RR,problem_assets_pj,7.716002,%,BCB SCR.data v2
2025-05-31,RS,delinquency_card,7.550149,%,BCB SCR.data v2
2025-05-31,RS,delinquency_personal,4.555367,%,BCB SCR.data v2
2025-05-31,RS,delinquency_revolving,13.482999,%,BCB SCR.data v2
2025-05-31,RS,delinquency_pf,3.532602,%,BCB SCR.data v2
2025-05-31,RS,credit_balance_pf,315410.403481,R$ mi,BCB SCR.data v2
2025-05-31,RS,problem_assets_pf,6.982685,%,BCB SCR.data v2
2025-05-31,RS,delinquency_vehicle,4.833096,%,BCB SCR.data v2
2025-05-31,RS,delinquency_pj,2.175071,%,BCB SCR.data v2
2025-05-31,RS,credit_balance_pj,175074.650843,R$ mi,BCB SCR.data v2
2025-05-31,RS,problem_assets_pj,5.039873,%,BCB SCR.data v2
2025-05-31,SC,delinquency_card,6.628907,%,BCB SCR.data v2
2025-05-31,SC,delinquency_personal,4.713464,%,BCB SCR.data v2
2025-05-31,SC,delinquency_revolving,10.056997,%,BCB SCR.data v2
2025-05-31,SC,delinquency_pf,3.519328,%,BCB SCR.data v2
2025-05-31,SC,credit_balance_pf,202758.190042,R$ mi,BCB SCR.data v2
2025-05-31,SC,problem_assets_pf,6.10782,%,BCB SCR.data v2
2025-05-31,SC,delinquency_vehicle,4.87075,%,BCB SCR.data v2
2025-05-31,SC,delinquency_pj,2.384781,%,BCB SCR.data v2
2025-05-31,SC,credit_balance_pj,170758.037342,R$ mi,BCB SCR.data v2
2025-05-31,SC,problem_assets_pj,4.800054,%,BCB SCR.data v2
2025-05-31,SE,delinquency_card,9.907751,%,BCB SCR.data v2
2025-05-31,SE,delinquency_personal,4.67232,%,BCB SCR.data v2
2025-05-31,SE,delinquency_revolving,21.533633,%,BCB SCR.data v2
2025-05-31,SE,delinquency_pf,4.998474,%,BCB SCR.data v2
2025-05-31,SE,credit_balance_pf,33095.924508,R$ mi,BCB SCR.data v2
2025-05-31,SE,problem_assets_pf,8.054942,%,BCB SCR.data v2
2025-05-31,SE,delinquency_vehicle,6.385543,%,BCB SCR.data v2
2025-05-31,SE,delinquency_pj,5.300471,%,BCB SCR.data v2
2025-05-31,SE,credit_balance_pj,8300.17886,R$ mi,BCB SCR.data v2
2025-05-31,SE,problem_assets_pj,8.26528,%,BCB SCR.data v2
2025-05-31,SP,delinquency_card,8.296533,%,BCB SCR.data v2
2025-05-31,SP,delinquency_personal,4.659353,%,BCB SCR.data v2
2025-05-31,SP,delinquency_revolving,15.659877,%,BCB SCR.data v2
2025-05-31,SP,delinquency_pf,4.22835,%,BCB SCR.data v2
2025-05-31,SP,credit_balance_pf,1106860.510207,R$ mi,BCB SCR.data v2
2025-05-31,SP,problem_assets_pf,7.388878,%,BCB SCR.data v2
2025-05-31,SP,delinquency_vehicle,4.910735,%,BCB SCR.data v2
2025-05-31,SP,delinquency_pj,2.060163,%,BCB SCR.data v2
2025-05-31,SP,credit_balance_pj,878786.436673,R$ mi,BCB SCR.data v2
2025-05-31,SP,problem_assets_pj,6.169607,%,BCB SCR.data v2
2025-05-31,TO,delinquency_card,8.440934,%,BCB SCR.data v2
2025-05-31,TO,delinquency_personal,4.944809,%,BCB SCR.data v2
2025-05-31,TO,delinquency_revolving,10.755877,%,BCB SCR.data v2
2025-05-31,TO,delinquency_pf,5.775563,%,BCB SCR.data v2
2025-05-31,TO,credit_balance_pf,38245.941672,R$ mi,BCB SCR.data v2
2025-05-31,TO,problem_assets_pf,10.762951,%,BCB SCR.data v2
2025-05-31,TO,delinquency_vehicle,4.82567,%,BCB SCR.data v2
2025-05-31,TO,delinquency_pj,4.167613,%,BCB SCR.data v2
2025-05-31,TO,credit_balance_pj,14320.366532,R$ mi,BCB SCR.data v2
2025-05-31,TO,problem_assets_pj,5.950245,%,BCB SCR.data v2
2025-06-30,AC,delinquency_card,9.26545,%,BCB SCR.data v2
2025-06-30,AC,delinquency_personal,4.079914,%,BCB SCR.data v2
2025-06-30,AC,delinquency_revolving,12.576743,%,BCB SCR.data v2
2025-06-30,AC,delinquency_pf,4.58271,%,BCB SCR.data v2
2025-06-30,AC,credit_balance_pf,13486.440382,R$ mi,BCB SCR.data v2
2025-06-30,AC,problem_assets_pf,8.219538,%,BCB SCR.data v2
2025-06-30,AC,delinquency_vehicle,4.108036,%,BCB SCR.data v2
2025-06-30,AC,delinquency_pj,4.549126,%,BCB SCR.data v2
2025-06-30,AC,credit_balance_pj,4612.34366,R$ mi,BCB SCR.data v2
2025-06-30,AC,problem_assets_pj,6.636986,%,BCB SCR.data v2
2025-06-30,AL,delinquency_card,10.92088,%,BCB SCR.data v2
2025-06-30,AL,delinquency_personal,4.143212,%,BCB SCR.data v2
2025-06-30,AL,delinquency_revolving,22.333033,%,BCB SCR.data v2
2025-06-30,AL,delinquency_pf,5.743565,%,BCB SCR.data v2
2025-06-30,AL,credit_balance_pf,38662.776124,R$ mi,BCB SCR.data v2
2025-06-30,AL,problem_assets_pf,9.026122,%,BCB SCR.data v2
2025-06-30,AL,delinquency_vehicle,8.417465,%,BCB SCR.data v2
2025-06-30,AL,delinquency_pj,2.934919,%,BCB SCR.data v2
2025-06-30,AL,credit_balance_pj,16075.842773,R$ mi,BCB SCR.data v2
2025-06-30,AL,problem_assets_pj,5.238005,%,BCB SCR.data v2
2025-06-30,AM,delinquency_card,10.098366,%,BCB SCR.data v2
2025-06-30,AM,delinquency_personal,5.29759,%,BCB SCR.data v2
2025-06-30,AM,delinquency_revolving,19.346271,%,BCB SCR.data v2
2025-06-30,AM,delinquency_pf,5.876453,%,BCB SCR.data v2
2025-06-30,AM,credit_balance_pf,40824.935846,R$ mi,BCB SCR.data v2
2025-06-30,AM,problem_assets_pf,9.6896,%,BCB SCR.data v2
2025-06-30,AM,delinquency_vehicle,6.320937,%,BCB SCR.data v2
2025-06-30,AM,delinquency_pj,2.811473,%,BCB SCR.data v2
2025-06-30,AM,credit_balance_pj,31222.606983,R$ mi,BCB SCR.data v2
2025-06-30,AM,problem_assets_pj,4.487787,%,BCB SCR.data v2
2025-06-30,AP,delinquency_card,9.47591,%,BCB SCR.data v2
2025-06-30,AP,delinquency_personal,4.81411,%,BCB SCR.data v2
2025-06-30,AP,delinquency_revolving,20.302935,%,BCB SCR.data v2
2025-06-30,AP,delinquency_pf,5.462457,%,BCB SCR.data v2
2025-06-30,AP,credit_balance_pf,11835.39969,R$ mi,BCB SCR.data v2
2025-06-30,AP,problem_assets_pf,9.308164,%,BCB SCR.data v2
2025-06-30,AP,delinquency_vehicle,3.807727,%,BCB SCR.data v2
2025-06-30,AP,delinquency_pj,3.926753,%,BCB SCR.data v2
2025-06-30,AP,credit_balance_pj,4938.962813,R$ mi,BCB SCR.data v2
2025-06-30,AP,problem_assets_pj,6.709211,%,BCB SCR.data v2
2025-06-30,BA,delinquency_card,9.659067,%,BCB SCR.data v2
2025-06-30,BA,delinquency_personal,4.596805,%,BCB SCR.data v2
2025-06-30,BA,delinquency_revolving,17.860385,%,BCB SCR.data v2
2025-06-30,BA,delinquency_pf,5.328051,%,BCB SCR.data v2
2025-06-30,BA,credit_balance_pf,174372.906525,R$ mi,BCB SCR.data v2
2025-06-30,BA,problem_assets_pf,8.882551,%,BCB SCR.data v2
2025-06-30,BA,delinquency_vehicle,6.088987,%,BCB SCR.data v2
2025-06-30,BA,delinquency_pj,2.887314,%,BCB SCR.data v2
2025-06-30,BA,credit_balance_pj,96398.043565,R$ mi,BCB SCR.data v2
2025-06-30,BA,problem_assets_pj,6.046833,%,BCB SCR.data v2
2025-06-30,CE,delinquency_card,9.698956,%,BCB SCR.data v2
2025-06-30,CE,delinquency_personal,4.292209,%,BCB SCR.data v2
2025-06-30,CE,delinquency_revolving,18.787515,%,BCB SCR.data v2
2025-06-30,CE,delinquency_pf,5.209356,%,BCB SCR.data v2
2025-06-30,CE,credit_balance_pf,102340.881934,R$ mi,BCB SCR.data v2
2025-06-30,CE,problem_assets_pf,8.423109,%,BCB SCR.data v2
2025-06-30,CE,delinquency_vehicle,5.259311,%,BCB SCR.data v2
2025-06-30,CE,delinquency_pj,3.045259,%,BCB SCR.data v2
2025-06-30,CE,credit_balance_pj,49023.743846,R$ mi,BCB SCR.data v2
2025-06-30,CE,problem_assets_pj,7.418948,%,BCB SCR.data v2
2025-06-30,DF,delinquency_card,7.459513,%,BCB SCR.data v2
2025-06-30,DF,delinquency_personal,3.536807,%,BCB SCR.data v2
2025-06-30,DF,delinquency_revolving,14.931049,%,BCB SCR.data v2
2025-06-30,DF,delinquency_pf,3.845196,%,BCB SCR.data v2
2025-06-30,DF,credit_balance_pf,98194.443292,R$ mi,BCB SCR.data v2
2025-06-30,DF,problem_assets_pf,7.146354,%,BCB SCR.data v2
2025-06-30,DF,delinquency_vehicle,5.05242,%,BCB SCR.data v2
2025-06-30,DF,delinquency_pj,1.805235,%,BCB SCR.data v2
2025-06-30,DF,credit_balance_pj,69473.531812,R$ mi,BCB SCR.data v2
2025-06-30,DF,problem_assets_pj,3.37193,%,BCB SCR.data v2
2025-06-30,ES,delinquency_card,7.66525,%,BCB SCR.data v2
2025-06-30,ES,delinquency_personal,4.276792,%,BCB SCR.data v2
2025-06-30,ES,delinquency_revolving,16.669551,%,BCB SCR.data v2
2025-06-30,ES,delinquency_pf,3.865745,%,BCB SCR.data v2
2025-06-30,ES,credit_balance_pf,68530.922657,R$ mi,BCB SCR.data v2
2025-06-30,ES,problem_assets_pf,7.013011,%,BCB SCR.data v2
2025-06-30,ES,delinquency_vehicle,4.343043,%,BCB SCR.data v2
2025-06-30,ES,delinquency_pj,4.481922,%,BCB SCR.data v2
2025-06-30,ES,credit_balance_pj,48982.762599,R$ mi,BCB SCR.data v2
2025-06-30,ES,problem_assets_pj,9.552314,%,BCB SCR.data v2
2025-06-30,GO,delinquency_card,9.27862,%,BCB SCR.data v2
2025-06-30,GO,delinquency_personal,5.734098,%,BCB SCR.data v2
2025-06-30,GO,delinquency_revolving,14.459948,%,BCB SCR.data v2
2025-06-30,GO,delinquency_pf,4.786796,%,BCB SCR.data v2
2025-06-30,GO,credit_balance_pf,234445.376354,R$ mi,BCB SCR.data v2
2025-06-30,GO,problem_assets_pf,10.038414,%,BCB SCR.data v2
2025-06-30,GO,delinquency_vehicle,5.592756,%,BCB SCR.data v2
2025-06-30,GO,delinquency_pj,4.199424,%,BCB SCR.data v2
2025-06-30,GO,credit_balance_pj,83500.483286,R$ mi,BCB SCR.data v2
2025-06-30,GO,problem_assets_pj,8.370087,%,BCB SCR.data v2
2025-06-30,MA,delinquency_card,9.176712,%,BCB SCR.data v2
2025-06-30,MA,delinquency_personal,4.578534,%,BCB SCR.data v2
2025-06-30,MA,delinquency_revolving,14.52898,%,BCB SCR.data v2
2025-06-30,MA,delinquency_pf,5.804587,%,BCB SCR.data v2
2025-06-30,MA,credit_balance_pf,81846.878058,R$ mi,BCB SCR.data v2
2025-06-30,MA,problem_assets_pf,10.628888,%,BCB SCR.data v2
2025-06-30,MA,delinquency_vehicle,4.906559,%,BCB SCR.data v2
2025-06-30,MA,delinquency_pj,5.595407,%,BCB SCR.data v2
2025-06-30,MA,credit_balance_pj,23983.241167,R$ mi,BCB SCR.data v2
2025-06-30,MA,problem_assets_pj,9.367021,%,BCB SCR.data v2
2025-06-30,MG,delinquency_card,7.414844,%,BCB SCR.data v2
2025-06-30,MG,delinquency_personal,4.755943,%,BCB SCR.data v2
2025-06-30,MG,delinquency_revolving,14.042873,%,BCB SCR.data v2
2025-06-30,MG,delinquency_pf,4.059112,%,BCB SCR.data v2
2025-06-30,MG,credit_balance_pf,401828.265031,R$ mi,BCB SCR.data v2
2025-06-30,MG,problem_assets_pf,7.699027,%,BCB SCR.data v2
2025-06-30,MG,delinquency_vehicle,4.932207,%,BCB SCR.data v2
2025-06-30,MG,delinquency_pj,2.887154,%,BCB SCR.data v2
2025-06-30,MG,credit_balance_pj,222550.249889,R$ mi,BCB SCR.data v2
2025-06-30,MG,problem_assets_pj,5.698033,%,BCB SCR.data v2
2025-06-30,MS,delinquency_card,8.506927,%,BCB SCR.data v2
2025-06-30,MS,delinquency_personal,4.804489,%,BCB SCR.data v2
2025-06-30,MS,delinquency_revolving,11.590403,%,BCB SCR.data v2
2025-06-30,MS,delinquency_pf,4.85599,%,BCB SCR.data v2
2025-06-30,MS,credit_balance_pf,97770.710274,R$ mi,BCB SCR.data v2
2025-06-30,MS,problem_assets_pf,11.125186,%,BCB SCR.data v2
2025-06-30,MS,delinquency_vehicle,5.170942,%,BCB SCR.data v2
2025-06-30,MS,delinquency_pj,3.761965,%,BCB SCR.data v2
2025-06-30,MS,credit_balance_pj,37045.115196,R$ mi,BCB SCR.data v2
2025-06-30,MS,problem_assets_pj,9.299859,%,BCB SCR.data v2
2025-06-30,MT,delinquency_card,8.287593,%,BCB SCR.data v2
2025-06-30,MT,delinquency_personal,5.423674,%,BCB SCR.data v2
2025-06-30,MT,delinquency_revolving,10.609997,%,BCB SCR.data v2
2025-06-30,MT,delinquency_pf,4.326408,%,BCB SCR.data v2
2025-06-30,MT,credit_balance_pf,168427.386851,R$ mi,BCB SCR.data v2
2025-06-30,MT,problem_assets_pf,9.762847,%,BCB SCR.data v2
2025-06-30,MT,delinquency_vehicle,4.447438,%,BCB SCR.data v2
2025-06-30,MT,delinquency_pj,3.859291,%,BCB SCR.data v2
2025-06-30,MT,credit_balance_pj,82499.026361,R$ mi,BCB SCR.data v2
2025-06-30,MT,problem_assets_pj,7.488326,%,BCB SCR.data v2
2025-06-30,PA,delinquency_card,9.876336,%,BCB SCR.data v2
2025-06-30,PA,delinquency_personal,4.245896,%,BCB SCR.data v2
2025-06-30,PA,delinquency_revolving,16.330066,%,BCB SCR.data v2
2025-06-30,PA,delinquency_pf,5.32983,%,BCB SCR.data v2
2025-06-30,PA,credit_balance_pf,101502.009055,R$ mi,BCB SCR.data v2
2025-06-30,PA,problem_assets_pf,8.729387,%,BCB SCR.data v2
2025-06-30,PA,delinquency_vehicle,5.431702,%,BCB SCR.data v2
2025-06-30,PA,delinquency_pj,3.606291,%,BCB SCR.data v2
2025-06-30,PA,credit_balance_pj,48364.851549,R$ mi,BCB SCR.data v2
2025-06-30,PA,problem_assets_pj,6.604441,%,BCB SCR.data v2
2025-06-30,PB,delinquency_card,9.397402,%,BCB SCR.data v2
2025-06-30,PB,delinquency_personal,4.012807,%,BCB SCR.data v2
2025-06-30,PB,delinquency_revolving,18.377955,%,BCB SCR.data v2
2025-06-30,PB,delinquency_pf,4.630396,%,BCB SCR.data v2
2025-06-30,PB,credit_balance_pf,55951.568977,R$ mi,BCB SCR.data v2
2025-06-30,PB,problem_assets_pf,8.632595,%,BCB SCR.data v2
2025-06-30,PB,delinquency_vehicle,5.127647,%,BCB SCR.data v2
2025-06-30,PB,delinquency_pj,4.701533,%,BCB SCR.data v2
2025-06-30,PB,credit_balance_pj,12791.613895,R$ mi,BCB SCR.data v2
2025-06-30,PB,problem_assets_pj,7.378607,%,BCB SCR.data v2
2025-06-30,PE,delinquency_card,10.34072,%,BCB SCR.data v2
2025-06-30,PE,delinquency_personal,4.719068,%,BCB SCR.data v2
2025-06-30,PE,delinquency_revolving,19.564058,%,BCB SCR.data v2
2025-06-30,PE,delinquency_pf,5.774695,%,BCB SCR.data v2
2025-06-30,PE,credit_balance_pf,108066.264518,R$ mi,BCB SCR.data v2
2025-06-30,PE,problem_assets_pf,9.168642,%,BCB SCR.data v2
2025-06-30,PE,delinquency_vehicle,6.437188,%,BCB SCR.data v2
2025-06-30,PE,delinquency_pj,3.13287,%,BCB SCR.data v2
2025-06-30,PE,credit_balance_pj,46327.083568,R$ mi,BCB SCR.data v2
2025-06-30,PE,problem_assets_pj,6.57101,%,BCB SCR.data v2
2025-06-30,PI,delinquency_card,9.46366,%,BCB SCR.data v2
2025-06-30,PI,delinquency_personal,4.141592,%,BCB SCR.data v2
2025-06-30,PI,delinquency_revolving,15.629456,%,BCB SCR.data v2
2025-06-30,PI,delinquency_pf,5.052922,%,BCB SCR.data v2
2025-06-30,PI,credit_balance_pf,36399.329534,R$ mi,BCB SCR.data v2
2025-06-30,PI,problem_assets_pf,8.990678,%,BCB SCR.data v2
2025-06-30,PI,delinquency_vehicle,5.65956,%,BCB SCR.data v2
2025-06-30,PI,delinquency_pj,2.243667,%,BCB SCR.data v2
2025-06-30,PI,credit_balance_pj,25896.213981,R$ mi,BCB SCR.data v2
2025-06-30,PI,problem_assets_pj,3.309361,%,BCB SCR.data v2
2025-06-30,PR,delinquency_card,7.60285,%,BCB SCR.data v2
2025-06-30,PR,delinquency_personal,4.324045,%,BCB SCR.data v2
2025-06-30,PR,delinquency_revolving,15.080096,%,BCB SCR.data v2
2025-06-30,PR,delinquency_pf,3.693738,%,BCB SCR.data v2
2025-06-30,PR,credit_balance_pf,318604.372524,R$ mi,BCB SCR.data v2
2025-06-30,PR,problem_assets_pf,7.335363,%,BCB SCR.data v2
2025-06-30,PR,delinquency_vehicle,5.190344,%,BCB SCR.data v2
2025-06-30,PR,delinquency_pj,3.031049,%,BCB SCR.data v2
2025-06-30,PR,credit_balance_pj,194957.815942,R$ mi,BCB SCR.data v2
2025-06-30,PR,problem_assets_pj,6.088374,%,BCB SCR.data v2
2025-06-30,RJ,delinquency_card,9.165266,%,BCB SCR.data v2
2025-06-30,RJ,delinquency_personal,5.055603,%,BCB SCR.data v2
2025-06-30,RJ,delinquency_revolving,17.084085,%,BCB SCR.data v2
2025-06-30,RJ,delinquency_pf,5.898074,%,BCB SCR.data v2
2025-06-30,RJ,credit_balance_pf,268736.685753,R$ mi,BCB SCR.data v2
2025-06-30,RJ,problem_assets_pf,9.398055,%,BCB SCR.data v2
2025-06-30,RJ,delinquency_vehicle,8.67191,%,BCB SCR.data v2
2025-06-30,RJ,delinquency_pj,1.507458,%,BCB SCR.data v2
2025-06-30,RJ,credit_balance_pj,293850.062526,R$ mi,BCB SCR.data v2
2025-06-30,RJ,problem_assets_pj,7.042623,%,BCB SCR.data v2
2025-06-30,RN,delinquency_card,10.348249,%,BCB SCR.data v2
2025-06-30,RN,delinquency_personal,4.166844,%,BCB SCR.data v2
2025-06-30,RN,delinquency_revolving,22.422937,%,BCB SCR.data v2
2025-06-30,RN,delinquency_pf,5.358486,%,BCB SCR.data v2
2025-06-30,RN,credit_balance_pf,47820.386471,R$ mi,BCB SCR.data v2
2025-06-30,RN,problem_assets_pf,9.584503,%,BCB SCR.data v2
2025-06-30,RN,delinquency_vehicle,5.35792,%,BCB SCR.data v2
2025-06-30,RN,delinquency_pj,3.651874,%,BCB SCR.data v2
2025-06-30,RN,credit_balance_pj,17481.01028,R$ mi,BCB SCR.data v2
2025-06-30,RN,problem_assets_pj,5.38444,%,BCB SCR.data v2
2025-06-30,RO,delinquency_card,7.634369,%,BCB SCR.data v2
2025-06-30,RO,delinquency_personal,5.498617,%,BCB SCR.data v2
2025-06-30,RO,delinquency_revolving,8.47453,%,BCB SCR.data v2
2025-06-30,RO,delinquency_pf,4.327376,%,BCB SCR.data v2
2025-06-30,RO,credit_balance_pf,48737.844363,R$ mi,BCB SCR.data v2
2025-06-30,RO,problem_assets_pf,8.553623,%,BCB SCR.data v2
2025-06-30,RO,delinquency_vehicle,4.589105,%,BCB SCR.data v2
2025-06-30,RO,delinquency_pj,4.682518,%,BCB SCR.data v2
2025-06-30,RO,credit_balance_pj,11792.407647,R$ mi,BCB SCR.data v2
2025-06-30,RO,problem_assets_pj,8.071011,%,BCB SCR.data v2
2025-06-30,RR,delinquency_card,10.088504,%,BCB SCR.data v2
2025-06-30,RR,delinquency_personal,4.873349,%,BCB SCR.data v2
2025-06-30,RR,delinquency_revolving,15.692717,%,BCB SCR.data v2
2025-06-30,RR,delinquency_pf,5.211684,%,BCB SCR.data v2
2025-06-30,RR,credit_balance_pf,11085.116088,R$ mi,BCB SCR.data v2
2025-06-30,RR,problem_assets_pf,8.711067,%,BCB SCR.data v2
2025-06-30,RR,delinquency_vehicle,5.116139,%,BCB SCR.data v2
2025-06-30,RR,delinquency_pj,4.589446,%,BCB SCR.data v2
2025-06-30,RR,credit_balance_pj,2987.068152,R$ mi,BCB SCR.data v2
2025-06-30,RR,problem_assets_pj,7.942306,%,BCB SCR.data v2
2025-06-30,RS,delinquency_card,7.595305,%,BCB SCR.data v2
2025-06-30,RS,delinquency_personal,4.723151,%,BCB SCR.data v2
2025-06-30,RS,delinquency_revolving,13.147023,%,BCB SCR.data v2
2025-06-30,RS,delinquency_pf,3.578093,%,BCB SCR.data v2
2025-06-30,RS,credit_balance_pf,316177.423556,R$ mi,BCB SCR.data v2
2025-06-30,RS,problem_assets_pf,7.709374,%,BCB SCR.data v2
2025-06-30,RS,delinquency_vehicle,5.069294,%,BCB SCR.data v2
2025-06-30,RS,delinquency_pj,2.210841,%,BCB SCR.data v2
2025-06-30,RS,credit_balance_pj,175846.521506,R$ mi,BCB SCR.data v2
2025-06-30,RS,problem_assets_pj,5.273119,%,BCB SCR.data v2
2025-06-30,SC,delinquency_card,6.540608,%,BCB SCR.data v2
2025-06-30,SC,delinquency_personal,4.881201,%,BCB SCR.data v2
2025-06-30,SC,delinquency_revolving,9.64248,%,BCB SCR.data v2
2025-06-30,SC,delinquency_pf,3.544466,%,BCB SCR.data v2
2025-06-30,SC,credit_balance_pf,206025.523638,R$ mi,BCB SCR.data v2
2025-06-30,SC,problem_assets_pf,6.402434,%,BCB SCR.data v2
2025-06-30,SC,delinquency_vehicle,4.963208,%,BCB SCR.data v2
2025-06-30,SC,delinquency_pj,2.422607,%,BCB SCR.data v2
2025-06-30,SC,credit_balance_pj,171015.227155,R$ mi,BCB SCR.data v2
2025-06-30,SC,problem_assets_pj,4.991029,%,BCB SCR.data v2
2025-06-30,SE,delinquency_card,9.872849,%,BCB SCR.data v2
2025-06-30,SE,delinquency_personal,4.857401,%,BCB SCR.data v2
2025-06-30,SE,delinquency_revolving,20.642013,%,BCB SCR.data v2
2025-06-30,SE,delinquency_pf,5.040172,%,BCB SCR.data v2
2025-06-30,SE,credit_balance_pf,33544.319072,R$ mi,BCB SCR.data v2
2025-06-30,SE,problem_assets_pf,8.336367,%,BCB SCR.data v2
2025-06-30,SE,delinquency_vehicle,6.502001,%,BCB SCR.data v2
2025-06-30,SE,delinquency_pj,5.132203,%,BCB SCR.data v2
2025-06-30,SE,credit_balance_pj,8295.149769,R$ mi,BCB SCR.data v2
2025-06-30,SE,problem_assets_pj,8.568454,%,BCB SCR.data v2
2025-06-30,SP,delinquency_card,8.195085,%,BCB SCR.data v2
2025-06-30,SP,delinquency_personal,4.845394,%,BCB SCR.data v2
2025-06-30,SP,delinquency_revolving,15.248305,%,BCB SCR.data v2
2025-06-30,SP,delinquency_pf,4.219376,%,BCB SCR.data v2
2025-06-30,SP,credit_balance_pf,1117604.414871,R$ mi,BCB SCR.data v2
2025-06-30,SP,problem_assets_pf,7.710062,%,BCB SCR.data v2
2025-06-30,SP,delinquency_vehicle,5.052661,%,BCB SCR.data v2
2025-06-30,SP,delinquency_pj,2.049997,%,BCB SCR.data v2
2025-06-30,SP,credit_balance_pj,887250.776362,R$ mi,BCB SCR.data v2
2025-06-30,SP,problem_assets_pj,6.260513,%,BCB SCR.data v2
2025-06-30,TO,delinquency_card,8.369066,%,BCB SCR.data v2
2025-06-30,TO,delinquency_personal,5.360537,%,BCB SCR.data v2
2025-06-30,TO,delinquency_revolving,10.295235,%,BCB SCR.data v2
2025-06-30,TO,delinquency_pf,6.082985,%,BCB SCR.data v2
2025-06-30,TO,credit_balance_pf,38856.136039,R$ mi,BCB SCR.data v2
2025-06-30,TO,problem_assets_pf,12.065414,%,BCB SCR.data v2
2025-06-30,TO,delinquency_vehicle,4.958077,%,BCB SCR.data v2
2025-06-30,TO,delinquency_pj,4.333252,%,BCB SCR.data v2
2025-06-30,TO,credit_balance_pj,14558.079835,R$ mi,BCB SCR.data v2
2025-06-30,TO,problem_assets_pj,6.109433,%,BCB SCR.data v2
2025-07-31,AC,delinquency_card,9.571277,%,BCB SCR.data v2
2025-07-31,AC,delinquency_personal,4.22753,%,BCB SCR.data v2
2025-07-31,AC,delinquency_revolving,10.979819,%,BCB SCR.data v2
2025-07-31,AC,delinquency_pf,4.818011,%,BCB SCR.data v2
2025-07-31,AC,credit_balance_pf,13604.917529,R$ mi,BCB SCR.data v2
2025-07-31,AC,problem_assets_pf,8.253166,%,BCB SCR.data v2
2025-07-31,AC,delinquency_vehicle,4.199866,%,BCB SCR.data v2
2025-07-31,AC,delinquency_pj,4.876584,%,BCB SCR.data v2
2025-07-31,AC,credit_balance_pj,4607.053376,R$ mi,BCB SCR.data v2
2025-07-31,AC,problem_assets_pj,6.944399,%,BCB SCR.data v2
2025-07-31,AL,delinquency_card,10.76472,%,BCB SCR.data v2
2025-07-31,AL,delinquency_personal,4.231352,%,BCB SCR.data v2
2025-07-31,AL,delinquency_revolving,16.760659,%,BCB SCR.data v2
2025-07-31,AL,delinquency_pf,5.778512,%,BCB SCR.data v2
2025-07-31,AL,credit_balance_pf,39133.792338,R$ mi,BCB SCR.data v2
2025-07-31,AL,problem_assets_pf,8.857787,%,BCB SCR.data v2
2025-07-31,AL,delinquency_vehicle,8.674893,%,BCB SCR.data v2
2025-07-31,AL,delinquency_pj,3.032579,%,BCB SCR.data v2
2025-07-31,AL,credit_balance_pj,16182.095379,R$ mi,BCB SCR.data v2
2025-07-31,AL,problem_assets_pj,4.805311,%,BCB SCR.data v2
2025-07-31,AM,delinquency_card,10.3117,%,BCB SCR.data v2
2025-07-31,AM,delinquency_personal,5.456851,%,BCB SCR.data v2
2025-07-31,AM,delinquency_revolving,18.786226,%,BCB SCR.data v2
2025-07-31,AM,delinquency_pf,6.100874,%,BCB SCR.data v2
2025-07-31,AM,credit_balance_pf,41251.135818,R$ mi,BCB SCR.data v2
2025-07-31,AM,problem_assets_pf,9.525288,%,BCB SCR.data v2
2025-07-31,AM,delinquency_vehicle,6.498324,%,BCB SCR.data v2
2025-07-31,AM,delinquency_pj,2.996314,%,BCB SCR.data v2
2025-07-31,AM,credit_balance_pj,30729.952211,R$ mi,BCB SCR.data v2
2025-07-31,AM,problem_assets_pj,4.772437,%,BCB SCR.data v2
2025-07-31,AP,delinquency_card,9.897801,%,BCB SCR.data v2
2025-07-31,AP,delinquency_personal,4.911647,%,BCB SCR.data v2
2025-07-31,AP,delinquency_revolving,22.288283,%,BCB SCR.data v2
2025-07-31,AP,delinquency_pf,5.588684,%,BCB SCR.data v2
2025-07-31,AP,credit_balance_pf,11910.527571,R$ mi,BCB SCR.data v2
2025-07-31,AP,problem_assets_pf,9.339126,%,BCB SCR.data v2
2025-07-31,AP,delinquency_vehicle,3.928674,%,BCB SCR.data v2
2025-07-31,AP,delinquency_pj,3.827069,%,BCB SCR.data v2
2025-07-31,AP,credit_balance_pj,5405.020274,R$ mi,BCB SCR.data v2
2025-07-31,AP,problem_assets_pj,6.505729,%,BCB SCR.data v2
2025-07-31,BA,delinquency_card,9.782288,%,BCB SCR.data v2
2025-07-31,BA,delinquency_personal,4.735639,%,BCB SCR.data v2
2025-07-31,BA,delinquency_revolving,13.866301,%,BCB SCR.data v2
2025-07-31,BA,delinquency_pf,5.465922,%,BCB SCR.data v2
2025-07-31,BA,credit_balance_pf,175175.41142,R$ mi,BCB SCR.data v2
2025-07-31,BA,problem_assets_pf,8.775808,%,BCB SCR.data v2
2025-07-31,BA,delinquency_vehicle,6.236516,%,BCB SCR.data v2
2025-07-31,BA,delinquency_pj,2.962689,%,BCB SCR.data v2
2025-07-31,BA,credit_balance_pj,94421.732218,R$ mi,BCB SCR.data v2
2025-07-31,BA,problem_assets_pj,6.221259,%,BCB SCR.data v2
2025-07-31,CE,delinquency_card,9.577009,%,BCB SCR.data v2
2025-07-31,CE,delinquency_personal,4.447025,%,BCB SCR.data v2
2025-07-31,CE,delinquency_revolving,12.094106,%,BCB SCR.data v2
2025-07-31,CE,delinquency_pf,5.228416,%,BCB SCR.data v2
2025-07-31,CE,credit_balance_pf,103505.746774,R$ mi,BCB SCR.data v2
2025-07-31,CE,problem_assets_pf,8.230123,%,BCB SCR.data v2
2025-07-31,CE,delinquency_vehicle,5.350173,%,BCB SCR.data v2
2025-07-31,CE,delinquency_pj,3.40412,%,BCB SCR.data v2
2025-07-31,CE,credit_balance_pj,50922.158269,R$ mi,BCB SCR.data v2
2025-07-31,CE,problem_assets_pj,7.501605,%,BCB SCR.data v2
2025-07-31,DF,delinquency_card,7.627498,%,BCB SCR.data v2
2025-07-31,DF,delinquency_personal,3.653152,%,BCB SCR.data v2
2025-07-31,DF,delinquency_revolving,14.919568,%,BCB SCR.data v2
2025-07-31,DF,delinquency_pf,3.915235,%,BCB SCR.data v2
2025-07-31,DF,credit_balance_pf,98939.90358,R$ mi,BCB SCR.data v2
2025-07-31,DF,problem_assets_pf,6.999844,%,BCB SCR.data v2
2025-07-31,DF,delinquency_vehicle,5.126348,%,BCB SCR.data v2
2025-07-31,DF,delinquency_pj,2.213568,%,BCB SCR.data v2
2025-07-31,DF,credit_balance_pj,60667.783038,R$ mi,BCB SCR.data v2
2025-07-31,DF,problem_assets_pj,3.977937,%,BCB SCR.data v2
2025-07-31,ES,delinquency_card,7.696963,%,BCB SCR.data v2
2025-07-31,ES,delinquency_personal,4.349337,%,BCB SCR.data v2
2025-07-31,ES,delinquency_revolving,13.888449,%,BCB SCR.data v2
2025-07-31,ES,delinquency_pf,3.917314,%,BCB SCR.data v2
2025-07-31,ES,credit_balance_pf,69292.279599,R$ mi,BCB SCR.data v2
2025-07-31,ES,problem_assets_pf,6.900292,%,BCB SCR.data v2
2025-07-31,ES,delinquency_vehicle,4.406847,%,BCB SCR.data v2
2025-07-31,ES,delinquency_pj,4.583113,%,BCB SCR.data v2
2025-07-31,ES,credit_balance_pj,49077.608434,R$ mi,BCB SCR.data v2
2025-07-31,ES,problem_assets_pj,10.082458,%,BCB SCR.data v2
2025-07-31,GO,delinquency_card,9.425756,%,BCB SCR.data v2
2025-07-31,GO,delinquency_personal,6.003783,%,BCB SCR.data v2
2025-07-31,GO,delinquency_revolving,12.556977,%,BCB SCR.data v2
2025-07-31,GO,delinquency_pf,5.493924,%,BCB SCR.data v2
2025-07-31,GO,credit_balance_pf,235895.897016,R$ mi,BCB SCR.data v2
2025-07-31,GO,problem_assets_pf,10.485197,%,BCB SCR.data v2
2025-07-31,GO,delinquency_vehicle,5.762234,%,BCB SCR.data v2
2025-07-31,GO,delinquency_pj,4.360844,%,BCB SCR.data v2
2025-07-31,GO,credit_balance_pj,84157.071455,R$ mi,BCB SCR.data v2
2025-07-31,GO,problem_assets_pj,8.487227,%,BCB SCR.data v2
2025-07-31,MA,delinquency_card,9.244343,%,BCB SCR.data v2
2025-07-31,MA,delinquency_personal,4.718482,%,BCB SCR.data v2
2025-07-31,MA,delinquency_revolving,11.978589,%,BCB SCR.data v2
2025-07-31,MA,delinquency_pf,6.083208,%,BCB SCR.data v2
2025-07-31,MA,credit_balance_pf,82663.906495,R$ mi,BCB SCR.data v2
2025-07-31,MA,problem_assets_pf,10.769941,%,BCB SCR.data v2
2025-07-31,MA,delinquency_vehicle,5.032556,%,BCB SCR.data v2
2025-07-31,MA,delinquency_pj,6.0581,%,BCB SCR.data v2
2025-07-31,MA,credit_balance_pj,23789.584929,R$ mi,BCB SCR.data v2
2025-07-31,MA,problem_assets_pj,9.800392,%,BCB SCR.data v2
2025-07-31,MG,delinquency_card,7.497837,%,BCB SCR.data v2
2025-07-31,MG,delinquency_personal,4.818184,%,BCB SCR.data v2
2025-07-31,MG,delinquency_revolving,12.59705,%,BCB SCR.data v2
2025-07-31,MG,delinquency_pf,4.23854,%,BCB SCR.data v2
2025-07-31,MG,credit_balance_pf,405244.392934,R$ mi,BCB SCR.data v2
2025-07-31,MG,problem_assets_pf,7.732251,%,BCB SCR.data v2
2025-07-31,MG,delinquency_vehicle,5.031444,%,BCB SCR.data v2
2025-07-31,MG,delinquency_pj,3.103981,%,BCB SCR.data v2
2025-07-31,MG,credit_balance_pj,218590.889011,R$ mi,BCB SCR.data v2
2025-07-31,MG,problem_assets_pj,6.077916,%,BCB SCR.data v2
2025-07-31,MS,delinquency_card,8.833237,%,BCB SCR.data v2
2025-07-31,MS,delinquency_personal,5.109145,%,BCB SCR.data v2
2025-07-31,MS,delinquency_revolving,12.066119,%,BCB SCR.data v2
2025-07-31,MS,delinquency_pf,5.653558,%,BCB SCR.data v2
2025-07-31,MS,credit_balance_pf,98188.141865,R$ mi,BCB SCR.data v2
2025-07-31,MS,problem_assets_pf,11.338165,%,BCB SCR.data v2
2025-07-31,MS,delinquency_vehicle,5.234632,%,BCB SCR.data v2
2025-07-31,MS,delinquency_pj,4.134801,%,BCB SCR.data v2
2025-07-31,MS,credit_balance_pj,36215.651084,R$ mi,BCB SCR.data v2
2025-07-31,MS,problem_assets_pj,9.623775,%,BCB SCR.data v2
2025-07-31,MT,delinquency_card,8.540011,%,BCB SCR.data v2
2025-07-31,MT,delinquency_personal,5.817303,%,BCB SCR.data v2
2025-07-31,MT,delinquency_revolving,10.209584,%,BCB SCR.data v2
2025-07-31,MT,delinquency_pf,4.992351,%,BCB SCR.data v2
2025-07-31,MT,credit_balance_pf,169712.296315,R$ mi,BCB SCR.data v2
2025-07-31,MT,problem_assets_pf,10.285793,%,BCB SCR.data v2
2025-07-31,MT,delinquency_vehicle,4.667342,%,BCB SCR.data v2
2025-07-31,MT,delinquency_pj,4.163522,%,BCB SCR.data v2
2025-07-31,MT,credit_balance_pj,80886.991989,R$ mi,BCB SCR.data v2
2025-07-31,MT,problem_assets_pj,7.882,%,BCB SCR.data v2
2025-07-31,PA,delinquency_card,9.937097,%,BCB SCR.data v2
2025-07-31,PA,delinquency_personal,4.344212,%,BCB SCR.data v2
2025-07-31,PA,delinquency_revolving,13.212701,%,BCB SCR.data v2
2025-07-31,PA,delinquency_pf,5.547867,%,BCB SCR.data v2
2025-07-31,PA,credit_balance_pf,102427.065647,R$ mi,BCB SCR.data v2
2025-07-31,PA,problem_assets_pf,8.862006,%,BCB SCR.data v2
2025-07-31,PA,delinquency_vehicle,5.587091,%,BCB SCR.data v2
2025-07-31,PA,delinquency_pj,3.78292,%,BCB SCR.data v2
2025-07-31,PA,credit_balance_pj,48660.967508,R$ mi,BCB SCR.data v2
2025-07-31,PA,problem_assets_pj,6.814361,%,BCB SCR.data v2
2025-07-31,PB,delinquency_card,9.183059,%,BCB SCR.data v2
2025-07-31,PB,delinquency_personal,4.119286,%,BCB SCR.data v2
2025-07-31,PB,delinquency_revolving,11.663499,%,BCB SCR.data v2
2025-07-31,PB,delinquency_pf,4.624316,%,BCB SCR.data v2
2025-07-31,PB,credit_balance_pf,56525.625917,R$ mi,BCB SCR.data v2
2025-07-31,PB,problem_assets_pf,8.417492,%,BCB SCR.data v2
2025-07-31,PB,delinquency_vehicle,5.220881,%,BCB SCR.data v2
2025-07-31,PB,delinquency_pj,5.03959,%,BCB SCR.data v2
2025-07-31,PB,credit_balance_pj,13287.692996,R$ mi,BCB SCR.data v2
2025-07-31,PB,problem_assets_pj,11.245451,%,BCB SCR.data v2
2025-07-31,PE,delinquency_card,10.203453,%,BCB SCR.data v2
2025-07-31,PE,delinquency_personal,4.856943,%,BCB SCR.data v2
2025-07-31,PE,delinquency_revolving,15.081559,%,BCB SCR.data v2
2025-07-31,PE,delinquency_pf,5.785164,%,BCB SCR.data v2
2025-07-31,PE,credit_balance_pf,109222.573752,R$ mi,BCB SCR.data v2
2025-07-31,PE,problem_assets_pf,8.936736,%,BCB SCR.data v2
2025-07-31,PE,delinquency_vehicle,6.575877,%,BCB SCR.data v2
2025-07-31,PE,delinquency_pj,3.231474,%,BCB SCR.data v2
2025-07-31,PE,credit_balance_pj,47194.1824,R$ mi,BCB SCR.data v2
2025-07-31,PE,problem_assets_pj,6.643258,%,BCB SCR.data v2
2025-07-31,PI,delinquency_card,9.517736,%,BCB SCR.data v2
2025-07-31,PI,delinquency_personal,4.305786,%,BCB SCR.data v2
2025-07-31,PI,delinquency_revolving,11.900272,%,BCB SCR.data v2
2025-07-31,PI,delinquency_pf,5.205351,%,BCB SCR.data v2
2025-07-31,PI,credit_balance_pf,36792.352609,R$ mi,BCB SCR.data v2
2025-07-31,PI,problem_assets_pf,8.926833,%,BCB SCR.data v2
2025-07-31,PI,delinquency_vehicle,5.81934,%,BCB SCR.data v2
2025-07-31,PI,delinquency_pj,2.396553,%,BCB SCR.data v2
2025-07-31,PI,credit_balance_pj,25753.108176,R$ mi,BCB SCR.data v2
2025-07-31,PI,problem_assets_pj,3.552294,%,BCB SCR.data v2
2025-07-31,PR,delinquency_card,7.724723,%,BCB SCR.data v2
2025-07-31,PR,delinquency_personal,4.473272,%,BCB SCR.data v2
2025-07-31,PR,delinquency_revolving,15.072227,%,BCB SCR.data v2
2025-07-31,PR,delinquency_pf,3.937564,%,BCB SCR.data v2
2025-07-31,PR,credit_balance_pf,321491.729697,R$ mi,BCB SCR.data v2
2025-07-31,PR,problem_assets_pf,7.428963,%,BCB SCR.data v2
2025-07-31,PR,delinquency_vehicle,5.329481,%,BCB SCR.data v2
2025-07-31,PR,delinquency_pj,3.111074,%,BCB SCR.data v2
2025-07-31,PR,credit_balance_pj,195412.255178,R$ mi,BCB SCR.data v2
2025-07-31,PR,problem_assets_pj,6.177947,%,BCB SCR.data v2
2025-07-31,RJ,delinquency_card,9.349915,%,BCB SCR.data v2
2025-07-31,RJ,delinquency_personal,5.191412,%,BCB SCR.data v2
2025-07-31,RJ,delinquency_revolving,18.056514,%,BCB SCR.data v2
2025-07-31,RJ,delinquency_pf,6.030547,%,BCB SCR.data v2
2025-07-31,RJ,credit_balance_pf,269967.113279,R$ mi,BCB SCR.data v2
2025-07-31,RJ,problem_assets_pf,9.275736,%,BCB SCR.data v2
2025-07-31,RJ,delinquency_vehicle,8.945843,%,BCB SCR.data v2
2025-07-31,RJ,delinquency_pj,1.5949,%,BCB SCR.data v2
2025-07-31,RJ,credit_balance_pj,290650.706129,R$ mi,BCB SCR.data v2
2025-07-31,RJ,problem_assets_pj,6.566521,%,BCB SCR.data v2
2025-07-31,RN,delinquency_card,10.325319,%,BCB SCR.data v2
2025-07-31,RN,delinquency_personal,4.27171,%,BCB SCR.data v2
2025-07-31,RN,delinquency_revolving,16.47961,%,BCB SCR.data v2
2025-07-31,RN,delinquency_pf,5.370045,%,BCB SCR.data v2
2025-07-31,RN,credit_balance_pf,48228.263847,R$ mi,BCB SCR.data v2
2025-07-31,RN,problem_assets_pf,9.363296,%,BCB SCR.data v2
2025-07-31,RN,delinquency_vehicle,5.425433,%,BCB SCR.data v2
2025-07-31,RN,delinquency_pj,3.867006,%,BCB SCR.data v2
2025-07-31,RN,credit_balance_pj,17647.684927,R$ mi,BCB SCR.data v2
2025-07-31,RN,problem_assets_pj,5.595115,%,BCB SCR.data v2
2025-07-31,RO,delinquency_card,7.820225,%,BCB SCR.data v2
2025-07-31,RO,delinquency_personal,5.76634,%,BCB SCR.data v2
2025-07-31,RO,delinquency_revolving,8.214129,%,BCB SCR.data v2
2025-07-31,RO,delinquency_pf,4.760226,%,BCB SCR.data v2
2025-07-31,RO,credit_balance_pf,49020.990846,R$ mi,BCB SCR.data v2
2025-07-31,RO,problem_assets_pf,8.848988,%,BCB SCR.data v2
2025-07-31,RO,delinquency_vehicle,4.677941,%,BCB SCR.data v2
2025-07-31,RO,delinquency_pj,5.035062,%,BCB SCR.data v2
2025-07-31,RO,credit_balance_pj,11800.634365,R$ mi,BCB SCR.data v2
2025-07-31,RO,problem_assets_pj,10.027133,%,BCB SCR.data v2
2025-07-31,RR,delinquency_card,10.456179,%,BCB SCR.data v2
2025-07-31,RR,delinquency_personal,5.128686,%,BCB SCR.data v2
2025-07-31,RR,delinquency_revolving,16.015419,%,BCB SCR.data v2
2025-07-31,RR,delinquency_pf,5.500957,%,BCB SCR.data v2
2025-07-31,RR,credit_balance_pf,11237.412458,R$ mi,BCB SCR.data v2
2025-07-31,RR,problem_assets_pf,8.798618,%,BCB SCR.data v2
2025-07-31,RR,delinquency_vehicle,5.330962,%,BCB SCR.data v2
2025-07-31,RR,delinquency_pj,4.862211,%,BCB SCR.data v2
2025-07-31,RR,credit_balance_pj,3014.934124,R$ mi,BCB SCR.data v2
2025-07-31,RR,problem_assets_pj,8.130192,%,BCB SCR.data v2
2025-07-31,RS,delinquency_card,7.963477,%,BCB SCR.data v2
2025-07-31,RS,delinquency_personal,4.89807,%,BCB SCR.data v2
2025-07-31,RS,delinquency_revolving,14.224142,%,BCB SCR.data v2
2025-07-31,RS,delinquency_pf,3.795636,%,BCB SCR.data v2
2025-07-31,RS,credit_balance_pf,316974.252072,R$ mi,BCB SCR.data v2
2025-07-31,RS,problem_assets_pf,7.79164,%,BCB SCR.data v2
2025-07-31,RS,delinquency_vehicle,5.326926,%,BCB SCR.data v2
2025-07-31,RS,delinquency_pj,2.30339,%,BCB SCR.data v2
2025-07-31,RS,credit_balance_pj,176549.47552,R$ mi,BCB SCR.data v2
2025-07-31,RS,problem_assets_pj,5.407675,%,BCB SCR.data v2
2025-07-31,SC,delinquency_card,6.791235,%,BCB SCR.data v2
2025-07-31,SC,delinquency_personal,5.027017,%,BCB SCR.data v2
2025-07-31,SC,delinquency_revolving,9.377803,%,BCB SCR.data v2
2025-07-31,SC,delinquency_pf,3.699538,%,BCB SCR.data v2
2025-07-31,SC,credit_balance_pf,207729.312947,R$ mi,BCB SCR.data v2
2025-07-31,SC,problem_assets_pf,6.447348,%,BCB SCR.data v2
2025-07-31,SC,delinquency_vehicle,5.104085,%,BCB SCR.data v2
2025-07-31,SC,delinquency_pj,2.523781,%,BCB SCR.data v2
2025-07-31,SC,credit_balance_pj,172810.201259,R$ mi,BCB SCR.data v2
2025-07-31,SC,problem_assets_pj,5.046179,%,BCB SCR.data v2
2025-07-31,SE,delinquency_card,9.944905,%,BCB SCR.data v2
2025-07-31,SE,delinquency_personal,4.958384,%,BCB SCR.data v2
2025-07-31,SE,delinquency_revolving,16.427457,%,BCB SCR.data v2
2025-07-31,SE,delinquency_pf,5.133768,%,BCB SCR.data v2
2025-07-31,SE,credit_balance_pf,33904.08585,R$ mi,BCB SCR.data v2
2025-07-31,SE,problem_assets_pf,8.212239,%,BCB SCR.data v2
2025-07-31,SE,delinquency_vehicle,6.662291,%,BCB SCR.data v2
2025-07-31,SE,delinquency_pj,5.118845,%,BCB SCR.data v2
2025-07-31,SE,credit_balance_pj,8358.057183,R$ mi,BCB SCR.data v2
2025-07-31,SE,problem_assets_pj,8.741297,%,BCB SCR.data v2
2025-07-31,SP,delinquency_card,8.462429,%,BCB SCR.data v2
2025-07-31,SP,delinquency_personal,4.973786,%,BCB SCR.data v2
2025-07-31,SP,delinquency_revolving,15.937612,%,BCB SCR.data v2
2025-07-31,SP,delinquency_pf,4.371085,%,BCB SCR.data v2
2025-07-31,SP,credit_balance_pf,1124945.312399,R$ mi,BCB SCR.data v2
2025-07-31,SP,problem_assets_pf,7.635455,%,BCB SCR.data v2
2025-07-31,SP,delinquency_vehicle,5.217013,%,BCB SCR.data v2
2025-07-31,SP,delinquency_pj,2.099072,%,BCB SCR.data v2
2025-07-31,SP,credit_balance_pj,887282.263015,R$ mi,BCB SCR.data v2
2025-07-31,SP,problem_assets_pj,6.46654,%,BCB SCR.data v2
2025-07-31,TO,delinquency_card,8.568902,%,BCB SCR.data v2
2025-07-31,TO,delinquency_personal,5.443394,%,BCB SCR.data v2
2025-07-31,TO,delinquency_revolving,7.421864,%,BCB SCR.data v2
2025-07-31,TO,delinquency_pf,6.625027,%,BCB SCR.data v2
2025-07-31,TO,credit_balance_pf,39390.248382,R$ mi,BCB SCR.data v2
2025-07-31,TO,problem_assets_pf,12.287463,%,BCB SCR.data v2
2025-07-31,TO,delinquency_vehicle,4.953475,%,BCB SCR.data v2
2025-07-31,TO,delinquency_pj,4.514903,%,BCB SCR.data v2
2025-07-31,TO,credit_balance_pj,14546.632779,R$ mi,BCB SCR.data v2
2025-07-31,TO,problem_assets_pj,6.246396,%,BCB SCR.data v2
2025-08-31,AC,delinquency_card,9.95511,%,BCB SCR.data v2
2025-08-31,AC,delinquency_personal,4.303236,%,BCB SCR.data v2
2025-08-31,AC,delinquency_revolving,10.335959,%,BCB SCR.data v2
2025-08-31,AC,delinquency_pf,4.935662,%,BCB SCR.data v2
2025-08-31,AC,credit_balance_pf,13780.624417,R$ mi,BCB SCR.data v2
2025-08-31,AC,problem_assets_pf,8.396985,%,BCB SCR.data v2
2025-08-31,AC,delinquency_vehicle,4.214895,%,BCB SCR.data v2
2025-08-31,AC,delinquency_pj,5.081999,%,BCB SCR.data v2
2025-08-31,AC,credit_balance_pj,4627.801142,R$ mi,BCB SCR.data v2
2025-08-31,AC,problem_assets_pj,6.925794,%,BCB SCR.data v2
2025-08-31,AL,delinquency_card,10.922236,%,BCB SCR.data v2
2025-08-31,AL,delinquency_personal,4.266507,%,BCB SCR.data v2
2025-08-31,AL,delinquency_revolving,16.42174,%,BCB SCR.data v2
2025-08-31,AL,delinquency_pf,5.941557,%,BCB SCR.data v2
2025-08-31,AL,credit_balance_pf,39601.691289,R$ mi,BCB SCR.data v2
2025-08-31,AL,problem_assets_pf,9.068999,%,BCB SCR.data v2
2025-08-31,AL,delinquency_vehicle,8.797394,%,BCB SCR.data v2
2025-08-31,AL,delinquency_pj,3.150842,%,BCB SCR.data v2
2025-08-31,AL,credit_balance_pj,16296.884991,R$ mi,BCB SCR.data v2
2025-08-31,AL,problem_assets_pj,4.820102,%,BCB SCR.data v2
2025-08-31,AM,delinquency_card,10.539073,%,BCB SCR.data v2
2025-08-31,AM,delinquency_personal,5.449035,%,BCB SCR.data v2
2025-08-31,AM,delinquency_revolving,17.994684,%,BCB SCR.data v2
2025-08-31,AM,delinquency_pf,6.222364,%,BCB SCR.data v2
2025-08-31,AM,credit_balance_pf,41983.700493,R$ mi,BCB SCR.data v2
2025-08-31,AM,problem_assets_pf,9.518579,%,BCB SCR.data v2
2025-08-31,AM,delinquency_vehicle,6.607796,%,BCB SCR.data v2
2025-08-31,AM,delinquency_pj,3.322712,%,BCB SCR.data v2
2025-08-31,AM,credit_balance_pj,30941.814452,R$ mi,BCB SCR.data v2
2025-08-31,AM,problem_assets_pj,5.002302,%,BCB SCR.data v2
2025-08-31,AP,delinquency_card,10.113981,%,BCB SCR.data v2
2025-08-31,AP,delinquency_personal,4.940454,%,BCB SCR.data v2
2025-08-31,AP,delinquency_revolving,20.354381,%,BCB SCR.data v2
2025-08-31,AP,delinquency_pf,5.651693,%,BCB SCR.data v2
2025-08-31,AP,credit_balance_pf,12068.535467,R$ mi,BCB SCR.data v2
2025-08-31,AP,problem_assets_pf,9.379822,%,BCB SCR.data v2
2025-08-31,AP,delinquency_vehicle,3.976855,%,BCB SCR.data v2
2025-08-31,AP,delinquency_pj,4.144178,%,BCB SCR.data v2
2025-08-31,AP,credit_balance_pj,5442.069899,R$ mi,BCB SCR.data v2
2025-08-31,AP,problem_assets_pj,6.562598,%,BCB SCR.data v2
2025-08-31,BA,delinquency_card,9.939283,%,BCB SCR.data v2
2025-08-31,BA,delinquency_personal,4.782275,%,BCB SCR.data v2
2025-08-31,BA,delinquency_revolving,13.591703,%,BCB SCR.data v2
2025-08-31,BA,delinquency_pf,5.665953,%,BCB SCR.data v2
2025-08-31,BA,credit_balance_pf,177034.814475,R$ mi,BCB SCR.data v2
2025-08-31,BA,problem_assets_pf,8.922449,%,BCB SCR.data v2
2025-08-31,BA,delinquency_vehicle,6.306889,%,BCB SCR.data v2
2025-08-31,BA,delinquency_pj,3.037962,%,BCB SCR.data v2
2025-08-31,BA,credit_balance_pj,95245.938175,R$ mi,BCB SCR.data v2
2025-08-31,BA,problem_assets_pj,6.126719,%,BCB SCR.data v2
2025-08-31,CE,delinquency_card,9.730694,%,BCB SCR.data v2
2025-08-31,CE,delinquency_personal,4.456631,%,BCB SCR.data v2
2025-08-31,CE,delinquency_revolving,11.870456,%,BCB SCR.data v2
2025-08-31,CE,delinquency_pf,5.374521,%,BCB SCR.data v2
2025-08-31,CE,credit_balance_pf,104930.108748,R$ mi,BCB SCR.data v2
2025-08-31,CE,problem_assets_pf,8.320961,%,BCB SCR.data v2
2025-08-31,CE,delinquency_vehicle,5.39851,%,BCB SCR.data v2
2025-08-31,CE,delinquency_pj,3.560116,%,BCB SCR.data v2
2025-08-31,CE,credit_balance_pj,51315.803543,R$ mi,BCB SCR.data v2
2025-08-31,CE,problem_assets_pj,7.527793,%,BCB SCR.data v2
2025-08-31,DF,delinquency_card,7.851281,%,BCB SCR.data v2
2025-08-31,DF,delinquency_personal,3.668316,%,BCB SCR.data v2
2025-08-31,DF,delinquency_revolving,14.498201,%,BCB SCR.data v2
2025-08-31,DF,delinquency_pf,4.017505,%,BCB SCR.data v2
2025-08-31,DF,credit_balance_pf,99617.152781,R$ mi,BCB SCR.data v2
2025-08-31,DF,problem_assets_pf,7.085514,%,BCB SCR.data v2
2025-08-31,DF,delinquency_vehicle,5.131836,%,BCB SCR.data v2
2025-08-31,DF,delinquency_pj,2.252274,%,BCB SCR.data v2
2025-08-31,DF,credit_balance_pj,61283.762899,R$ mi,BCB SCR.data v2
2025-08-31,DF,problem_assets_pj,4.296151,%,BCB SCR.data v2
2025-08-31,ES,delinquency_card,7.797789,%,BCB SCR.data v2
2025-08-31,ES,delinquency_personal,4.378381,%,BCB SCR.data v2
2025-08-31,ES,delinquency_revolving,13.745747,%,BCB SCR.data v2
2025-08-31,ES,delinquency_pf,3.961351,%,BCB SCR.data v2
2025-08-31,ES,credit_balance_pf,69898.021158,R$ mi,BCB SCR.data v2
2025-08-31,ES,problem_assets_pf,6.915794,%,BCB SCR.data v2
2025-08-31,ES,delinquency_vehicle,4.360701,%,BCB SCR.data v2
2025-08-31,ES,delinquency_pj,4.641302,%,BCB SCR.data v2
2025-08-31,ES,credit_balance_pj,49051.3078,R$ mi,BCB SCR.data v2
2025-08-31,ES,problem_assets_pj,9.777345,%,BCB SCR.data v2
2025-08-31,GO,delinquency_card,9.694566,%,BCB SCR.data v2
2025-08-31,GO,delinquency_personal,6.143528,%,BCB SCR.data v2
2025-08-31,GO,delinquency_revolving,12.290274,%,BCB SCR.data v2
2025-08-31,GO,delinquency_pf,6.044808,%,BCB SCR.data v2
2025-08-31,GO,credit_balance_pf,237897.573652,R$ mi,BCB SCR.data v2
2025-08-31,GO,problem_assets_pf,10.793213,%,BCB SCR.data v2
2025-08-31,GO,delinquency_vehicle,5.814691,%,BCB SCR.data v2
2025-08-31,GO,delinquency_pj,4.563837,%,BCB SCR.data v2
2025-08-31,GO,credit_balance_pj,84832.99781,R$ mi,BCB SCR.data v2
2025-08-31,GO,problem_assets_pj,8.538221,%,BCB SCR.data v2
2025-08-31,MA,delinquency_card,9.469329,%,BCB SCR.data v2
2025-08-31,MA,delinquency_personal,4.796418,%,BCB SCR.data v2
2025-08-31,MA,delinquency_revolving,11.599542,%,BCB SCR.data v2
2025-08-31,MA,delinquency_pf,6.610534,%,BCB SCR.data v2
2025-08-31,MA,credit_balance_pf,83455.351435,R$ mi,BCB SCR.data v2
2025-08-31,MA,problem_assets_pf,11.067238,%,BCB SCR.data v2
2025-08-31,MA,delinquency_vehicle,5.14092,%,BCB SCR.data v2
2025-08-31,MA,delinquency_pj,6.360849,%,BCB SCR.data v2
2025-08-31,MA,credit_balance_pj,23935.093334,R$ mi,BCB SCR.data v2
2025-08-31,MA,problem_assets_pj,9.492312,%,BCB SCR.data v2
2025-08-31,MG,delinquency_card,7.714126,%,BCB SCR.data v2
2025-08-31,MG,delinquency_personal,4.892222,%,BCB SCR.data v2
2025-08-31,MG,delinquency_revolving,12.339972,%,BCB SCR.data v2
2025-08-31,MG,delinquency_pf,4.461015,%,BCB SCR.data v2
2025-08-31,MG,credit_balance_pf,408487.725599,R$ mi,BCB SCR.data v2
2025-08-31,MG,problem_assets_pf,7.867074,%,BCB SCR.data v2
2025-08-31,MG,delinquency_vehicle,5.1152,%,BCB SCR.data v2
2025-08-31,MG,delinquency_pj,3.089653,%,BCB SCR.data v2
2025-08-31,MG,credit_balance_pj,220218.951522,R$ mi,BCB SCR.data v2
2025-08-31,MG,problem_assets_pj,5.99019,%,BCB SCR.data v2
2025-08-31,MS,delinquency_card,9.212965,%,BCB SCR.data v2
2025-08-31,MS,delinquency_personal,5.144081,%,BCB SCR.data v2
2025-08-31,MS,delinquency_revolving,11.727795,%,BCB SCR.data v2
2025-08-31,MS,delinquency_pf,6.333138,%,BCB SCR.data v2
2025-08-31,MS,credit_balance_pf,98712.452858,R$ mi,BCB SCR.data v2
2025-08-31,MS,problem_assets_pf,11.50361,%,BCB SCR.data v2
2025-08-31,MS,delinquency_vehicle,5.296029,%,BCB SCR.data v2
2025-08-31,MS,delinquency_pj,4.215285,%,BCB SCR.data v2
2025-08-31,MS,credit_balance_pj,36719.596111,R$ mi,BCB SCR.data v2
2025-08-31,MS,problem_assets_pj,9.724281,%,BCB SCR.data v2
2025-08-31,MT,delinquency_card,8.861237,%,BCB SCR.data v2
2025-08-31,MT,delinquency_personal,5.944272,%,BCB SCR.data v2
2025-08-31,MT,delinquency_revolving,9.875096,%,BCB SCR.data v2
2025-08-31,MT,delinquency_pf,5.664676,%,BCB SCR.data v2
2025-08-31,MT,credit_balance_pf,170569.909132,R$ mi,BCB SCR.data v2
2025-08-31,MT,problem_assets_pf,10.531836,%,BCB SCR.data v2
2025-08-31,MT,delinquency_vehicle,4.773003,%,BCB SCR.data v2
2025-08-31,MT,delinquency_pj,4.46572,%,BCB SCR.data v2
2025-08-31,MT,credit_balance_pj,80026.837452,R$ mi,BCB SCR.data v2
2025-08-31,MT,problem_assets_pj,8.070758,%,BCB SCR.data v2
2025-08-31,PA,delinquency_card,10.132073,%,BCB SCR.data v2
2025-08-31,PA,delinquency_personal,4.415084,%,BCB SCR.data v2
2025-08-31,PA,delinquency_revolving,12.897816,%,BCB SCR.data v2
2025-08-31,PA,delinquency_pf,5.753763,%,BCB SCR.data v2
2025-08-31,PA,credit_balance_pf,103556.261762,R$ mi,BCB SCR.data v2
2025-08-31,PA,problem_assets_pf,9.012416,%,BCB SCR.data v2
2025-08-31,PA,delinquency_vehicle,5.724012,%,BCB SCR.data v2
2025-08-31,PA,delinquency_pj,3.843968,%,BCB SCR.data v2
2025-08-31,PA,credit_balance_pj,49275.353176,R$ mi,BCB SCR.data v2
2025-08-31,PA,problem_assets_pj,6.614888,%,BCB SCR.data v2
2025-08-31,PB,delinquency_card,9.284405,%,BCB SCR.data v2
2025-08-31,PB,delinquency_personal,4.143193,%,BCB SCR.data v2
2025-08-31,PB,delinquency_revolving,11.364792,%,BCB SCR.data v2
2025-08-31,PB,delinquency_pf,4.773963,%,BCB SCR.data v2
2025-08-31,PB,credit_balance_pf,57042.977891,R$ mi,BCB SCR.data v2
2025-08-31,PB,problem_assets_pf,8.477552,%,BCB SCR.data v2
2025-08-31,PB,delinquency_vehicle,5.268583,%,BCB SCR.data v2
2025-08-31,PB,delinquency_pj,5.171282,%,BCB SCR.data v2
2025-08-31,PB,credit_balance_pj,13490.25664,R$ mi,BCB SCR.data v2
2025-08-31,PB,problem_assets_pj,11.244436,%,BCB SCR.data v2
2025-08-31,PE,delinquency_card,10.304828,%,BCB SCR.data v2
2025-08-31,PE,delinquency_personal,4.84391,%,BCB SCR.data v2
2025-08-31,PE,delinquency_revolving,14.837358,%,BCB SCR.data v2
2025-08-31,PE,delinquency_pf,5.893657,%,BCB SCR.data v2
2025-08-31,PE,credit_balance_pf,110773.513546,R$ mi,BCB SCR.data v2
2025-08-31,PE,problem_assets_pf,8.974611,%,BCB SCR.data v2
2025-08-31,PE,delinquency_vehicle,6.595166,%,BCB SCR.data v2
2025-08-31,PE,delinquency_pj,3.229208,%,BCB SCR.data v2
2025-08-31,PE,credit_balance_pj,47889.292432,R$ mi,BCB SCR.data v2
2025-08-31,PE,problem_assets_pj,6.697562,%,BCB SCR.data v2
2025-08-31,PI,delinquency_card,9.768424,%,BCB SCR.data v2
2025-08-31,PI,delinquency_personal,4.384567,%,BCB SCR.data v2
2025-08-31,PI,delinquency_revolving,11.543633,%,BCB SCR.data v2
2025-08-31,PI,delinquency_pf,5.428722,%,BCB SCR.data v2
2025-08-31,PI,credit_balance_pf,37318.398531,R$ mi,BCB SCR.data v2
2025-08-31,PI,problem_assets_pf,8.999454,%,BCB SCR.data v2
2025-08-31,PI,delinquency_vehicle,5.9002,%,BCB SCR.data v2
2025-08-31,PI,delinquency_pj,2.523993,%,BCB SCR.data v2
2025-08-31,PI,credit_balance_pj,25044.525186,R$ mi,BCB SCR.data v2
2025-08-31,PI,problem_assets_pj,3.533103,%,BCB SCR.data v2
2025-08-31,PR,delinquency_card,7.963321,%,BCB SCR.data v2
2025-08-31,PR,delinquency_personal,4.504138,%,BCB SCR.data v2
2025-08-31,PR,delinquency_revolving,14.666324,%,BCB SCR.data v2
2025-08-31,PR,delinquency_pf,4.261692,%,BCB SCR.data v2
2025-08-31,PR,credit_balance_pf,325168.008591,R$ mi,BCB SCR.data v2
2025-08-31,PR,problem_assets_pf,7.506912,%,BCB SCR.data v2
2025-08-31,PR,delinquency_vehicle,5.345782,%,BCB SCR.data v2
2025-08-31,PR,delinquency_pj,3.197575,%,BCB SCR.data v2
2025-08-31,PR,credit_balance_pj,196762.116055,R$ mi,BCB SCR.data v2
2025-08-31,PR,problem_assets_pj,5.987824,%,BCB SCR.data v2
2025-08-31,RJ,delinquency_card,9.623777,%,BCB SCR.data v2
2025-08-31,RJ,delinquency_personal,5.23857,%,BCB SCR.data v2
2025-08-31,RJ,delinquency_revolving,17.7395,%,BCB SCR.data v2
2025-08-31,RJ,delinquency_pf,6.137778,%,BCB SCR.data v2
2025-08-31,RJ,credit_balance_pf,271778.191643,R$ mi,BCB SCR.data v2
2025-08-31,RJ,problem_assets_pf,9.322798,%,BCB SCR.data v2
2025-08-31,RJ,delinquency_vehicle,9.04549,%,BCB SCR.data v2
2025-08-31,RJ,delinquency_pj,1.567246,%,BCB SCR.data v2
2025-08-31,RJ,credit_balance_pj,297665.306262,R$ mi,BCB SCR.data v2
2025-08-31,RJ,problem_assets_pj,6.1983,%,BCB SCR.data v2
2025-08-31,RN,delinquency_card,10.404829,%,BCB SCR.data v2
2025-08-31,RN,delinquency_personal,4.337241,%,BCB SCR.data v2
2025-08-31,RN,delinquency_revolving,16.416829,%,BCB SCR.data v2
2025-08-31,RN,delinquency_pf,5.525723,%,BCB SCR.data v2
2025-08-31,RN,credit_balance_pf,48854.592452,R$ mi,BCB SCR.data v2
2025-08-31,RN,problem_assets_pf,9.421987,%,BCB SCR.data v2
2025-08-31,RN,delinquency_vehicle,5.373716,%,BCB SCR.data v2
2025-08-31,RN,delinquency_pj,4.107947,%,BCB SCR.data v2
2025-08-31,RN,credit_balance_pj,17728.943731,R$ mi,BCB SCR.data v2
2025-08-31,RN,problem_assets_pj,5.717142,%,BCB SCR.data v2
2025-08-31,RO,delinquency_card,8.06923,%,BCB SCR.data v2
2025-08-31,RO,delinquency_personal,5.931119,%,BCB SCR.data v2
2025-08-31,RO,delinquency_revolving,7.866798,%,BCB SCR.data v2
2025-08-31,RO,delinquency_pf,5.112424,%,BCB SCR.data v2
2025-08-31,RO,credit_balance_pf,49397.908714,R$ mi,BCB SCR.data v2
2025-08-31,RO,problem_assets_pf,9.105064,%,BCB SCR.data v2
2025-08-31,RO,delinquency_vehicle,4.795156,%,BCB SCR.data v2
2025-08-31,RO,delinquency_pj,5.442543,%,BCB SCR.data v2
2025-08-31,RO,credit_balance_pj,11888.877376,R$ mi,BCB SCR.data v2
2025-08-31,RO,problem_assets_pj,10.016303,%,BCB SCR.data v2
2025-08-31,RR,delinquency_card,10.767066,%,BCB SCR.data v2
2025-08-31,RR,delinquency_personal,5.258785,%,BCB SCR.data v2
2025-08-31,RR,delinquency_revolving,14.559964,%,BCB SCR.data v2
2025-08-31,RR,delinquency_pf,5.53031,%,BCB SCR.data v2
2025-08-31,RR,credit_balance_pf,11392.053006,R$ mi,BCB SCR.data v2
2025-08-31,RR,problem_assets_pf,8.866937,%,BCB SCR.data v2
2025-08-31,RR,delinquency_vehicle,5.429684,%,BCB SCR.data v2
2025-08-31,RR,delinquency_pj,5.069508,%,BCB SCR.data v2
2025-08-31,RR,credit_balance_pj,3038.922607,R$ mi,BCB SCR.data v2
2025-08-31,RR,problem_assets_pj,8.044531,%,BCB SCR.data v2
2025-08-31,RS,delinquency_card,8.326046,%,BCB SCR.data v2
2025-08-31,RS,delinquency_personal,5.087224,%,BCB SCR.data v2
2025-08-31,RS,delinquency_revolving,14.179032,%,BCB SCR.data v2
2025-08-31,RS,delinquency_pf,4.09352,%,BCB SCR.data v2
2025-08-31,RS,credit_balance_pf,322215.208442,R$ mi,BCB SCR.data v2
2025-08-31,RS,problem_assets_pf,7.9597,%,BCB SCR.data v2
2025-08-31,RS,delinquency_vehicle,5.496597,%,BCB SCR.data v2
2025-08-31,RS,delinquency_pj,2.477912,%,BCB SCR.data v2
2025-08-31,RS,credit_balance_pj,177297.153416,R$ mi,BCB SCR.data v2
2025-08-31,RS,problem_assets_pj,5.462941,%,BCB SCR.data v2
2025-08-31,SC,delinquency_card,7.03424,%,BCB SCR.data v2
2025-08-31,SC,delinquency_personal,5.123022,%,BCB SCR.data v2
2025-08-31,SC,delinquency_revolving,9.212475,%,BCB SCR.data v2
2025-08-31,SC,delinquency_pf,3.834428,%,BCB SCR.data v2
2025-08-31,SC,credit_balance_pf,209507.600711,R$ mi,BCB SCR.data v2
2025-08-31,SC,problem_assets_pf,6.504868,%,BCB SCR.data v2
2025-08-31,SC,delinquency_vehicle,5.200994,%,BCB SCR.data v2
2025-08-31,SC,delinquency_pj,2.615088,%,BCB SCR.data v2
2025-08-31,SC,credit_balance_pj,172999.936222,R$ mi,BCB SCR.data v2
2025-08-31,SC,problem_assets_pj,5.156085,%,BCB SCR.data v2
2025-08-31,SE,delinquency_card,10.045726,%,BCB SCR.data v2
2025-08-31,SE,delinquency_personal,5.021177,%,BCB SCR.data v2
2025-08-31,SE,delinquency_revolving,16.156863,%,BCB SCR.data v2
2025-08-31,SE,delinquency_pf,5.249008,%,BCB SCR.data v2
2025-08-31,SE,credit_balance_pf,34268.586612,R$ mi,BCB SCR.data v2
2025-08-31,SE,problem_assets_pf,8.264144,%,BCB SCR.data v2
2025-08-31,SE,delinquency_vehicle,6.705269,%,BCB SCR.data v2
2025-08-31,SE,delinquency_pj,5.133982,%,BCB SCR.data v2
2025-08-31,SE,credit_balance_pj,8608.998585,R$ mi,BCB SCR.data v2
2025-08-31,SE,problem_assets_pj,8.38325,%,BCB SCR.data v2
2025-08-31,SP,delinquency_card,8.697305,%,BCB SCR.data v2
2025-08-31,SP,delinquency_personal,5.011291,%,BCB SCR.data v2
2025-08-31,SP,delinquency_revolving,15.637822,%,BCB SCR.data v2
2025-08-31,SP,delinquency_pf,4.499493,%,BCB SCR.data v2
2025-08-31,SP,credit_balance_pf,1134907.489326,R$ mi,BCB SCR.data v2
2025-08-31,SP,problem_assets_pf,7.650413,%,BCB SCR.data v2
2025-08-31,SP,delinquency_vehicle,5.283664,%,BCB SCR.data v2
2025-08-31,SP,delinquency_pj,2.137185,%,BCB SCR.data v2
2025-08-31,SP,credit_balance_pj,898632.487329,R$ mi,BCB SCR.data v2
2025-08-31,SP,problem_assets_pj,6.255727,%,BCB SCR.data v2
2025-08-31,TO,delinquency_card,8.738817,%,BCB SCR.data v2
2025-08-31,TO,delinquency_personal,5.552391,%,BCB SCR.data v2
2025-08-31,TO,delinquency_revolving,7.039185,%,BCB SCR.data v2
2025-08-31,TO,delinquency_pf,7.516017,%,BCB SCR.data v2
2025-08-31,TO,credit_balance_pf,39587.842544,R$ mi,BCB SCR.data v2
2025-08-31,TO,problem_assets_pf,12.843985,%,BCB SCR.data v2
2025-08-31,TO,delinquency_vehicle,5.109853,%,BCB SCR.data v2
2025-08-31,TO,delinquency_pj,4.578312,%,BCB SCR.data v2
2025-08-31,TO,credit_balance_pj,14564.855017,R$ mi,BCB SCR.data v2
2025-08-31,TO,problem_assets_pj,7.140637,%,BCB SCR.data v2
2025-09-30,AC,delinquency_card,10.314418,%,BCB SCR.data v2
2025-09-30,AC,delinquency_personal,4.075161,%,BCB SCR.data v2
2025-09-30,AC,delinquency_revolving,11.644334,%,BCB SCR.data v2
2025-09-30,AC,delinquency_pf,4.933044,%,BCB SCR.data v2
2025-09-30,AC,credit_balance_pf,13853.409493,R$ mi,BCB SCR.data v2
2025-09-30,AC,problem_assets_pf,8.261246,%,BCB SCR.data v2
2025-09-30,AC,delinquency_vehicle,4.26387,%,BCB SCR.data v2
2025-09-30,AC,delinquency_pj,4.889341,%,BCB SCR.data v2
2025-09-30,AC,credit_balance_pj,4647.364191,R$ mi,BCB SCR.data v2
2025-09-30,AC,problem_assets_pj,6.80347,%,BCB SCR.data v2
2025-09-30,AL,delinquency_card,11.098557,%,BCB SCR.data v2
2025-09-30,AL,delinquency_personal,4.202059,%,BCB SCR.data v2
2025-09-30,AL,delinquency_revolving,17.571453,%,BCB SCR.data v2
2025-09-30,AL,delinquency_pf,5.897104,%,BCB SCR.data v2
2025-09-30,AL,credit_balance_pf,39969.579224,R$ mi,BCB SCR.data v2
2025-09-30,AL,problem_assets_pf,9.043381,%,BCB SCR.data v2
2025-09-30,AL,delinquency_vehicle,8.93412,%,BCB SCR.data v2
2025-09-30,AL,delinquency_pj,2.478496,%,BCB SCR.data v2
2025-09-30,AL,credit_balance_pj,16307.840662,R$ mi,BCB SCR.data v2
2025-09-30,AL,problem_assets_pj,4.82672,%,BCB SCR.data v2
2025-09-30,AM,delinquency_card,10.761798,%,BCB SCR.data v2
2025-09-30,AM,delinquency_personal,5.252561,%,BCB SCR.data v2
2025-09-30,AM,delinquency_revolving,18.262787,%,BCB SCR.data v2
2025-09-30,AM,delinquency_pf,6.201667,%,BCB SCR.data v2
2025-09-30,AM,credit_balance_pf,42453.513038,R$ mi,BCB SCR.data v2
2025-09-30,AM,problem_assets_pf,9.534774,%,BCB SCR.data v2
2025-09-30,AM,delinquency_vehicle,6.666875,%,BCB SCR.data v2
2025-09-30,AM,delinquency_pj,3.294584,%,BCB SCR.data v2
2025-09-30,AM,credit_balance_pj,31257.424328,R$ mi,BCB SCR.data v2
2025-09-30,AM,problem_assets_pj,5.010516,%,BCB SCR.data v2
2025-09-30,AP,delinquency_card,10.43324,%,BCB SCR.data v2
2025-09-30,AP,delinquency_personal,4.806887,%,BCB SCR.data v2
2025-09-30,AP,delinquency_revolving,19.802875,%,BCB SCR.data v2
2025-09-30,AP,delinquency_pf,5.575055,%,BCB SCR.data v2
2025-09-30,AP,credit_balance_pf,12172.146665,R$ mi,BCB SCR.data v2
2025-09-30,AP,problem_assets_pf,9.494831,%,BCB SCR.data v2
2025-09-30,AP,delinquency_vehicle,4.131324,%,BCB SCR.data v2
2025-09-30,AP,delinquency_pj,4.138966,%,BCB SCR.data v2
2025-09-30,AP,credit_balance_pj,5478.859426,R$ mi,BCB SCR.data v2
2025-09-30,AP,problem_assets_pj,6.654777,%,BCB SCR.data v2
2025-09-30,BA,delinquency_card,10.185849,%,BCB SCR.data v2
2025-09-30,BA,delinquency_personal,4.632356,%,BCB SCR.data v2
2025-09-30,BA,delinquency_revolving,15.046099,%,BCB SCR.data v2
2025-09-30,BA,delinquency_pf,5.664931,%,BCB SCR.data v2
2025-09-30,BA,credit_balance_pf,178581.187558,R$ mi,BCB SCR.data v2
2025-09-30,BA,problem_assets_pf,8.86373,%,BCB SCR.data v2
2025-09-30,BA,delinquency_vehicle,6.345797,%,BCB SCR.data v2
2025-09-30,BA,delinquency_pj,3.025166,%,BCB SCR.data v2
2025-09-30,BA,credit_balance_pj,95898.690903,R$ mi,BCB SCR.data v2
2025-09-30,BA,problem_assets_pj,5.886447,%,BCB SCR.data v2
2025-09-30,CE,delinquency_card,9.885674,%,BCB SCR.data v2
2025-09-30,CE,delinquency_personal,4.315923,%,BCB SCR.data v2
2025-09-30,CE,delinquency_revolving,14.113467,%,BCB SCR.data v2
2025-09-30,CE,delinquency_pf,5.288438,%,BCB SCR.data v2
2025-09-30,CE,credit_balance_pf,106011.103774,R$ mi,BCB SCR.data v2
2025-09-30,CE,problem_assets_pf,8.302185,%,BCB SCR.data v2
2025-09-30,CE,delinquency_vehicle,5.408191,%,BCB SCR.data v2
2025-09-30,CE,delinquency_pj,3.454095,%,BCB SCR.data v2
2025-09-30,CE,credit_balance_pj,52310.356369,R$ mi,BCB SCR.data v2
2025-09-30,CE,problem_assets_pj,6.954307,%,BCB SCR.data v2
2025-09-30,DF,delinquency_card,8.020176,%,BCB SCR.data v2
2025-09-30,DF,delinquency_personal,3.51692,%,BCB SCR.data v2
2025-09-30,DF,delinquency_revolving,15.220749,%,BCB SCR.data v2
2025-09-30,DF,delinquency_pf,3.936728,%,BCB SCR.data v2
2025-09-30,DF,credit_balance_pf,100077.945655,R$ mi,BCB SCR.data v2
2025-09-30,DF,problem_assets_pf,6.996645,%,BCB SCR.data v2
2025-09-30,DF,delinquency_vehicle,5.112057,%,BCB SCR.data v2
2025-09-30,DF,delinquency_pj,2.080206,%,BCB SCR.data v2
2025-09-30,DF,credit_balance_pj,61096.338025,R$ mi,BCB SCR.data v2
2025-09-30,DF,problem_assets_pj,4.077113,%,BCB SCR.data v2
2025-09-30,ES,delinquency_card,7.85424,%,BCB SCR.data v2
2025-09-30,ES,delinquency_personal,4.257514,%,BCB SCR.data v2
2025-09-30,ES,delinquency_revolving,13.73628,%,BCB SCR.data v2
2025-09-30,ES,delinquency_pf,3.868261,%,BCB SCR.data v2
2025-09-30,ES,credit_balance_pf,70494.424927,R$ mi,BCB SCR.data v2
2025-09-30,ES,problem_assets_pf,6.813705,%,BCB SCR.data v2
2025-09-30,ES,delinquency_vehicle,4.272512,%,BCB SCR.data v2
2025-09-30,ES,delinquency_pj,4.257892,%,BCB SCR.data v2
2025-09-30,ES,credit_balance_pj,49493.42498,R$ mi,BCB SCR.data v2
2025-09-30,ES,problem_assets_pj,9.249771,%,BCB SCR.data v2
2025-09-30,GO,delinquency_card,9.964313,%,BCB SCR.data v2
2025-09-30,GO,delinquency_personal,6.069992,%,BCB SCR.data v2
2025-09-30,GO,delinquency_revolving,13.543194,%,BCB SCR.data v2
2025-09-30,GO,delinquency_pf,6.040666,%,BCB SCR.data v2
2025-09-30,GO,credit_balance_pf,239531.56705,R$ mi,BCB SCR.data v2
2025-09-30,GO,problem_assets_pf,10.601133,%,BCB SCR.data v2
2025-09-30,GO,delinquency_vehicle,5.778103,%,BCB SCR.data v2
2025-09-30,GO,delinquency_pj,4.283249,%,BCB SCR.data v2
2025-09-30,GO,credit_balance_pj,85519.962292,R$ mi,BCB SCR.data v2
2025-09-30,GO,problem_assets_pj,8.290026,%,BCB SCR.data v2
2025-09-30,MA,delinquency_card,10.02829,%,BCB SCR.data v2
2025-09-30,MA,delinquency_personal,4.617268,%,BCB SCR.data v2
2025-09-30,MA,delinquency_revolving,13.715222,%,BCB SCR.data v2
2025-09-30,MA,delinquency_pf,6.829201,%,BCB SCR.data v2
2025-09-30,MA,credit_balance_pf,84091.621332,R$ mi,BCB SCR.data v2
2025-09-30,MA,problem_assets_pf,11.039121,%,BCB SCR.data v2
2025-09-30,MA,delinquency_vehicle,5.123275,%,BCB SCR.data v2
2025-09-30,MA,delinquency_pj,5.980838,%,BCB SCR.data v2
2025-09-30,MA,credit_balance_pj,24107.763775,R$ mi,BCB SCR.data v2
2025-09-30,MA,problem_assets_pj,9.319947,%,BCB SCR.data v2
2025-09-30,MG,delinquency_card,7.860099,%,BCB SCR.data v2
2025-09-30,MG,delinquency_personal,4.713719,%,BCB SCR.data v2
2025-09-30,MG,delinquency_revolving,12.360562,%,BCB SCR.data v2
2025-09-30,MG,delinquency_pf,4.422471,%,BCB SCR.data v2
2025-09-30,MG,credit_balance_pf,410955.505051,R$ mi,BCB SCR.data v2
2025-09-30,MG,problem_assets_pf,7.803606,%,BCB SCR.data v2
2025-09-30,MG,delinquency_vehicle,5.061321,%,BCB SCR.data v2
2025-09-30,MG,delinquency_pj,2.890612,%,BCB SCR.data v2
2025-09-30,MG,credit_balance_pj,223476.495995,R$ mi,BCB SCR.data v2
2025-09-30,MG,problem_assets_pj,5.791014,%,BCB SCR.data v2
2025-09-30,MS,delinquency_card,9.444506,%,BCB SCR.data v2
2025-09-30,MS,delinquency_personal,4.974392,%,BCB SCR.data v2
2025-09-30,MS,delinquency_revolving,12.462993,%,BCB SCR.data v2
2025-09-30,MS,delinquency_pf,6.21753,%,BCB SCR.data v2
2025-09-30,MS,credit_balance_pf,99044.772005,R$ mi,BCB SCR.data v2
2025-09-30,MS,problem_assets_pf,11.423763,%,BCB SCR.data v2
2025-09-30,MS,delinquency_vehicle,5.282395,%,BCB SCR.data v2
2025-09-30,MS,delinquency_pj,4.161327,%,BCB SCR.data v2
2025-09-30,MS,credit_balance_pj,36480.225609,R$ mi,BCB SCR.data v2
2025-09-30,MS,problem_assets_pj,9.661936,%,BCB SCR.data v2
2025-09-30,MT,delinquency_card,9.160948,%,BCB SCR.data v2
2025-09-30,MT,delinquency_personal,5.791085,%,BCB SCR.data v2
2025-09-30,MT,delinquency_revolving,10.19295,%,BCB SCR.data v2
2025-09-30,MT,delinquency_pf,5.676809,%,BCB SCR.data v2
2025-09-30,MT,credit_balance_pf,171618.44721,R$ mi,BCB SCR.data v2
2025-09-30,MT,problem_assets_pf,10.355992,%,BCB SCR.data v2
2025-09-30,MT,delinquency_vehicle,4.830327,%,BCB SCR.data v2
2025-09-30,MT,delinquency_pj,4.344821,%,BCB SCR.data v2
2025-09-30,MT,credit_balance_pj,80105.672659,R$ mi,BCB SCR.data v2
2025-09-30,MT,problem_assets_pj,8.148649,%,BCB SCR.data v2
2025-09-30,PA,delinquency_card,10.412662,%,BCB SCR.data v2
2025-09-30,PA,delinquency_personal,4.310333,%,BCB SCR.data v2
2025-09-30,PA,delinquency_revolving,14.22105,%,BCB SCR.data v2
2025-09-30,PA,delinquency_pf,5.728317,%,BCB SCR.data v2
2025-09-30,PA,credit_balance_pf,104871.913148,R$ mi,BCB SCR.data v2
2025-09-30,PA,problem_assets_pf,8.868221,%,BCB SCR.data v2
2025-09-30,PA,delinquency_vehicle,5.819065,%,BCB SCR.data v2
2025-09-30,PA,delinquency_pj,3.732178,%,BCB SCR.data v2
2025-09-30,PA,credit_balance_pj,49526.261368,R$ mi,BCB SCR.data v2
2025-09-30,PA,problem_assets_pj,6.505663,%,BCB SCR.data v2
2025-09-30,PB,delinquency_card,9.460167,%,BCB SCR.data v2
2025-09-30,PB,delinquency_personal,3.990296,%,BCB SCR.data v2
2025-09-30,PB,delinquency_revolving,12.908484,%,BCB SCR.data v2
2025-09-30,PB,delinquency_pf,4.717289,%,BCB SCR.data v2
2025-09-30,PB,credit_balance_pf,57609.421814,R$ mi,BCB SCR.data v2
2025-09-30,PB,problem_assets_pf,8.464963,%,BCB SCR.data v2
2025-09-30,PB,delinquency_vehicle,5.35803,%,BCB SCR.data v2
2025-09-30,PB,delinquency_pj,4.922993,%,BCB SCR.data v2
2025-09-30,PB,credit_balance_pj,13562.680963,R$ mi,BCB SCR.data v2
2025-09-30,PB,problem_assets_pj,10.889388,%,BCB SCR.data v2
2025-09-30,PE,delinquency_card,10.472632,%,BCB SCR.data v2
2025-09-30,PE,delinquency_personal,4.638078,%,BCB SCR.data v2
2025-09-30,PE,delinquency_revolving,15.901738,%,BCB SCR.data v2
2025-09-30,PE,delinquency_pf,5.827203,%,BCB SCR.data v2
2025-09-30,PE,credit_balance_pf,111851.72388,R$ mi,BCB SCR.data v2
2025-09-30,PE,problem_assets_pf,8.972361,%,BCB SCR.data v2
2025-09-30,PE,delinquency_vehicle,6.654949,%,BCB SCR.data v2
2025-09-30,PE,delinquency_pj,3.112577,%,BCB SCR.data v2
2025-09-30,PE,credit_balance_pj,48528.345965,R$ mi,BCB SCR.data v2
2025-09-30,PE,problem_assets_pj,5.773031,%,BCB SCR.data v2
2025-09-30,PI,delinquency_card,10.090138,%,BCB SCR.data v2
2025-09-30,PI,delinquency_personal,4.250487,%,BCB SCR.data v2
2025-09-30,PI,delinquency_revolving,13.29698,%,BCB SCR.data v2
2025-09-30,PI,delinquency_pf,5.375208,%,BCB SCR.data v2
2025-09-30,PI,credit_balance_pf,37424.6727,R$ mi,BCB SCR.data v2
2025-09-30,PI,problem_assets_pf,8.915946,%,BCB SCR.data v2
2025-09-30,PI,delinquency_vehicle,5.889016,%,BCB SCR.data v2
2025-09-30,PI,delinquency_pj,2.292423,%,BCB SCR.data v2
2025-09-30,PI,credit_balance_pj,25534.526358,R$ mi,BCB SCR.data v2
2025-09-30,PI,problem_assets_pj,3.29811,%,BCB SCR.data v2
2025-09-30,PR,delinquency_card,8.123346,%,BCB SCR.data v2
2025-09-30,PR,delinquency_personal,4.359178,%,BCB SCR.data v2
2025-09-30,PR,delinquency_revolving,14.879388,%,BCB SCR.data v2
2025-09-30,PR,delinquency_pf,4.18554,%,BCB SCR.data v2
2025-09-30,PR,credit_balance_pf,327771.823736,R$ mi,BCB SCR.data v2
2025-09-30,PR,problem_assets_pf,7.48928,%,BCB SCR.data v2
2025-09-30,PR,delinquency_vehicle,5.339979,%,BCB SCR.data v2
2025-09-30,PR,delinquency_pj,3.041841,%,BCB SCR.data v2
2025-09-30,PR,credit_balance_pj,197132.876771,R$ mi,BCB SCR.data v2
2025-09-30,PR,problem_assets_pj,5.909474,%,BCB SCR.data v2
2025-09-30,RJ,delinquency_card,9.764535,%,BCB SCR.data v2
2025-09-30,RJ,delinquency_personal,5.106012,%,BCB SCR.data v2
2025-09-30,RJ,delinquency_revolving,17.65426,%,BCB SCR.data v2
2025-09-30,RJ,delinquency_pf,6.059047,%,BCB SCR.data v2
2025-09-30,RJ,credit_balance_pf,273777.921693,R$ mi,BCB SCR.data v2
2025-09-30,RJ,problem_assets_pf,9.300575,%,BCB SCR.data v2
2025-09-30,RJ,delinquency_vehicle,9.211003,%,BCB SCR.data v2
2025-09-30,RJ,delinquency_pj,1.589676,%,BCB SCR.data v2
2025-09-30,RJ,credit_balance_pj,292467.439534,R$ mi,BCB SCR.data v2
2025-09-30,RJ,problem_assets_pj,6.211381,%,BCB SCR.data v2
2025-09-30,RN,delinquency_card,10.647867,%,BCB SCR.data v2
2025-09-30,RN,delinquency_personal,4.09694,%,BCB SCR.data v2
2025-09-30,RN,delinquency_revolving,18.614441,%,BCB SCR.data v2
2025-09-30,RN,delinquency_pf,5.440675,%,BCB SCR.data v2
2025-09-30,RN,credit_balance_pf,49190.973207,R$ mi,BCB SCR.data v2
2025-09-30,RN,problem_assets_pf,9.377343,%,BCB SCR.data v2
2025-09-30,RN,delinquency_vehicle,5.396179,%,BCB SCR.data v2
2025-09-30,RN,delinquency_pj,4.122071,%,BCB SCR.data v2
2025-09-30,RN,credit_balance_pj,17638.735406,R$ mi,BCB SCR.data v2
2025-09-30,RN,problem_assets_pj,5.671886,%,BCB SCR.data v2
2025-09-30,RO,delinquency_card,8.329817,%,BCB SCR.data v2
2025-09-30,RO,delinquency_personal,5.69697,%,BCB SCR.data v2
2025-09-30,RO,delinquency_revolving,8.773307,%,BCB SCR.data v2
2025-09-30,RO,delinquency_pf,5.180007,%,BCB SCR.data v2
2025-09-30,RO,credit_balance_pf,49659.417996,R$ mi,BCB SCR.data v2
2025-09-30,RO,problem_assets_pf,8.772231,%,BCB SCR.data v2
2025-09-30,RO,delinquency_vehicle,4.877791,%,BCB SCR.data v2
2025-09-30,RO,delinquency_pj,5.349848,%,BCB SCR.data v2
2025-09-30,RO,credit_balance_pj,11976.255726,R$ mi,BCB SCR.data v2
2025-09-30,RO,problem_assets_pj,10.194261,%,BCB SCR.data v2
2025-09-30,RR,delinquency_card,11.034997,%,BCB SCR.data v2
2025-09-30,RR,delinquency_personal,5.036186,%,BCB SCR.data v2
2025-09-30,RR,delinquency_revolving,15.01793,%,BCB SCR.data v2
2025-09-30,RR,delinquency_pf,5.508069,%,BCB SCR.data v2
2025-09-30,RR,credit_balance_pf,11542.626115,R$ mi,BCB SCR.data v2
2025-09-30,RR,problem_assets_pf,8.745273,%,BCB SCR.data v2
2025-09-30,RR,delinquency_vehicle,5.566375,%,BCB SCR.data v2
2025-09-30,RR,delinquency_pj,4.97683,%,BCB SCR.data v2
2025-09-30,RR,credit_balance_pj,3079.296569,R$ mi,BCB SCR.data v2
2025-09-30,RR,problem_assets_pj,7.806664,%,BCB SCR.data v2
2025-09-30,RS,delinquency_card,8.540174,%,BCB SCR.data v2
2025-09-30,RS,delinquency_personal,5.041833,%,BCB SCR.data v2
2025-09-30,RS,delinquency_revolving,14.203893,%,BCB SCR.data v2
2025-09-30,RS,delinquency_pf,4.275458,%,BCB SCR.data v2
2025-09-30,RS,credit_balance_pf,326361.651855,R$ mi,BCB SCR.data v2
2025-09-30,RS,problem_assets_pf,8.135662,%,BCB SCR.data v2
2025-09-30,RS,delinquency_vehicle,5.60303,%,BCB SCR.data v2
2025-09-30,RS,delinquency_pj,2.576128,%,BCB SCR.data v2
2025-09-30,RS,credit_balance_pj,178320.144825,R$ mi,BCB SCR.data v2
2025-09-30,RS,problem_assets_pj,5.48933,%,BCB SCR.data v2
2025-09-30,SC,delinquency_card,7.051498,%,BCB SCR.data v2
2025-09-30,SC,delinquency_personal,4.734489,%,BCB SCR.data v2
2025-09-30,SC,delinquency_revolving,9.555711,%,BCB SCR.data v2
2025-09-30,SC,delinquency_pf,3.704486,%,BCB SCR.data v2
2025-09-30,SC,credit_balance_pf,212389.051383,R$ mi,BCB SCR.data v2
2025-09-30,SC,problem_assets_pf,6.414884,%,BCB SCR.data v2
2025-09-30,SC,delinquency_vehicle,5.211908,%,BCB SCR.data v2
2025-09-30,SC,delinquency_pj,2.495451,%,BCB SCR.data v2
2025-09-30,SC,credit_balance_pj,173781.966097,R$ mi,BCB SCR.data v2
2025-09-30,SC,problem_assets_pj,4.951412,%,BCB SCR.data v2
2025-09-30,SE,delinquency_card,10.170182,%,BCB SCR.data v2
2025-09-30,SE,delinquency_personal,4.932992,%,BCB SCR.data v2
2025-09-30,SE,delinquency_revolving,17.222355,%,BCB SCR.data v2
2025-09-30,SE,delinquency_pf,5.219287,%,BCB SCR.data v2
2025-09-30,SE,credit_balance_pf,34589.610196,R$ mi,BCB SCR.data v2
2025-09-30,SE,problem_assets_pf,8.307861,%,BCB SCR.data v2
2025-09-30,SE,delinquency_vehicle,6.711542,%,BCB SCR.data v2
2025-09-30,SE,delinquency_pj,4.871698,%,BCB SCR.data v2
2025-09-30,SE,credit_balance_pj,8663.813524,R$ mi,BCB SCR.data v2
2025-09-30,SE,problem_assets_pj,8.520096,%,BCB SCR.data v2
2025-09-30,SP,delinquency_card,8.844899,%,BCB SCR.data v2
2025-09-30,SP,delinquency_personal,4.832236,%,BCB SCR.data v2
2025-09-30,SP,delinquency_revolving,15.40355,%,BCB SCR.data v2
2025-09-30,SP,delinquency_pf,4.430074,%,BCB SCR.data v2
2025-09-30,SP,credit_balance_pf,1145883.635231,R$ mi,BCB SCR.data v2
2025-09-30,SP,problem_assets_pf,7.704706,%,BCB SCR.data v2
2025-09-30,SP,delinquency_vehicle,5.27403,%,BCB SCR.data v2
2025-09-30,SP,delinquency_pj,1.856743,%,BCB SCR.data v2
2025-09-30,SP,credit_balance_pj,1008781.925817,R$ mi,BCB SCR.data v2
2025-09-30,SP,problem_assets_pj,5.644374,%,BCB SCR.data v2
2025-09-30,TO,delinquency_card,9.063559,%,BCB SCR.data v2
2025-09-30,TO,delinquency_personal,5.716418,%,BCB SCR.data v2
2025-09-30,TO,delinquency_revolving,8.078932,%,BCB SCR.data v2
2025-09-30,TO,delinquency_pf,7.866435,%,BCB SCR.data v2
2025-09-30,TO,credit_balance_pf,40124.263689,R$ mi,BCB SCR.data v2
2025-09-30,TO,problem_assets_pf,12.453088,%,BCB SCR.data v2
2025-09-30,TO,delinquency_vehicle,5.044451,%,BCB SCR.data v2
2025-09-30,TO,delinquency_pj,4.246344,%,BCB SCR.data v2
2025-09-30,TO,credit_balance_pj,14571.870717,R$ mi,BCB SCR.data v2
2025-09-30,TO,problem_assets_pj,7.05768,%,BCB SCR.data v2
2025-10-31,AC,delinquency_card,10.564011,%,BCB SCR.data v2
2025-10-31,AC,delinquency_personal,4.231475,%,BCB SCR.data v2
2025-10-31,AC,delinquency_revolving,12.114083,%,BCB SCR.data v2
2025-10-31,AC,delinquency_pf,5.211548,%,BCB SCR.data v2
2025-10-31,AC,credit_balance_pf,14013.082804,R$ mi,BCB SCR.data v2
2025-10-31,AC,problem_assets_pf,8.425421,%,BCB SCR.data v2
2025-10-31,AC,delinquency_vehicle,4.169449,%,BCB SCR.data v2
2025-10-31,AC,delinquency_pj,4.973258,%,BCB SCR.data v2
2025-10-31,AC,credit_balance_pj,4698.974429,R$ mi,BCB SCR.data v2
2025-10-31,AC,problem_assets_pj,6.866684,%,BCB SCR.data v2
2025-10-31,AL,delinquency_card,11.225532,%,BCB SCR.data v2
2025-10-31,AL,delinquency_personal,4.370816,%,BCB SCR.data v2
2025-10-31,AL,delinquency_revolving,17.678474,%,BCB SCR.data v2
2025-10-31,AL,delinquency_pf,6.017348,%,BCB SCR.data v2
2025-10-31,AL,credit_balance_pf,40592.866315,R$ mi,BCB SCR.data v2
2025-10-31,AL,problem_assets_pf,9.024778,%,BCB SCR.data v2
2025-10-31,AL,delinquency_vehicle,8.900266,%,BCB SCR.data v2
2025-10-31,AL,delinquency_pj,2.716767,%,BCB SCR.data v2
2025-10-31,AL,credit_balance_pj,16674.720472,R$ mi,BCB SCR.data v2
2025-10-31,AL,problem_assets_pj,5.536932,%,BCB SCR.data v2
2025-10-31,AM,delinquency_card,10.898108,%,BCB SCR.data v2
2025-10-31,AM,delinquency_personal,5.386904,%,BCB SCR.data v2
2025-10-31,AM,delinquency_revolving,18.370311,%,BCB SCR.data v2
2025-10-31,AM,delinquency_pf,6.331302,%,BCB SCR.data v2
2025-10-31,AM,credit_balance_pf,43047.924783,R$ mi,BCB SCR.data v2
2025-10-31,AM,problem_assets_pf,9.45279,%,BCB SCR.data v2
2025-10-31,AM,delinquency_vehicle,6.625708,%,BCB SCR.data v2
2025-10-31,AM,delinquency_pj,3.427708,%,BCB SCR.data v2
2025-10-31,AM,credit_balance_pj,31273.76729,R$ mi,BCB SCR.data v2
2025-10-31,AM,problem_assets_pj,5.286136,%,BCB SCR.data v2
2025-10-31,AP,delinquency_card,10.708276,%,BCB SCR.data v2
2025-10-31,AP,delinquency_personal,4.953852,%,BCB SCR.data v2
2025-10-31,AP,delinquency_revolving,19.330449,%,BCB SCR.data v2
2025-10-31,AP,delinquency_pf,5.781239,%,BCB SCR.data v2
2025-10-31,AP,credit_balance_pf,12387.755857,R$ mi,BCB SCR.data v2
2025-10-31,AP,problem_assets_pf,9.480583,%,BCB SCR.data v2
2025-10-31,AP,delinquency_vehicle,4.144557,%,BCB SCR.data v2
2025-10-31,AP,delinquency_pj,4.137006,%,BCB SCR.data v2
2025-10-31,AP,credit_balance_pj,5503.950156,R$ mi,BCB SCR.data v2
2025-10-31,AP,problem_assets_pj,6.711856,%,BCB SCR.data v2
2025-10-31,BA,delinquency_card,10.322199,%,BCB SCR.data v2
2025-10-31,BA,delinquency_personal,4.790412,%,BCB SCR.data v2
2025-10-31,BA,delinquency_revolving,15.032171,%,BCB SCR.data v2
2025-10-31,BA,delinquency_pf,5.880318,%,BCB SCR.data v2
2025-10-31,BA,credit_balance_pf,181387.393212,R$ mi,BCB SCR.data v2
2025-10-31,BA,problem_assets_pf,8.936032,%,BCB SCR.data v2
2025-10-31,BA,delinquency_vehicle,6.271751,%,BCB SCR.data v2
2025-10-31,BA,delinquency_pj,3.091798,%,BCB SCR.data v2
2025-10-31,BA,credit_balance_pj,95881.855853,R$ mi,BCB SCR.data v2
2025-10-31,BA,problem_assets_pj,5.994941,%,BCB SCR.data v2
2025-10-31,CE,delinquency_card,9.996135,%,BCB SCR.data v2
2025-10-31,CE,delinquency_personal,4.49975,%,BCB SCR.data v2
2025-10-31,CE,delinquency_revolving,14.036544,%,BCB SCR.data v2
2025-10-31,CE,delinquency_pf,5.407461,%,BCB SCR.data v2
2025-10-31,CE,credit_balance_pf,107889.152317,R$ mi,BCB SCR.data v2
2025-10-31,CE,problem_assets_pf,8.301168,%,BCB SCR.data v2
2025-10-31,CE,delinquency_vehicle,5.35154,%,BCB SCR.data v2
2025-10-31,CE,delinquency_pj,3.601132,%,BCB SCR.data v2
2025-10-31,CE,credit_balance_pj,53053.455762,R$ mi,BCB SCR.data v2
2025-10-31,CE,problem_assets_pj,7.036885,%,BCB SCR.data v2
2025-10-31,DF,delinquency_card,8.207815,%,BCB SCR.data v2
2025-10-31,DF,delinquency_personal,3.622587,%,BCB SCR.data v2
2025-10-31,DF,delinquency_revolving,13.917461,%,BCB SCR.data v2
2025-10-31,DF,delinquency_pf,4.032626,%,BCB SCR.data v2
2025-10-31,DF,credit_balance_pf,101420.620646,R$ mi,BCB SCR.data v2
2025-10-31,DF,problem_assets_pf,6.976529,%,BCB SCR.data v2
2025-10-31,DF,delinquency_vehicle,5.045676,%,BCB SCR.data v2
2025-10-31,DF,delinquency_pj,2.103135,%,BCB SCR.data v2
2025-10-31,DF,credit_balance_pj,61112.640366,R$ mi,BCB SCR.data v2
2025-10-31,DF,problem_assets_pj,4.270447,%,BCB SCR.data v2
2025-10-31,ES,delinquency_card,7.955382,%,BCB SCR.data v2
2025-10-31,ES,delinquency_personal,4.414659,%,BCB SCR.data v2
2025-10-31,ES,delinquency_revolving,13.851755,%,BCB SCR.data v2
2025-10-31,ES,delinquency_pf,3.985915,%,BCB SCR.data v2
2025-10-31,ES,credit_balance_pf,71603.473259,R$ mi,BCB SCR.data v2
2025-10-31,ES,problem_assets_pf,6.819239,%,BCB SCR.data v2
2025-10-31,ES,delinquency_vehicle,4.214763,%,BCB SCR.data v2
2025-10-31,ES,delinquency_pj,4.174854,%,BCB SCR.data v2
2025-10-31,ES,credit_balance_pj,50629.319613,R$ mi,BCB SCR.data v2
2025-10-31,ES,problem_assets_pj,9.314726,%,BCB SCR.data v2
2025-10-31,GO,delinquency_card,10.108963,%,BCB SCR.data v2
2025-10-31,GO,delinquency_personal,6.081089,%,BCB SCR.data v2
2025-10-31,GO,delinquency_revolving,13.088864,%,BCB SCR.data v2
2025-10-31,GO,delinquency_pf,6.307928,%,BCB SCR.data v2
2025-10-31,GO,credit_balance_pf,243049.908521,R$ mi,BCB SCR.data v2
2025-10-31,GO,problem_assets_pf,10.74452,%,BCB SCR.data v2
2025-10-31,GO,delinquency_vehicle,5.786611,%,BCB SCR.data v2
2025-10-31,GO,delinquency_pj,4.343301,%,BCB SCR.data v2
2025-10-31,GO,credit_balance_pj,85804.544701,R$ mi,BCB SCR.data v2
2025-10-31,GO,problem_assets_pj,8.168545,%,BCB SCR.data v2
2025-10-31,MA,delinquency_card,10.302225,%,BCB SCR.data v2
2025-10-31,MA,delinquency_personal,4.792344,%,BCB SCR.data v2
2025-10-31,MA,delinquency_revolving,12.93966,%,BCB SCR.data v2
2025-10-31,MA,delinquency_pf,7.696964,%,BCB SCR.data v2
2025-10-31,MA,credit_balance_pf,85465.118446,R$ mi,BCB SCR.data v2
2025-10-31,MA,problem_assets_pf,11.587928,%,BCB SCR.data v2
2025-10-31,MA,delinquency_vehicle,5.087868,%,BCB SCR.data v2
2025-10-31,MA,delinquency_pj,6.280346,%,BCB SCR.data v2
2025-10-31,MA,credit_balance_pj,24185.54568,R$ mi,BCB SCR.data v2
2025-10-31,MA,problem_assets_pj,9.448619,%,BCB SCR.data v2
2025-10-31,MG,delinquency_card,7.964936,%,BCB SCR.data v2
2025-10-31,MG,delinquency_personal,4.846549,%,BCB SCR.data v2
2025-10-31,MG,delinquency_revolving,11.927462,%,BCB SCR.data v2
2025-10-31,MG,delinquency_pf,4.611218,%,BCB SCR.data v2
2025-10-31,MG,credit_balance_pf,416464.223731,R$ mi,BCB SCR.data v2
2025-10-31,MG,problem_assets_pf,7.884917,%,BCB SCR.data v2
2025-10-31,MG,delinquency_vehicle,5.031111,%,BCB SCR.data v2
2025-10-31,MG,delinquency_pj,2.956906,%,BCB SCR.data v2
2025-10-31,MG,credit_balance_pj,223329.837923,R$ mi,BCB SCR.data v2
2025-10-31,MG,problem_assets_pj,5.827414,%,BCB SCR.data v2
2025-10-31,MS,delinquency_card,9.659901,%,BCB SCR.data v2
2025-10-31,MS,delinquency_personal,5.150601,%,BCB SCR.data v2
2025-10-31,MS,delinquency_revolving,12.304422,%,BCB SCR.data v2
2025-10-31,MS,delinquency_pf,6.420216,%,BCB SCR.data v2
2025-10-31,MS,credit_balance_pf,100070.552414,R$ mi,BCB SCR.data v2
2025-10-31,MS,problem_assets_pf,11.469568,%,BCB SCR.data v2
2025-10-31,MS,delinquency_vehicle,5.251009,%,BCB SCR.data v2
2025-10-31,MS,delinquency_pj,4.376078,%,BCB SCR.data v2
2025-10-31,MS,credit_balance_pj,36812.354351,R$ mi,BCB SCR.data v2
2025-10-31,MS,problem_assets_pj,10.069954,%,BCB SCR.data v2
2025-10-31,MT,delinquency_card,9.355162,%,BCB SCR.data v2
2025-10-31,MT,delinquency_personal,5.974559,%,BCB SCR.data v2
2025-10-31,MT,delinquency_revolving,9.996446,%,BCB SCR.data v2
2025-10-31,MT,delinquency_pf,5.972611,%,BCB SCR.data v2
2025-10-31,MT,credit_balance_pf,173882.927622,R$ mi,BCB SCR.data v2
2025-10-31,MT,problem_assets_pf,10.364704,%,BCB SCR.data v2
2025-10-31,MT,delinquency_vehicle,4.873324,%,BCB SCR.data v2
2025-10-31,MT,delinquency_pj,4.423224,%,BCB SCR.data v2
2025-10-31,MT,credit_balance_pj,79450.480859,R$ mi,BCB SCR.data v2
2025-10-31,MT,problem_assets_pj,8.045483,%,BCB SCR.data v2
2025-10-31,PA,delinquency_card,10.646837,%,BCB SCR.data v2
2025-10-31,PA,delinquency_personal,4.518201,%,BCB SCR.data v2
2025-10-31,PA,delinquency_revolving,14.560182,%,BCB SCR.data v2
2025-10-31,PA,delinquency_pf,6.115781,%,BCB SCR.data v2
2025-10-31,PA,credit_balance_pf,106280.02255,R$ mi,BCB SCR.data v2
2025-10-31,PA,problem_assets_pf,9.148856,%,BCB SCR.data v2
2025-10-31,PA,delinquency_vehicle,5.859274,%,BCB SCR.data v2
2025-10-31,PA,delinquency_pj,3.889729,%,BCB SCR.data v2
2025-10-31,PA,credit_balance_pj,50069.398789,R$ mi,BCB SCR.data v2
2025-10-31,PA,problem_assets_pj,6.738009,%,BCB SCR.data v2
2025-10-31,PB,delinquency_card,9.579896,%,BCB SCR.data v2
2025-10-31,PB,delinquency_personal,4.115914,%,BCB SCR.data v2
2025-10-31,PB,delinquency_revolving,13.02247,%,BCB SCR.data v2
2025-10-31,PB,delinquency_pf,4.823123,%,BCB SCR.data v2
2025-10-31,PB,credit_balance_pf,58558.321448,R$ mi,BCB SCR.data v2
2025-10-31,PB,problem_assets_pf,8.416805,%,BCB SCR.data v2
2025-10-31,PB,delinquency_vehicle,5.295522,%,BCB SCR.data v2
2025-10-31,PB,delinquency_pj,8.552206,%,BCB SCR.data v2
2025-10-31,PB,credit_balance_pj,14055.4951,R$ mi,BCB SCR.data v2
2025-10-31,PB,problem_assets_pj,10.708691,%,BCB SCR.data v2
2025-10-31,PE,delinquency_card,10.572203,%,BCB SCR.data v2
2025-10-31,PE,delinquency_personal,4.781001,%,BCB SCR.data v2
2025-10-31,PE,delinquency_revolving,15.767981,%,BCB SCR.data v2
2025-10-31,PE,delinquency_pf,5.928285,%,BCB SCR.data v2
2025-10-31,PE,credit_balance_pf,113674.204391,R$ mi,BCB SCR.data v2
2025-10-31,PE,problem_assets_pf,8.993476,%,BCB SCR.data v2
2025-10-31,PE,delinquency_vehicle,6.60399,%,BCB SCR.data v2
2025-10-31,PE,delinquency_pj,3.085881,%,BCB SCR.data v2
2025-10-31,PE,credit_balance_pj,49347.910618,R$ mi,BCB SCR.data v2
2025-10-31,PE,problem_assets_pj,5.718713,%,BCB SCR.data v2
2025-10-31,PI,delinquency_card,10.302347,%,BCB SCR.data v2
2025-10-31,PI,delinquency_personal,4.426538,%,BCB SCR.data v2
2025-10-31,PI,delinquency_revolving,12.723644,%,BCB SCR.data v2
2025-10-31,PI,delinquency_pf,5.645303,%,BCB SCR.data v2
2025-10-31,PI,credit_balance_pf,38031.308412,R$ mi,BCB SCR.data v2
2025-10-31,PI,problem_assets_pf,9.054781,%,BCB SCR.data v2
2025-10-31,PI,delinquency_vehicle,5.911128,%,BCB SCR.data v2
2025-10-31,PI,delinquency_pj,2.232829,%,BCB SCR.data v2
2025-10-31,PI,credit_balance_pj,26304.015619,R$ mi,BCB SCR.data v2
2025-10-31,PI,problem_assets_pj,3.405291,%,BCB SCR.data v2
2025-10-31,PR,delinquency_card,8.212785,%,BCB SCR.data v2
2025-10-31,PR,delinquency_personal,4.489104,%,BCB SCR.data v2
2025-10-31,PR,delinquency_revolving,14.354279,%,BCB SCR.data v2
2025-10-31,PR,delinquency_pf,4.344204,%,BCB SCR.data v2
2025-10-31,PR,credit_balance_pf,332665.587479,R$ mi,BCB SCR.data v2
2025-10-31,PR,problem_assets_pf,7.668789,%,BCB SCR.data v2
2025-10-31,PR,delinquency_vehicle,5.248348,%,BCB SCR.data v2
2025-10-31,PR,delinquency_pj,3.131065,%,BCB SCR.data v2
2025-10-31,PR,credit_balance_pj,200449.231636,R$ mi,BCB SCR.data v2
2025-10-31,PR,problem_assets_pj,6.028552,%,BCB SCR.data v2
2025-10-31,RJ,delinquency_card,9.92612,%,BCB SCR.data v2
2025-10-31,RJ,delinquency_personal,5.229577,%,BCB SCR.data v2
2025-10-31,RJ,delinquency_revolving,17.055478,%,BCB SCR.data v2
2025-10-31,RJ,delinquency_pf,6.181005,%,BCB SCR.data v2
2025-10-31,RJ,credit_balance_pf,277394.795717,R$ mi,BCB SCR.data v2
2025-10-31,RJ,problem_assets_pf,9.313522,%,BCB SCR.data v2
2025-10-31,RJ,delinquency_vehicle,9.184331,%,BCB SCR.data v2
2025-10-31,RJ,delinquency_pj,1.746507,%,BCB SCR.data v2
2025-10-31,RJ,credit_balance_pj,287137.580089,R$ mi,BCB SCR.data v2
2025-10-31,RJ,problem_assets_pj,6.450053,%,BCB SCR.data v2
2025-10-31,RN,delinquency_card,10.824632,%,BCB SCR.data v2
2025-10-31,RN,delinquency_personal,4.276394,%,BCB SCR.data v2
2025-10-31,RN,delinquency_revolving,18.335341,%,BCB SCR.data v2
2025-10-31,RN,delinquency_pf,5.542244,%,BCB SCR.data v2
2025-10-31,RN,credit_balance_pf,49963.9784,R$ mi,BCB SCR.data v2
2025-10-31,RN,problem_assets_pf,9.334315,%,BCB SCR.data v2
2025-10-31,RN,delinquency_vehicle,5.254925,%,BCB SCR.data v2
2025-10-31,RN,delinquency_pj,4.291039,%,BCB SCR.data v2
2025-10-31,RN,credit_balance_pj,17716.417008,R$ mi,BCB SCR.data v2
2025-10-31,RN,problem_assets_pj,5.902519,%,BCB SCR.data v2
2025-10-31,RO,delinquency_card,8.50781,%,BCB SCR.data v2
2025-10-31,RO,delinquency_personal,5.728175,%,BCB SCR.data v2
2025-10-31,RO,delinquency_revolving,8.416198,%,BCB SCR.data v2
2025-10-31,RO,delinquency_pf,5.5484,%,BCB SCR.data v2
2025-10-31,RO,credit_balance_pf,50286.914576,R$ mi,BCB SCR.data v2
2025-10-31,RO,problem_assets_pf,9.055083,%,BCB SCR.data v2
2025-10-31,RO,delinquency_vehicle,5.040389,%,BCB SCR.data v2
2025-10-31,RO,delinquency_pj,5.540495,%,BCB SCR.data v2
2025-10-31,RO,credit_balance_pj,12163.575158,R$ mi,BCB SCR.data v2
2025-10-31,RO,problem_assets_pj,10.66939,%,BCB SCR.data v2
2025-10-31,RR,delinquency_card,11.373865,%,BCB SCR.data v2
2025-10-31,RR,delinquency_personal,5.363915,%,BCB SCR.data v2
2025-10-31,RR,delinquency_revolving,14.112106,%,BCB SCR.data v2
2025-10-31,RR,delinquency_pf,5.795559,%,BCB SCR.data v2
2025-10-31,RR,credit_balance_pf,11745.71563,R$ mi,BCB SCR.data v2
2025-10-31,RR,problem_assets_pf,8.85013,%,BCB SCR.data v2
2025-10-31,RR,delinquency_vehicle,5.572708,%,BCB SCR.data v2
2025-10-31,RR,delinquency_pj,4.946006,%,BCB SCR.data v2
2025-10-31,RR,credit_balance_pj,3092.947524,R$ mi,BCB SCR.data v2
2025-10-31,RR,problem_assets_pj,7.814166,%,BCB SCR.data v2
2025-10-31,RS,delinquency_card,8.70276,%,BCB SCR.data v2
2025-10-31,RS,delinquency_personal,5.233308,%,BCB SCR.data v2
2025-10-31,RS,delinquency_revolving,14.197314,%,BCB SCR.data v2
2025-10-31,RS,delinquency_pf,4.69439,%,BCB SCR.data v2
2025-10-31,RS,credit_balance_pf,331293.024555,R$ mi,BCB SCR.data v2
2025-10-31,RS,problem_assets_pf,8.36262,%,BCB SCR.data v2
2025-10-31,RS,delinquency_vehicle,5.649116,%,BCB SCR.data v2
2025-10-31,RS,delinquency_pj,2.704363,%,BCB SCR.data v2
2025-10-31,RS,credit_balance_pj,179961.11257,R$ mi,BCB SCR.data v2
2025-10-31,RS,problem_assets_pj,5.668516,%,BCB SCR.data v2
2025-10-31,SC,delinquency_card,7.153542,%,BCB SCR.data v2
2025-10-31,SC,delinquency_personal,4.823015,%,BCB SCR.data v2
2025-10-31,SC,delinquency_revolving,9.148386,%,BCB SCR.data v2
2025-10-31,SC,delinquency_pf,3.84272,%,BCB SCR.data v2
2025-10-31,SC,credit_balance_pf,216180.508493,R$ mi,BCB SCR.data v2
2025-10-31,SC,problem_assets_pf,6.454114,%,BCB SCR.data v2
2025-10-31,SC,delinquency_vehicle,5.18901,%,BCB SCR.data v2
2025-10-31,SC,delinquency_pj,2.469267,%,BCB SCR.data v2
2025-10-31,SC,credit_balance_pj,175239.914018,R$ mi,BCB SCR.data v2
2025-10-31,SC,problem_assets_pj,4.934521,%,BCB SCR.data v2
2025-10-31,SE,delinquency_card,10.309376,%,BCB SCR.data v2
2025-10-31,SE,delinquency_personal,5.009684,%,BCB SCR.data v2
2025-10-31,SE,delinquency_revolving,16.764864,%,BCB SCR.data v2
2025-10-31,SE,delinquency_pf,5.31196,%,BCB SCR.data v2
2025-10-31,SE,credit_balance_pf,35130.524114,R$ mi,BCB SCR.data v2
2025-10-31,SE,problem_assets_pf,8.269336,%,BCB SCR.data v2
2025-10-31,SE,delinquency_vehicle,6.730646,%,BCB SCR.data v2
2025-10-31,SE,delinquency_pj,4.777696,%,BCB SCR.data v2
2025-10-31,SE,credit_balance_pj,8827.775238,R$ mi,BCB SCR.data v2
2025-10-31,SE,problem_assets_pj,7.945716,%,BCB SCR.data v2
2025-10-31,SP,delinquency_card,8.958154,%,BCB SCR.data v2
2025-10-31,SP,delinquency_personal,4.934805,%,BCB SCR.data v2
2025-10-31,SP,delinquency_revolving,14.896494,%,BCB SCR.data v2
2025-10-31,SP,delinquency_pf,4.53017,%,BCB SCR.data v2
2025-10-31,SP,credit_balance_pf,1162744.83987,R$ mi,BCB SCR.data v2
2025-10-31,SP,problem_assets_pf,7.667518,%,BCB SCR.data v2
2025-10-31,SP,delinquency_vehicle,5.236849,%,BCB SCR.data v2
2025-10-31,SP,delinquency_pj,1.958665,%,BCB SCR.data v2
2025-10-31,SP,credit_balance_pj,997956.511171,R$ mi,BCB SCR.data v2
2025-10-31,SP,problem_assets_pj,5.87747,%,BCB SCR.data v2
2025-10-31,TO,delinquency_card,9.302379,%,BCB SCR.data v2
2025-10-31,TO,delinquency_personal,5.96769,%,BCB SCR.data v2
2025-10-31,TO,delinquency_revolving,7.594677,%,BCB SCR.data v2
2025-10-31,TO,delinquency_pf,8.213911,%,BCB SCR.data v2
2025-10-31,TO,credit_balance_pf,40802.735383,R$ mi,BCB SCR.data v2
2025-10-31,TO,problem_assets_pf,12.667908,%,BCB SCR.data v2
2025-10-31,TO,delinquency_vehicle,5.084549,%,BCB SCR.data v2
2025-10-31,TO,delinquency_pj,4.256092,%,BCB SCR.data v2
2025-10-31,TO,credit_balance_pj,14678.55079,R$ mi,BCB SCR.data v2
2025-10-31,TO,problem_assets_pj,7.147958,%,BCB SCR.data v2
2025-11-30,AC,delinquency_card,10.322226,%,BCB SCR.data v2
2025-11-30,AC,delinquency_personal,4.146555,%,BCB SCR.data v2
2025-11-30,AC,delinquency_revolving,10.720903,%,BCB SCR.data v2
2025-11-30,AC,delinquency_pf,5.276038,%,BCB SCR.data v2
2025-11-30,AC,credit_balance_pf,14206.687385,R$ mi,BCB SCR.data v2
2025-11-30,AC,problem_assets_pf,8.554845,%,BCB SCR.data v2
2025-11-30,AC,delinquency_vehicle,4.233817,%,BCB SCR.data v2
2025-11-30,AC,delinquency_pj,4.731185,%,BCB SCR.data v2
2025-11-30,AC,credit_balance_pj,4734.644283,R$ mi,BCB SCR.data v2
2025-11-30,AC,problem_assets_pj,6.690665,%,BCB SCR.data v2
2025-11-30,AL,delinquency_card,10.97565,%,BCB SCR.data v2
2025-11-30,AL,delinquency_personal,4.364805,%,BCB SCR.data v2
2025-11-30,AL,delinquency_revolving,16.386033,%,BCB SCR.data v2
2025-11-30,AL,delinquency_pf,6.025274,%,BCB SCR.data v2
2025-11-30,AL,credit_balance_pf,41225.077074,R$ mi,BCB SCR.data v2
2025-11-30,AL,problem_assets_pf,9.050545,%,BCB SCR.data v2
2025-11-30,AL,delinquency_vehicle,9.048351,%,BCB SCR.data v2
2025-11-30,AL,delinquency_pj,2.753829,%,BCB SCR.data v2
2025-11-30,AL,credit_balance_pj,16923.535818,R$ mi,BCB SCR.data v2
2025-11-30,AL,problem_assets_pj,5.728068,%,BCB SCR.data v2
2025-11-30,AM,delinquency_card,10.718803,%,BCB SCR.data v2
2025-11-30,AM,delinquency_personal,5.425096,%,BCB SCR.data v2
2025-11-30,AM,delinquency_revolving,16.088757,%,BCB SCR.data v2
2025-11-30,AM,delinquency_pf,6.370249,%,BCB SCR.data v2
2025-11-30,AM,credit_balance_pf,43773.654571,R$ mi,BCB SCR.data v2
2025-11-30,AM,problem_assets_pf,9.512237,%,BCB SCR.data v2
2025-11-30,AM,delinquency_vehicle,6.732663,%,BCB SCR.data v2
2025-11-30,AM,delinquency_pj,3.247859,%,BCB SCR.data v2
2025-11-30,AM,credit_balance_pj,32179.12811,R$ mi,BCB SCR.data v2
2025-11-30,AM,problem_assets_pj,5.272489,%,BCB SCR.data v2
2025-11-30,AP,delinquency_card,10.578074,%,BCB SCR.data v2
2025-11-30,AP,delinquency_personal,4.931003,%,BCB SCR.data v2
2025-11-30,AP,delinquency_revolving,18.17796,%,BCB SCR.data v2
2025-11-30,AP,delinquency_pf,5.76888,%,BCB SCR.data v2
2025-11-30,AP,credit_balance_pf,12602.150294,R$ mi,BCB SCR.data v2
2025-11-30,AP,problem_assets_pf,9.578175,%,BCB SCR.data v2
2025-11-30,AP,delinquency_vehicle,4.338082,%,BCB SCR.data v2
2025-11-30,AP,delinquency_pj,4.013428,%,BCB SCR.data v2
2025-11-30,AP,credit_balance_pj,5521.795465,R$ mi,BCB SCR.data v2
2025-11-30,AP,problem_assets_pj,6.748702,%,BCB SCR.data v2
2025-11-30,BA,delinquency_card,10.096314,%,BCB SCR.data v2
2025-11-30,BA,delinquency_personal,4.836205,%,BCB SCR.data v2
2025-11-30,BA,delinquency_revolving,13.647976,%,BCB SCR.data v2
2025-11-30,BA,delinquency_pf,5.933122,%,BCB SCR.data v2
2025-11-30,BA,credit_balance_pf,184326.437169,R$ mi,BCB SCR.data v2
2025-11-30,BA,problem_assets_pf,9.055283,%,BCB SCR.data v2
2025-11-30,BA,delinquency_vehicle,6.317286,%,BCB SCR.data v2
2025-11-30,BA,delinquency_pj,3.003599,%,BCB SCR.data v2
2025-11-30,BA,credit_balance_pj,96414.926128,R$ mi,BCB SCR.data v2
2025-11-30,BA,problem_assets_pj,6.007342,%,BCB SCR.data v2
2025-11-30,CE,delinquency_card,9.86953,%,BCB SCR.data v2
2025-11-30,CE,delinquency_personal,4.504323,%,BCB SCR.data v2
2025-11-30,CE,delinquency_revolving,13.37228,%,BCB SCR.data v2
2025-11-30,CE,delinquency_pf,5.405145,%,BCB SCR.data v2
2025-11-30,CE,credit_balance_pf,109541.508452,R$ mi,BCB SCR.data v2
2025-11-30,CE,problem_assets_pf,8.329675,%,BCB SCR.data v2
2025-11-30,CE,delinquency_vehicle,5.437275,%,BCB SCR.data v2
2025-11-30,CE,delinquency_pj,3.757741,%,BCB SCR.data v2
2025-11-30,CE,credit_balance_pj,54864.314615,R$ mi,BCB SCR.data v2
2025-11-30,CE,problem_assets_pj,6.792485,%,BCB SCR.data v2
2025-11-30,DF,delinquency_card,8.108994,%,BCB SCR.data v2
2025-11-30,DF,delinquency_personal,3.623019,%,BCB SCR.data v2
2025-11-30,DF,delinquency_revolving,12.858765,%,BCB SCR.data v2
2025-11-30,DF,delinquency_pf,4.037776,%,BCB SCR.data v2
2025-11-30,DF,credit_balance_pf,102613.476181,R$ mi,BCB SCR.data v2
2025-11-30,DF,problem_assets_pf,6.962358,%,BCB SCR.data v2
2025-11-30,DF,delinquency_vehicle,5.033996,%,BCB SCR.data v2
2025-11-30,DF,delinquency_pj,2.049043,%,BCB SCR.data v2
2025-11-30,DF,credit_balance_pj,61214.193792,R$ mi,BCB SCR.data v2
2025-11-30,DF,problem_assets_pj,4.166192,%,BCB SCR.data v2
2025-11-30,ES,delinquency_card,7.786771,%,BCB SCR.data v2
2025-11-30,ES,delinquency_personal,4.470473,%,BCB SCR.data v2
2025-11-30,ES,delinquency_revolving,12.426894,%,BCB SCR.data v2
2025-11-30,ES,delinquency_pf,4.03204,%,BCB SCR.data v2
2025-11-30,ES,credit_balance_pf,72748.244136,R$ mi,BCB SCR.data v2
2025-11-30,ES,problem_assets_pf,6.863531,%,BCB SCR.data v2
2025-11-30,ES,delinquency_vehicle,4.260931,%,BCB SCR.data v2
2025-11-30,ES,delinquency_pj,3.372256,%,BCB SCR.data v2
2025-11-30,ES,credit_balance_pj,51347.081341,R$ mi,BCB SCR.data v2
2025-11-30,ES,problem_assets_pj,8.478354,%,BCB SCR.data v2
2025-11-30,GO,delinquency_card,10.020419,%,BCB SCR.data v2
2025-11-30,GO,delinquency_personal,6.399013,%,BCB SCR.data v2
2025-11-30,GO,delinquency_revolving,11.672965,%,BCB SCR.data v2
2025-11-30,GO,delinquency_pf,6.644272,%,BCB SCR.data v2
2025-11-30,GO,credit_balance_pf,246474.449931,R$ mi,BCB SCR.data v2
2025-11-30,GO,problem_assets_pf,11.025333,%,BCB SCR.data v2
2025-11-30,GO,delinquency_vehicle,5.902647,%,BCB SCR.data v2
2025-11-30,GO,delinquency_pj,4.027176,%,BCB SCR.data v2
2025-11-30,GO,credit_balance_pj,86958.670329,R$ mi,BCB SCR.data v2
2025-11-30,GO,problem_assets_pj,7.68667,%,BCB SCR.data v2
2025-11-30,MA,delinquency_card,10.161189,%,BCB SCR.data v2
2025-11-30,MA,delinquency_personal,4.761006,%,BCB SCR.data v2
2025-11-30,MA,delinquency_revolving,11.578511,%,BCB SCR.data v2
2025-11-30,MA,delinquency_pf,8.137525,%,BCB SCR.data v2
2025-11-30,MA,credit_balance_pf,86630.82218,R$ mi,BCB SCR.data v2
2025-11-30,MA,problem_assets_pf,12.091382,%,BCB SCR.data v2
2025-11-30,MA,delinquency_vehicle,5.200912,%,BCB SCR.data v2
2025-11-30,MA,delinquency_pj,6.086662,%,BCB SCR.data v2
2025-11-30,MA,credit_balance_pj,24372.519997,R$ mi,BCB SCR.data v2
2025-11-30,MA,problem_assets_pj,9.306656,%,BCB SCR.data v2
2025-11-30,MG,delinquency_card,7.864202,%,BCB SCR.data v2
2025-11-30,MG,delinquency_personal,4.880486,%,BCB SCR.data v2
2025-11-30,MG,delinquency_revolving,11.071902,%,BCB SCR.data v2
2025-11-30,MG,delinquency_pf,4.742195,%,BCB SCR.data v2
2025-11-30,MG,credit_balance_pf,421515.429912,R$ mi,BCB SCR.data v2
2025-11-30,MG,problem_assets_pf,8.026979,%,BCB SCR.data v2
2025-11-30,MG,delinquency_vehicle,5.0952,%,BCB SCR.data v2
2025-11-30,MG,delinquency_pj,2.859696,%,BCB SCR.data v2
2025-11-30,MG,credit_balance_pj,225694.498349,R$ mi,BCB SCR.data v2
2025-11-30,MG,problem_assets_pj,5.403144,%,BCB SCR.data v2
2025-11-30,MS,delinquency_card,9.63862,%,BCB SCR.data v2
2025-11-30,MS,delinquency_personal,5.162813,%,BCB SCR.data v2
2025-11-30,MS,delinquency_revolving,11.556113,%,BCB SCR.data v2
2025-11-30,MS,delinquency_pf,6.623195,%,BCB SCR.data v2
2025-11-30,MS,credit_balance_pf,101434.373767,R$ mi,BCB SCR.data v2
2025-11-30,MS,problem_assets_pf,11.536268,%,BCB SCR.data v2
2025-11-30,MS,delinquency_vehicle,5.303398,%,BCB SCR.data v2
2025-11-30,MS,delinquency_pj,4.259199,%,BCB SCR.data v2
2025-11-30,MS,credit_balance_pj,36812.601963,R$ mi,BCB SCR.data v2
2025-11-30,MS,problem_assets_pj,10.020151,%,BCB SCR.data v2
2025-11-30,MT,delinquency_card,9.325494,%,BCB SCR.data v2
2025-11-30,MT,delinquency_personal,6.176872,%,BCB SCR.data v2
2025-11-30,MT,delinquency_revolving,8.822576,%,BCB SCR.data v2
2025-11-30,MT,delinquency_pf,6.116733,%,BCB SCR.data v2
2025-11-30,MT,credit_balance_pf,176029.473744,R$ mi,BCB SCR.data v2
2025-11-30,MT,problem_assets_pf,10.443731,%,BCB SCR.data v2
2025-11-30,MT,delinquency_vehicle,4.959805,%,BCB SCR.data v2
2025-11-30,MT,delinquency_pj,4.040542,%,BCB SCR.data v2
2025-11-30,MT,credit_balance_pj,79363.01794,R$ mi,BCB SCR.data v2
2025-11-30,MT,problem_assets_pj,7.491275,%,BCB SCR.data v2
2025-11-30,PA,delinquency_card,10.497634,%,BCB SCR.data v2
2025-11-30,PA,delinquency_personal,4.554997,%,BCB SCR.data v2
2025-11-30,PA,delinquency_revolving,13.404284,%,BCB SCR.data v2
2025-11-30,PA,delinquency_pf,6.165528,%,BCB SCR.data v2
2025-11-30,PA,credit_balance_pf,107803.171131,R$ mi,BCB SCR.data v2
2025-11-30,PA,problem_assets_pf,9.209049,%,BCB SCR.data v2
2025-11-30,PA,delinquency_vehicle,6.06509,%,BCB SCR.data v2
2025-11-30,PA,delinquency_pj,3.697316,%,BCB SCR.data v2
2025-11-30,PA,credit_balance_pj,50804.924375,R$ mi,BCB SCR.data v2
2025-11-30,PA,problem_assets_pj,6.468676,%,BCB SCR.data v2
2025-11-30,PB,delinquency_card,9.398362,%,BCB SCR.data v2
2025-11-30,PB,delinquency_personal,4.182655,%,BCB SCR.data v2
2025-11-30,PB,delinquency_revolving,12.947928,%,BCB SCR.data v2
2025-11-30,PB,delinquency_pf,4.828539,%,BCB SCR.data v2
2025-11-30,PB,credit_balance_pf,59490.311607,R$ mi,BCB SCR.data v2
2025-11-30,PB,problem_assets_pf,8.435328,%,BCB SCR.data v2
2025-11-30,PB,delinquency_vehicle,5.353822,%,BCB SCR.data v2
2025-11-30,PB,delinquency_pj,8.357377,%,BCB SCR.data v2
2025-11-30,PB,credit_balance_pj,14280.509114,R$ mi,BCB SCR.data v2
2025-11-30,PB,problem_assets_pj,10.437721,%,BCB SCR.data v2
2025-11-30,PE,delinquency_card,10.357948,%,BCB SCR.data v2
2025-11-30,PE,delinquency_personal,4.837793,%,BCB SCR.data v2
2025-11-30,PE,delinquency_revolving,14.79589,%,BCB SCR.data v2
2025-11-30,PE,delinquency_pf,5.925706,%,BCB SCR.data v2
2025-11-30,PE,credit_balance_pf,115613.009694,R$ mi,BCB SCR.data v2
2025-11-30,PE,problem_assets_pf,9.00761,%,BCB SCR.data v2
2025-11-30,PE,delinquency_vehicle,6.58046,%,BCB SCR.data v2
2025-11-30,PE,delinquency_pj,2.946955,%,BCB SCR.data v2
2025-11-30,PE,credit_balance_pj,49511.726699,R$ mi,BCB SCR.data v2
2025-11-30,PE,problem_assets_pj,5.616304,%,BCB SCR.data v2
2025-11-30,PI,delinquency_card,10.162936,%,BCB SCR.data v2
2025-11-30,PI,delinquency_personal,4.463913,%,BCB SCR.data v2
2025-11-30,PI,delinquency_revolving,11.613074,%,BCB SCR.data v2
2025-11-30,PI,delinquency_pf,5.924181,%,BCB SCR.data v2
2025-11-30,PI,credit_balance_pf,38610.215214,R$ mi,BCB SCR.data v2
2025-11-30,PI,problem_assets_pf,9.350871,%,BCB SCR.data v2
2025-11-30,PI,delinquency_vehicle,5.890212,%,BCB SCR.data v2
2025-11-30,PI,delinquency_pj,2.117422,%,BCB SCR.data v2
2025-11-30,PI,credit_balance_pj,26404.105011,R$ mi,BCB SCR.data v2
2025-11-30,PI,problem_assets_pj,3.24179,%,BCB SCR.data v2
2025-11-30,PR,delinquency_card,8.116672,%,BCB SCR.data v2
2025-11-30,PR,delinquency_personal,4.52122,%,BCB SCR.data v2
2025-11-30,PR,delinquency_revolving,13.286581,%,BCB SCR.data v2
2025-11-30,PR,delinquency_pf,4.407062,%,BCB SCR.data v2
2025-11-30,PR,credit_balance_pf,337153.518075,R$ mi,BCB SCR.data v2
2025-11-30,PR,problem_assets_pf,7.69512,%,BCB SCR.data v2
2025-11-30,PR,delinquency_vehicle,5.264654,%,BCB SCR.data v2
2025-11-30,PR,delinquency_pj,3.03304,%,BCB SCR.data v2
2025-11-30,PR,credit_balance_pj,201826.141562,R$ mi,BCB SCR.data v2
2025-11-30,PR,problem_assets_pj,5.873464,%,BCB SCR.data v2
2025-11-30,RJ,delinquency_card,9.779878,%,BCB SCR.data v2
2025-11-30,RJ,delinquency_personal,5.287264,%,BCB SCR.data v2
2025-11-30,RJ,delinquency_revolving,16.101061,%,BCB SCR.data v2
2025-11-30,RJ,delinquency_pf,6.16984,%,BCB SCR.data v2
2025-11-30,RJ,credit_balance_pf,281050.679573,R$ mi,BCB SCR.data v2
2025-11-30,RJ,problem_assets_pf,9.308769,%,BCB SCR.data v2
2025-11-30,RJ,delinquency_vehicle,9.196049,%,BCB SCR.data v2
2025-11-30,RJ,delinquency_pj,1.745455,%,BCB SCR.data v2
2025-11-30,RJ,credit_balance_pj,287465.456254,R$ mi,BCB SCR.data v2
2025-11-30,RJ,problem_assets_pj,6.441541,%,BCB SCR.data v2
2025-11-30,RN,delinquency_card,10.638139,%,BCB SCR.data v2
2025-11-30,RN,delinquency_personal,4.273206,%,BCB SCR.data v2
2025-11-30,RN,delinquency_revolving,17.288583,%,BCB SCR.data v2
2025-11-30,RN,delinquency_pf,5.515691,%,BCB SCR.data v2
2025-11-30,RN,credit_balance_pf,50707.31936,R$ mi,BCB SCR.data v2
2025-11-30,RN,problem_assets_pf,9.356625,%,BCB SCR.data v2
2025-11-30,RN,delinquency_vehicle,5.351509,%,BCB SCR.data v2
2025-11-30,RN,delinquency_pj,3.928092,%,BCB SCR.data v2
2025-11-30,RN,credit_balance_pj,17984.226578,R$ mi,BCB SCR.data v2
2025-11-30,RN,problem_assets_pj,5.706119,%,BCB SCR.data v2
2025-11-30,RO,delinquency_card,8.37133,%,BCB SCR.data v2
2025-11-30,RO,delinquency_personal,5.77495,%,BCB SCR.data v2
2025-11-30,RO,delinquency_revolving,7.638474,%,BCB SCR.data v2
2025-11-30,RO,delinquency_pf,5.812711,%,BCB SCR.data v2
2025-11-30,RO,credit_balance_pf,50791.111156,R$ mi,BCB SCR.data v2
2025-11-30,RO,problem_assets_pf,9.347289,%,BCB SCR.data v2
2025-11-30,RO,delinquency_vehicle,5.054587,%,BCB SCR.data v2
2025-11-30,RO,delinquency_pj,5.278724,%,BCB SCR.data v2
2025-11-30,RO,credit_balance_pj,12302.074131,R$ mi,BCB SCR.data v2
2025-11-30,RO,problem_assets_pj,8.639431,%,BCB SCR.data v2
2025-11-30,RR,delinquency_card,11.220586,%,BCB SCR.data v2
2025-11-30,RR,delinquency_personal,5.424502,%,BCB SCR.data v2
2025-11-30,RR,delinquency_revolving,13.059584,%,BCB SCR.data v2
2025-11-30,RR,delinquency_pf,5.868543,%,BCB SCR.data v2
2025-11-30,RR,credit_balance_pf,11899.52518,R$ mi,BCB SCR.data v2
2025-11-30,RR,problem_assets_pf,8.945873,%,BCB SCR.data v2
2025-11-30,RR,delinquency_vehicle,5.825646,%,BCB SCR.data v2
2025-11-30,RR,delinquency_pj,4.756209,%,BCB SCR.data v2
2025-11-30,RR,credit_balance_pj,3107.378603,R$ mi,BCB SCR.data v2
2025-11-30,RR,problem_assets_pj,7.715048,%,BCB SCR.data v2
2025-11-30,RS,delinquency_card,8.710493,%,BCB SCR.data v2
2025-11-30,RS,delinquency_personal,5.332578,%,BCB SCR.data v2
2025-11-30,RS,delinquency_revolving,13.17219,%,BCB SCR.data v2
2025-11-30,RS,delinquency_pf,4.807164,%,BCB SCR.data v2
2025-11-30,RS,credit_balance_pf,334579.48258,R$ mi,BCB SCR.data v2
2025-11-30,RS,problem_assets_pf,8.456697,%,BCB SCR.data v2
2025-11-30,RS,delinquency_vehicle,5.727597,%,BCB SCR.data v2
2025-11-30,RS,delinquency_pj,2.733066,%,BCB SCR.data v2
2025-11-30,RS,credit_balance_pj,181754.708929,R$ mi,BCB SCR.data v2
2025-11-30,RS,problem_assets_pj,5.658871,%,BCB SCR.data v2
2025-11-30,SC,delinquency_card,7.070775,%,BCB SCR.data v2
2025-11-30,SC,delinquency_personal,4.818992,%,BCB SCR.data v2
2025-11-30,SC,delinquency_revolving,8.354006,%,BCB SCR.data v2
2025-11-30,SC,delinquency_pf,3.878545,%,BCB SCR.data v2
2025-11-30,SC,credit_balance_pf,219108.199416,R$ mi,BCB SCR.data v2
2025-11-30,SC,problem_assets_pf,6.518811,%,BCB SCR.data v2
2025-11-30,SC,delinquency_vehicle,5.244004,%,BCB SCR.data v2
2025-11-30,SC,delinquency_pj,2.506657,%,BCB SCR.data v2
2025-11-30,SC,credit_balance_pj,176222.219218,R$ mi,BCB SCR.data v2
2025-11-30,SC,problem_assets_pj,4.952335,%,BCB SCR.data v2
2025-11-30,SE,delinquency_card,10.06052,%,BCB SCR.data v2
2025-11-30,SE,delinquency_personal,5.007617,%,BCB SCR.data v2
2025-11-30,SE,delinquency_revolving,15.505351,%,BCB SCR.data v2
2025-11-30,SE,delinquency_pf,5.310905,%,BCB SCR.data v2
2025-11-30,SE,credit_balance_pf,35566.812392,R$ mi,BCB SCR.data v2
2025-11-30,SE,problem_assets_pf,8.315471,%,BCB SCR.data v2
2025-11-30,SE,delinquency_vehicle,6.760325,%,BCB SCR.data v2
2025-11-30,SE,delinquency_pj,4.692867,%,BCB SCR.data v2
2025-11-30,SE,credit_balance_pj,9069.129859,R$ mi,BCB SCR.data v2
2025-11-30,SE,problem_assets_pj,7.76158,%,BCB SCR.data v2
2025-11-30,SP,delinquency_card,8.845388,%,BCB SCR.data v2
2025-11-30,SP,delinquency_personal,4.970271,%,BCB SCR.data v2
2025-11-30,SP,delinquency_revolving,14.045792,%,BCB SCR.data v2
2025-11-30,SP,delinquency_pf,4.554252,%,BCB SCR.data v2
2025-11-30,SP,credit_balance_pf,1178487.607544,R$ mi,BCB SCR.data v2
2025-11-30,SP,problem_assets_pf,7.688195,%,BCB SCR.data v2
2025-11-30,SP,delinquency_vehicle,5.23983,%,BCB SCR.data v2
2025-11-30,SP,delinquency_pj,1.918375,%,BCB SCR.data v2
2025-11-30,SP,credit_balance_pj,1005090.417877,R$ mi,BCB SCR.data v2
2025-11-30,SP,problem_assets_pj,5.810418,%,BCB SCR.data v2
2025-11-30,TO,delinquency_card,9.257418,%,BCB SCR.data v2
2025-11-30,TO,delinquency_personal,5.980567,%,BCB SCR.data v2
2025-11-30,TO,delinquency_revolving,6.431095,%,BCB SCR.data v2
2025-11-30,TO,delinquency_pf,8.69581,%,BCB SCR.data v2
2025-11-30,TO,credit_balance_pf,41482.043766,R$ mi,BCB SCR.data v2
2025-11-30,TO,problem_assets_pf,13.208104,%,BCB SCR.data v2
2025-11-30,TO,delinquency_vehicle,5.07125,%,BCB SCR.data v2
2025-11-30,TO,delinquency_pj,4.219728,%,BCB SCR.data v2
2025-11-30,TO,credit_balance_pj,14835.263476,R$ mi,BCB SCR.data v2
2025-11-30,TO,problem_assets_pj,7.406391,%,BCB SCR.data v2
2025-12-31,AC,delinquency_card,10.428613,%,BCB SCR.data v2
2025-12-31,AC,delinquency_personal,4.356481,%,BCB SCR.data v2
2025-12-31,AC,delinquency_revolving,13.044881,%,BCB SCR.data v2
2025-12-31,AC,delinquency_pf,5.378073,%,BCB SCR.data v2
2025-12-31,AC,credit_balance_pf,14281.708915,R$ mi,BCB SCR.data v2
2025-12-31,AC,problem_assets_pf,8.615281,%,BCB SCR.data v2
2025-12-31,AC,delinquency_vehicle,4.338998,%,BCB SCR.data v2
2025-12-31,AC,delinquency_pj,4.374901,%,BCB SCR.data v2
2025-12-31,AC,credit_balance_pj,4775.633141,R$ mi,BCB SCR.data v2
2025-12-31,AC,problem_assets_pj,6.597185,%,BCB SCR.data v2
2025-12-31,AL,delinquency_card,11.013366,%,BCB SCR.data v2
2025-12-31,AL,delinquency_personal,4.457164,%,BCB SCR.data v2
2025-12-31,AL,delinquency_revolving,19.538427,%,BCB SCR.data v2
2025-12-31,AL,delinquency_pf,6.055417,%,BCB SCR.data v2
2025-12-31,AL,credit_balance_pf,41625.98085,R$ mi,BCB SCR.data v2
2025-12-31,AL,problem_assets_pf,9.20358,%,BCB SCR.data v2
2025-12-31,AL,delinquency_vehicle,9.218598,%,BCB SCR.data v2
2025-12-31,AL,delinquency_pj,2.555298,%,BCB SCR.data v2
2025-12-31,AL,credit_balance_pj,17334.669089,R$ mi,BCB SCR.data v2
2025-12-31,AL,problem_assets_pj,5.575512,%,BCB SCR.data v2
2025-12-31,AM,delinquency_card,10.793737,%,BCB SCR.data v2
2025-12-31,AM,delinquency_personal,5.55904,%,BCB SCR.data v2
2025-12-31,AM,delinquency_revolving,18.905618,%,BCB SCR.data v2
2025-12-31,AM,delinquency_pf,6.442243,%,BCB SCR.data v2
2025-12-31,AM,credit_balance_pf,44124.345818,R$ mi,BCB SCR.data v2
2025-12-31,AM,problem_assets_pf,9.534117,%,BCB SCR.data v2
2025-12-31,AM,delinquency_vehicle,6.984593,%,BCB SCR.data v2
2025-12-31,AM,delinquency_pj,3.096971,%,BCB SCR.data v2
2025-12-31,AM,credit_balance_pj,33382.165464,R$ mi,BCB SCR.data v2
2025-12-31,AM,problem_assets_pj,4.912191,%,BCB SCR.data v2
2025-12-31,AP,delinquency_card,10.511017,%,BCB SCR.data v2
2025-12-31,AP,delinquency_personal,5.130848,%,BCB SCR.data v2
2025-12-31,AP,delinquency_revolving,20.5671,%,BCB SCR.data v2
2025-12-31,AP,delinquency_pf,5.87187,%,BCB SCR.data v2
2025-12-31,AP,credit_balance_pf,12647.286626,R$ mi,BCB SCR.data v2
2025-12-31,AP,problem_assets_pf,9.858168,%,BCB SCR.data v2
2025-12-31,AP,delinquency_vehicle,4.637645,%,BCB SCR.data v2
2025-12-31,AP,delinquency_pj,3.885746,%,BCB SCR.data v2
2025-12-31,AP,credit_balance_pj,5691.490404,R$ mi,BCB SCR.data v2
2025-12-31,AP,problem_assets_pj,6.59444,%,BCB SCR.data v2
2025-12-31,BA,delinquency_card,9.975614,%,BCB SCR.data v2
2025-12-31,BA,delinquency_personal,5.263121,%,BCB SCR.data v2
2025-12-31,BA,delinquency_revolving,15.898719,%,BCB SCR.data v2
2025-12-31,BA,delinquency_pf,5.969163,%,BCB SCR.data v2
2025-12-31,BA,credit_balance_pf,186607.727992,R$ mi,BCB SCR.data v2
2025-12-31,BA,problem_assets_pf,9.496631,%,BCB SCR.data v2
2025-12-31,BA,delinquency_vehicle,6.457734,%,BCB SCR.data v2
2025-12-31,BA,delinquency_pj,2.828517,%,BCB SCR.data v2
2025-12-31,BA,credit_balance_pj,100603.022841,R$ mi,BCB SCR.data v2
2025-12-31,BA,problem_assets_pj,6.221134,%,BCB SCR.data v2
2025-12-31,CE,delinquency_card,9.845234,%,BCB SCR.data v2
2025-12-31,CE,delinquency_personal,4.63582,%,BCB SCR.data v2
2025-12-31,CE,delinquency_revolving,16.311529,%,BCB SCR.data v2
2025-12-31,CE,delinquency_pf,5.426181,%,BCB SCR.data v2
2025-12-31,CE,credit_balance_pf,110712.420168,R$ mi,BCB SCR.data v2
2025-12-31,CE,problem_assets_pf,8.498728,%,BCB SCR.data v2
2025-12-31,CE,delinquency_vehicle,5.586896,%,BCB SCR.data v2
2025-12-31,CE,delinquency_pj,3.630216,%,BCB SCR.data v2
2025-12-31,CE,credit_balance_pj,55742.099256,R$ mi,BCB SCR.data v2
2025-12-31,CE,problem_assets_pj,6.765664,%,BCB SCR.data v2
2025-12-31,DF,delinquency_card,7.867798,%,BCB SCR.data v2
2025-12-31,DF,delinquency_personal,3.798943,%,BCB SCR.data v2
2025-12-31,DF,delinquency_revolving,14.544103,%,BCB SCR.data v2
2025-12-31,DF,delinquency_pf,4.0287,%,BCB SCR.data v2
2025-12-31,DF,credit_balance_pf,103197.988753,R$ mi,BCB SCR.data v2
2025-12-31,DF,problem_assets_pf,7.01643,%,BCB SCR.data v2
2025-12-31,DF,delinquency_vehicle,5.141488,%,BCB SCR.data v2
2025-12-31,DF,delinquency_pj,1.788029,%,BCB SCR.data v2
2025-12-31,DF,credit_balance_pj,71715.007618,R$ mi,BCB SCR.data v2
2025-12-31,DF,problem_assets_pj,3.668742,%,BCB SCR.data v2
2025-12-31,ES,delinquency_card,7.574812,%,BCB SCR.data v2
2025-12-31,ES,delinquency_personal,4.517885,%,BCB SCR.data v2
2025-12-31,ES,delinquency_revolving,14.36108,%,BCB SCR.data v2
2025-12-31,ES,delinquency_pf,3.974756,%,BCB SCR.data v2
2025-12-31,ES,credit_balance_pf,73920.484242,R$ mi,BCB SCR.data v2
2025-12-31,ES,problem_assets_pf,6.862113,%,BCB SCR.data v2
2025-12-31,ES,delinquency_vehicle,4.305443,%,BCB SCR.data v2
2025-12-31,ES,delinquency_pj,3.291107,%,BCB SCR.data v2
2025-12-31,ES,credit_balance_pj,53264.813236,R$ mi,BCB SCR.data v2
2025-12-31,ES,problem_assets_pj,8.510137,%,BCB SCR.data v2
2025-12-31,GO,delinquency_card,10.018613,%,BCB SCR.data v2
2025-12-31,GO,delinquency_personal,6.602217,%,BCB SCR.data v2
2025-12-31,GO,delinquency_revolving,13.558587,%,BCB SCR.data v2
2025-12-31,GO,delinquency_pf,6.568102,%,BCB SCR.data v2
2025-12-31,GO,credit_balance_pf,249123.542553,R$ mi,BCB SCR.data v2
2025-12-31,GO,problem_assets_pf,11.007007,%,BCB SCR.data v2
2025-12-31,GO,delinquency_vehicle,6.145562,%,BCB SCR.data v2
2025-12-31,GO,delinquency_pj,3.867699,%,BCB SCR.data v2
2025-12-31,GO,credit_balance_pj,89055.921445,R$ mi,BCB SCR.data v2
2025-12-31,GO,problem_assets_pj,7.879956,%,BCB SCR.data v2
2025-12-31,MA,delinquency_card,9.798059,%,BCB SCR.data v2
2025-12-31,MA,delinquency_personal,4.882108,%,BCB SCR.data v2
2025-12-31,MA,delinquency_revolving,13.915334,%,BCB SCR.data v2
2025-12-31,MA,delinquency_pf,8.055098,%,BCB SCR.data v2
2025-12-31,MA,credit_balance_pf,87184.58474,R$ mi,BCB SCR.data v2
2025-12-31,MA,problem_assets_pf,12.175561,%,BCB SCR.data v2
2025-12-31,MA,delinquency_vehicle,5.382655,%,BCB SCR.data v2
2025-12-31,MA,delinquency_pj,5.841342,%,BCB SCR.data v2
2025-12-31,MA,credit_balance_pj,24678.014589,R$ mi,BCB SCR.data v2
2025-12-31,MA,problem_assets_pj,9.118084,%,BCB SCR.data v2
2025-12-31,MG,delinquency_card,7.727189,%,BCB SCR.data v2
2025-12-31,MG,delinquency_personal,4.999727,%,BCB SCR.data v2
2025-12-31,MG,delinquency_revolving,12.420362,%,BCB SCR.data v2
2025-12-31,MG,delinquency_pf,4.67911,%,BCB SCR.data v2
2025-12-31,MG,credit_balance_pf,425320.490859,R$ mi,BCB SCR.data v2
2025-12-31,MG,problem_assets_pf,7.98349,%,BCB SCR.data v2
2025-12-31,MG,delinquency_vehicle,5.223035,%,BCB SCR.data v2
2025-12-31,MG,delinquency_pj,2.834735,%,BCB SCR.data v2
2025-12-31,MG,credit_balance_pj,229838.828045,R$ mi,BCB SCR.data v2
2025-12-31,MG,problem_assets_pj,5.442773,%,BCB SCR.data v2
2025-12-31,MS,delinquency_card,9.596623,%,BCB SCR.data v2
2025-12-31,MS,delinquency_personal,5.119562,%,BCB SCR.data v2
2025-12-31,MS,delinquency_revolving,12.428344,%,BCB SCR.data v2
2025-12-31,MS,delinquency_pf,6.461274,%,BCB SCR.data v2
2025-12-31,MS,credit_balance_pf,102277.841132,R$ mi,BCB SCR.data v2
2025-12-31,MS,problem_assets_pf,11.164278,%,BCB SCR.data v2
2025-12-31,MS,delinquency_vehicle,5.467965,%,BCB SCR.data v2
2025-12-31,MS,delinquency_pj,4.257851,%,BCB SCR.data v2
2025-12-31,MS,credit_balance_pj,37052.843471,R$ mi,BCB SCR.data v2
2025-12-31,MS,problem_assets_pj,10.113664,%,BCB SCR.data v2
2025-12-31,MT,delinquency_card,9.265514,%,BCB SCR.data v2
2025-12-31,MT,delinquency_personal,6.203163,%,BCB SCR.data v2
2025-12-31,MT,delinquency_revolving,10.241462,%,BCB SCR.data v2
2025-12-31,MT,delinquency_pf,6.044764,%,BCB SCR.data v2
2025-12-31,MT,credit_balance_pf,179022.861074,R$ mi,BCB SCR.data v2
2025-12-31,MT,problem_assets_pf,10.350892,%,BCB SCR.data v2
2025-12-31,MT,delinquency_vehicle,5.023897,%,BCB SCR.data v2
2025-12-31,MT,delinquency_pj,3.954754,%,BCB SCR.data v2
2025-12-31,MT,credit_balance_pj,80234.588105,R$ mi,BCB SCR.data v2
2025-12-31,MT,problem_assets_pj,7.208431,%,BCB SCR.data v2
2025-12-31,PA,delinquency_card,10.328507,%,BCB SCR.data v2
2025-12-31,PA,delinquency_personal,4.680695,%,BCB SCR.data v2
2025-12-31,PA,delinquency_revolving,15.776896,%,BCB SCR.data v2
2025-12-31,PA,delinquency_pf,6.174651,%,BCB SCR.data v2
2025-12-31,PA,credit_balance_pf,108749.716636,R$ mi,BCB SCR.data v2
2025-12-31,PA,problem_assets_pf,9.312408,%,BCB SCR.data v2
2025-12-31,PA,delinquency_vehicle,6.325578,%,BCB SCR.data v2
2025-12-31,PA,delinquency_pj,3.652376,%,BCB SCR.data v2
2025-12-31,PA,credit_balance_pj,51975.446378,R$ mi,BCB SCR.data v2
2025-12-31,PA,problem_assets_pj,6.475204,%,BCB SCR.data v2
2025-12-31,PB,delinquency_card,9.38783,%,BCB SCR.data v2
2025-12-31,PB,delinquency_personal,4.255679,%,BCB SCR.data v2
2025-12-31,PB,delinquency_revolving,15.707282,%,BCB SCR.data v2
2025-12-31,PB,delinquency_pf,4.828457,%,BCB SCR.data v2
2025-12-31,PB,credit_balance_pf,60144.677426,R$ mi,BCB SCR.data v2
2025-12-31,PB,problem_assets_pf,8.613506,%,BCB SCR.data v2
2025-12-31,PB,delinquency_vehicle,5.584565,%,BCB SCR.data v2
2025-12-31,PB,delinquency_pj,8.311339,%,BCB SCR.data v2
2025-12-31,PB,credit_balance_pj,14467.593549,R$ mi,BCB SCR.data v2
2025-12-31,PB,problem_assets_pj,10.44484,%,BCB SCR.data v2
2025-12-31,PE,delinquency_card,10.313402,%,BCB SCR.data v2
2025-12-31,PE,delinquency_personal,4.895968,%,BCB SCR.data v2
2025-12-31,PE,delinquency_revolving,16.894864,%,BCB SCR.data v2
2025-12-31,PE,delinquency_pf,5.882293,%,BCB SCR.data v2
2025-12-31,PE,credit_balance_pf,116711.723898,R$ mi,BCB SCR.data v2
2025-12-31,PE,problem_assets_pf,9.114954,%,BCB SCR.data v2
2025-12-31,PE,delinquency_vehicle,6.745316,%,BCB SCR.data v2
2025-12-31,PE,delinquency_pj,2.747011,%,BCB SCR.data v2
2025-12-31,PE,credit_balance_pj,51378.162615,R$ mi,BCB SCR.data v2
2025-12-31,PE,problem_assets_pj,5.484732,%,BCB SCR.data v2
2025-12-31,PI,delinquency_card,10.101246,%,BCB SCR.data v2
2025-12-31,PI,delinquency_personal,4.613264,%,BCB SCR.data v2
2025-12-31,PI,delinquency_revolving,14.408991,%,BCB SCR.data v2
2025-12-31,PI,delinquency_pf,5.858417,%,BCB SCR.data v2
2025-12-31,PI,credit_balance_pf,38898.17946,R$ mi,BCB SCR.data v2
2025-12-31,PI,problem_assets_pf,9.657011,%,BCB SCR.data v2
2025-12-31,PI,delinquency_vehicle,6.154325,%,BCB SCR.data v2
2025-12-31,PI,delinquency_pj,2.07822,%,BCB SCR.data v2
2025-12-31,PI,credit_balance_pj,26296.407317,R$ mi,BCB SCR.data v2
2025-12-31,PI,problem_assets_pj,3.40743,%,BCB SCR.data v2
2025-12-31,PR,delinquency_card,7.948426,%,BCB SCR.data v2
2025-12-31,PR,delinquency_personal,4.562909,%,BCB SCR.data v2
2025-12-31,PR,delinquency_revolving,15.117885,%,BCB SCR.data v2
2025-12-31,PR,delinquency_pf,4.295947,%,BCB SCR.data v2
2025-12-31,PR,credit_balance_pf,341770.097184,R$ mi,BCB SCR.data v2
2025-12-31,PR,problem_assets_pf,7.474826,%,BCB SCR.data v2
2025-12-31,PR,delinquency_vehicle,5.329747,%,BCB SCR.data v2
2025-12-31,PR,delinquency_pj,2.952086,%,BCB SCR.data v2
2025-12-31,PR,credit_balance_pj,205561.039548,R$ mi,BCB SCR.data v2
2025-12-31,PR,problem_assets_pj,5.833072,%,BCB SCR.data v2
2025-12-31,RJ,delinquency_card,9.513955,%,BCB SCR.data v2
2025-12-31,RJ,delinquency_personal,5.413298,%,BCB SCR.data v2
2025-12-31,RJ,delinquency_revolving,17.455364,%,BCB SCR.data v2
2025-12-31,RJ,delinquency_pf,6.122611,%,BCB SCR.data v2
2025-12-31,RJ,credit_balance_pf,284148.945999,R$ mi,BCB SCR.data v2
2025-12-31,RJ,problem_assets_pf,9.362762,%,BCB SCR.data v2
2025-12-31,RJ,delinquency_vehicle,9.5224,%,BCB SCR.data v2
2025-12-31,RJ,delinquency_pj,1.617923,%,BCB SCR.data v2
2025-12-31,RJ,credit_balance_pj,289809.484949,R$ mi,BCB SCR.data v2
2025-12-31,RJ,problem_assets_pj,6.389346,%,BCB SCR.data v2
2025-12-31,RN,delinquency_card,10.458847,%,BCB SCR.data v2
2025-12-31,RN,delinquency_personal,4.387229,%,BCB SCR.data v2
2025-12-31,RN,delinquency_revolving,20.084621,%,BCB SCR.data v2
2025-12-31,RN,delinquency_pf,5.424389,%,BCB SCR.data v2
2025-12-31,RN,credit_balance_pf,51278.364922,R$ mi,BCB SCR.data v2
2025-12-31,RN,problem_assets_pf,9.421711,%,BCB SCR.data v2
2025-12-31,RN,delinquency_vehicle,5.434895,%,BCB SCR.data v2
2025-12-31,RN,delinquency_pj,3.692484,%,BCB SCR.data v2
2025-12-31,RN,credit_balance_pj,18077.332642,R$ mi,BCB SCR.data v2
2025-12-31,RN,problem_assets_pj,5.622832,%,BCB SCR.data v2
2025-12-31,RO,delinquency_card,8.366297,%,BCB SCR.data v2
2025-12-31,RO,delinquency_personal,6.059252,%,BCB SCR.data v2
2025-12-31,RO,delinquency_revolving,9.529107,%,BCB SCR.data v2
2025-12-31,RO,delinquency_pf,5.77015,%,BCB SCR.data v2
2025-12-31,RO,credit_balance_pf,51008.975633,R$ mi,BCB SCR.data v2
2025-12-31,RO,problem_assets_pf,9.311092,%,BCB SCR.data v2
2025-12-31,RO,delinquency_vehicle,5.130198,%,BCB SCR.data v2
2025-12-31,RO,delinquency_pj,5.304414,%,BCB SCR.data v2
2025-12-31,RO,credit_balance_pj,12413.087884,R$ mi,BCB SCR.data v2
2025-12-31,RO,problem_assets_pj,8.688662,%,BCB SCR.data v2
2025-12-31,RR,delinquency_card,11.125047,%,BCB SCR.data v2
2025-12-31,RR,delinquency_personal,5.684947,%,BCB SCR.data v2
2025-12-31,RR,delinquency_revolving,14.283775,%,BCB SCR.data v2
2025-12-31,RR,delinquency_pf,5.978321,%,BCB SCR.data v2
2025-12-31,RR,credit_balance_pf,12028.320384,R$ mi,BCB SCR.data v2
2025-12-31,RR,problem_assets_pf,9.081972,%,BCB SCR.data v2
2025-12-31,RR,delinquency_vehicle,6.027859,%,BCB SCR.data v2
2025-12-31,RR,delinquency_pj,4.101934,%,BCB SCR.data v2
2025-12-31,RR,credit_balance_pj,3715.57854,R$ mi,BCB SCR.data v2
2025-12-31,RR,problem_assets_pj,6.499335,%,BCB SCR.data v2
2025-12-31,RS,delinquency_card,8.482468,%,BCB SCR.data v2
2025-12-31,RS,delinquency_personal,5.536654,%,BCB SCR.data v2
2025-12-31,RS,delinquency_revolving,14.732137,%,BCB SCR.data v2
2025-12-31,RS,delinquency_pf,4.794277,%,BCB SCR.data v2
2025-12-31,RS,credit_balance_pf,338965.809045,R$ mi,BCB SCR.data v2
2025-12-31,RS,problem_assets_pf,8.356355,%,BCB SCR.data v2
2025-12-31,RS,delinquency_vehicle,5.741001,%,BCB SCR.data v2
2025-12-31,RS,delinquency_pj,2.725064,%,BCB SCR.data v2
2025-12-31,RS,credit_balance_pj,187953.009137,R$ mi,BCB SCR.data v2
2025-12-31,RS,problem_assets_pj,5.563762,%,BCB SCR.data v2
2025-12-31,SC,delinquency_card,6.936868,%,BCB SCR.data v2
2025-12-31,SC,delinquency_personal,4.901533,%,BCB SCR.data v2
2025-12-31,SC,delinquency_revolving,9.762937,%,BCB SCR.data v2
2025-12-31,SC,delinquency_pf,3.857358,%,BCB SCR.data v2
2025-12-31,SC,credit_balance_pf,221894.269279,R$ mi,BCB SCR.data v2
2025-12-31,SC,problem_assets_pf,6.475628,%,BCB SCR.data v2
2025-12-31,SC,delinquency_vehicle,5.355577,%,BCB SCR.data v2
2025-12-31,SC,delinquency_pj,2.391938,%,BCB SCR.data v2
2025-12-31,SC,credit_balance_pj,180550.363483,R$ mi,BCB SCR.data v2
2025-12-31,SC,problem_assets_pj,4.817966,%,BCB SCR.data v2
2025-12-31,SE,delinquency_card,10.011466,%,BCB SCR.data v2
2025-12-31,SE,delinquency_personal,5.148658,%,BCB SCR.data v2
2025-12-31,SE,delinquency_revolving,17.679246,%,BCB SCR.data v2
2025-12-31,SE,delinquency_pf,5.281776,%,BCB SCR.data v2
2025-12-31,SE,credit_balance_pf,35925.321153,R$ mi,BCB SCR.data v2
2025-12-31,SE,problem_assets_pf,8.451471,%,BCB SCR.data v2
2025-12-31,SE,delinquency_vehicle,6.907276,%,BCB SCR.data v2
2025-12-31,SE,delinquency_pj,4.22581,%,BCB SCR.data v2
2025-12-31,SE,credit_balance_pj,9342.188259,R$ mi,BCB SCR.data v2
2025-12-31,SE,problem_assets_pj,7.699418,%,BCB SCR.data v2
2025-12-31,SP,delinquency_card,8.688523,%,BCB SCR.data v2
2025-12-31,SP,delinquency_personal,5.037156,%,BCB SCR.data v2
2025-12-31,SP,delinquency_revolving,15.109248,%,BCB SCR.data v2
2025-12-31,SP,delinquency_pf,4.494321,%,BCB SCR.data v2
2025-12-31,SP,credit_balance_pf,1191716.51979,R$ mi,BCB SCR.data v2
2025-12-31,SP,problem_assets_pf,7.640276,%,BCB SCR.data v2
2025-12-31,SP,delinquency_vehicle,5.309203,%,BCB SCR.data v2
2025-12-31,SP,delinquency_pj,1.808081,%,BCB SCR.data v2
2025-12-31,SP,credit_balance_pj,1048790.114873,R$ mi,BCB SCR.data v2
2025-12-31,SP,problem_assets_pj,5.729766,%,BCB SCR.data v2
2025-12-31,TO,delinquency_card,9.134346,%,BCB SCR.data v2
2025-12-31,TO,delinquency_personal,6.218633,%,BCB SCR.data v2
2025-12-31,TO,delinquency_revolving,8.209487,%,BCB SCR.data v2
2025-12-31,TO,delinquency_pf,8.271607,%,BCB SCR.data v2
2025-12-31,TO,credit_balance_pf,41848.712836,R$ mi,BCB SCR.data v2
2025-12-31,TO,problem_assets_pf,12.991824,%,BCB SCR.data v2
2025-12-31,TO,delinquency_vehicle,5.316469,%,BCB SCR.data v2
2025-12-31,TO,delinquency_pj,4.206978,%,BCB SCR.data v2
2025-12-31,TO,credit_balance_pj,15485.048479,R$ mi,BCB SCR.data v2
2025-12-31,TO,problem_assets_pj,6.819076,%,BCB SCR.data v2
2026-01-31,AC,delinquency_card,10.793476,%,BCB SCR.data v2
2026-01-31,AC,delinquency_personal,4.488679,%,BCB SCR.data v2
2026-01-31,AC,delinquency_revolving,15.519425,%,BCB SCR.data v2
2026-01-31,AC,delinquency_pf,5.734092,%,BCB SCR.data v2
2026-01-31,AC,credit_balance_pf,14583.993857,R$ mi,BCB SCR.data v2
2026-01-31,AC,problem_assets_pf,9.079437,%,BCB SCR.data v2
2026-01-31,AC,delinquency_vehicle,4.49278,%,BCB SCR.data v2
2026-01-31,AC,delinquency_pj,4.667624,%,BCB SCR.data v2
2026-01-31,AC,credit_balance_pj,4801.891009,R$ mi,BCB SCR.data v2
2026-01-31,AC,problem_assets_pj,6.759033,%,BCB SCR.data v2
2026-01-31,AL,delinquency_card,12.061386,%,BCB SCR.data v2
2026-01-31,AL,delinquency_personal,4.703785,%,BCB SCR.data v2
2026-01-31,AL,delinquency_revolving,31.294544,%,BCB SCR.data v2
2026-01-31,AL,delinquency_pf,6.419841,%,BCB SCR.data v2
2026-01-31,AL,credit_balance_pf,42005.989074,R$ mi,BCB SCR.data v2
2026-01-31,AL,problem_assets_pf,9.366539,%,BCB SCR.data v2
2026-01-31,AL,delinquency_vehicle,9.338505,%,BCB SCR.data v2
2026-01-31,AL,delinquency_pj,3.009175,%,BCB SCR.data v2
2026-01-31,AL,credit_balance_pj,15771.84117,R$ mi,BCB SCR.data v2
2026-01-31,AL,problem_assets_pj,6.264408,%,BCB SCR.data v2
2026-01-31,AM,delinquency_card,11.214349,%,BCB SCR.data v2
2026-01-31,AM,delinquency_personal,5.675973,%,BCB SCR.data v2
2026-01-31,AM,delinquency_revolving,20.67404,%,BCB SCR.data v2
2026-01-31,AM,delinquency_pf,6.766832,%,BCB SCR.data v2
2026-01-31,AM,credit_balance_pf,44450.861782,R$ mi,BCB SCR.data v2
2026-01-31,AM,problem_assets_pf,9.710634,%,BCB SCR.data v2
2026-01-31,AM,delinquency_vehicle,7.159665,%,BCB SCR.data v2
2026-01-31,AM,delinquency_pj,3.514353,%,BCB SCR.data v2
2026-01-31,AM,credit_balance_pj,33462.690916,R$ mi,BCB SCR.data v2
2026-01-31,AM,problem_assets_pj,5.153504,%,BCB SCR.data v2
2026-01-31,AP,delinquency_card,11.613449,%,BCB SCR.data v2
2026-01-31,AP,delinquency_personal,5.179597,%,BCB SCR.data v2
2026-01-31,AP,delinquency_revolving,22.766198,%,BCB SCR.data v2
2026-01-31,AP,delinquency_pf,6.15318,%,BCB SCR.data v2
2026-01-31,AP,credit_balance_pf,12965.668148,R$ mi,BCB SCR.data v2
2026-01-31,AP,problem_assets_pf,10.248025,%,BCB SCR.data v2
2026-01-31,AP,delinquency_vehicle,4.768249,%,BCB SCR.data v2
2026-01-31,AP,delinquency_pj,4.097537,%,BCB SCR.data v2
2026-01-31,AP,credit_balance_pj,5662.683324,R$ mi,BCB SCR.data v2
2026-01-31,AP,problem_assets_pj,6.76987,%,BCB SCR.data v2
2026-01-31,BA,delinquency_card,10.802417,%,BCB SCR.data v2
2026-01-31,BA,delinquency_personal,5.436229,%,BCB SCR.data v2
2026-01-31,BA,delinquency_revolving,24.307061,%,BCB SCR.data v2
2026-01-31,BA,delinquency_pf,6.458732,%,BCB SCR.data v2
2026-01-31,BA,credit_balance_pf,188041.540192,R$ mi,BCB SCR.data v2
2026-01-31,BA,problem_assets_pf,9.690527,%,BCB SCR.data v2
2026-01-31,BA,delinquency_vehicle,6.646815,%,BCB SCR.data v2
2026-01-31,BA,delinquency_pj,3.053615,%,BCB SCR.data v2
2026-01-31,BA,credit_balance_pj,100108.933604,R$ mi,BCB SCR.data v2
2026-01-31,BA,problem_assets_pj,7.131125,%,BCB SCR.data v2
2026-01-31,CE,delinquency_card,10.655473,%,BCB SCR.data v2
2026-01-31,CE,delinquency_personal,4.685164,%,BCB SCR.data v2
2026-01-31,CE,delinquency_revolving,26.793676,%,BCB SCR.data v2
2026-01-31,CE,delinquency_pf,5.727214,%,BCB SCR.data v2
2026-01-31,CE,credit_balance_pf,112140.054934,R$ mi,BCB SCR.data v2
2026-01-31,CE,problem_assets_pf,8.561076,%,BCB SCR.data v2
2026-01-31,CE,delinquency_vehicle,5.764937,%,BCB SCR.data v2
2026-01-31,CE,delinquency_pj,3.848011,%,BCB SCR.data v2
2026-01-31,CE,credit_balance_pj,54941.408506,R$ mi,BCB SCR.data v2
2026-01-31,CE,problem_assets_pj,6.806087,%,BCB SCR.data v2
2026-01-31,DF,delinquency_card,8.364833,%,BCB SCR.data v2
2026-01-31,DF,delinquency_personal,3.900579,%,BCB SCR.data v2
2026-01-31,DF,delinquency_revolving,20.752363,%,BCB SCR.data v2
2026-01-31,DF,delinquency_pf,4.255785,%,BCB SCR.data v2
2026-01-31,DF,credit_balance_pf,104084.031342,R$ mi,BCB SCR.data v2
2026-01-31,DF,problem_assets_pf,7.127854,%,BCB SCR.data v2
2026-01-31,DF,delinquency_vehicle,5.192049,%,BCB SCR.data v2
2026-01-31,DF,delinquency_pj,1.886022,%,BCB SCR.data v2
2026-01-31,DF,credit_balance_pj,72505.481528,R$ mi,BCB SCR.data v2
2026-01-31,DF,problem_assets_pj,3.611086,%,BCB SCR.data v2
2026-01-31,ES,delinquency_card,8.130352,%,BCB SCR.data v2
2026-01-31,ES,delinquency_personal,4.713394,%,BCB SCR.data v2
2026-01-31,ES,delinquency_revolving,20.214797,%,BCB SCR.data v2
2026-01-31,ES,delinquency_pf,4.259202,%,BCB SCR.data v2
2026-01-31,ES,credit_balance_pf,74735.279001,R$ mi,BCB SCR.data v2
2026-01-31,ES,problem_assets_pf,7.006528,%,BCB SCR.data v2
2026-01-31,ES,delinquency_vehicle,4.386201,%,BCB SCR.data v2
2026-01-31,ES,delinquency_pj,2.890458,%,BCB SCR.data v2
2026-01-31,ES,credit_balance_pj,52994.205415,R$ mi,BCB SCR.data v2
2026-01-31,ES,problem_assets_pj,8.536393,%,BCB SCR.data v2
2026-01-31,GO,delinquency_card,10.474775,%,BCB SCR.data v2
2026-01-31,GO,delinquency_personal,6.874362,%,BCB SCR.data v2
2026-01-31,GO,delinquency_revolving,16.502719,%,BCB SCR.data v2
2026-01-31,GO,delinquency_pf,7.214604,%,BCB SCR.data v2
2026-01-31,GO,credit_balance_pf,251929.857906,R$ mi,BCB SCR.data v2
2026-01-31,GO,problem_assets_pf,11.255036,%,BCB SCR.data v2
2026-01-31,GO,delinquency_vehicle,6.322165,%,BCB SCR.data v2
2026-01-31,GO,delinquency_pj,4.033936,%,BCB SCR.data v2
2026-01-31,GO,credit_balance_pj,88152.587261,R$ mi,BCB SCR.data v2
2026-01-31,GO,problem_assets_pj,8.213131,%,BCB SCR.data v2
2026-01-31,MA,delinquency_card,10.245979,%,BCB SCR.data v2
2026-01-31,MA,delinquency_personal,4.987555,%,BCB SCR.data v2
2026-01-31,MA,delinquency_revolving,16.852749,%,BCB SCR.data v2
2026-01-31,MA,delinquency_pf,8.614915,%,BCB SCR.data v2
2026-01-31,MA,credit_balance_pf,88648.643462,R$ mi,BCB SCR.data v2
2026-01-31,MA,problem_assets_pf,12.529183,%,BCB SCR.data v2
2026-01-31,MA,delinquency_vehicle,5.61857,%,BCB SCR.data v2
2026-01-31,MA,delinquency_pj,6.117746,%,BCB SCR.data v2
2026-01-31,MA,credit_balance_pj,24733.607827,R$ mi,BCB SCR.data v2
2026-01-31,MA,problem_assets_pj,9.260266,%,BCB SCR.data v2
2026-01-31,MG,delinquency_card,8.205584,%,BCB SCR.data v2
2026-01-31,MG,delinquency_personal,5.189193,%,BCB SCR.data v2
2026-01-31,MG,delinquency_revolving,17.098845,%,BCB SCR.data v2
2026-01-31,MG,delinquency_pf,5.046763,%,BCB SCR.data v2
2026-01-31,MG,credit_balance_pf,429490.976131,R$ mi,BCB SCR.data v2
2026-01-31,MG,problem_assets_pf,8.149977,%,BCB SCR.data v2
2026-01-31,MG,delinquency_vehicle,5.360552,%,BCB SCR.data v2
2026-01-31,MG,delinquency_pj,3.086553,%,BCB SCR.data v2
2026-01-31,MG,credit_balance_pj,222360.899914,R$ mi,BCB SCR.data v2
2026-01-31,MG,problem_assets_pj,5.751898,%,BCB SCR.data v2
2026-01-31,MS,delinquency_card,10.021939,%,BCB SCR.data v2
2026-01-31,MS,delinquency_personal,5.272949,%,BCB SCR.data v2
2026-01-31,MS,delinquency_revolving,13.487233,%,BCB SCR.data v2
2026-01-31,MS,delinquency_pf,7.305459,%,BCB SCR.data v2
2026-01-31,MS,credit_balance_pf,103593.444047,R$ mi,BCB SCR.data v2
2026-01-31,MS,problem_assets_pf,11.563082,%,BCB SCR.data v2
2026-01-31,MS,delinquency_vehicle,5.707964,%,BCB SCR.data v2
2026-01-31,MS,delinquency_pj,4.941116,%,BCB SCR.data v2
2026-01-31,MS,credit_balance_pj,37114.979379,R$ mi,BCB SCR.data v2
2026-01-31,MS,problem_assets_pj,10.279109,%,BCB SCR.data v2
2026-01-31,MT,delinquency_card,9.521874,%,BCB SCR.data v2
2026-01-31,MT,delinquency_personal,6.521636,%,BCB SCR.data v2
2026-01-31,MT,delinquency_revolving,11.5915,%,BCB SCR.data v2
2026-01-31,MT,delinquency_pf,6.631621,%,BCB SCR.data v2
2026-01-31,MT,credit_balance_pf,179790.195412,R$ mi,BCB SCR.data v2
2026-01-31,MT,problem_assets_pf,10.715262,%,BCB SCR.data v2
2026-01-31,MT,delinquency_vehicle,5.220677,%,BCB SCR.data v2
2026-01-31,MT,delinquency_pj,4.175161,%,BCB SCR.data v2
2026-01-31,MT,credit_balance_pj,79613.643132,R$ mi,BCB SCR.data v2
2026-01-31,MT,problem_assets_pj,7.718799,%,BCB SCR.data v2
2026-01-31,PA,delinquency_card,10.920385,%,BCB SCR.data v2
2026-01-31,PA,delinquency_personal,4.822414,%,BCB SCR.data v2
2026-01-31,PA,delinquency_revolving,19.88952,%,BCB SCR.data v2
2026-01-31,PA,delinquency_pf,6.526211,%,BCB SCR.data v2
2026-01-31,PA,credit_balance_pf,110199.261216,R$ mi,BCB SCR.data v2
2026-01-31,PA,problem_assets_pf,9.574704,%,BCB SCR.data v2
2026-01-31,PA,delinquency_vehicle,6.59404,%,BCB SCR.data v2
2026-01-31,PA,delinquency_pj,3.977728,%,BCB SCR.data v2
2026-01-31,PA,credit_balance_pj,51785.650252,R$ mi,BCB SCR.data v2
2026-01-31,PA,problem_assets_pj,6.505584,%,BCB SCR.data v2
2026-01-31,PB,delinquency_card,10.226008,%,BCB SCR.data v2
2026-01-31,PB,delinquency_personal,4.357864,%,BCB SCR.data v2
2026-01-31,PB,delinquency_revolving,26.676016,%,BCB SCR.data v2
2026-01-31,PB,delinquency_pf,5.121462,%,BCB SCR.data v2
2026-01-31,PB,credit_balance_pf,60670.473388,R$ mi,BCB SCR.data v2
2026-01-31,PB,problem_assets_pf,8.683877,%,BCB SCR.data v2
2026-01-31,PB,delinquency_vehicle,5.631357,%,BCB SCR.data v2
2026-01-31,PB,delinquency_pj,8.607582,%,BCB SCR.data v2
2026-01-31,PB,credit_balance_pj,14397.759801,R$ mi,BCB SCR.data v2
2026-01-31,PB,problem_assets_pj,10.682544,%,BCB SCR.data v2
2026-01-31,PE,delinquency_card,11.127811,%,BCB SCR.data v2
2026-01-31,PE,delinquency_personal,4.982465,%,BCB SCR.data v2
2026-01-31,PE,delinquency_revolving,25.897459,%,BCB SCR.data v2
2026-01-31,PE,delinquency_pf,6.179354,%,BCB SCR.data v2
2026-01-31,PE,credit_balance_pf,117682.270903,R$ mi,BCB SCR.data v2
2026-01-31,PE,problem_assets_pf,9.189612,%,BCB SCR.data v2
2026-01-31,PE,delinquency_vehicle,6.852331,%,BCB SCR.data v2
2026-01-31,PE,delinquency_pj,3.001453,%,BCB SCR.data v2
2026-01-31,PE,credit_balance_pj,50396.669131,R$ mi,BCB SCR.data v2
2026-01-31,PE,problem_assets_pj,5.943803,%,BCB SCR.data v2
2026-01-31,PI,delinquency_card,10.887608,%,BCB SCR.data v2
2026-01-31,PI,delinquency_personal,4.682565,%,BCB SCR.data v2
2026-01-31,PI,delinquency_revolving,22.349576,%,BCB SCR.data v2
2026-01-31,PI,delinquency_pf,6.221288,%,BCB SCR.data v2
2026-01-31,PI,credit_balance_pf,39788.106159,R$ mi,BCB SCR.data v2
2026-01-31,PI,problem_assets_pf,9.806954,%,BCB SCR.data v2
2026-01-31,PI,delinquency_vehicle,6.34898,%,BCB SCR.data v2
2026-01-31,PI,delinquency_pj,2.064283,%,BCB SCR.data v2
2026-01-31,PI,credit_balance_pj,28500.728023,R$ mi,BCB SCR.data v2
2026-01-31,PI,problem_assets_pj,3.19164,%,BCB SCR.data v2
2026-01-31,PR,delinquency_card,8.363183,%,BCB SCR.data v2
2026-01-31,PR,delinquency_personal,4.781223,%,BCB SCR.data v2
2026-01-31,PR,delinquency_revolving,17.651252,%,BCB SCR.data v2
2026-01-31,PR,delinquency_pf,4.645202,%,BCB SCR.data v2
2026-01-31,PR,credit_balance_pf,345163.107513,R$ mi,BCB SCR.data v2
2026-01-31,PR,problem_assets_pf,7.674962,%,BCB SCR.data v2
2026-01-31,PR,delinquency_vehicle,5.428079,%,BCB SCR.data v2
2026-01-31,PR,delinquency_pj,3.147335,%,BCB SCR.data v2
2026-01-31,PR,credit_balance_pj,202983.378266,R$ mi,BCB SCR.data v2
2026-01-31,PR,problem_assets_pj,5.992331,%,BCB SCR.data v2
2026-01-31,RJ,delinquency_card,10.004796,%,BCB SCR.data v2
2026-01-31,RJ,delinquency_personal,5.587999,%,BCB SCR.data v2
2026-01-31,RJ,delinquency_revolving,20.812973,%,BCB SCR.data v2
2026-01-31,RJ,delinquency_pf,6.408726,%,BCB SCR.data v2
2026-01-31,RJ,credit_balance_pf,285428.82964,R$ mi,BCB SCR.data v2
2026-01-31,RJ,problem_assets_pf,9.530494,%,BCB SCR.data v2
2026-01-31,RJ,delinquency_vehicle,9.654463,%,BCB SCR.data v2
2026-01-31,RJ,delinquency_pj,1.728951,%,BCB SCR.data v2
2026-01-31,RJ,credit_balance_pj,284509.094804,R$ mi,BCB SCR.data v2
2026-01-31,RJ,problem_assets_pj,6.760382,%,BCB SCR.data v2
2026-01-31,RN,delinquency_card,11.365619,%,BCB SCR.data v2
2026-01-31,RN,delinquency_personal,4.560292,%,BCB SCR.data v2
2026-01-31,RN,delinquency_revolving,29.682779,%,BCB SCR.data v2
2026-01-31,RN,delinquency_pf,5.789652,%,BCB SCR.data v2
2026-01-31,RN,credit_balance_pf,51650.87216,R$ mi,BCB SCR.data v2
2026-01-31,RN,problem_assets_pf,9.547935,%,BCB SCR.data v2
2026-01-31,RN,delinquency_vehicle,5.554351,%,BCB SCR.data v2
2026-01-31,RN,delinquency_pj,3.667975,%,BCB SCR.data v2
2026-01-31,RN,credit_balance_pj,18800.028796,R$ mi,BCB SCR.data v2
2026-01-31,RN,problem_assets_pj,5.515009,%,BCB SCR.data v2
2026-01-31,RO,delinquency_card,8.685074,%,BCB SCR.data v2
2026-01-31,RO,delinquency_personal,6.204474,%,BCB SCR.data v2
2026-01-31,RO,delinquency_revolving,11.312952,%,BCB SCR.data v2
2026-01-31,RO,delinquency_pf,6.173586,%,BCB SCR.data v2
2026-01-31,RO,credit_balance_pf,51624.716393,R$ mi,BCB SCR.data v2
2026-01-31,RO,problem_assets_pf,9.623492,%,BCB SCR.data v2
2026-01-31,RO,delinquency_vehicle,5.26697,%,BCB SCR.data v2
2026-01-31,RO,delinquency_pj,5.652178,%,BCB SCR.data v2
2026-01-31,RO,credit_balance_pj,12387.550968,R$ mi,BCB SCR.data v2
2026-01-31,RO,problem_assets_pj,8.872834,%,BCB SCR.data v2
2026-01-31,RR,delinquency_card,11.315912,%,BCB SCR.data v2
2026-01-31,RR,delinquency_personal,5.880405,%,BCB SCR.data v2
2026-01-31,RR,delinquency_revolving,14.064003,%,BCB SCR.data v2
2026-01-31,RR,delinquency_pf,6.228673,%,BCB SCR.data v2
2026-01-31,RR,credit_balance_pf,12384.280143,R$ mi,BCB SCR.data v2
2026-01-31,RR,problem_assets_pf,9.210479,%,BCB SCR.data v2
2026-01-31,RR,delinquency_vehicle,6.063704,%,BCB SCR.data v2
2026-01-31,RR,delinquency_pj,4.279824,%,BCB SCR.data v2
2026-01-31,RR,credit_balance_pj,3680.611136,R$ mi,BCB SCR.data v2
2026-01-31,RR,problem_assets_pj,6.615724,%,BCB SCR.data v2
2026-01-31,RS,delinquency_card,8.890563,%,BCB SCR.data v2
2026-01-31,RS,delinquency_personal,5.771811,%,BCB SCR.data v2
2026-01-31,RS,delinquency_revolving,15.362162,%,BCB SCR.data v2
2026-01-31,RS,delinquency_pf,5.108966,%,BCB SCR.data v2
2026-01-31,RS,credit_balance_pf,341938.548657,R$ mi,BCB SCR.data v2
2026-01-31,RS,problem_assets_pf,8.503457,%,BCB SCR.data v2
2026-01-31,RS,delinquency_vehicle,5.913805,%,BCB SCR.data v2
2026-01-31,RS,delinquency_pj,2.954069,%,BCB SCR.data v2
2026-01-31,RS,credit_balance_pj,183436.606941,R$ mi,BCB SCR.data v2
2026-01-31,RS,problem_assets_pj,5.866274,%,BCB SCR.data v2
2026-01-31,SC,delinquency_card,7.347296,%,BCB SCR.data v2
2026-01-31,SC,delinquency_personal,5.099512,%,BCB SCR.data v2
2026-01-31,SC,delinquency_revolving,11.355628,%,BCB SCR.data v2
2026-01-31,SC,delinquency_pf,4.094689,%,BCB SCR.data v2
2026-01-31,SC,credit_balance_pf,223589.318767,R$ mi,BCB SCR.data v2
2026-01-31,SC,problem_assets_pf,6.629946,%,BCB SCR.data v2
2026-01-31,SC,delinquency_vehicle,5.493571,%,BCB SCR.data v2
2026-01-31,SC,delinquency_pj,2.562952,%,BCB SCR.data v2
2026-01-31,SC,credit_balance_pj,178522.391704,R$ mi,BCB SCR.data v2
2026-01-31,SC,problem_assets_pj,5.027112,%,BCB SCR.data v2
2026-01-31,SE,delinquency_card,10.6917,%,BCB SCR.data v2
2026-01-31,SE,delinquency_personal,5.248361,%,BCB SCR.data v2
2026-01-31,SE,delinquency_revolving,26.38845,%,BCB SCR.data v2
2026-01-31,SE,delinquency_pf,5.65416,%,BCB SCR.data v2
2026-01-31,SE,credit_balance_pf,36088.152,R$ mi,BCB SCR.data v2
2026-01-31,SE,problem_assets_pf,8.633037,%,BCB SCR.data v2
2026-01-31,SE,delinquency_vehicle,7.077603,%,BCB SCR.data v2
2026-01-31,SE,delinquency_pj,4.527009,%,BCB SCR.data v2
2026-01-31,SE,credit_balance_pj,9376.03813,R$ mi,BCB SCR.data v2
2026-01-31,SE,problem_assets_pj,8.007574,%,BCB SCR.data v2
2026-01-31,SP,delinquency_card,9.099137,%,BCB SCR.data v2
2026-01-31,SP,delinquency_personal,5.324066,%,BCB SCR.data v2
2026-01-31,SP,delinquency_revolving,17.008713,%,BCB SCR.data v2
2026-01-31,SP,delinquency_pf,4.784221,%,BCB SCR.data v2
2026-01-31,SP,credit_balance_pf,1201276.009245,R$ mi,BCB SCR.data v2
2026-01-31,SP,problem_assets_pf,7.831546,%,BCB SCR.data v2
2026-01-31,SP,delinquency_vehicle,5.424886,%,BCB SCR.data v2
2026-01-31,SP,delinquency_pj,2.008541,%,BCB SCR.data v2
2026-01-31,SP,credit_balance_pj,1020884.953935,R$ mi,BCB SCR.data v2
2026-01-31,SP,problem_assets_pj,6.061858,%,BCB SCR.data v2
2026-01-31,TO,delinquency_card,9.60943,%,BCB SCR.data v2
2026-01-31,TO,delinquency_personal,6.464096,%,BCB SCR.data v2
2026-01-31,TO,delinquency_revolving,12.678578,%,BCB SCR.data v2
2026-01-31,TO,delinquency_pf,9.274388,%,BCB SCR.data v2
2026-01-31,TO,credit_balance_pf,42646.358656,R$ mi,BCB SCR.data v2
2026-01-31,TO,problem_assets_pf,13.466763,%,BCB SCR.data v2
2026-01-31,TO,delinquency_vehicle,5.645607,%,BCB SCR.data v2
2026-01-31,TO,delinquency_pj,4.406554,%,BCB SCR.data v2
2026-01-31,TO,credit_balance_pj,15514.30599,R$ mi,BCB SCR.data v2
2026-01-31,TO,problem_assets_pj,7.010435,%,BCB SCR.data v2
2026-02-28,AC,delinquency_card,11.114826,%,BCB SCR.data v2
2026-02-28,AC,delinquency_personal,4.658711,%,BCB SCR.data v2
2026-02-28,AC,delinquency_revolving,16.015446,%,BCB SCR.data v2
2026-02-28,AC,delinquency_pf,5.950523,%,BCB SCR.data v2
2026-02-28,AC,credit_balance_pf,14761.357256,R$ mi,BCB SCR.data v2
2026-02-28,AC,problem_assets_pf,9.378269,%,BCB SCR.data v2
2026-02-28,AC,delinquency_vehicle,4.618324,%,BCB SCR.data v2
2026-02-28,AC,delinquency_pj,4.795968,%,BCB SCR.data v2
2026-02-28,AC,credit_balance_pj,4789.786945,R$ mi,BCB SCR.data v2
2026-02-28,AC,problem_assets_pj,6.859579,%,BCB SCR.data v2
2026-02-28,AL,delinquency_card,12.4557,%,BCB SCR.data v2
2026-02-28,AL,delinquency_personal,4.831435,%,BCB SCR.data v2
2026-02-28,AL,delinquency_revolving,30.80472,%,BCB SCR.data v2
2026-02-28,AL,delinquency_pf,6.528482,%,BCB SCR.data v2
2026-02-28,AL,credit_balance_pf,42241.302952,R$ mi,BCB SCR.data v2
2026-02-28,AL,problem_assets_pf,9.552513,%,BCB SCR.data v2
2026-02-28,AL,delinquency_vehicle,9.54856,%,BCB SCR.data v2
2026-02-28,AL,delinquency_pj,3.218115,%,BCB SCR.data v2
2026-02-28,AL,credit_balance_pj,15682.132053,R$ mi,BCB SCR.data v2
2026-02-28,AL,problem_assets_pj,6.425278,%,BCB SCR.data v2
2026-02-28,AM,delinquency_card,12.749523,%,BCB SCR.data v2
2026-02-28,AM,delinquency_personal,5.958894,%,BCB SCR.data v2
2026-02-28,AM,delinquency_revolving,20.283984,%,BCB SCR.data v2
2026-02-28,AM,delinquency_pf,7.159305,%,BCB SCR.data v2
2026-02-28,AM,credit_balance_pf,44798.178044,R$ mi,BCB SCR.data v2
2026-02-28,AM,problem_assets_pf,10.168609,%,BCB SCR.data v2
2026-02-28,AM,delinquency_vehicle,7.335066,%,BCB SCR.data v2
2026-02-28,AM,delinquency_pj,3.839148,%,BCB SCR.data v2
2026-02-28,AM,credit_balance_pj,33851.635542,R$ mi,BCB SCR.data v2
2026-02-28,AM,problem_assets_pj,5.550184,%,BCB SCR.data v2
2026-02-28,AP,delinquency_card,15.73549,%,BCB SCR.data v2
2026-02-28,AP,delinquency_personal,5.369059,%,BCB SCR.data v2
2026-02-28,AP,delinquency_revolving,21.207036,%,BCB SCR.data v2
2026-02-28,AP,delinquency_pf,6.868331,%,BCB SCR.data v2
2026-02-28,AP,credit_balance_pf,13116.978393,R$ mi,BCB SCR.data v2
2026-02-28,AP,problem_assets_pf,10.751065,%,BCB SCR.data v2
2026-02-28,AP,delinquency_vehicle,4.905358,%,BCB SCR.data v2
2026-02-28,AP,delinquency_pj,4.274541,%,BCB SCR.data v2
2026-02-28,AP,credit_balance_pj,5665.746314,R$ mi,BCB SCR.data v2
2026-02-28,AP,problem_assets_pj,7.534585,%,BCB SCR.data v2
2026-02-28,BA,delinquency_card,11.996717,%,BCB SCR.data v2
2026-02-28,BA,delinquency_personal,5.784303,%,BCB SCR.data v2
2026-02-28,BA,delinquency_revolving,23.721772,%,BCB SCR.data v2
2026-02-28,BA,delinquency_pf,6.88411,%,BCB SCR.data v2
2026-02-28,BA,credit_balance_pf,189176.093634,R$ mi,BCB SCR.data v2
2026-02-28,BA,problem_assets_pf,10.142862,%,BCB SCR.data v2
2026-02-28,BA,delinquency_vehicle,6.812427,%,BCB SCR.data v2
2026-02-28,BA,delinquency_pj,4.013875,%,BCB SCR.data v2
2026-02-28,BA,credit_balance_pj,99973.116334,R$ mi,BCB SCR.data v2
2026-02-28,BA,problem_assets_pj,7.245798,%,BCB SCR.data v2
2026-02-28,CE,delinquency_card,10.979354,%,BCB SCR.data v2
2026-02-28,CE,delinquency_personal,4.95843,%,BCB SCR.data v2
2026-02-28,CE,delinquency_revolving,25.934537,%,BCB SCR.data v2
2026-02-28,CE,delinquency_pf,5.890105,%,BCB SCR.data v2
2026-02-28,CE,credit_balance_pf,112871.312073,R$ mi,BCB SCR.data v2
2026-02-28,CE,problem_assets_pf,8.7646,%,BCB SCR.data v2
2026-02-28,CE,delinquency_vehicle,5.920352,%,BCB SCR.data v2
2026-02-28,CE,delinquency_pj,3.983448,%,BCB SCR.data v2
2026-02-28,CE,credit_balance_pj,54352.434283,R$ mi,BCB SCR.data v2
2026-02-28,CE,problem_assets_pj,6.956173,%,BCB SCR.data v2
2026-02-28,DF,delinquency_card,8.813954,%,BCB SCR.data v2
2026-02-28,DF,delinquency_personal,4.087271,%,BCB SCR.data v2
2026-02-28,DF,delinquency_revolving,19.962348,%,BCB SCR.data v2
2026-02-28,DF,delinquency_pf,4.401923,%,BCB SCR.data v2
2026-02-28,DF,credit_balance_pf,104469.211161,R$ mi,BCB SCR.data v2
2026-02-28,DF,problem_assets_pf,7.310063,%,BCB SCR.data v2
2026-02-28,DF,delinquency_vehicle,5.219222,%,BCB SCR.data v2
2026-02-28,DF,delinquency_pj,2.114814,%,BCB SCR.data v2
2026-02-28,DF,credit_balance_pj,72512.68841,R$ mi,BCB SCR.data v2
2026-02-28,DF,problem_assets_pj,3.648119,%,BCB SCR.data v2
2026-02-28,ES,delinquency_card,8.568601,%,BCB SCR.data v2
2026-02-28,ES,delinquency_personal,4.979597,%,BCB SCR.data v2
2026-02-28,ES,delinquency_revolving,19.231206,%,BCB SCR.data v2
2026-02-28,ES,delinquency_pf,4.451847,%,BCB SCR.data v2
2026-02-28,ES,credit_balance_pf,75309.944176,R$ mi,BCB SCR.data v2
2026-02-28,ES,problem_assets_pf,7.223703,%,BCB SCR.data v2
2026-02-28,ES,delinquency_vehicle,4.466468,%,BCB SCR.data v2
2026-02-28,ES,delinquency_pj,3.129841,%,BCB SCR.data v2
2026-02-28,ES,credit_balance_pj,52843.665966,R$ mi,BCB SCR.data v2
2026-02-28,ES,problem_assets_pj,8.601623,%,BCB SCR.data v2
2026-02-28,GO,delinquency_card,10.993745,%,BCB SCR.data v2
2026-02-28,GO,delinquency_personal,7.020934,%,BCB SCR.data v2
2026-02-28,GO,delinquency_revolving,16.235751,%,BCB SCR.data v2
2026-02-28,GO,delinquency_pf,7.376806,%,BCB SCR.data v2
2026-02-28,GO,credit_balance_pf,254017.009251,R$ mi,BCB SCR.data v2
2026-02-28,GO,problem_assets_pf,11.536091,%,BCB SCR.data v2
2026-02-28,GO,delinquency_vehicle,6.50817,%,BCB SCR.data v2
2026-02-28,GO,delinquency_pj,4.322799,%,BCB SCR.data v2
2026-02-28,GO,credit_balance_pj,88023.638026,R$ mi,BCB SCR.data v2
2026-02-28,GO,problem_assets_pj,8.583163,%,BCB SCR.data v2
2026-02-28,MA,delinquency_card,11.099038,%,BCB SCR.data v2
2026-02-28,MA,delinquency_personal,5.249642,%,BCB SCR.data v2
2026-02-28,MA,delinquency_revolving,17.285847,%,BCB SCR.data v2
2026-02-28,MA,delinquency_pf,9.076316,%,BCB SCR.data v2
2026-02-28,MA,credit_balance_pf,89276.804191,R$ mi,BCB SCR.data v2
2026-02-28,MA,problem_assets_pf,13.019976,%,BCB SCR.data v2
2026-02-28,MA,delinquency_vehicle,5.824321,%,BCB SCR.data v2
2026-02-28,MA,delinquency_pj,6.221929,%,BCB SCR.data v2
2026-02-28,MA,credit_balance_pj,24846.178907,R$ mi,BCB SCR.data v2
2026-02-28,MA,problem_assets_pj,9.267121,%,BCB SCR.data v2
2026-02-28,MG,delinquency_card,8.888321,%,BCB SCR.data v2
2026-02-28,MG,delinquency_personal,5.517831,%,BCB SCR.data v2
2026-02-28,MG,delinquency_revolving,16.483433,%,BCB SCR.data v2
2026-02-28,MG,delinquency_pf,5.324004,%,BCB SCR.data v2
2026-02-28,MG,credit_balance_pf,432479.226633,R$ mi,BCB SCR.data v2
2026-02-28,MG,problem_assets_pf,8.481888,%,BCB SCR.data v2
2026-02-28,MG,delinquency_vehicle,5.49396,%,BCB SCR.data v2
2026-02-28,MG,delinquency_pj,3.284435,%,BCB SCR.data v2
2026-02-28,MG,credit_balance_pj,220185.449558,R$ mi,BCB SCR.data v2
2026-02-28,MG,problem_assets_pj,5.956673,%,BCB SCR.data v2
2026-02-28,MS,delinquency_card,10.497818,%,BCB SCR.data v2
2026-02-28,MS,delinquency_personal,5.486904,%,BCB SCR.data v2
2026-02-28,MS,delinquency_revolving,13.658415,%,BCB SCR.data v2
2026-02-28,MS,delinquency_pf,7.442969,%,BCB SCR.data v2
2026-02-28,MS,credit_balance_pf,104464.140622,R$ mi,BCB SCR.data v2
2026-02-28,MS,problem_assets_pf,11.797642,%,BCB SCR.data v2
2026-02-28,MS,delinquency_vehicle,5.853722,%,BCB SCR.data v2
2026-02-28,MS,delinquency_pj,5.23586,%,BCB SCR.data v2
2026-02-28,MS,credit_balance_pj,37310.427619,R$ mi,BCB SCR.data v2
2026-02-28,MS,problem_assets_pj,10.489264,%,BCB SCR.data v2
2026-02-28,MT,delinquency_card,10.148449,%,BCB SCR.data v2
2026-02-28,MT,delinquency_personal,6.626452,%,BCB SCR.data v2
2026-02-28,MT,delinquency_revolving,12.234129,%,BCB SCR.data v2
2026-02-28,MT,delinquency_pf,6.739348,%,BCB SCR.data v2
2026-02-28,MT,credit_balance_pf,180608.2238,R$ mi,BCB SCR.data v2
2026-02-28,MT,problem_assets_pf,10.833931,%,BCB SCR.data v2
2026-02-28,MT,delinquency_vehicle,5.340309,%,BCB SCR.data v2
2026-02-28,MT,delinquency_pj,4.307637,%,BCB SCR.data v2
2026-02-28,MT,credit_balance_pj,80498.812927,R$ mi,BCB SCR.data v2
2026-02-28,MT,problem_assets_pj,7.848901,%,BCB SCR.data v2
2026-02-28,PA,delinquency_card,11.410927,%,BCB SCR.data v2
2026-02-28,PA,delinquency_personal,5.010321,%,BCB SCR.data v2
2026-02-28,PA,delinquency_revolving,19.750815,%,BCB SCR.data v2
2026-02-28,PA,delinquency_pf,6.713507,%,BCB SCR.data v2
2026-02-28,PA,credit_balance_pf,111076.245017,R$ mi,BCB SCR.data v2
2026-02-28,PA,problem_assets_pf,9.821404,%,BCB SCR.data v2
2026-02-28,PA,delinquency_vehicle,6.845067,%,BCB SCR.data v2
2026-02-28,PA,delinquency_pj,4.167658,%,BCB SCR.data v2
2026-02-28,PA,credit_balance_pj,51864.550422,R$ mi,BCB SCR.data v2
2026-02-28,PA,problem_assets_pj,6.607788,%,BCB SCR.data v2
2026-02-28,PB,delinquency_card,10.703096,%,BCB SCR.data v2
2026-02-28,PB,delinquency_personal,4.585423,%,BCB SCR.data v2
2026-02-28,PB,delinquency_revolving,25.935145,%,BCB SCR.data v2
2026-02-28,PB,delinquency_pf,5.280071,%,BCB SCR.data v2
2026-02-28,PB,credit_balance_pf,61006.830347,R$ mi,BCB SCR.data v2
2026-02-28,PB,problem_assets_pf,8.94477,%,BCB SCR.data v2
2026-02-28,PB,delinquency_vehicle,5.738502,%,BCB SCR.data v2
2026-02-28,PB,delinquency_pj,8.736893,%,BCB SCR.data v2
2026-02-28,PB,credit_balance_pj,14530.924218,R$ mi,BCB SCR.data v2
2026-02-28,PB,problem_assets_pj,10.694856,%,BCB SCR.data v2
2026-02-28,PE,delinquency_card,11.954663,%,BCB SCR.data v2
2026-02-28,PE,delinquency_personal,5.255075,%,BCB SCR.data v2
2026-02-28,PE,delinquency_revolving,25.213835,%,BCB SCR.data v2
2026-02-28,PE,delinquency_pf,6.431096,%,BCB SCR.data v2
2026-02-28,PE,credit_balance_pf,118301.301711,R$ mi,BCB SCR.data v2
2026-02-28,PE,problem_assets_pf,9.533054,%,BCB SCR.data v2
2026-02-28,PE,delinquency_vehicle,7.010263,%,BCB SCR.data v2
2026-02-28,PE,delinquency_pj,3.116861,%,BCB SCR.data v2
2026-02-28,PE,credit_balance_pj,50223.49858,R$ mi,BCB SCR.data v2
2026-02-28,PE,problem_assets_pj,6.230273,%,BCB SCR.data v2
2026-02-28,PI,delinquency_card,11.344715,%,BCB SCR.data v2
2026-02-28,PI,delinquency_personal,4.935457,%,BCB SCR.data v2
2026-02-28,PI,delinquency_revolving,22.377193,%,BCB SCR.data v2
2026-02-28,PI,delinquency_pf,6.435735,%,BCB SCR.data v2
2026-02-28,PI,credit_balance_pf,40090.200632,R$ mi,BCB SCR.data v2
2026-02-28,PI,problem_assets_pf,10.112318,%,BCB SCR.data v2
2026-02-28,PI,delinquency_vehicle,6.653159,%,BCB SCR.data v2
2026-02-28,PI,delinquency_pj,2.259969,%,BCB SCR.data v2
2026-02-28,PI,credit_balance_pj,28237.18514,R$ mi,BCB SCR.data v2
2026-02-28,PI,problem_assets_pj,3.433061,%,BCB SCR.data v2
2026-02-28,PR,delinquency_card,9.110573,%,BCB SCR.data v2
2026-02-28,PR,delinquency_personal,5.061264,%,BCB SCR.data v2
2026-02-28,PR,delinquency_revolving,17.257915,%,BCB SCR.data v2
2026-02-28,PR,delinquency_pf,4.860932,%,BCB SCR.data v2
2026-02-28,PR,credit_balance_pf,347538.588616,R$ mi,BCB SCR.data v2
2026-02-28,PR,problem_assets_pf,7.938821,%,BCB SCR.data v2
2026-02-28,PR,delinquency_vehicle,5.556997,%,BCB SCR.data v2
2026-02-28,PR,delinquency_pj,3.353959,%,BCB SCR.data v2
2026-02-28,PR,credit_balance_pj,204384.883372,R$ mi,BCB SCR.data v2
2026-02-28,PR,problem_assets_pj,6.286241,%,BCB SCR.data v2
2026-02-28,RJ,delinquency_card,11.332683,%,BCB SCR.data v2
2026-02-28,RJ,delinquency_personal,5.875426,%,BCB SCR.data v2
2026-02-28,RJ,delinquency_revolving,20.127412,%,BCB SCR.data v2
2026-02-28,RJ,delinquency_pf,6.775493,%,BCB SCR.data v2
2026-02-28,RJ,credit_balance_pf,285901.424532,R$ mi,BCB SCR.data v2
2026-02-28,RJ,problem_assets_pf,9.918485,%,BCB SCR.data v2
2026-02-28,RJ,delinquency_vehicle,9.925635,%,BCB SCR.data v2
2026-02-28,RJ,delinquency_pj,1.775699,%,BCB SCR.data v2
2026-02-28,RJ,credit_balance_pj,286259.961406,R$ mi,BCB SCR.data v2
2026-02-28,RJ,problem_assets_pj,6.761937,%,BCB SCR.data v2
2026-02-28,RN,delinquency_card,11.723002,%,BCB SCR.data v2
2026-02-28,RN,delinquency_personal,4.796854,%,BCB SCR.data v2
2026-02-28,RN,delinquency_revolving,29.319265,%,BCB SCR.data v2
2026-02-28,RN,delinquency_pf,5.9267,%,BCB SCR.data v2
2026-02-28,RN,credit_balance_pf,51966.869102,R$ mi,BCB SCR.data v2
2026-02-28,RN,problem_assets_pf,9.736222,%,BCB SCR.data v2
2026-02-28,RN,delinquency_vehicle,5.694187,%,BCB SCR.data v2
2026-02-28,RN,delinquency_pj,3.872144,%,BCB SCR.data v2
2026-02-28,RN,credit_balance_pj,18767.452304,R$ mi,BCB SCR.data v2
2026-02-28,RN,problem_assets_pj,5.719694,%,BCB SCR.data v2
2026-02-28,RO,delinquency_card,9.866316,%,BCB SCR.data v2
2026-02-28,RO,delinquency_personal,6.380846,%,BCB SCR.data v2
2026-02-28,RO,delinquency_revolving,11.565141,%,BCB SCR.data v2
2026-02-28,RO,delinquency_pf,6.480002,%,BCB SCR.data v2
2026-02-28,RO,credit_balance_pf,51938.377285,R$ mi,BCB SCR.data v2
2026-02-28,RO,problem_assets_pf,10.009906,%,BCB SCR.data v2
2026-02-28,RO,delinquency_vehicle,5.381149,%,BCB SCR.data v2
2026-02-28,RO,delinquency_pj,5.708753,%,BCB SCR.data v2
2026-02-28,RO,credit_balance_pj,12349.840284,R$ mi,BCB SCR.data v2
2026-02-28,RO,problem_assets_pj,8.997736,%,BCB SCR.data v2
2026-02-28,RR,delinquency_card,11.81631,%,BCB SCR.data v2
2026-02-28,RR,delinquency_personal,6.265179,%,BCB SCR.data v2
2026-02-28,RR,delinquency_revolving,14.874486,%,BCB SCR.data v2
2026-02-28,RR,delinquency_pf,6.544434,%,BCB SCR.data v2
2026-02-28,RR,credit_balance_pf,12559.253263,R$ mi,BCB SCR.data v2
2026-02-28,RR,problem_assets_pf,9.548224,%,BCB SCR.data v2
2026-02-28,RR,delinquency_vehicle,6.152873,%,BCB SCR.data v2
2026-02-28,RR,delinquency_pj,4.232632,%,BCB SCR.data v2
2026-02-28,RR,credit_balance_pj,3680.235143,R$ mi,BCB SCR.data v2
2026-02-28,RR,problem_assets_pj,6.456015,%,BCB SCR.data v2
2026-02-28,RS,delinquency_card,9.332761,%,BCB SCR.data v2
2026-02-28,RS,delinquency_personal,6.077474,%,BCB SCR.data v2
2026-02-28,RS,delinquency_revolving,15.310611,%,BCB SCR.data v2
2026-02-28,RS,delinquency_pf,5.444408,%,BCB SCR.data v2
2026-02-28,RS,credit_balance_pf,343180.935473,R$ mi,BCB SCR.data v2
2026-02-28,RS,problem_assets_pf,8.872823,%,BCB SCR.data v2
2026-02-28,RS,delinquency_vehicle,6.097907,%,BCB SCR.data v2
2026-02-28,RS,delinquency_pj,3.181514,%,BCB SCR.data v2
2026-02-28,RS,credit_balance_pj,182387.833602,R$ mi,BCB SCR.data v2
2026-02-28,RS,problem_assets_pj,6.134539,%,BCB SCR.data v2
2026-02-28,SC,delinquency_card,7.771674,%,BCB SCR.data v2
2026-02-28,SC,delinquency_personal,5.327423,%,BCB SCR.data v2
2026-02-28,SC,delinquency_revolving,11.337229,%,BCB SCR.data v2
2026-02-28,SC,delinquency_pf,4.256626,%,BCB SCR.data v2
2026-02-28,SC,credit_balance_pf,224960.275531,R$ mi,BCB SCR.data v2
2026-02-28,SC,problem_assets_pf,6.837757,%,BCB SCR.data v2
2026-02-28,SC,delinquency_vehicle,5.605215,%,BCB SCR.data v2
2026-02-28,SC,delinquency_pj,2.729204,%,BCB SCR.data v2
2026-02-28,SC,credit_balance_pj,178647.512154,R$ mi,BCB SCR.data v2
2026-02-28,SC,problem_assets_pj,5.185355,%,BCB SCR.data v2
2026-02-28,SE,delinquency_card,11.103647,%,BCB SCR.data v2
2026-02-28,SE,delinquency_personal,5.499032,%,BCB SCR.data v2
2026-02-28,SE,delinquency_revolving,25.699333,%,BCB SCR.data v2
2026-02-28,SE,delinquency_pf,5.785779,%,BCB SCR.data v2
2026-02-28,SE,credit_balance_pf,36209.916467,R$ mi,BCB SCR.data v2
2026-02-28,SE,problem_assets_pf,8.810609,%,BCB SCR.data v2
2026-02-28,SE,delinquency_vehicle,7.191246,%,BCB SCR.data v2
2026-02-28,SE,delinquency_pj,4.788457,%,BCB SCR.data v2
2026-02-28,SE,credit_balance_pj,9539.756986,R$ mi,BCB SCR.data v2
2026-02-28,SE,problem_assets_pj,8.03663,%,BCB SCR.data v2
2026-02-28,SP,delinquency_card,9.875015,%,BCB SCR.data v2
2026-02-28,SP,delinquency_personal,5.661331,%,BCB SCR.data v2
2026-02-28,SP,delinquency_revolving,16.336931,%,BCB SCR.data v2
2026-02-28,SP,delinquency_pf,5.011583,%,BCB SCR.data v2
2026-02-28,SP,credit_balance_pf,1207605.038795,R$ mi,BCB SCR.data v2
2026-02-28,SP,problem_assets_pf,8.109184,%,BCB SCR.data v2
2026-02-28,SP,delinquency_vehicle,5.562946,%,BCB SCR.data v2
2026-02-28,SP,delinquency_pj,2.117411,%,BCB SCR.data v2
2026-02-28,SP,credit_balance_pj,1006084.39015,R$ mi,BCB SCR.data v2
2026-02-28,SP,problem_assets_pj,6.347608,%,BCB SCR.data v2
2026-02-28,TO,delinquency_card,10.004732,%,BCB SCR.data v2
2026-02-28,TO,delinquency_personal,6.853493,%,BCB SCR.data v2
2026-02-28,TO,delinquency_revolving,13.02299,%,BCB SCR.data v2
2026-02-28,TO,delinquency_pf,9.574337,%,BCB SCR.data v2
2026-02-28,TO,credit_balance_pf,43045.876527,R$ mi,BCB SCR.data v2
2026-02-28,TO,problem_assets_pf,13.932579,%,BCB SCR.data v2
2026-02-28,TO,delinquency_vehicle,5.898541,%,BCB SCR.data v2
2026-02-28,TO,delinquency_pj,4.563059,%,BCB SCR.data v2
2026-02-28,TO,credit_balance_pj,15566.262712,R$ mi,BCB SCR.data v2
2026-02-28,TO,problem_assets_pj,7.216192,%,BCB SCR.data v2
2026-03-31,AC,delinquency_card,10.702625,%,BCB SCR.data v2
2026-03-31,AC,delinquency_personal,4.875282,%,BCB SCR.data v2
2026-03-31,AC,delinquency_revolving,15.888771,%,BCB SCR.data v2
2026-03-31,AC,delinquency_pf,6.043805,%,BCB SCR.data v2
2026-03-31,AC,credit_balance_pf,14887.367488,R$ mi,BCB SCR.data v2
2026-03-31,AC,problem_assets_pf,9.468868,%,BCB SCR.data v2
2026-03-31,AC,delinquency_vehicle,4.741236,%,BCB SCR.data v2
2026-03-31,AC,delinquency_pj,4.826811,%,BCB SCR.data v2
2026-03-31,AC,credit_balance_pj,4815.514853,R$ mi,BCB SCR.data v2
2026-03-31,AC,problem_assets_pj,6.781729,%,BCB SCR.data v2
2026-03-31,AL,delinquency_card,12.104848,%,BCB SCR.data v2
2026-03-31,AL,delinquency_personal,4.896683,%,BCB SCR.data v2
2026-03-31,AL,delinquency_revolving,31.781829,%,BCB SCR.data v2
2026-03-31,AL,delinquency_pf,6.460596,%,BCB SCR.data v2
2026-03-31,AL,credit_balance_pf,42759.277902,R$ mi,BCB SCR.data v2
2026-03-31,AL,problem_assets_pf,9.583753,%,BCB SCR.data v2
2026-03-31,AL,delinquency_vehicle,9.688303,%,BCB SCR.data v2
2026-03-31,AL,delinquency_pj,3.316286,%,BCB SCR.data v2
2026-03-31,AL,credit_balance_pj,15323.244403,R$ mi,BCB SCR.data v2
2026-03-31,AL,problem_assets_pj,6.407389,%,BCB SCR.data v2
2026-03-31,AM,delinquency_card,12.452633,%,BCB SCR.data v2
2026-03-31,AM,delinquency_personal,5.976776,%,BCB SCR.data v2
2026-03-31,AM,delinquency_revolving,20.836633,%,BCB SCR.data v2
2026-03-31,AM,delinquency_pf,7.128196,%,BCB SCR.data v2
2026-03-31,AM,credit_balance_pf,45294.200956,R$ mi,BCB SCR.data v2
2026-03-31,AM,problem_assets_pf,10.251614,%,BCB SCR.data v2
2026-03-31,AM,delinquency_vehicle,7.488637,%,BCB SCR.data v2
2026-03-31,AM,delinquency_pj,4.047286,%,BCB SCR.data v2
2026-03-31,AM,credit_balance_pj,34109.899912,R$ mi,BCB SCR.data v2
2026-03-31,AM,problem_assets_pj,5.437117,%,BCB SCR.data v2
2026-03-31,AP,delinquency_card,15.475721,%,BCB SCR.data v2
2026-03-31,AP,delinquency_personal,5.480904,%,BCB SCR.data v2
2026-03-31,AP,delinquency_revolving,20.357762,%,BCB SCR.data v2
2026-03-31,AP,delinquency_pf,6.867628,%,BCB SCR.data v2
2026-03-31,AP,credit_balance_pf,13214.39902,R$ mi,BCB SCR.data v2
2026-03-31,AP,problem_assets_pf,10.521461,%,BCB SCR.data v2
2026-03-31,AP,delinquency_vehicle,5.095531,%,BCB SCR.data v2
2026-03-31,AP,delinquency_pj,4.492075,%,BCB SCR.data v2
2026-03-31,AP,credit_balance_pj,5660.247756,R$ mi,BCB SCR.data v2
2026-03-31,AP,problem_assets_pj,7.779212,%,BCB SCR.data v2
2026-03-31,BA,delinquency_card,12.029623,%,BCB SCR.data v2
2026-03-31,BA,delinquency_personal,5.851761,%,BCB SCR.data v2
2026-03-31,BA,delinquency_revolving,24.232065,%,BCB SCR.data v2
2026-03-31,BA,delinquency_pf,6.877941,%,BCB SCR.data v2
2026-03-31,BA,credit_balance_pf,191696.13057,R$ mi,BCB SCR.data v2
2026-03-31,BA,problem_assets_pf,10.181614,%,BCB SCR.data v2
2026-03-31,BA,delinquency_vehicle,6.907261,%,BCB SCR.data v2
2026-03-31,BA,delinquency_pj,3.072097,%,BCB SCR.data v2
2026-03-31,BA,credit_balance_pj,100762.657275,R$ mi,BCB SCR.data v2
2026-03-31,BA,problem_assets_pj,5.969962,%,BCB SCR.data v2
2026-03-31,CE,delinquency_card,10.618917,%,BCB SCR.data v2
2026-03-31,CE,delinquency_personal,5.020045,%,BCB SCR.data v2
2026-03-31,CE,delinquency_revolving,26.628552,%,BCB SCR.data v2
2026-03-31,CE,delinquency_pf,5.82689,%,BCB SCR.data v2
2026-03-31,CE,credit_balance_pf,114170.594513,R$ mi,BCB SCR.data v2
2026-03-31,CE,problem_assets_pf,8.779148,%,BCB SCR.data v2
2026-03-31,CE,delinquency_vehicle,6.080947,%,BCB SCR.data v2
2026-03-31,CE,delinquency_pj,3.817986,%,BCB SCR.data v2
2026-03-31,CE,credit_balance_pj,54655.339486,R$ mi,BCB SCR.data v2
2026-03-31,CE,problem_assets_pj,6.920974,%,BCB SCR.data v2
2026-03-31,DF,delinquency_card,8.364068,%,BCB SCR.data v2
2026-03-31,DF,delinquency_personal,4.010916,%,BCB SCR.data v2
2026-03-31,DF,delinquency_revolving,21.115997,%,BCB SCR.data v2
2026-03-31,DF,delinquency_pf,4.29097,%,BCB SCR.data v2
2026-03-31,DF,credit_balance_pf,105764.50454,R$ mi,BCB SCR.data v2
2026-03-31,DF,problem_assets_pf,7.250158,%,BCB SCR.data v2
2026-03-31,DF,delinquency_vehicle,5.202892,%,BCB SCR.data v2
2026-03-31,DF,delinquency_pj,2.059296,%,BCB SCR.data v2
2026-03-31,DF,credit_balance_pj,72412.29826,R$ mi,BCB SCR.data v2
2026-03-31,DF,problem_assets_pj,3.57587,%,BCB SCR.data v2
2026-03-31,ES,delinquency_card,8.25154,%,BCB SCR.data v2
2026-03-31,ES,delinquency_personal,4.957616,%,BCB SCR.data v2
2026-03-31,ES,delinquency_revolving,20.26607,%,BCB SCR.data v2
2026-03-31,ES,delinquency_pf,4.432746,%,BCB SCR.data v2
2026-03-31,ES,credit_balance_pf,76682.491913,R$ mi,BCB SCR.data v2
2026-03-31,ES,problem_assets_pf,7.237324,%,BCB SCR.data v2
2026-03-31,ES,delinquency_vehicle,4.487314,%,BCB SCR.data v2
2026-03-31,ES,delinquency_pj,2.882644,%,BCB SCR.data v2
2026-03-31,ES,credit_balance_pj,53385.896297,R$ mi,BCB SCR.data v2
2026-03-31,ES,problem_assets_pj,8.277525,%,BCB SCR.data v2
2026-03-31,GO,delinquency_card,10.685175,%,BCB SCR.data v2
2026-03-31,GO,delinquency_personal,7.022079,%,BCB SCR.data v2
2026-03-31,GO,delinquency_revolving,17.33889,%,BCB SCR.data v2
2026-03-31,GO,delinquency_pf,7.10323,%,BCB SCR.data v2
2026-03-31,GO,credit_balance_pf,255609.020608,R$ mi,BCB SCR.data v2
2026-03-31,GO,problem_assets_pf,11.380284,%,BCB SCR.data v2
2026-03-31,GO,delinquency_vehicle,6.564318,%,BCB SCR.data v2
2026-03-31,GO,delinquency_pj,4.292852,%,BCB SCR.data v2
2026-03-31,GO,credit_balance_pj,87199.385403,R$ mi,BCB SCR.data v2
2026-03-31,GO,problem_assets_pj,8.487639,%,BCB SCR.data v2
2026-03-31,MA,delinquency_card,10.751571,%,BCB SCR.data v2
2026-03-31,MA,delinquency_personal,5.225371,%,BCB SCR.data v2
2026-03-31,MA,delinquency_revolving,16.785261,%,BCB SCR.data v2
2026-03-31,MA,delinquency_pf,8.764655,%,BCB SCR.data v2
2026-03-31,MA,credit_balance_pf,89692.09125,R$ mi,BCB SCR.data v2
2026-03-31,MA,problem_assets_pf,12.787362,%,BCB SCR.data v2
2026-03-31,MA,delinquency_vehicle,5.926166,%,BCB SCR.data v2
2026-03-31,MA,delinquency_pj,6.154555,%,BCB SCR.data v2
2026-03-31,MA,credit_balance_pj,24917.813058,R$ mi,BCB SCR.data v2
2026-03-31,MA,problem_assets_pj,9.353378,%,BCB SCR.data v2
2026-03-31,MG,delinquency_card,8.530662,%,BCB SCR.data v2
2026-03-31,MG,delinquency_personal,5.500097,%,BCB SCR.data v2
2026-03-31,MG,delinquency_revolving,17.313623,%,BCB SCR.data v2
2026-03-31,MG,delinquency_pf,5.152579,%,BCB SCR.data v2
2026-03-31,MG,credit_balance_pf,438151.4688,R$ mi,BCB SCR.data v2
2026-03-31,MG,problem_assets_pf,8.525952,%,BCB SCR.data v2
2026-03-31,MG,delinquency_vehicle,5.546562,%,BCB SCR.data v2
2026-03-31,MG,delinquency_pj,3.129971,%,BCB SCR.data v2
2026-03-31,MG,credit_balance_pj,225485.145715,R$ mi,BCB SCR.data v2
2026-03-31,MG,problem_assets_pj,5.806656,%,BCB SCR.data v2
2026-03-31,MS,delinquency_card,10.361452,%,BCB SCR.data v2
2026-03-31,MS,delinquency_personal,5.43441,%,BCB SCR.data v2
2026-03-31,MS,delinquency_revolving,14.000018,%,BCB SCR.data v2
2026-03-31,MS,delinquency_pf,6.86177,%,BCB SCR.data v2
2026-03-31,MS,credit_balance_pf,104829.520355,R$ mi,BCB SCR.data v2
2026-03-31,MS,problem_assets_pf,11.312806,%,BCB SCR.data v2
2026-03-31,MS,delinquency_vehicle,5.996229,%,BCB SCR.data v2
2026-03-31,MS,delinquency_pj,4.899109,%,BCB SCR.data v2
2026-03-31,MS,credit_balance_pj,38662.932984,R$ mi,BCB SCR.data v2
2026-03-31,MS,problem_assets_pj,9.78628,%,BCB SCR.data v2
2026-03-31,MT,delinquency_card,9.762291,%,BCB SCR.data v2
2026-03-31,MT,delinquency_personal,6.573499,%,BCB SCR.data v2
2026-03-31,MT,delinquency_revolving,13.304041,%,BCB SCR.data v2
2026-03-31,MT,delinquency_pf,6.257009,%,BCB SCR.data v2
2026-03-31,MT,credit_balance_pf,181444.451968,R$ mi,BCB SCR.data v2
2026-03-31,MT,problem_assets_pf,10.420336,%,BCB SCR.data v2
2026-03-31,MT,delinquency_vehicle,5.262611,%,BCB SCR.data v2
2026-03-31,MT,delinquency_pj,4.200609,%,BCB SCR.data v2
2026-03-31,MT,credit_balance_pj,82033.035971,R$ mi,BCB SCR.data v2
2026-03-31,MT,problem_assets_pj,7.590241,%,BCB SCR.data v2
2026-03-31,PA,delinquency_card,11.109367,%,BCB SCR.data v2
2026-03-31,PA,delinquency_personal,5.084684,%,BCB SCR.data v2
2026-03-31,PA,delinquency_revolving,19.972962,%,BCB SCR.data v2
2026-03-31,PA,delinquency_pf,6.709333,%,BCB SCR.data v2
2026-03-31,PA,credit_balance_pf,112117.379162,R$ mi,BCB SCR.data v2
2026-03-31,PA,problem_assets_pf,9.927287,%,BCB SCR.data v2
2026-03-31,PA,delinquency_vehicle,7.021253,%,BCB SCR.data v2
2026-03-31,PA,delinquency_pj,4.193439,%,BCB SCR.data v2
2026-03-31,PA,credit_balance_pj,53216.081378,R$ mi,BCB SCR.data v2
2026-03-31,PA,problem_assets_pj,6.646717,%,BCB SCR.data v2
2026-03-31,PB,delinquency_card,10.942717,%,BCB SCR.data v2
2026-03-31,PB,delinquency_personal,4.579549,%,BCB SCR.data v2
2026-03-31,PB,delinquency_revolving,26.746619,%,BCB SCR.data v2
2026-03-31,PB,delinquency_pf,5.327867,%,BCB SCR.data v2
2026-03-31,PB,credit_balance_pf,61804.233588,R$ mi,BCB SCR.data v2
2026-03-31,PB,problem_assets_pf,8.993405,%,BCB SCR.data v2
2026-03-31,PB,delinquency_vehicle,5.763974,%,BCB SCR.data v2
2026-03-31,PB,delinquency_pj,8.613307,%,BCB SCR.data v2
2026-03-31,PB,credit_balance_pj,14658.330796,R$ mi,BCB SCR.data v2
2026-03-31,PB,problem_assets_pj,10.50247,%,BCB SCR.data v2
2026-03-31,PE,delinquency_card,11.681295,%,BCB SCR.data v2
2026-03-31,PE,delinquency_personal,5.243574,%,BCB SCR.data v2
2026-03-31,PE,delinquency_revolving,25.848207,%,BCB SCR.data v2
2026-03-31,PE,delinquency_pf,6.349233,%,BCB SCR.data v2
2026-03-31,PE,credit_balance_pf,119794.408264,R$ mi,BCB SCR.data v2
2026-03-31,PE,problem_assets_pf,9.47558,%,BCB SCR.data v2
2026-03-31,PE,delinquency_vehicle,7.104754,%,BCB SCR.data v2
2026-03-31,PE,delinquency_pj,3.071213,%,BCB SCR.data v2
2026-03-31,PE,credit_balance_pj,48859.567407,R$ mi,BCB SCR.data v2
2026-03-31,PE,problem_assets_pj,6.334028,%,BCB SCR.data v2
2026-03-31,PI,delinquency_card,11.039663,%,BCB SCR.data v2
2026-03-31,PI,delinquency_personal,4.995581,%,BCB SCR.data v2
2026-03-31,PI,delinquency_revolving,22.320366,%,BCB SCR.data v2
2026-03-31,PI,delinquency_pf,6.396843,%,BCB SCR.data v2
2026-03-31,PI,credit_balance_pf,40486.498759,R$ mi,BCB SCR.data v2
2026-03-31,PI,problem_assets_pf,10.123367,%,BCB SCR.data v2
2026-03-31,PI,delinquency_vehicle,6.800814,%,BCB SCR.data v2
2026-03-31,PI,delinquency_pj,2.319931,%,BCB SCR.data v2
2026-03-31,PI,credit_balance_pj,28058.41638,R$ mi,BCB SCR.data v2
2026-03-31,PI,problem_assets_pj,3.409724,%,BCB SCR.data v2
2026-03-31,PR,delinquency_card,8.814272,%,BCB SCR.data v2
2026-03-31,PR,delinquency_personal,4.976666,%,BCB SCR.data v2
2026-03-31,PR,delinquency_revolving,18.354176,%,BCB SCR.data v2
2026-03-31,PR,delinquency_pf,4.740464,%,BCB SCR.data v2
2026-03-31,PR,credit_balance_pf,350934.387151,R$ mi,BCB SCR.data v2
2026-03-31,PR,problem_assets_pf,7.787441,%,BCB SCR.data v2
2026-03-31,PR,delinquency_vehicle,5.624623,%,BCB SCR.data v2
2026-03-31,PR,delinquency_pj,3.392683,%,BCB SCR.data v2
2026-03-31,PR,credit_balance_pj,209605.054717,R$ mi,BCB SCR.data v2
2026-03-31,PR,problem_assets_pj,6.151644,%,BCB SCR.data v2
2026-03-31,RJ,delinquency_card,10.795082,%,BCB SCR.data v2
2026-03-31,RJ,delinquency_personal,5.851893,%,BCB SCR.data v2
2026-03-31,RJ,delinquency_revolving,21.115289,%,BCB SCR.data v2
2026-03-31,RJ,delinquency_pf,6.640543,%,BCB SCR.data v2
2026-03-31,RJ,credit_balance_pf,289097.504151,R$ mi,BCB SCR.data v2
2026-03-31,RJ,problem_assets_pf,9.773693,%,BCB SCR.data v2
2026-03-31,RJ,delinquency_vehicle,10.091774,%,BCB SCR.data v2
2026-03-31,RJ,delinquency_pj,1.853857,%,BCB SCR.data v2
2026-03-31,RJ,credit_balance_pj,290800.717123,R$ mi,BCB SCR.data v2
2026-03-31,RJ,problem_assets_pj,7.122003,%,BCB SCR.data v2
2026-03-31,RN,delinquency_card,11.320002,%,BCB SCR.data v2
2026-03-31,RN,delinquency_personal,4.799949,%,BCB SCR.data v2
2026-03-31,RN,delinquency_revolving,29.596051,%,BCB SCR.data v2
2026-03-31,RN,delinquency_pf,5.806597,%,BCB SCR.data v2
2026-03-31,RN,credit_balance_pf,52552.264808,R$ mi,BCB SCR.data v2
2026-03-31,RN,problem_assets_pf,9.636307,%,BCB SCR.data v2
2026-03-31,RN,delinquency_vehicle,5.71362,%,BCB SCR.data v2
2026-03-31,RN,delinquency_pj,3.689299,%,BCB SCR.data v2
2026-03-31,RN,credit_balance_pj,18803.591217,R$ mi,BCB SCR.data v2
2026-03-31,RN,problem_assets_pj,5.820765,%,BCB SCR.data v2
2026-03-31,RO,delinquency_card,9.546138,%,BCB SCR.data v2
2026-03-31,RO,delinquency_personal,6.31018,%,BCB SCR.data v2
2026-03-31,RO,delinquency_revolving,11.577266,%,BCB SCR.data v2
2026-03-31,RO,delinquency_pf,6.4129,%,BCB SCR.data v2
2026-03-31,RO,credit_balance_pf,52311.843695,R$ mi,BCB SCR.data v2
2026-03-31,RO,problem_assets_pf,10.016872,%,BCB SCR.data v2
2026-03-31,RO,delinquency_vehicle,5.577849,%,BCB SCR.data v2
2026-03-31,RO,delinquency_pj,5.682372,%,BCB SCR.data v2
2026-03-31,RO,credit_balance_pj,12463.324348,R$ mi,BCB SCR.data v2
2026-03-31,RO,problem_assets_pj,8.991192,%,BCB SCR.data v2
2026-03-31,RR,delinquency_card,11.076292,%,BCB SCR.data v2
2026-03-31,RR,delinquency_personal,6.309153,%,BCB SCR.data v2
2026-03-31,RR,delinquency_revolving,14.692038,%,BCB SCR.data v2
2026-03-31,RR,delinquency_pf,6.41581,%,BCB SCR.data v2
2026-03-31,RR,credit_balance_pf,12769.011638,R$ mi,BCB SCR.data v2
2026-03-31,RR,problem_assets_pf,9.461916,%,BCB SCR.data v2
2026-03-31,RR,delinquency_vehicle,6.326803,%,BCB SCR.data v2
2026-03-31,RR,delinquency_pj,3.932497,%,BCB SCR.data v2
2026-03-31,RR,credit_balance_pj,3691.70886,R$ mi,BCB SCR.data v2
2026-03-31,RR,problem_assets_pj,6.372884,%,BCB SCR.data v2
2026-03-31,RS,delinquency_card,9.080783,%,BCB SCR.data v2
2026-03-31,RS,delinquency_personal,6.121202,%,BCB SCR.data v2
2026-03-31,RS,delinquency_revolving,15.238274,%,BCB SCR.data v2
2026-03-31,RS,delinquency_pf,5.376891,%,BCB SCR.data v2
2026-03-31,RS,credit_balance_pf,346131.69946,R$ mi,BCB SCR.data v2
2026-03-31,RS,problem_assets_pf,8.803077,%,BCB SCR.data v2
2026-03-31,RS,delinquency_vehicle,6.270355,%,BCB SCR.data v2
2026-03-31,RS,delinquency_pj,3.34161,%,BCB SCR.data v2
2026-03-31,RS,credit_balance_pj,184274.108877,R$ mi,BCB SCR.data v2
2026-03-31,RS,problem_assets_pj,6.240858,%,BCB SCR.data v2
2026-03-31,SC,delinquency_card,7.514206,%,BCB SCR.data v2
2026-03-31,SC,delinquency_personal,5.298957,%,BCB SCR.data v2
2026-03-31,SC,delinquency_revolving,11.55766,%,BCB SCR.data v2
2026-03-31,SC,delinquency_pf,4.161426,%,BCB SCR.data v2
2026-03-31,SC,credit_balance_pf,227599.558588,R$ mi,BCB SCR.data v2
2026-03-31,SC,problem_assets_pf,6.772021,%,BCB SCR.data v2
2026-03-31,SC,delinquency_vehicle,5.686946,%,BCB SCR.data v2
2026-03-31,SC,delinquency_pj,2.719516,%,BCB SCR.data v2
2026-03-31,SC,credit_balance_pj,181232.808852,R$ mi,BCB SCR.data v2
2026-03-31,SC,problem_assets_pj,5.134681,%,BCB SCR.data v2
2026-03-31,SE,delinquency_card,10.883242,%,BCB SCR.data v2
2026-03-31,SE,delinquency_personal,5.51822,%,BCB SCR.data v2
2026-03-31,SE,delinquency_revolving,25.882986,%,BCB SCR.data v2
2026-03-31,SE,delinquency_pf,5.735398,%,BCB SCR.data v2
2026-03-31,SE,credit_balance_pf,36645.103667,R$ mi,BCB SCR.data v2
2026-03-31,SE,problem_assets_pf,8.823168,%,BCB SCR.data v2
2026-03-31,SE,delinquency_vehicle,7.241759,%,BCB SCR.data v2
2026-03-31,SE,delinquency_pj,4.642434,%,BCB SCR.data v2
2026-03-31,SE,credit_balance_pj,9612.929186,R$ mi,BCB SCR.data v2
2026-03-31,SE,problem_assets_pj,7.831634,%,BCB SCR.data v2
2026-03-31,SP,delinquency_card,9.524666,%,BCB SCR.data v2
2026-03-31,SP,delinquency_personal,5.622362,%,BCB SCR.data v2
2026-03-31,SP,delinquency_revolving,17.437803,%,BCB SCR.data v2
2026-03-31,SP,delinquency_pf,4.90654,%,BCB SCR.data v2
2026-03-31,SP,credit_balance_pf,1222526.377966,R$ mi,BCB SCR.data v2
2026-03-31,SP,problem_assets_pf,7.974463,%,BCB SCR.data v2
2026-03-31,SP,delinquency_vehicle,5.668459,%,BCB SCR.data v2
2026-03-31,SP,delinquency_pj,2.023262,%,BCB SCR.data v2
2026-03-31,SP,credit_balance_pj,1027966.00056,R$ mi,BCB SCR.data v2
2026-03-31,SP,problem_assets_pj,6.666593,%,BCB SCR.data v2
2026-03-31,TO,delinquency_card,9.719031,%,BCB SCR.data v2
2026-03-31,TO,delinquency_personal,6.823238,%,BCB SCR.data v2
2026-03-31,TO,delinquency_revolving,13.264384,%,BCB SCR.data v2
2026-03-31,TO,delinquency_pf,9.131316,%,BCB SCR.data v2
2026-03-31,TO,credit_balance_pf,43322.363448,R$ mi,BCB SCR.data v2
2026-03-31,TO,problem_assets_pf,13.554534,%,BCB SCR.data v2
2026-03-31,TO,delinquency_vehicle,5.885363,%,BCB SCR.data v2
2026-03-31,TO,delinquency_pj,4.401509,%,BCB SCR.data v2
2026-03-31,TO,credit_balance_pj,15676.146044,R$ mi,BCB SCR.data v2
2026-03-31,TO,problem_assets_pj,7.057422,%,BCB SCR.data v2
2026-04-30,AC,delinquency_card,12.056084,%,BCB SCR.data v2
2026-04-30,AC,delinquency_personal,5.033032,%,BCB SCR.data v2
2026-04-30,AC,delinquency_revolving,15.01933,%,BCB SCR.data v2
2026-04-30,AC,delinquency_pf,6.539945,%,BCB SCR.data v2
2026-04-30,AC,credit_balance_pf,15006.7649,R$ mi,BCB SCR.data v2
2026-04-30,AC,problem_assets_pf,9.784126,%,BCB SCR.data v2
2026-04-30,AC,delinquency_vehicle,4.891317,%,BCB SCR.data v2
2026-04-30,AC,delinquency_pj,8.769318,%,BCB SCR.data v2
2026-04-30,AC,credit_balance_pj,5032.523519,R$ mi,BCB SCR.data v2
2026-04-30,AC,problem_assets_pj,10.666369,%,BCB SCR.data v2
2026-04-30,AL,delinquency_card,12.840158,%,BCB SCR.data v2
2026-04-30,AL,delinquency_personal,5.132566,%,BCB SCR.data v2
2026-04-30,AL,delinquency_revolving,30.820539,%,BCB SCR.data v2
2026-04-30,AL,delinquency_pf,6.739515,%,BCB SCR.data v2
2026-04-30,AL,credit_balance_pf,43131.717863,R$ mi,BCB SCR.data v2
2026-04-30,AL,problem_assets_pf,9.74998,%,BCB SCR.data v2
2026-04-30,AL,delinquency_vehicle,9.815927,%,BCB SCR.data v2
2026-04-30,AL,delinquency_pj,3.320663,%,BCB SCR.data v2
2026-04-30,AL,credit_balance_pj,16485.58191,R$ mi,BCB SCR.data v2
2026-04-30,AL,problem_assets_pj,6.165816,%,BCB SCR.data v2
2026-04-30,AM,delinquency_card,13.062249,%,BCB SCR.data v2
2026-04-30,AM,delinquency_personal,6.156253,%,BCB SCR.data v2
2026-04-30,AM,delinquency_revolving,20.737061,%,BCB SCR.data v2
2026-04-30,AM,delinquency_pf,7.20613,%,BCB SCR.data v2
2026-04-30,AM,credit_balance_pf,45660.772267,R$ mi,BCB SCR.data v2
2026-04-30,AM,problem_assets_pf,10.443334,%,BCB SCR.data v2
2026-04-30,AM,delinquency_vehicle,7.598136,%,BCB SCR.data v2
2026-04-30,AM,delinquency_pj,4.289496,%,BCB SCR.data v2
2026-04-30,AM,credit_balance_pj,33721.848615,R$ mi,BCB SCR.data v2
2026-04-30,AM,problem_assets_pj,5.800778,%,BCB SCR.data v2
2026-04-30,AP,delinquency_card,16.432486,%,BCB SCR.data v2
2026-04-30,AP,delinquency_personal,5.336792,%,BCB SCR.data v2
2026-04-30,AP,delinquency_revolving,19.329341,%,BCB SCR.data v2
2026-04-30,AP,delinquency_pf,6.90791,%,BCB SCR.data v2
2026-04-30,AP,credit_balance_pf,13368.957755,R$ mi,BCB SCR.data v2
2026-04-30,AP,problem_assets_pf,10.73096,%,BCB SCR.data v2
2026-04-30,AP,delinquency_vehicle,5.356911,%,BCB SCR.data v2
2026-04-30,AP,delinquency_pj,6.380173,%,BCB SCR.data v2
2026-04-30,AP,credit_balance_pj,6343.425015,R$ mi,BCB SCR.data v2
2026-04-30,AP,problem_assets_pj,9.418531,%,BCB SCR.data v2
2026-04-30,BA,delinquency_card,12.686712,%,BCB SCR.data v2
2026-04-30,BA,delinquency_personal,6.085153,%,BCB SCR.data v2
2026-04-30,BA,delinquency_revolving,23.790848,%,BCB SCR.data v2
2026-04-30,BA,delinquency_pf,7.153333,%,BCB SCR.data v2
2026-04-30,BA,credit_balance_pf,193105.676811,R$ mi,BCB SCR.data v2
2026-04-30,BA,problem_assets_pf,10.414312,%,BCB SCR.data v2
2026-04-30,BA,delinquency_vehicle,7.02991,%,BCB SCR.data v2
2026-04-30,BA,delinquency_pj,3.538209,%,BCB SCR.data v2
2026-04-30,BA,credit_balance_pj,101656.771086,R$ mi,BCB SCR.data v2
2026-04-30,BA,problem_assets_pj,6.370541,%,BCB SCR.data v2
2026-04-30,CE,delinquency_card,11.248116,%,BCB SCR.data v2
2026-04-30,CE,delinquency_personal,5.262282,%,BCB SCR.data v2
2026-04-30,CE,delinquency_revolving,26.296976,%,BCB SCR.data v2
2026-04-30,CE,delinquency_pf,6.04573,%,BCB SCR.data v2
2026-04-30,CE,credit_balance_pf,115181.939115,R$ mi,BCB SCR.data v2
2026-04-30,CE,problem_assets_pf,8.955356,%,BCB SCR.data v2
2026-04-30,CE,delinquency_vehicle,6.198667,%,BCB SCR.data v2
2026-04-30,CE,delinquency_pj,3.882025,%,BCB SCR.data v2
2026-04-30,CE,credit_balance_pj,55848.634971,R$ mi,BCB SCR.data v2
2026-04-30,CE,problem_assets_pj,6.74747,%,BCB SCR.data v2
2026-04-30,DF,delinquency_card,9.04217,%,BCB SCR.data v2
2026-04-30,DF,delinquency_personal,4.15357,%,BCB SCR.data v2
2026-04-30,DF,delinquency_revolving,20.893374,%,BCB SCR.data v2
2026-04-30,DF,delinquency_pf,4.440122,%,BCB SCR.data v2
2026-04-30,DF,credit_balance_pf,106425.071082,R$ mi,BCB SCR.data v2
2026-04-30,DF,problem_assets_pf,7.353931,%,BCB SCR.data v2
2026-04-30,DF,delinquency_vehicle,5.255335,%,BCB SCR.data v2
2026-04-30,DF,delinquency_pj,1.953491,%,BCB SCR.data v2
2026-04-30,DF,credit_balance_pj,71342.938017,R$ mi,BCB SCR.data v2
2026-04-30,DF,problem_assets_pj,3.658582,%,BCB SCR.data v2
2026-04-30,ES,delinquency_card,8.707484,%,BCB SCR.data v2
2026-04-30,ES,delinquency_personal,5.212537,%,BCB SCR.data v2
2026-04-30,ES,delinquency_revolving,19.461423,%,BCB SCR.data v2
2026-04-30,ES,delinquency_pf,4.612773,%,BCB SCR.data v2
2026-04-30,ES,credit_balance_pf,77552.509128,R$ mi,BCB SCR.data v2
2026-04-30,ES,problem_assets_pf,7.393277,%,BCB SCR.data v2
2026-04-30,ES,delinquency_vehicle,4.643036,%,BCB SCR.data v2
2026-04-30,ES,delinquency_pj,2.9632,%,BCB SCR.data v2
2026-04-30,ES,credit_balance_pj,52414.578504,R$ mi,BCB SCR.data v2
2026-04-30,ES,problem_assets_pj,8.525787,%,BCB SCR.data v2
2026-04-30,GO,delinquency_card,11.377754,%,BCB SCR.data v2
2026-04-30,GO,delinquency_personal,7.081363,%,BCB SCR.data v2
2026-04-30,GO,delinquency_revolving,16.968847,%,BCB SCR.data v2
2026-04-30,GO,delinquency_pf,7.306105,%,BCB SCR.data v2
2026-04-30,GO,credit_balance_pf,255890.179556,R$ mi,BCB SCR.data v2
2026-04-30,GO,problem_assets_pf,11.629783,%,BCB SCR.data v2
2026-04-30,GO,delinquency_vehicle,6.643213,%,BCB SCR.data v2
2026-04-30,GO,delinquency_pj,4.470247,%,BCB SCR.data v2
2026-04-30,GO,credit_balance_pj,87312.086279,R$ mi,BCB SCR.data v2
2026-04-30,GO,problem_assets_pj,8.641997,%,BCB SCR.data v2
2026-04-30,MA,delinquency_card,11.885242,%,BCB SCR.data v2
2026-04-30,MA,delinquency_personal,5.486467,%,BCB SCR.data v2
2026-04-30,MA,delinquency_revolving,16.36507,%,BCB SCR.data v2
2026-04-30,MA,delinquency_pf,9.373181,%,BCB SCR.data v2
2026-04-30,MA,credit_balance_pf,90118.474139,R$ mi,BCB SCR.data v2
2026-04-30,MA,problem_assets_pf,13.37943,%,BCB SCR.data v2
2026-04-30,MA,delinquency_vehicle,6.136312,%,BCB SCR.data v2
2026-04-30,MA,delinquency_pj,6.394882,%,BCB SCR.data v2
2026-04-30,MA,credit_balance_pj,25058.257914,R$ mi,BCB SCR.data v2
2026-04-30,MA,problem_assets_pj,9.522767,%,BCB SCR.data v2
2026-04-30,MG,delinquency_card,9.001135,%,BCB SCR.data v2
2026-04-30,MG,delinquency_personal,5.681551,%,BCB SCR.data v2
2026-04-30,MG,delinquency_revolving,17.037908,%,BCB SCR.data v2
2026-04-30,MG,delinquency_pf,5.32837,%,BCB SCR.data v2
2026-04-30,MG,credit_balance_pf,441576.433179,R$ mi,BCB SCR.data v2
2026-04-30,MG,problem_assets_pf,8.685005,%,BCB SCR.data v2
2026-04-30,MG,delinquency_vehicle,5.696135,%,BCB SCR.data v2
2026-04-30,MG,delinquency_pj,3.447443,%,BCB SCR.data v2
2026-04-30,MG,credit_balance_pj,221621.928856,R$ mi,BCB SCR.data v2
2026-04-30,MG,problem_assets_pj,6.131722,%,BCB SCR.data v2
2026-04-30,MS,delinquency_card,11.222303,%,BCB SCR.data v2
2026-04-30,MS,delinquency_personal,5.667224,%,BCB SCR.data v2
2026-04-30,MS,delinquency_revolving,14.016787,%,BCB SCR.data v2
2026-04-30,MS,delinquency_pf,7.082844,%,BCB SCR.data v2
2026-04-30,MS,credit_balance_pf,104514.109362,R$ mi,BCB SCR.data v2
2026-04-30,MS,problem_assets_pf,11.747871,%,BCB SCR.data v2
2026-04-30,MS,delinquency_vehicle,6.188067,%,BCB SCR.data v2
2026-04-30,MS,delinquency_pj,4.673536,%,BCB SCR.data v2
2026-04-30,MS,credit_balance_pj,38314.842914,R$ mi,BCB SCR.data v2
2026-04-30,MS,problem_assets_pj,9.830468,%,BCB SCR.data v2
2026-04-30,MT,delinquency_card,10.596652,%,BCB SCR.data v2
2026-04-30,MT,delinquency_personal,6.539464,%,BCB SCR.data v2
2026-04-30,MT,delinquency_revolving,12.572257,%,BCB SCR.data v2
2026-04-30,MT,delinquency_pf,6.36769,%,BCB SCR.data v2
2026-04-30,MT,credit_balance_pf,180441.339837,R$ mi,BCB SCR.data v2
2026-04-30,MT,problem_assets_pf,10.661245,%,BCB SCR.data v2
2026-04-30,MT,delinquency_vehicle,5.369313,%,BCB SCR.data v2
2026-04-30,MT,delinquency_pj,4.257915,%,BCB SCR.data v2
2026-04-30,MT,credit_balance_pj,82692.165378,R$ mi,BCB SCR.data v2
2026-04-30,MT,problem_assets_pj,7.511424,%,BCB SCR.data v2
2026-04-30,PA,delinquency_card,12.034047,%,BCB SCR.data v2
2026-04-30,PA,delinquency_personal,5.270834,%,BCB SCR.data v2
2026-04-30,PA,delinquency_revolving,19.816183,%,BCB SCR.data v2
2026-04-30,PA,delinquency_pf,7.015175,%,BCB SCR.data v2
2026-04-30,PA,credit_balance_pf,112976.596676,R$ mi,BCB SCR.data v2
2026-04-30,PA,problem_assets_pf,10.209445,%,BCB SCR.data v2
2026-04-30,PA,delinquency_vehicle,7.252991,%,BCB SCR.data v2
2026-04-30,PA,delinquency_pj,4.728769,%,BCB SCR.data v2
2026-04-30,PA,credit_balance_pj,53145.580453,R$ mi,BCB SCR.data v2
2026-04-30,PA,problem_assets_pj,7.094383,%,BCB SCR.data v2
2026-04-30,PB,delinquency_card,10.891056,%,BCB SCR.data v2
2026-04-30,PB,delinquency_personal,4.749912,%,BCB SCR.data v2
2026-04-30,PB,delinquency_revolving,25.757906,%,BCB SCR.data v2
2026-04-30,PB,delinquency_pf,5.393937,%,BCB SCR.data v2
2026-04-30,PB,credit_balance_pf,62383.054763,R$ mi,BCB SCR.data v2
2026-04-30,PB,problem_assets_pf,9.11989,%,BCB SCR.data v2
2026-04-30,PB,delinquency_vehicle,5.818336,%,BCB SCR.data v2
2026-04-30,PB,delinquency_pj,8.952052,%,BCB SCR.data v2
2026-04-30,PB,credit_balance_pj,14774.984433,R$ mi,BCB SCR.data v2
2026-04-30,PB,problem_assets_pj,10.897525,%,BCB SCR.data v2
2026-04-30,PE,delinquency_card,12.196226,%,BCB SCR.data v2
2026-04-30,PE,delinquency_personal,5.460591,%,BCB SCR.data v2
2026-04-30,PE,delinquency_revolving,25.277946,%,BCB SCR.data v2
2026-04-30,PE,delinquency_pf,6.507586,%,BCB SCR.data v2
2026-04-30,PE,credit_balance_pf,120843.349109,R$ mi,BCB SCR.data v2
2026-04-30,PE,problem_assets_pf,9.628048,%,BCB SCR.data v2
2026-04-30,PE,delinquency_vehicle,7.178801,%,BCB SCR.data v2
2026-04-30,PE,delinquency_pj,3.258529,%,BCB SCR.data v2
2026-04-30,PE,credit_balance_pj,50020.756055,R$ mi,BCB SCR.data v2
2026-04-30,PE,problem_assets_pj,6.291723,%,BCB SCR.data v2
2026-04-30,PI,delinquency_card,12.137631,%,BCB SCR.data v2
2026-04-30,PI,delinquency_personal,5.201019,%,BCB SCR.data v2
2026-04-30,PI,delinquency_revolving,21.511226,%,BCB SCR.data v2
2026-04-30,PI,delinquency_pf,6.723841,%,BCB SCR.data v2
2026-04-30,PI,credit_balance_pf,40737.190276,R$ mi,BCB SCR.data v2
2026-04-30,PI,problem_assets_pf,10.365021,%,BCB SCR.data v2
2026-04-30,PI,delinquency_vehicle,6.979078,%,BCB SCR.data v2
2026-04-30,PI,delinquency_pj,2.490887,%,BCB SCR.data v2
2026-04-30,PI,credit_balance_pj,27999.945268,R$ mi,BCB SCR.data v2
2026-04-30,PI,problem_assets_pj,3.600446,%,BCB SCR.data v2
2026-04-30,PR,delinquency_card,9.355155,%,BCB SCR.data v2
2026-04-30,PR,delinquency_personal,5.215631,%,BCB SCR.data v2
2026-04-30,PR,delinquency_revolving,18.039562,%,BCB SCR.data v2
2026-04-30,PR,delinquency_pf,4.943216,%,BCB SCR.data v2
2026-04-30,PR,credit_balance_pf,351344.687575,R$ mi,BCB SCR.data v2
2026-04-30,PR,problem_assets_pf,7.95296,%,BCB SCR.data v2
2026-04-30,PR,delinquency_vehicle,5.73145,%,BCB SCR.data v2
2026-04-30,PR,delinquency_pj,3.732364,%,BCB SCR.data v2
2026-04-30,PR,credit_balance_pj,210673.652903,R$ mi,BCB SCR.data v2
2026-04-30,PR,problem_assets_pj,6.668548,%,BCB SCR.data v2
2026-04-30,RJ,delinquency_card,11.186352,%,BCB SCR.data v2
2026-04-30,RJ,delinquency_personal,5.999224,%,BCB SCR.data v2
2026-04-30,RJ,delinquency_revolving,21.087248,%,BCB SCR.data v2
2026-04-30,RJ,delinquency_pf,6.767541,%,BCB SCR.data v2
2026-04-30,RJ,credit_balance_pf,290717.768157,R$ mi,BCB SCR.data v2
2026-04-30,RJ,problem_assets_pf,9.860319,%,BCB SCR.data v2
2026-04-30,RJ,delinquency_vehicle,10.251177,%,BCB SCR.data v2
2026-04-30,RJ,delinquency_pj,1.984679,%,BCB SCR.data v2
2026-04-30,RJ,credit_balance_pj,284306.934278,R$ mi,BCB SCR.data v2
2026-04-30,RJ,problem_assets_pj,7.456543,%,BCB SCR.data v2
2026-04-30,RN,delinquency_card,12.179677,%,BCB SCR.data v2
2026-04-30,RN,delinquency_personal,5.144016,%,BCB SCR.data v2
2026-04-30,RN,delinquency_revolving,29.036248,%,BCB SCR.data v2
2026-04-30,RN,delinquency_pf,5.954145,%,BCB SCR.data v2
2026-04-30,RN,credit_balance_pf,52939.601395,R$ mi,BCB SCR.data v2
2026-04-30,RN,problem_assets_pf,9.879173,%,BCB SCR.data v2
2026-04-30,RN,delinquency_vehicle,5.808384,%,BCB SCR.data v2
2026-04-30,RN,delinquency_pj,3.894155,%,BCB SCR.data v2
2026-04-30,RN,credit_balance_pj,18768.143326,R$ mi,BCB SCR.data v2
2026-04-30,RN,problem_assets_pj,5.704929,%,BCB SCR.data v2
2026-04-30,RO,delinquency_card,10.391228,%,BCB SCR.data v2
2026-04-30,RO,delinquency_personal,6.330826,%,BCB SCR.data v2
2026-04-30,RO,delinquency_revolving,10.740345,%,BCB SCR.data v2
2026-04-30,RO,delinquency_pf,6.609576,%,BCB SCR.data v2
2026-04-30,RO,credit_balance_pf,52537.621007,R$ mi,BCB SCR.data v2
2026-04-30,RO,problem_assets_pf,10.224402,%,BCB SCR.data v2
2026-04-30,RO,delinquency_vehicle,5.660564,%,BCB SCR.data v2
2026-04-30,RO,delinquency_pj,6.044569,%,BCB SCR.data v2
2026-04-30,RO,credit_balance_pj,12379.013783,R$ mi,BCB SCR.data v2
2026-04-30,RO,problem_assets_pj,9.311736,%,BCB SCR.data v2
2026-04-30,RR,delinquency_card,12.907563,%,BCB SCR.data v2
2026-04-30,RR,delinquency_personal,6.730413,%,BCB SCR.data v2
2026-04-30,RR,delinquency_revolving,13.983259,%,BCB SCR.data v2
2026-04-30,RR,delinquency_pf,6.894795,%,BCB SCR.data v2
2026-04-30,RR,credit_balance_pf,12901.213399,R$ mi,BCB SCR.data v2
2026-04-30,RR,problem_assets_pf,9.879538,%,BCB SCR.data v2
2026-04-30,RR,delinquency_vehicle,6.441978,%,BCB SCR.data v2
2026-04-30,RR,delinquency_pj,4.250444,%,BCB SCR.data v2
2026-04-30,RR,credit_balance_pj,3725.783222,R$ mi,BCB SCR.data v2
2026-04-30,RR,problem_assets_pj,6.495531,%,BCB SCR.data v2
2026-04-30,RS,delinquency_card,9.70556,%,BCB SCR.data v2
2026-04-30,RS,delinquency_personal,6.171018,%,BCB SCR.data v2
2026-04-30,RS,delinquency_revolving,15.251489,%,BCB SCR.data v2
2026-04-30,RS,delinquency_pf,5.514092,%,BCB SCR.data v2
2026-04-30,RS,credit_balance_pf,347644.965035,R$ mi,BCB SCR.data v2
2026-04-30,RS,problem_assets_pf,8.985015,%,BCB SCR.data v2
2026-04-30,RS,delinquency_vehicle,6.415582,%,BCB SCR.data v2
2026-04-30,RS,delinquency_pj,3.394808,%,BCB SCR.data v2
2026-04-30,RS,credit_balance_pj,184012.193805,R$ mi,BCB SCR.data v2
2026-04-30,RS,problem_assets_pj,6.28997,%,BCB SCR.data v2
2026-04-30,SC,delinquency_card,8.006813,%,BCB SCR.data v2
2026-04-30,SC,delinquency_personal,5.521046,%,BCB SCR.data v2
2026-04-30,SC,delinquency_revolving,11.258165,%,BCB SCR.data v2
2026-04-30,SC,delinquency_pf,4.29787,%,BCB SCR.data v2
2026-04-30,SC,credit_balance_pf,228930.776402,R$ mi,BCB SCR.data v2
2026-04-30,SC,problem_assets_pf,6.898295,%,BCB SCR.data v2
2026-04-30,SC,delinquency_vehicle,5.770337,%,BCB SCR.data v2
2026-04-30,SC,delinquency_pj,2.910543,%,BCB SCR.data v2
2026-04-30,SC,credit_balance_pj,181017.523825,R$ mi,BCB SCR.data v2
2026-04-30,SC,problem_assets_pj,5.323649,%,BCB SCR.data v2
2026-04-30,SE,delinquency_card,11.433303,%,BCB SCR.data v2
2026-04-30,SE,delinquency_personal,5.693698,%,BCB SCR.data v2
2026-04-30,SE,delinquency_revolving,26.104579,%,BCB SCR.data v2
2026-04-30,SE,delinquency_pf,5.922481,%,BCB SCR.data v2
2026-04-30,SE,credit_balance_pf,36998.201434,R$ mi,BCB SCR.data v2
2026-04-30,SE,problem_assets_pf,8.963727,%,BCB SCR.data v2
2026-04-30,SE,delinquency_vehicle,7.352642,%,BCB SCR.data v2
2026-04-30,SE,delinquency_pj,4.672682,%,BCB SCR.data v2
2026-04-30,SE,credit_balance_pj,9709.314292,R$ mi,BCB SCR.data v2
2026-04-30,SE,problem_assets_pj,7.782734,%,BCB SCR.data v2
2026-04-30,SP,delinquency_card,9.976015,%,BCB SCR.data v2
2026-04-30,SP,delinquency_personal,5.836733,%,BCB SCR.data v2
2026-04-30,SP,delinquency_revolving,17.368841,%,BCB SCR.data v2
2026-04-30,SP,delinquency_pf,5.04512,%,BCB SCR.data v2
2026-04-30,SP,credit_balance_pf,1230642.499465,R$ mi,BCB SCR.data v2
2026-04-30,SP,problem_assets_pf,8.083889,%,BCB SCR.data v2
2026-04-30,SP,delinquency_vehicle,5.79796,%,BCB SCR.data v2
2026-04-30,SP,delinquency_pj,2.364635,%,BCB SCR.data v2
2026-04-30,SP,credit_balance_pj,1022802.339815,R$ mi,BCB SCR.data v2
2026-04-30,SP,problem_assets_pj,6.988849,%,BCB SCR.data v2
2026-04-30,TO,delinquency_card,11.093494,%,BCB SCR.data v2
2026-04-30,TO,delinquency_personal,7.093157,%,BCB SCR.data v2
2026-04-30,TO,delinquency_revolving,12.885375,%,BCB SCR.data v2
2026-04-30,TO,delinquency_pf,9.454918,%,BCB SCR.data v2
2026-04-30,TO,credit_balance_pf,43491.727541,R$ mi,BCB SCR.data v2
2026-04-30,TO,problem_assets_pf,13.92055,%,BCB SCR.data v2
2026-04-30,TO,delinquency_vehicle,6.080121,%,BCB SCR.data v2
2026-04-30,TO,delinquency_pj,4.537587,%,BCB SCR.data v2
2026-04-30,TO,credit_balance_pj,17042.135743,R$ mi,BCB SCR.data v2
2026-04-30,TO,problem_assets_pj,6.958468,%,BCB SCR.data v2
2026-05-31,AC,delinquency_card,12.816569,%,BCB SCR.data v2
2026-05-31,AC,delinquency_personal,5.299034,%,BCB SCR.data v2
2026-05-31,AC,delinquency_revolving,18.570501,%,BCB SCR.data v2
2026-05-31,AC,delinquency_pf,6.915751,%,BCB SCR.data v2
2026-05-31,AC,credit_balance_pf,15128.568548,R$ mi,BCB SCR.data v2
2026-05-31,AC,problem_assets_pf,10.139886,%,BCB SCR.data v2
2026-05-31,AC,delinquency_vehicle,5.125354,%,BCB SCR.data v2
2026-05-31,AC,delinquency_pj,5.047673,%,BCB SCR.data v2
2026-05-31,AC,credit_balance_pj,4833.494844,R$ mi,BCB SCR.data v2
2026-05-31,AC,problem_assets_pj,6.901524,%,BCB SCR.data v2
2026-05-31,AL,delinquency_card,13.219012,%,BCB SCR.data v2
2026-05-31,AL,delinquency_personal,5.371944,%,BCB SCR.data v2
2026-05-31,AL,delinquency_revolving,33.747511,%,BCB SCR.data v2
2026-05-31,AL,delinquency_pf,6.977133,%,BCB SCR.data v2
2026-05-31,AL,credit_balance_pf,43564.880519,R$ mi,BCB SCR.data v2
2026-05-31,AL,problem_assets_pf,10.027878,%,BCB SCR.data v2
2026-05-31,AL,delinquency_vehicle,9.979916,%,BCB SCR.data v2
2026-05-31,AL,delinquency_pj,3.403591,%,BCB SCR.data v2
2026-05-31,AL,credit_balance_pj,16541.464634,R$ mi,BCB SCR.data v2
2026-05-31,AL,problem_assets_pj,6.428939,%,BCB SCR.data v2
2026-05-31,AM,delinquency_card,13.440473,%,BCB SCR.data v2
2026-05-31,AM,delinquency_personal,6.404682,%,BCB SCR.data v2
2026-05-31,AM,delinquency_revolving,22.796775,%,BCB SCR.data v2
2026-05-31,AM,delinquency_pf,7.379844,%,BCB SCR.data v2
2026-05-31,AM,credit_balance_pf,46044.668953,R$ mi,BCB SCR.data v2
2026-05-31,AM,problem_assets_pf,10.727967,%,BCB SCR.data v2
2026-05-31,AM,delinquency_vehicle,7.947678,%,BCB SCR.data v2
2026-05-31,AM,delinquency_pj,4.405657,%,BCB SCR.data v2
2026-05-31,AM,credit_balance_pj,33763.938942,R$ mi,BCB SCR.data v2
2026-05-31,AM,problem_assets_pj,6.070122,%,BCB SCR.data v2
2026-05-31,AP,delinquency_card,17.312676,%,BCB SCR.data v2
2026-05-31,AP,delinquency_personal,5.296069,%,BCB SCR.data v2
2026-05-31,AP,delinquency_revolving,22.998487,%,BCB SCR.data v2
2026-05-31,AP,delinquency_pf,7.081661,%,BCB SCR.data v2
2026-05-31,AP,credit_balance_pf,13515.427303,R$ mi,BCB SCR.data v2
2026-05-31,AP,problem_assets_pf,10.942739,%,BCB SCR.data v2
2026-05-31,AP,delinquency_vehicle,5.744419,%,BCB SCR.data v2
2026-05-31,AP,delinquency_pj,4.669622,%,BCB SCR.data v2
2026-05-31,AP,credit_balance_pj,6239.851006,R$ mi,BCB SCR.data v2
2026-05-31,AP,problem_assets_pj,7.488358,%,BCB SCR.data v2
2026-05-31,BA,delinquency_card,13.002438,%,BCB SCR.data v2
2026-05-31,BA,delinquency_personal,6.29482,%,BCB SCR.data v2
2026-05-31,BA,delinquency_revolving,26.211196,%,BCB SCR.data v2
2026-05-31,BA,delinquency_pf,7.362072,%,BCB SCR.data v2
2026-05-31,BA,credit_balance_pf,194810.983817,R$ mi,BCB SCR.data v2
2026-05-31,BA,problem_assets_pf,10.655974,%,BCB SCR.data v2
2026-05-31,BA,delinquency_vehicle,7.242005,%,BCB SCR.data v2
2026-05-31,BA,delinquency_pj,3.247415,%,BCB SCR.data v2
2026-05-31,BA,credit_balance_pj,102789.189209,R$ mi,BCB SCR.data v2
2026-05-31,BA,problem_assets_pj,6.116732,%,BCB SCR.data v2
2026-05-31,CE,delinquency_card,11.506427,%,BCB SCR.data v2
2026-05-31,CE,delinquency_personal,5.422417,%,BCB SCR.data v2
2026-05-31,CE,delinquency_revolving,29.186189,%,BCB SCR.data v2
2026-05-31,CE,delinquency_pf,6.238209,%,BCB SCR.data v2
2026-05-31,CE,credit_balance_pf,116412.816044,R$ mi,BCB SCR.data v2
2026-05-31,CE,problem_assets_pf,9.164946,%,BCB SCR.data v2
2026-05-31,CE,delinquency_vehicle,6.413503,%,BCB SCR.data v2
2026-05-31,CE,delinquency_pj,4.042021,%,BCB SCR.data v2
2026-05-31,CE,credit_balance_pj,56773.795288,R$ mi,BCB SCR.data v2
2026-05-31,CE,problem_assets_pj,6.915665,%,BCB SCR.data v2
2026-05-31,DF,delinquency_card,9.303209,%,BCB SCR.data v2
2026-05-31,DF,delinquency_personal,4.206471,%,BCB SCR.data v2
2026-05-31,DF,delinquency_revolving,23.701504,%,BCB SCR.data v2
2026-05-31,DF,delinquency_pf,4.534064,%,BCB SCR.data v2
2026-05-31,DF,credit_balance_pf,107086.556389,R$ mi,BCB SCR.data v2
2026-05-31,DF,problem_assets_pf,7.488695,%,BCB SCR.data v2
2026-05-31,DF,delinquency_vehicle,5.352969,%,BCB SCR.data v2
2026-05-31,DF,delinquency_pj,2.032549,%,BCB SCR.data v2
2026-05-31,DF,credit_balance_pj,71486.219183,R$ mi,BCB SCR.data v2
2026-05-31,DF,problem_assets_pj,3.670698,%,BCB SCR.data v2
2026-05-31,ES,delinquency_card,8.855834,%,BCB SCR.data v2
2026-05-31,ES,delinquency_personal,5.324271,%,BCB SCR.data v2
2026-05-31,ES,delinquency_revolving,21.573981,%,BCB SCR.data v2
2026-05-31,ES,delinquency_pf,4.7026,%,BCB SCR.data v2
2026-05-31,ES,credit_balance_pf,78318.031113,R$ mi,BCB SCR.data v2
2026-05-31,ES,problem_assets_pf,7.504588,%,BCB SCR.data v2
2026-05-31,ES,delinquency_vehicle,4.82363,%,BCB SCR.data v2
2026-05-31,ES,delinquency_pj,3.138863,%,BCB SCR.data v2
2026-05-31,ES,credit_balance_pj,52830.919946,R$ mi,BCB SCR.data v2
2026-05-31,ES,problem_assets_pj,8.848018,%,BCB SCR.data v2
2026-05-31,GO,delinquency_card,11.812922,%,BCB SCR.data v2
2026-05-31,GO,delinquency_personal,7.199704,%,BCB SCR.data v2
2026-05-31,GO,delinquency_revolving,19.230072,%,BCB SCR.data v2
2026-05-31,GO,delinquency_pf,7.432758,%,BCB SCR.data v2
2026-05-31,GO,credit_balance_pf,257015.299322,R$ mi,BCB SCR.data v2
2026-05-31,GO,problem_assets_pf,11.932168,%,BCB SCR.data v2
2026-05-31,GO,delinquency_vehicle,6.779413,%,BCB SCR.data v2
2026-05-31,GO,delinquency_pj,4.633864,%,BCB SCR.data v2
2026-05-31,GO,credit_balance_pj,88583.632093,R$ mi,BCB SCR.data v2
2026-05-31,GO,problem_assets_pj,8.886439,%,BCB SCR.data v2
2026-05-31,MA,delinquency_card,12.496749,%,BCB SCR.data v2
2026-05-31,MA,delinquency_personal,5.646038,%,BCB SCR.data v2
2026-05-31,MA,delinquency_revolving,19.896518,%,BCB SCR.data v2
2026-05-31,MA,delinquency_pf,9.661687,%,BCB SCR.data v2
2026-05-31,MA,credit_balance_pf,90401.570086,R$ mi,BCB SCR.data v2
2026-05-31,MA,problem_assets_pf,13.694984,%,BCB SCR.data v2
2026-05-31,MA,delinquency_vehicle,6.571402,%,BCB SCR.data v2
2026-05-31,MA,delinquency_pj,6.623756,%,BCB SCR.data v2
2026-05-31,MA,credit_balance_pj,25150.470448,R$ mi,BCB SCR.data v2
2026-05-31,MA,problem_assets_pj,9.98544,%,BCB SCR.data v2
2026-05-31,MG,delinquency_card,9.286448,%,BCB SCR.data v2
2026-05-31,MG,delinquency_personal,5.879086,%,BCB SCR.data v2
2026-05-31,MG,delinquency_revolving,19.012477,%,BCB SCR.data v2
2026-05-31,MG,delinquency_pf,5.486127,%,BCB SCR.data v2
2026-05-31,MG,credit_balance_pf,444597.147681,R$ mi,BCB SCR.data v2
2026-05-31,MG,problem_assets_pf,8.897885,%,BCB SCR.data v2
2026-05-31,MG,delinquency_vehicle,5.900643,%,BCB SCR.data v2
2026-05-31,MG,delinquency_pj,3.422213,%,BCB SCR.data v2
2026-05-31,MG,credit_balance_pj,224876.315719,R$ mi,BCB SCR.data v2
2026-05-31,MG,problem_assets_pj,6.157041,%,BCB SCR.data v2
2026-05-31,MS,delinquency_card,11.852187,%,BCB SCR.data v2
2026-05-31,MS,delinquency_personal,5.841042,%,BCB SCR.data v2
2026-05-31,MS,delinquency_revolving,15.848951,%,BCB SCR.data v2
2026-05-31,MS,delinquency_pf,7.226796,%,BCB SCR.data v2
2026-05-31,MS,credit_balance_pf,104539.862679,R$ mi,BCB SCR.data v2
2026-05-31,MS,problem_assets_pf,11.922186,%,BCB SCR.data v2
2026-05-31,MS,delinquency_vehicle,6.417498,%,BCB SCR.data v2
2026-05-31,MS,delinquency_pj,4.827018,%,BCB SCR.data v2
2026-05-31,MS,credit_balance_pj,38285.520951,R$ mi,BCB SCR.data v2
2026-05-31,MS,problem_assets_pj,9.998627,%,BCB SCR.data v2
2026-05-31,MT,delinquency_card,11.090683,%,BCB SCR.data v2
2026-05-31,MT,delinquency_personal,6.675918,%,BCB SCR.data v2
2026-05-31,MT,delinquency_revolving,14.798315,%,BCB SCR.data v2
2026-05-31,MT,delinquency_pf,6.41805,%,BCB SCR.data v2
2026-05-31,MT,credit_balance_pf,180459.087204,R$ mi,BCB SCR.data v2
2026-05-31,MT,problem_assets_pf,10.811416,%,BCB SCR.data v2
2026-05-31,MT,delinquency_vehicle,5.62082,%,BCB SCR.data v2
2026-05-31,MT,delinquency_pj,4.358889,%,BCB SCR.data v2
2026-05-31,MT,credit_balance_pj,82635.648257,R$ mi,BCB SCR.data v2
2026-05-31,MT,problem_assets_pj,7.743358,%,BCB SCR.data v2
2026-05-31,PA,delinquency_card,12.520778,%,BCB SCR.data v2
2026-05-31,PA,delinquency_personal,5.581201,%,BCB SCR.data v2
2026-05-31,PA,delinquency_revolving,22.408809,%,BCB SCR.data v2
2026-05-31,PA,delinquency_pf,7.360764,%,BCB SCR.data v2
2026-05-31,PA,credit_balance_pf,113862.156514,R$ mi,BCB SCR.data v2
2026-05-31,PA,problem_assets_pf,10.627236,%,BCB SCR.data v2
2026-05-31,PA,delinquency_vehicle,7.693699,%,BCB SCR.data v2
2026-05-31,PA,delinquency_pj,4.521339,%,BCB SCR.data v2
2026-05-31,PA,credit_balance_pj,53704.299392,R$ mi,BCB SCR.data v2
2026-05-31,PA,problem_assets_pj,7.132372,%,BCB SCR.data v2
2026-05-31,PB,delinquency_card,11.680061,%,BCB SCR.data v2
2026-05-31,PB,delinquency_personal,4.951792,%,BCB SCR.data v2
2026-05-31,PB,delinquency_revolving,28.260291,%,BCB SCR.data v2
2026-05-31,PB,delinquency_pf,5.550701,%,BCB SCR.data v2
2026-05-31,PB,credit_balance_pf,63030.319853,R$ mi,BCB SCR.data v2
2026-05-31,PB,problem_assets_pf,9.325491,%,BCB SCR.data v2
2026-05-31,PB,delinquency_vehicle,6.008748,%,BCB SCR.data v2
2026-05-31,PB,delinquency_pj,9.065498,%,BCB SCR.data v2
2026-05-31,PB,credit_balance_pj,14897.433595,R$ mi,BCB SCR.data v2
2026-05-31,PB,problem_assets_pj,11.129808,%,BCB SCR.data v2
2026-05-31,PE,delinquency_card,12.49608,%,BCB SCR.data v2
2026-05-31,PE,delinquency_personal,5.64482,%,BCB SCR.data v2
2026-05-31,PE,delinquency_revolving,27.557069,%,BCB SCR.data v2
2026-05-31,PE,delinquency_pf,6.636019,%,BCB SCR.data v2
2026-05-31,PE,credit_balance_pf,122064.525202,R$ mi,BCB SCR.data v2
2026-05-31,PE,problem_assets_pf,9.832095,%,BCB SCR.data v2
2026-05-31,PE,delinquency_vehicle,7.35577,%,BCB SCR.data v2
2026-05-31,PE,delinquency_pj,3.472982,%,BCB SCR.data v2
2026-05-31,PE,credit_balance_pj,50956.452386,R$ mi,BCB SCR.data v2
2026-05-31,PE,problem_assets_pj,6.47274,%,BCB SCR.data v2
2026-05-31,PI,delinquency_card,12.734866,%,BCB SCR.data v2
2026-05-31,PI,delinquency_personal,5.319645,%,BCB SCR.data v2
2026-05-31,PI,delinquency_revolving,25.188035,%,BCB SCR.data v2
2026-05-31,PI,delinquency_pf,6.87265,%,BCB SCR.data v2
2026-05-31,PI,credit_balance_pf,41039.634855,R$ mi,BCB SCR.data v2
2026-05-31,PI,problem_assets_pf,10.566869,%,BCB SCR.data v2
2026-05-31,PI,delinquency_vehicle,7.28722,%,BCB SCR.data v2
2026-05-31,PI,delinquency_pj,2.797029,%,BCB SCR.data v2
2026-05-31,PI,credit_balance_pj,28110.282302,R$ mi,BCB SCR.data v2
2026-05-31,PI,problem_assets_pj,3.903353,%,BCB SCR.data v2
2026-05-31,PR,delinquency_card,9.66238,%,BCB SCR.data v2
2026-05-31,PR,delinquency_personal,5.420115,%,BCB SCR.data v2
2026-05-31,PR,delinquency_revolving,20.146909,%,BCB SCR.data v2
2026-05-31,PR,delinquency_pf,5.028291,%,BCB SCR.data v2
2026-05-31,PR,credit_balance_pf,351344.288954,R$ mi,BCB SCR.data v2
2026-05-31,PR,problem_assets_pf,8.209087,%,BCB SCR.data v2
2026-05-31,PR,delinquency_vehicle,5.955721,%,BCB SCR.data v2
2026-05-31,PR,delinquency_pj,3.650238,%,BCB SCR.data v2
2026-05-31,PR,credit_balance_pj,211589.979134,R$ mi,BCB SCR.data v2
2026-05-31,PR,problem_assets_pj,6.590786,%,BCB SCR.data v2
2026-05-31,RJ,delinquency_card,11.422404,%,BCB SCR.data v2
2026-05-31,RJ,delinquency_personal,6.158676,%,BCB SCR.data v2
2026-05-31,RJ,delinquency_revolving,22.810017,%,BCB SCR.data v2
2026-05-31,RJ,delinquency_pf,6.928658,%,BCB SCR.data v2
2026-05-31,RJ,credit_balance_pf,292616.29772,R$ mi,BCB SCR.data v2
2026-05-31,RJ,problem_assets_pf,10.039554,%,BCB SCR.data v2
2026-05-31,RJ,delinquency_vehicle,10.505032,%,BCB SCR.data v2
2026-05-31,RJ,delinquency_pj,1.880673,%,BCB SCR.data v2
2026-05-31,RJ,credit_balance_pj,285424.219569,R$ mi,BCB SCR.data v2
2026-05-31,RJ,problem_assets_pj,7.227873,%,BCB SCR.data v2
2026-05-31,RN,delinquency_card,12.633445,%,BCB SCR.data v2
2026-05-31,RN,delinquency_personal,5.160916,%,BCB SCR.data v2
2026-05-31,RN,delinquency_revolving,32.060764,%,BCB SCR.data v2
2026-05-31,RN,delinquency_pf,6.090614,%,BCB SCR.data v2
2026-05-31,RN,credit_balance_pf,53426.667965,R$ mi,BCB SCR.data v2
2026-05-31,RN,problem_assets_pf,10.09264,%,BCB SCR.data v2
2026-05-31,RN,delinquency_vehicle,6.026092,%,BCB SCR.data v2
2026-05-31,RN,delinquency_pj,3.974513,%,BCB SCR.data v2
2026-05-31,RN,credit_balance_pj,19295.648677,R$ mi,BCB SCR.data v2
2026-05-31,RN,problem_assets_pj,5.758109,%,BCB SCR.data v2
2026-05-31,RO,delinquency_card,10.913509,%,BCB SCR.data v2
2026-05-31,RO,delinquency_personal,6.469965,%,BCB SCR.data v2
2026-05-31,RO,delinquency_revolving,13.435978,%,BCB SCR.data v2
2026-05-31,RO,delinquency_pf,6.860577,%,BCB SCR.data v2
2026-05-31,RO,credit_balance_pf,52503.579597,R$ mi,BCB SCR.data v2
2026-05-31,RO,problem_assets_pf,10.530003,%,BCB SCR.data v2
2026-05-31,RO,delinquency_vehicle,5.804204,%,BCB SCR.data v2
2026-05-31,RO,delinquency_pj,6.235362,%,BCB SCR.data v2
2026-05-31,RO,credit_balance_pj,12404.623892,R$ mi,BCB SCR.data v2
2026-05-31,RO,problem_assets_pj,9.539642,%,BCB SCR.data v2
2026-05-31,RR,delinquency_card,14.230182,%,BCB SCR.data v2
2026-05-31,RR,delinquency_personal,6.9373,%,BCB SCR.data v2
2026-05-31,RR,delinquency_revolving,17.735899,%,BCB SCR.data v2
2026-05-31,RR,delinquency_pf,7.20137,%,BCB SCR.data v2
2026-05-31,RR,credit_balance_pf,13047.778293,R$ mi,BCB SCR.data v2
2026-05-31,RR,problem_assets_pf,10.1622,%,BCB SCR.data v2
2026-05-31,RR,delinquency_vehicle,6.787601,%,BCB SCR.data v2
2026-05-31,RR,delinquency_pj,4.454909,%,BCB SCR.data v2
2026-05-31,RR,credit_balance_pj,3727.336189,R$ mi,BCB SCR.data v2
2026-05-31,RR,problem_assets_pj,6.593967,%,BCB SCR.data v2
2026-05-31,RS,delinquency_card,9.997607,%,BCB SCR.data v2
2026-05-31,RS,delinquency_personal,6.254959,%,BCB SCR.data v2
2026-05-31,RS,delinquency_revolving,16.979015,%,BCB SCR.data v2
2026-05-31,RS,delinquency_pf,5.602975,%,BCB SCR.data v2
2026-05-31,RS,credit_balance_pf,346930.522314,R$ mi,BCB SCR.data v2
2026-05-31,RS,problem_assets_pf,9.127308,%,BCB SCR.data v2
2026-05-31,RS,delinquency_vehicle,6.693358,%,BCB SCR.data v2
2026-05-31,RS,delinquency_pj,3.594189,%,BCB SCR.data v2
2026-05-31,RS,credit_balance_pj,186015.445952,R$ mi,BCB SCR.data v2
2026-05-31,RS,problem_assets_pj,6.371389,%,BCB SCR.data v2
2026-05-31,SC,delinquency_card,8.340708,%,BCB SCR.data v2
2026-05-31,SC,delinquency_personal,5.680601,%,BCB SCR.data v2
2026-05-31,SC,delinquency_revolving,13.096193,%,BCB SCR.data v2
2026-05-31,SC,delinquency_pf,4.457734,%,BCB SCR.data v2
2026-05-31,SC,credit_balance_pf,229338.315856,R$ mi,BCB SCR.data v2
2026-05-31,SC,problem_assets_pf,7.091438,%,BCB SCR.data v2
2026-05-31,SC,delinquency_vehicle,5.945452,%,BCB SCR.data v2
2026-05-31,SC,delinquency_pj,2.871847,%,BCB SCR.data v2
2026-05-31,SC,credit_balance_pj,181678.463852,R$ mi,BCB SCR.data v2
2026-05-31,SC,problem_assets_pj,5.284543,%,BCB SCR.data v2
2026-05-31,SE,delinquency_card,11.740412,%,BCB SCR.data v2
2026-05-31,SE,delinquency_personal,5.897656,%,BCB SCR.data v2
2026-05-31,SE,delinquency_revolving,28.508558,%,BCB SCR.data v2
2026-05-31,SE,delinquency_pf,6.151664,%,BCB SCR.data v2
2026-05-31,SE,credit_balance_pf,37406.914948,R$ mi,BCB SCR.data v2
2026-05-31,SE,problem_assets_pf,9.19048,%,BCB SCR.data v2
2026-05-31,SE,delinquency_vehicle,7.531443,%,BCB SCR.data v2
2026-05-31,SE,delinquency_pj,4.756041,%,BCB SCR.data v2
2026-05-31,SE,credit_balance_pj,10166.768841,R$ mi,BCB SCR.data v2
2026-05-31,SE,problem_assets_pj,8.067498,%,BCB SCR.data v2
2026-05-31,SP,delinquency_card,10.240892,%,BCB SCR.data v2
2026-05-31,SP,delinquency_personal,6.088228,%,BCB SCR.data v2
2026-05-31,SP,delinquency_revolving,19.105166,%,BCB SCR.data v2
2026-05-31,SP,delinquency_pf,5.204012,%,BCB SCR.data v2
2026-05-31,SP,credit_balance_pf,1240726.308984,R$ mi,BCB SCR.data v2
2026-05-31,SP,problem_assets_pf,8.275299,%,BCB SCR.data v2
2026-05-31,SP,delinquency_vehicle,5.984343,%,BCB SCR.data v2
2026-05-31,SP,delinquency_pj,2.302752,%,BCB SCR.data v2
2026-05-31,SP,credit_balance_pj,1021806.370418,R$ mi,BCB SCR.data v2
2026-05-31,SP,problem_assets_pj,6.803347,%,BCB SCR.data v2
2026-05-31,TO,delinquency_card,11.959041,%,BCB SCR.data v2
2026-05-31,TO,delinquency_personal,7.302336,%,BCB SCR.data v2
2026-05-31,TO,delinquency_revolving,16.085013,%,BCB SCR.data v2
2026-05-31,TO,delinquency_pf,9.628143,%,BCB SCR.data v2
2026-05-31,TO,credit_balance_pf,43606.209536,R$ mi,BCB SCR.data v2
2026-05-31,TO,problem_assets_pf,14.057036,%,BCB SCR.data v2
2026-05-31,TO,delinquency_vehicle,6.19011,%,BCB SCR.data v2
2026-05-31,TO,delinquency_pj,4.354415,%,BCB SCR.data v2
2026-05-31,TO,credit_balance_pj,16702.427042,R$ mi,BCB SCR.data v2
2026-05-31,TO,problem_assets_pj,6.678751,%,BCB SCR.data v2
2026-06-30,AC,delinquency_card,11.401348,%,BCB SCR.data v2
2026-06-30,AC,delinquency_personal,4.985706,%,BCB SCR.data v2
2026-06-30,AC,delinquency_revolving,18.090373,%,BCB SCR.data v2
2026-06-30,AC,delinquency_pf,6.705263,%,BCB SCR.data v2
2026-06-30,AC,credit_balance_pf,15056.333622,R$ mi,BCB SCR.data v2
2026-06-30,AC,problem_assets_pf,10.101606,%,BCB SCR.data v2
2026-06-30,AC,delinquency_vehicle,5.265784,%,BCB SCR.data v2
2026-06-30,AC,delinquency_pj,4.947356,%,BCB SCR.data v2
2026-06-30,AC,credit_balance_pj,4767.757716,R$ mi,BCB SCR.data v2
2026-06-30,AC,problem_assets_pj,6.95706,%,BCB SCR.data v2
2026-06-30,AL,delinquency_card,12.531046,%,BCB SCR.data v2
2026-06-30,AL,delinquency_personal,5.07717,%,BCB SCR.data v2
2026-06-30,AL,delinquency_revolving,32.569998,%,BCB SCR.data v2
2026-06-30,AL,delinquency_pf,6.606578,%,BCB SCR.data v2
2026-06-30,AL,credit_balance_pf,43594.583602,R$ mi,BCB SCR.data v2
2026-06-30,AL,problem_assets_pf,9.790654,%,BCB SCR.data v2
2026-06-30,AL,delinquency_vehicle,9.975874,%,BCB SCR.data v2
2026-06-30,AL,delinquency_pj,3.372703,%,BCB SCR.data v2
2026-06-30,AL,credit_balance_pj,16572.777879,R$ mi,BCB SCR.data v2
2026-06-30,AL,problem_assets_pj,6.431115,%,BCB SCR.data v2
2026-06-30,AM,delinquency_card,12.68329,%,BCB SCR.data v2
2026-06-30,AM,delinquency_personal,6.281271,%,BCB SCR.data v2
2026-06-30,AM,delinquency_revolving,21.160287,%,BCB SCR.data v2
2026-06-30,AM,delinquency_pf,7.083769,%,BCB SCR.data v2
2026-06-30,AM,credit_balance_pf,45980.947088,R$ mi,BCB SCR.data v2
2026-06-30,AM,problem_assets_pf,10.568178,%,BCB SCR.data v2
2026-06-30,AM,delinquency_vehicle,8.072675,%,BCB SCR.data v2
2026-06-30,AM,delinquency_pj,4.130969,%,BCB SCR.data v2
2026-06-30,AM,credit_balance_pj,34207.070838,R$ mi,BCB SCR.data v2
2026-06-30,AM,problem_assets_pj,5.845564,%,BCB SCR.data v2
2026-06-30,AP,delinquency_card,16.172401,%,BCB SCR.data v2
2026-06-30,AP,delinquency_personal,5.146052,%,BCB SCR.data v2
2026-06-30,AP,delinquency_revolving,21.624404,%,BCB SCR.data v2
2026-06-30,AP,delinquency_pf,6.84839,%,BCB SCR.data v2
2026-06-30,AP,credit_balance_pf,13362.293124,R$ mi,BCB SCR.data v2
2026-06-30,AP,problem_assets_pf,10.697854,%,BCB SCR.data v2
2026-06-30,AP,delinquency_vehicle,6.247587,%,BCB SCR.data v2
2026-06-30,AP,delinquency_pj,4.219127,%,BCB SCR.data v2
2026-06-30,AP,credit_balance_pj,6284.365953,R$ mi,BCB SCR.data v2
2026-06-30,AP,problem_assets_pj,7.247045,%,BCB SCR.data v2
2026-06-30,BA,delinquency_card,12.371409,%,BCB SCR.data v2
2026-06-30,BA,delinquency_personal,6.043359,%,BCB SCR.data v2
2026-06-30,BA,delinquency_revolving,24.919839,%,BCB SCR.data v2
2026-06-30,BA,delinquency_pf,7.057755,%,BCB SCR.data v2
2026-06-30,BA,credit_balance_pf,193913.145556,R$ mi,BCB SCR.data v2
2026-06-30,BA,problem_assets_pf,10.625201,%,BCB SCR.data v2
2026-06-30,BA,delinquency_vehicle,7.331947,%,BCB SCR.data v2
2026-06-30,BA,delinquency_pj,3.156213,%,BCB SCR.data v2
2026-06-30,BA,credit_balance_pj,105064.833688,R$ mi,BCB SCR.data v2
2026-06-30,BA,problem_assets_pj,5.800657,%,BCB SCR.data v2
2026-06-30,CE,delinquency_card,10.746529,%,BCB SCR.data v2
2026-06-30,CE,delinquency_personal,5.060624,%,BCB SCR.data v2
2026-06-30,CE,delinquency_revolving,27.715559,%,BCB SCR.data v2
2026-06-30,CE,delinquency_pf,5.857389,%,BCB SCR.data v2
2026-06-30,CE,credit_balance_pf,116507.20115,R$ mi,BCB SCR.data v2
2026-06-30,CE,problem_assets_pf,8.906132,%,BCB SCR.data v2
2026-06-30,CE,delinquency_vehicle,6.547039,%,BCB SCR.data v2
2026-06-30,CE,delinquency_pj,3.711499,%,BCB SCR.data v2
2026-06-30,CE,credit_balance_pj,58643.613189,R$ mi,BCB SCR.data v2
2026-06-30,CE,problem_assets_pj,7.39501,%,BCB SCR.data v2
2026-06-30,DF,delinquency_card,8.732627,%,BCB SCR.data v2
2026-06-30,DF,delinquency_personal,4.037478,%,BCB SCR.data v2
2026-06-30,DF,delinquency_revolving,21.795428,%,BCB SCR.data v2
2026-06-30,DF,delinquency_pf,4.263165,%,BCB SCR.data v2
2026-06-30,DF,credit_balance_pf,107404.190032,R$ mi,BCB SCR.data v2
2026-06-30,DF,problem_assets_pf,7.341664,%,BCB SCR.data v2
2026-06-30,DF,delinquency_vehicle,5.23948,%,BCB SCR.data v2
2026-06-30,DF,delinquency_pj,1.932616,%,BCB SCR.data v2
2026-06-30,DF,credit_balance_pj,72359.703704,R$ mi,BCB SCR.data v2
2026-06-30,DF,problem_assets_pj,3.484423,%,BCB SCR.data v2
2026-06-30,ES,delinquency_card,8.304148,%,BCB SCR.data v2
2026-06-30,ES,delinquency_personal,5.204802,%,BCB SCR.data v2
2026-06-30,ES,delinquency_revolving,20.392323,%,BCB SCR.data v2
2026-06-30,ES,delinquency_pf,4.492684,%,BCB SCR.data v2
2026-06-30,ES,credit_balance_pf,78527.592698,R$ mi,BCB SCR.data v2
2026-06-30,ES,problem_assets_pf,7.388477,%,BCB SCR.data v2
2026-06-30,ES,delinquency_vehicle,4.996623,%,BCB SCR.data v2
2026-06-30,ES,delinquency_pj,3.228575,%,BCB SCR.data v2
2026-06-30,ES,credit_balance_pj,53527.215904,R$ mi,BCB SCR.data v2
2026-06-30,ES,problem_assets_pj,8.918162,%,BCB SCR.data v2
2026-06-30,GO,delinquency_card,11.264282,%,BCB SCR.data v2
2026-06-30,GO,delinquency_personal,7.007213,%,BCB SCR.data v2
2026-06-30,GO,delinquency_revolving,17.909091,%,BCB SCR.data v2
2026-06-30,GO,delinquency_pf,7.138414,%,BCB SCR.data v2
2026-06-30,GO,credit_balance_pf,256412.554678,R$ mi,BCB SCR.data v2
2026-06-30,GO,problem_assets_pf,11.953378,%,BCB SCR.data v2
2026-06-30,GO,delinquency_vehicle,6.783871,%,BCB SCR.data v2
2026-06-30,GO,delinquency_pj,4.410847,%,BCB SCR.data v2
2026-06-30,GO,credit_balance_pj,89992.339994,R$ mi,BCB SCR.data v2
2026-06-30,GO,problem_assets_pj,9.01646,%,BCB SCR.data v2
2026-06-30,MA,delinquency_card,11.487332,%,BCB SCR.data v2
2026-06-30,MA,delinquency_personal,5.318336,%,BCB SCR.data v2
2026-06-30,MA,delinquency_revolving,18.280716,%,BCB SCR.data v2
2026-06-30,MA,delinquency_pf,9.30481,%,BCB SCR.data v2
2026-06-30,MA,credit_balance_pf,89458.568921,R$ mi,BCB SCR.data v2
2026-06-30,MA,problem_assets_pf,13.602117,%,BCB SCR.data v2
2026-06-30,MA,delinquency_vehicle,6.936739,%,BCB SCR.data v2
2026-06-30,MA,delinquency_pj,6.575726,%,BCB SCR.data v2
2026-06-30,MA,credit_balance_pj,24969.62826,R$ mi,BCB SCR.data v2
2026-06-30,MA,problem_assets_pj,10.101952,%,BCB SCR.data v2
2026-06-30,MG,delinquency_card,8.780409,%,BCB SCR.data v2
2026-06-30,MG,delinquency_personal,5.646682,%,BCB SCR.data v2
2026-06-30,MG,delinquency_revolving,17.786754,%,BCB SCR.data v2
2026-06-30,MG,delinquency_pf,5.218916,%,BCB SCR.data v2
2026-06-30,MG,credit_balance_pf,445050.358957,R$ mi,BCB SCR.data v2
2026-06-30,MG,problem_assets_pf,8.812483,%,BCB SCR.data v2
2026-06-30,MG,delinquency_vehicle,5.9776,%,BCB SCR.data v2
2026-06-30,MG,delinquency_pj,3.253569,%,BCB SCR.data v2
2026-06-30,MG,credit_balance_pj,230496.349352,R$ mi,BCB SCR.data v2
2026-06-30,MG,problem_assets_pj,5.889771,%,BCB SCR.data v2
2026-06-30,MS,delinquency_card,11.373442,%,BCB SCR.data v2
2026-06-30,MS,delinquency_personal,5.692165,%,BCB SCR.data v2
2026-06-30,MS,delinquency_revolving,15.023988,%,BCB SCR.data v2
2026-06-30,MS,delinquency_pf,6.978062,%,BCB SCR.data v2
2026-06-30,MS,credit_balance_pf,103489.162084,R$ mi,BCB SCR.data v2
2026-06-30,MS,problem_assets_pf,11.858059,%,BCB SCR.data v2
2026-06-30,MS,delinquency_vehicle,6.598055,%,BCB SCR.data v2
2026-06-30,MS,delinquency_pj,4.784198,%,BCB SCR.data v2
2026-06-30,MS,credit_balance_pj,38531.342079,R$ mi,BCB SCR.data v2
2026-06-30,MS,problem_assets_pj,9.711373,%,BCB SCR.data v2
2026-06-30,MT,delinquency_card,10.504897,%,BCB SCR.data v2
2026-06-30,MT,delinquency_personal,6.447333,%,BCB SCR.data v2
2026-06-30,MT,delinquency_revolving,13.595792,%,BCB SCR.data v2
2026-06-30,MT,delinquency_pf,6.186083,%,BCB SCR.data v2
2026-06-30,MT,credit_balance_pf,179742.729753,R$ mi,BCB SCR.data v2
2026-06-30,MT,problem_assets_pf,10.948194,%,BCB SCR.data v2
2026-06-30,MT,delinquency_vehicle,5.764928,%,BCB SCR.data v2
2026-06-30,MT,delinquency_pj,4.125965,%,BCB SCR.data v2
2026-06-30,MT,credit_balance_pj,83175.618618,R$ mi,BCB SCR.data v2
2026-06-30,MT,problem_assets_pj,7.389244,%,BCB SCR.data v2
2026-06-30,PA,delinquency_card,11.704442,%,BCB SCR.data v2
2026-06-30,PA,delinquency_personal,5.317886,%,BCB SCR.data v2
2026-06-30,PA,delinquency_revolving,21.046985,%,BCB SCR.data v2
2026-06-30,PA,delinquency_pf,7.126847,%,BCB SCR.data v2
2026-06-30,PA,credit_balance_pf,113170.484833,R$ mi,BCB SCR.data v2
2026-06-30,PA,problem_assets_pf,10.564522,%,BCB SCR.data v2
2026-06-30,PA,delinquency_vehicle,8.187543,%,BCB SCR.data v2
2026-06-30,PA,delinquency_pj,4.169609,%,BCB SCR.data v2
2026-06-30,PA,credit_balance_pj,54720.426317,R$ mi,BCB SCR.data v2
2026-06-30,PA,problem_assets_pj,7.116348,%,BCB SCR.data v2
2026-06-30,PB,delinquency_card,11.025636,%,BCB SCR.data v2
2026-06-30,PB,delinquency_personal,4.69431,%,BCB SCR.data v2
2026-06-30,PB,delinquency_revolving,26.889832,%,BCB SCR.data v2
2026-06-30,PB,delinquency_pf,5.190308,%,BCB SCR.data v2
2026-06-30,PB,credit_balance_pf,63175.834004,R$ mi,BCB SCR.data v2
2026-06-30,PB,problem_assets_pf,9.086103,%,BCB SCR.data v2
2026-06-30,PB,delinquency_vehicle,6.14593,%,BCB SCR.data v2
2026-06-30,PB,delinquency_pj,8.876328,%,BCB SCR.data v2
2026-06-30,PB,credit_balance_pj,14994.981027,R$ mi,BCB SCR.data v2
2026-06-30,PB,problem_assets_pj,10.995278,%,BCB SCR.data v2
2026-06-30,PE,delinquency_card,11.919587,%,BCB SCR.data v2
2026-06-30,PE,delinquency_personal,5.411699,%,BCB SCR.data v2
2026-06-30,PE,delinquency_revolving,26.469158,%,BCB SCR.data v2
2026-06-30,PE,delinquency_pf,6.318529,%,BCB SCR.data v2
2026-06-30,PE,credit_balance_pf,122255.066576,R$ mi,BCB SCR.data v2
2026-06-30,PE,problem_assets_pf,9.607462,%,BCB SCR.data v2
2026-06-30,PE,delinquency_vehicle,7.384545,%,BCB SCR.data v2
2026-06-30,PE,delinquency_pj,3.411068,%,BCB SCR.data v2
2026-06-30,PE,credit_balance_pj,51389.247924,R$ mi,BCB SCR.data v2
2026-06-30,PE,problem_assets_pj,6.397141,%,BCB SCR.data v2
2026-06-30,PI,delinquency_card,11.687841,%,BCB SCR.data v2
2026-06-30,PI,delinquency_personal,5.059164,%,BCB SCR.data v2
2026-06-30,PI,delinquency_revolving,23.298852,%,BCB SCR.data v2
2026-06-30,PI,delinquency_pf,6.473625,%,BCB SCR.data v2
2026-06-30,PI,credit_balance_pf,40847.87391,R$ mi,BCB SCR.data v2
2026-06-30,PI,problem_assets_pf,10.373372,%,BCB SCR.data v2
2026-06-30,PI,delinquency_vehicle,7.262985,%,BCB SCR.data v2
2026-06-30,PI,delinquency_pj,2.695547,%,BCB SCR.data v2
2026-06-30,PI,credit_balance_pj,27915.057182,R$ mi,BCB SCR.data v2
2026-06-30,PI,problem_assets_pj,3.824584,%,BCB SCR.data v2
2026-06-30,PR,delinquency_card,9.207943,%,BCB SCR.data v2
2026-06-30,PR,delinquency_personal,5.307221,%,BCB SCR.data v2
2026-06-30,PR,delinquency_revolving,19.156934,%,BCB SCR.data v2
2026-06-30,PR,delinquency_pf,4.810123,%,BCB SCR.data v2
2026-06-30,PR,credit_balance_pf,352267.106831,R$ mi,BCB SCR.data v2
2026-06-30,PR,problem_assets_pf,8.160225,%,BCB SCR.data v2
2026-06-30,PR,delinquency_vehicle,6.045891,%,BCB SCR.data v2
2026-06-30,PR,delinquency_pj,3.504717,%,BCB SCR.data v2
2026-06-30,PR,credit_balance_pj,212741.788228,R$ mi,BCB SCR.data v2
2026-06-30,PR,problem_assets_pj,6.548615,%,BCB SCR.data v2
2026-06-30,RJ,delinquency_card,10.886913,%,BCB SCR.data v2
2026-06-30,RJ,delinquency_personal,6.053845,%,BCB SCR.data v2
2026-06-30,RJ,delinquency_revolving,21.830153,%,BCB SCR.data v2
2026-06-30,RJ,delinquency_pf,6.630075,%,BCB SCR.data v2
2026-06-30,RJ,credit_balance_pf,292553.464297,R$ mi,BCB SCR.data v2
2026-06-30,RJ,problem_assets_pf,9.837835,%,BCB SCR.data v2
2026-06-30,RJ,delinquency_vehicle,10.522044,%,BCB SCR.data v2
2026-06-30,RJ,delinquency_pj,1.999194,%,BCB SCR.data v2
2026-06-30,RJ,credit_balance_pj,282915.522659,R$ mi,BCB SCR.data v2
2026-06-30,RJ,problem_assets_pj,6.999236,%,BCB SCR.data v2
2026-06-30,RN,delinquency_card,11.88146,%,BCB SCR.data v2
2026-06-30,RN,delinquency_personal,4.915049,%,BCB SCR.data v2
2026-06-30,RN,delinquency_revolving,30.696518,%,BCB SCR.data v2
2026-06-30,RN,delinquency_pf,5.737725,%,BCB SCR.data v2
2026-06-30,RN,credit_balance_pf,53488.755156,R$ mi,BCB SCR.data v2
2026-06-30,RN,problem_assets_pf,9.882188,%,BCB SCR.data v2
2026-06-30,RN,delinquency_vehicle,6.136047,%,BCB SCR.data v2
2026-06-30,RN,delinquency_pj,4.048602,%,BCB SCR.data v2
2026-06-30,RN,credit_balance_pj,18849.188656,R$ mi,BCB SCR.data v2
2026-06-30,RN,problem_assets_pj,5.79874,%,BCB SCR.data v2
2026-06-30,RO,delinquency_card,9.918585,%,BCB SCR.data v2
2026-06-30,RO,delinquency_personal,6.359755,%,BCB SCR.data v2
2026-06-30,RO,delinquency_revolving,11.8338,%,BCB SCR.data v2
2026-06-30,RO,delinquency_pf,6.672596,%,BCB SCR.data v2
2026-06-30,RO,credit_balance_pf,52359.929095,R$ mi,BCB SCR.data v2
2026-06-30,RO,problem_assets_pf,10.514508,%,BCB SCR.data v2
2026-06-30,RO,delinquency_vehicle,5.899939,%,BCB SCR.data v2
2026-06-30,RO,delinquency_pj,5.925298,%,BCB SCR.data v2
2026-06-30,RO,credit_balance_pj,12288.054345,R$ mi,BCB SCR.data v2
2026-06-30,RO,problem_assets_pj,9.366051,%,BCB SCR.data v2
2026-06-30,RR,delinquency_card,13.025395,%,BCB SCR.data v2
2026-06-30,RR,delinquency_personal,6.780365,%,BCB SCR.data v2
2026-06-30,RR,delinquency_revolving,16.001132,%,BCB SCR.data v2
2026-06-30,RR,delinquency_pf,6.851321,%,BCB SCR.data v2
2026-06-30,RR,credit_balance_pf,13043.530945,R$ mi,BCB SCR.data v2
2026-06-30,RR,problem_assets_pf,9.99602,%,BCB SCR.data v2
2026-06-30,RR,delinquency_vehicle,7.12473,%,BCB SCR.data v2
2026-06-30,RR,delinquency_pj,4.32232,%,BCB SCR.data v2
2026-06-30,RR,credit_balance_pj,3734.073989,R$ mi,BCB SCR.data v2
2026-06-30,RR,problem_assets_pj,6.538606,%,BCB SCR.data v2
2026-06-30,RS,delinquency_card,9.4664,%,BCB SCR.data v2
2026-06-30,RS,delinquency_personal,6.019911,%,BCB SCR.data v2
2026-06-30,RS,delinquency_revolving,16.130933,%,BCB SCR.data v2
2026-06-30,RS,delinquency_pf,5.366478,%,BCB SCR.data v2
2026-06-30,RS,credit_balance_pf,344713.043003,R$ mi,BCB SCR.data v2
2026-06-30,RS,problem_assets_pf,9.030681,%,BCB SCR.data v2
2026-06-30,RS,delinquency_vehicle,6.892933,%,BCB SCR.data v2
2026-06-30,RS,delinquency_pj,3.530055,%,BCB SCR.data v2
2026-06-30,RS,credit_balance_pj,188739.59294,R$ mi,BCB SCR.data v2
2026-06-30,RS,problem_assets_pj,6.255782,%,BCB SCR.data v2
2026-06-30,SC,delinquency_card,7.924971,%,BCB SCR.data v2
2026-06-30,SC,delinquency_personal,5.514905,%,BCB SCR.data v2
2026-06-30,SC,delinquency_revolving,12.222181,%,BCB SCR.data v2
2026-06-30,SC,delinquency_pf,4.280973,%,BCB SCR.data v2
2026-06-30,SC,credit_balance_pf,230047.044936,R$ mi,BCB SCR.data v2
2026-06-30,SC,problem_assets_pf,7.000895,%,BCB SCR.data v2
2026-06-30,SC,delinquency_vehicle,5.984159,%,BCB SCR.data v2
2026-06-30,SC,delinquency_pj,2.79386,%,BCB SCR.data v2
2026-06-30,SC,credit_balance_pj,184888.37425,R$ mi,BCB SCR.data v2
2026-06-30,SC,problem_assets_pj,5.190184,%,BCB SCR.data v2
2026-06-30,SE,delinquency_card,11.31254,%,BCB SCR.data v2
2026-06-30,SE,delinquency_personal,5.698105,%,BCB SCR.data v2
2026-06-30,SE,delinquency_revolving,27.379012,%,BCB SCR.data v2
2026-06-30,SE,delinquency_pf,5.915344,%,BCB SCR.data v2
2026-06-30,SE,credit_balance_pf,37481.67853,R$ mi,BCB SCR.data v2
2026-06-30,SE,problem_assets_pf,9.05758,%,BCB SCR.data v2
2026-06-30,SE,delinquency_vehicle,7.598355,%,BCB SCR.data v2
2026-06-30,SE,delinquency_pj,4.399137,%,BCB SCR.data v2
2026-06-30,SE,credit_balance_pj,10365.477506,R$ mi,BCB SCR.data v2
2026-06-30,SE,problem_assets_pj,7.766185,%,BCB SCR.data v2
2026-06-30,SP,delinquency_card,9.850591,%,BCB SCR.data v2
2026-06-30,SP,delinquency_personal,5.937922,%,BCB SCR.data v2
2026-06-30,SP,delinquency_revolving,18.123671,%,BCB SCR.data v2
2026-06-30,SP,delinquency_pf,4.991836,%,BCB SCR.data v2
2026-06-30,SP,credit_balance_pf,1243114.72335,R$ mi,BCB SCR.data v2
2026-06-30,SP,problem_assets_pf,8.174014,%,BCB SCR.data v2
2026-06-30,SP,delinquency_vehicle,6.058446,%,BCB SCR.data v2
2026-06-30,SP,delinquency_pj,2.213401,%,BCB SCR.data v2
2026-06-30,SP,credit_balance_pj,1052961.841475,R$ mi,BCB SCR.data v2
2026-06-30,SP,problem_assets_pj,6.641135,%,BCB SCR.data v2
2026-06-30,TO,delinquency_card,10.952645,%,BCB SCR.data v2
2026-06-30,TO,delinquency_personal,7.053532,%,BCB SCR.data v2
2026-06-30,TO,delinquency_revolving,14.591229,%,BCB SCR.data v2
2026-06-30,TO,delinquency_pf,9.23739,%,BCB SCR.data v2
2026-06-30,TO,credit_balance_pf,43358.839236,R$ mi,BCB SCR.data v2
2026-06-30,TO,problem_assets_pf,14.216213,%,BCB SCR.data v2
2026-06-30,TO,delinquency_vehicle,6.137775,%,BCB SCR.data v2
2026-06-30,TO,delinquency_pj,4.410097,%,BCB SCR.data v2
2026-06-30,TO,credit_balance_pj,16773.327612,R$ mi,BCB SCR.data v2
2026-06-30,TO,problem_assets_pj,6.762624,%,BCB SCR.data v2
2026-07-31,AC,delinquency_card,10.392424,%,BCB SCR.data v2
2026-07-31,AC,delinquency_personal,5.25759,%,BCB SCR.data v2
2026-07-31,AC,delinquency_revolving,11.702014,%,BCB SCR.data v2
2026-07-31,AC,delinquency_pf,6.925372,%,BCB SCR.data v2
2026-07-31,AC,credit_balance_pf,15113.998709,R$ mi,BCB SCR.data v2
2026-07-31,AC,problem_assets_pf,10.352965,%,BCB SCR.data v2
2026-07-31,AC,delinquency_vehicle,5.367412,%,BCB SCR.data v2
2026-07-31,AC,delinquency_pj,4.981722,%,BCB SCR.data v2
2026-07-31,AC,credit_balance_pj,4818.207891,R$ mi,BCB SCR.data v2
2026-07-31,AC,problem_assets_pj,6.932111,%,BCB SCR.data v2
2026-07-31,AL,delinquency_card,11.346141,%,BCB SCR.data v2
2026-07-31,AL,delinquency_personal,5.60072,%,BCB SCR.data v2
2026-07-31,AL,delinquency_revolving,18.966551,%,BCB SCR.data v2
2026-07-31,AL,delinquency_pf,6.525105,%,BCB SCR.data v2
2026-07-31,AL,credit_balance_pf,43572.678658,R$ mi,BCB SCR.data v2
2026-07-31,AL,problem_assets_pf,9.813377,%,BCB SCR.data v2
2026-07-31,AL,delinquency_vehicle,10.071555,%,BCB SCR.data v2
2026-07-31,AL,delinquency_pj,3.553927,%,BCB SCR.data v2
2026-07-31,AL,credit_balance_pj,16558.73158,R$ mi,BCB SCR.data v2
2026-07-31,AL,problem_assets_pj,6.628372,%,BCB SCR.data v2
2026-07-31,AM,delinquency_card,11.096587,%,BCB SCR.data v2
2026-07-31,AM,delinquency_personal,6.716024,%,BCB SCR.data v2
2026-07-31,AM,delinquency_revolving,18.860516,%,BCB SCR.data v2
2026-07-31,AM,delinquency_pf,6.940413,%,BCB SCR.data v2
2026-07-31,AM,credit_balance_pf,46324.713922,R$ mi,BCB SCR.data v2
2026-07-31,AM,problem_assets_pf,10.55943,%,BCB SCR.data v2
2026-07-31,AM,delinquency_vehicle,8.144581,%,BCB SCR.data v2
2026-07-31,AM,delinquency_pj,4.188208,%,BCB SCR.data v2
2026-07-31,AM,credit_balance_pj,33826.044143,R$ mi,BCB SCR.data v2
2026-07-31,AM,problem_assets_pj,5.983356,%,BCB SCR.data v2
2026-07-31,AP,delinquency_card,10.810698,%,BCB SCR.data v2
2026-07-31,AP,delinquency_personal,5.470001,%,BCB SCR.data v2
2026-07-31,AP,delinquency_revolving,17.582232,%,BCB SCR.data v2
2026-07-31,AP,delinquency_pf,6.280177,%,BCB SCR.data v2
2026-07-31,AP,credit_balance_pf,13207.488155,R$ mi,BCB SCR.data v2
2026-07-31,AP,problem_assets_pf,10.070066,%,BCB SCR.data v2
2026-07-31,AP,delinquency_vehicle,6.462504,%,BCB SCR.data v2
2026-07-31,AP,delinquency_pj,4.267245,%,BCB SCR.data v2
2026-07-31,AP,credit_balance_pj,6291.101586,R$ mi,BCB SCR.data v2
2026-07-31,AP,problem_assets_pj,7.2797,%,BCB SCR.data v2
2026-07-31,BA,delinquency_card,10.481946,%,BCB SCR.data v2
2026-07-31,BA,delinquency_personal,6.152154,%,BCB SCR.data v2
2026-07-31,BA,delinquency_revolving,13.980959,%,BCB SCR.data v2
2026-07-31,BA,delinquency_pf,6.688176,%,BCB SCR.data v2
2026-07-31,BA,credit_balance_pf,192725.660074,R$ mi,BCB SCR.data v2
2026-07-31,BA,problem_assets_pf,10.13747,%,BCB SCR.data v2
2026-07-31,BA,delinquency_vehicle,7.369958,%,BCB SCR.data v2
2026-07-31,BA,delinquency_pj,3.285851,%,BCB SCR.data v2
2026-07-31,BA,credit_balance_pj,103814.939347,R$ mi,BCB SCR.data v2
2026-07-31,BA,problem_assets_pj,6.273518,%,BCB SCR.data v2
2026-07-31,CE,delinquency_card,9.893667,%,BCB SCR.data v2
2026-07-31,CE,delinquency_personal,5.404528,%,BCB SCR.data v2
2026-07-31,CE,delinquency_revolving,14.72434,%,BCB SCR.data v2
2026-07-31,CE,delinquency_pf,5.742091,%,BCB SCR.data v2
2026-07-31,CE,credit_balance_pf,117328.142962,R$ mi,BCB SCR.data v2
2026-07-31,CE,problem_assets_pf,8.88788,%,BCB SCR.data v2
2026-07-31,CE,delinquency_vehicle,6.58604,%,BCB SCR.data v2
2026-07-31,CE,delinquency_pj,3.555963,%,BCB SCR.data v2
2026-07-31,CE,credit_balance_pj,58628.934109,R$ mi,BCB SCR.data v2
2026-07-31,CE,problem_assets_pj,7.674299,%,BCB SCR.data v2
2026-07-31,DF,delinquency_card,7.857545,%,BCB SCR.data v2
2026-07-31,DF,delinquency_personal,5.112033,%,BCB SCR.data v2
2026-07-31,DF,delinquency_revolving,14.720383,%,BCB SCR.data v2
2026-07-31,DF,delinquency_pf,4.734298,%,BCB SCR.data v2
2026-07-31,DF,credit_balance_pf,90575.939057,R$ mi,BCB SCR.data v2
2026-07-31,DF,problem_assets_pf,8.01206,%,BCB SCR.data v2
2026-07-31,DF,delinquency_vehicle,5.298555,%,BCB SCR.data v2
2026-07-31,DF,delinquency_pj,1.972998,%,BCB SCR.data v2
2026-07-31,DF,credit_balance_pj,68502.787895,R$ mi,BCB SCR.data v2
2026-07-31,DF,problem_assets_pj,3.583801,%,BCB SCR.data v2
2026-07-31,ES,delinquency_card,7.625776,%,BCB SCR.data v2
2026-07-31,ES,delinquency_personal,5.520006,%,BCB SCR.data v2
2026-07-31,ES,delinquency_revolving,12.695038,%,BCB SCR.data v2
2026-07-31,ES,delinquency_pf,4.494882,%,BCB SCR.data v2
2026-07-31,ES,credit_balance_pf,78930.836814,R$ mi,BCB SCR.data v2
2026-07-31,ES,problem_assets_pf,7.463874,%,BCB SCR.data v2
2026-07-31,ES,delinquency_vehicle,5.066199,%,BCB SCR.data v2
2026-07-31,ES,delinquency_pj,3.313977,%,BCB SCR.data v2
2026-07-31,ES,credit_balance_pj,53385.927444,R$ mi,BCB SCR.data v2
2026-07-31,ES,problem_assets_pj,8.949236,%,BCB SCR.data v2
2026-07-31,GO,delinquency_card,10.689965,%,BCB SCR.data v2
2026-07-31,GO,delinquency_personal,7.627449,%,BCB SCR.data v2
2026-07-31,GO,delinquency_revolving,12.388765,%,BCB SCR.data v2
2026-07-31,GO,delinquency_pf,7.922639,%,BCB SCR.data v2
2026-07-31,GO,credit_balance_pf,254812.101729,R$ mi,BCB SCR.data v2
2026-07-31,GO,problem_assets_pf,12.722697,%,BCB SCR.data v2
2026-07-31,GO,delinquency_vehicle,6.816878,%,BCB SCR.data v2
2026-07-31,GO,delinquency_pj,4.716858,%,BCB SCR.data v2
2026-07-31,GO,credit_balance_pj,88509.56423,R$ mi,BCB SCR.data v2
2026-07-31,GO,problem_assets_pj,8.863466,%,BCB SCR.data v2
2026-07-31,MA,delinquency_card,10.001156,%,BCB SCR.data v2
2026-07-31,MA,delinquency_personal,5.683068,%,BCB SCR.data v2
2026-07-31,MA,delinquency_revolving,11.725462,%,BCB SCR.data v2
2026-07-31,MA,delinquency_pf,9.623504,%,BCB SCR.data v2
2026-07-31,MA,credit_balance_pf,89765.282649,R$ mi,BCB SCR.data v2
2026-07-31,MA,problem_assets_pf,14.000267,%,BCB SCR.data v2
2026-07-31,MA,delinquency_vehicle,7.072047,%,BCB SCR.data v2
2026-07-31,MA,delinquency_pj,7.174412,%,BCB SCR.data v2
2026-07-31,MA,credit_balance_pj,24683.391768,R$ mi,BCB SCR.data v2
2026-07-31,MA,problem_assets_pj,10.552199,%,BCB SCR.data v2
2026-07-31,MG,delinquency_card,7.955309,%,BCB SCR.data v2
2026-07-31,MG,delinquency_personal,5.984519,%,BCB SCR.data v2
2026-07-31,MG,delinquency_revolving,11.725555,%,BCB SCR.data v2
2026-07-31,MG,delinquency_pf,5.286595,%,BCB SCR.data v2
2026-07-31,MG,credit_balance_pf,446040.53975,R$ mi,BCB SCR.data v2
2026-07-31,MG,problem_assets_pf,8.799174,%,BCB SCR.data v2
2026-07-31,MG,delinquency_vehicle,6.008315,%,BCB SCR.data v2
2026-07-31,MG,delinquency_pj,3.361735,%,BCB SCR.data v2
2026-07-31,MG,credit_balance_pj,225854.747529,R$ mi,BCB SCR.data v2
2026-07-31,MG,problem_assets_pj,6.049837,%,BCB SCR.data v2
2026-07-31,MS,delinquency_card,10.108514,%,BCB SCR.data v2
2026-07-31,MS,delinquency_personal,6.270774,%,BCB SCR.data v2
2026-07-31,MS,delinquency_revolving,12.233148,%,BCB SCR.data v2
2026-07-31,MS,delinquency_pf,8.355388,%,BCB SCR.data v2
2026-07-31,MS,credit_balance_pf,103467.158498,R$ mi,BCB SCR.data v2
2026-07-31,MS,problem_assets_pf,12.991756,%,BCB SCR.data v2
2026-07-31,MS,delinquency_vehicle,6.739844,%,BCB SCR.data v2
2026-07-31,MS,delinquency_pj,4.785475,%,BCB SCR.data v2
2026-07-31,MS,credit_balance_pj,39144.212061,R$ mi,BCB SCR.data v2
2026-07-31,MS,problem_assets_pj,9.949217,%,BCB SCR.data v2
2026-07-31,MT,delinquency_card,9.452887,%,BCB SCR.data v2
2026-07-31,MT,delinquency_personal,6.857157,%,BCB SCR.data v2
2026-07-31,MT,delinquency_revolving,10.360658,%,BCB SCR.data v2
2026-07-31,MT,delinquency_pf,6.80532,%,BCB SCR.data v2
2026-07-31,MT,credit_balance_pf,179676.615555,R$ mi,BCB SCR.data v2
2026-07-31,MT,problem_assets_pf,11.577304,%,BCB SCR.data v2
2026-07-31,MT,delinquency_vehicle,5.858925,%,BCB SCR.data v2
2026-07-31,MT,delinquency_pj,4.207025,%,BCB SCR.data v2
2026-07-31,MT,credit_balance_pj,84102.424814,R$ mi,BCB SCR.data v2
2026-07-31,MT,problem_assets_pj,7.467984,%,BCB SCR.data v2
2026-07-31,PA,delinquency_card,10.721551,%,BCB SCR.data v2
2026-07-31,PA,delinquency_personal,5.744831,%,BCB SCR.data v2
2026-07-31,PA,delinquency_revolving,14.709034,%,BCB SCR.data v2
2026-07-31,PA,delinquency_pf,7.304554,%,BCB SCR.data v2
2026-07-31,PA,credit_balance_pf,113605.599111,R$ mi,BCB SCR.data v2
2026-07-31,PA,problem_assets_pf,10.903759,%,BCB SCR.data v2
2026-07-31,PA,delinquency_vehicle,8.405143,%,BCB SCR.data v2
2026-07-31,PA,delinquency_pj,4.293781,%,BCB SCR.data v2
2026-07-31,PA,credit_balance_pj,54825.033823,R$ mi,BCB SCR.data v2
2026-07-31,PA,problem_assets_pj,7.213744,%,BCB SCR.data v2
2026-07-31,PB,delinquency_card,9.470631,%,BCB SCR.data v2
2026-07-31,PB,delinquency_personal,5.009999,%,BCB SCR.data v2
2026-07-31,PB,delinquency_revolving,13.750545,%,BCB SCR.data v2
2026-07-31,PB,delinquency_pf,4.890042,%,BCB SCR.data v2
2026-07-31,PB,credit_balance_pf,63150.017968,R$ mi,BCB SCR.data v2
2026-07-31,PB,problem_assets_pf,8.884592,%,BCB SCR.data v2
2026-07-31,PB,delinquency_vehicle,6.181312,%,BCB SCR.data v2
2026-07-31,PB,delinquency_pj,8.251905,%,BCB SCR.data v2
2026-07-31,PB,credit_balance_pj,14232.803594,R$ mi,BCB SCR.data v2
2026-07-31,PB,problem_assets_pj,10.559098,%,BCB SCR.data v2
2026-07-31,PE,delinquency_card,10.5912,%,BCB SCR.data v2
2026-07-31,PE,delinquency_personal,5.854563,%,BCB SCR.data v2
2026-07-31,PE,delinquency_revolving,15.522495,%,BCB SCR.data v2
2026-07-31,PE,delinquency_pf,6.068743,%,BCB SCR.data v2
2026-07-31,PE,credit_balance_pf,122945.99468,R$ mi,BCB SCR.data v2
2026-07-31,PE,problem_assets_pf,9.434058,%,BCB SCR.data v2
2026-07-31,PE,delinquency_vehicle,7.37405,%,BCB SCR.data v2
2026-07-31,PE,delinquency_pj,3.555129,%,BCB SCR.data v2
2026-07-31,PE,credit_balance_pj,50686.117766,R$ mi,BCB SCR.data v2
2026-07-31,PE,problem_assets_pj,6.618273,%,BCB SCR.data v2
2026-07-31,PI,delinquency_card,10.222728,%,BCB SCR.data v2
2026-07-31,PI,delinquency_personal,5.367375,%,BCB SCR.data v2
2026-07-31,PI,delinquency_revolving,11.904968,%,BCB SCR.data v2
2026-07-31,PI,delinquency_pf,6.406452,%,BCB SCR.data v2
2026-07-31,PI,credit_balance_pf,40992.996876,R$ mi,BCB SCR.data v2
2026-07-31,PI,problem_assets_pf,10.393168,%,BCB SCR.data v2
2026-07-31,PI,delinquency_vehicle,7.286157,%,BCB SCR.data v2
2026-07-31,PI,delinquency_pj,2.656783,%,BCB SCR.data v2
2026-07-31,PI,credit_balance_pj,28303.466295,R$ mi,BCB SCR.data v2
2026-07-31,PI,problem_assets_pj,3.590439,%,BCB SCR.data v2
2026-07-31,PR,delinquency_card,8.292039,%,BCB SCR.data v2
2026-07-31,PR,delinquency_personal,5.726353,%,BCB SCR.data v2
2026-07-31,PR,delinquency_revolving,14.214825,%,BCB SCR.data v2
2026-07-31,PR,delinquency_pf,4.998311,%,BCB SCR.data v2
2026-07-31,PR,credit_balance_pf,354555.604787,R$ mi,BCB SCR.data v2
2026-07-31,PR,problem_assets_pf,8.358056,%,BCB SCR.data v2
2026-07-31,PR,delinquency_vehicle,6.10925,%,BCB SCR.data v2
2026-07-31,PR,delinquency_pj,3.614543,%,BCB SCR.data v2
2026-07-31,PR,credit_balance_pj,211886.894423,R$ mi,BCB SCR.data v2
2026-07-31,PR,problem_assets_pj,6.601031,%,BCB SCR.data v2
2026-07-31,RJ,delinquency_card,9.446103,%,BCB SCR.data v2
2026-07-31,RJ,delinquency_personal,6.43015,%,BCB SCR.data v2
2026-07-31,RJ,delinquency_revolving,16.949776,%,BCB SCR.data v2
2026-07-31,RJ,delinquency_pf,6.438596,%,BCB SCR.data v2
2026-07-31,RJ,credit_balance_pf,292593.191651,R$ mi,BCB SCR.data v2
2026-07-31,RJ,problem_assets_pf,9.682519,%,BCB SCR.data v2
2026-07-31,RJ,delinquency_vehicle,10.677471,%,BCB SCR.data v2
2026-07-31,RJ,delinquency_pj,2.028245,%,BCB SCR.data v2
2026-07-31,RJ,credit_balance_pj,278863.684386,R$ mi,BCB SCR.data v2
2026-07-31,RJ,problem_assets_pj,7.261548,%,BCB SCR.data v2
2026-07-31,RN,delinquency_card,10.994507,%,BCB SCR.data v2
2026-07-31,RN,delinquency_personal,5.312574,%,BCB SCR.data v2
2026-07-31,RN,delinquency_revolving,19.241561,%,BCB SCR.data v2
2026-07-31,RN,delinquency_pf,5.610235,%,BCB SCR.data v2
2026-07-31,RN,credit_balance_pf,53762.037671,R$ mi,BCB SCR.data v2
2026-07-31,RN,problem_assets_pf,9.694914,%,BCB SCR.data v2
2026-07-31,RN,delinquency_vehicle,6.089635,%,BCB SCR.data v2
2026-07-31,RN,delinquency_pj,4.20185,%,BCB SCR.data v2
2026-07-31,RN,credit_balance_pj,18850.0993,R$ mi,BCB SCR.data v2
2026-07-31,RN,problem_assets_pj,5.926973,%,BCB SCR.data v2
2026-07-31,RO,delinquency_card,8.348125,%,BCB SCR.data v2
2026-07-31,RO,delinquency_personal,6.574858,%,BCB SCR.data v2
2026-07-31,RO,delinquency_revolving,8.212273,%,BCB SCR.data v2
2026-07-31,RO,delinquency_pf,6.95402,%,BCB SCR.data v2
2026-07-31,RO,credit_balance_pf,52345.709909,R$ mi,BCB SCR.data v2
2026-07-31,RO,problem_assets_pf,10.800292,%,BCB SCR.data v2
2026-07-31,RO,delinquency_vehicle,6.111947,%,BCB SCR.data v2
2026-07-31,RO,delinquency_pj,6.281844,%,BCB SCR.data v2
2026-07-31,RO,credit_balance_pj,12041.426958,R$ mi,BCB SCR.data v2
2026-07-31,RO,problem_assets_pj,9.9269,%,BCB SCR.data v2
2026-07-31,RR,delinquency_card,11.384729,%,BCB SCR.data v2
2026-07-31,RR,delinquency_personal,7.391477,%,BCB SCR.data v2
2026-07-31,RR,delinquency_revolving,12.396852,%,BCB SCR.data v2
2026-07-31,RR,delinquency_pf,6.994724,%,BCB SCR.data v2
2026-07-31,RR,credit_balance_pf,13085.160684,R$ mi,BCB SCR.data v2
2026-07-31,RR,problem_assets_pf,10.21248,%,BCB SCR.data v2
2026-07-31,RR,delinquency_vehicle,7.438702,%,BCB SCR.data v2
2026-07-31,RR,delinquency_pj,4.510722,%,BCB SCR.data v2
2026-07-31,RR,credit_balance_pj,3692.741983,R$ mi,BCB SCR.data v2
2026-07-31,RR,problem_assets_pj,6.685142,%,BCB SCR.data v2
2026-07-31,RS,delinquency_card,9.071171,%,BCB SCR.data v2
2026-07-31,RS,delinquency_personal,6.299154,%,BCB SCR.data v2
2026-07-31,RS,delinquency_revolving,14.105775,%,BCB SCR.data v2
2026-07-31,RS,delinquency_pf,5.498454,%,BCB SCR.data v2
2026-07-31,RS,credit_balance_pf,344854.986617,R$ mi,BCB SCR.data v2
2026-07-31,RS,problem_assets_pf,9.165519,%,BCB SCR.data v2
2026-07-31,RS,delinquency_vehicle,7.034153,%,BCB SCR.data v2
2026-07-31,RS,delinquency_pj,3.727909,%,BCB SCR.data v2
2026-07-31,RS,credit_balance_pj,189691.593434,R$ mi,BCB SCR.data v2
2026-07-31,RS,problem_assets_pj,6.37914,%,BCB SCR.data v2
2026-07-31,SC,delinquency_card,7.289069,%,BCB SCR.data v2
2026-07-31,SC,delinquency_personal,5.915834,%,BCB SCR.data v2
2026-07-31,SC,delinquency_revolving,8.770643,%,BCB SCR.data v2
2026-07-31,SC,delinquency_pf,4.366137,%,BCB SCR.data v2
2026-07-31,SC,credit_balance_pf,231476.247377,R$ mi,BCB SCR.data v2
2026-07-31,SC,problem_assets_pf,7.119724,%,BCB SCR.data v2
2026-07-31,SC,delinquency_vehicle,6.060599,%,BCB SCR.data v2
2026-07-31,SC,delinquency_pj,2.89683,%,BCB SCR.data v2
2026-07-31,SC,credit_balance_pj,184835.583259,R$ mi,BCB SCR.data v2
2026-07-31,SC,problem_assets_pj,5.326024,%,BCB SCR.data v2
2026-07-31,SE,delinquency_card,10.211222,%,BCB SCR.data v2
2026-07-31,SE,delinquency_personal,6.807125,%,BCB SCR.data v2
2026-07-31,SE,delinquency_revolving,16.220535,%,BCB SCR.data v2
2026-07-31,SE,delinquency_pf,5.861826,%,BCB SCR.data v2
2026-07-31,SE,credit_balance_pf,33140.637135,R$ mi,BCB SCR.data v2
2026-07-31,SE,problem_assets_pf,9.218391,%,BCB SCR.data v2
2026-07-31,SE,delinquency_vehicle,7.701137,%,BCB SCR.data v2
2026-07-31,SE,delinquency_pj,4.264542,%,BCB SCR.data v2
2026-07-31,SE,credit_balance_pj,9433.850005,R$ mi,BCB SCR.data v2
2026-07-31,SE,problem_assets_pj,7.605452,%,BCB SCR.data v2
2026-07-31,SP,delinquency_card,9.0909,%,BCB SCR.data v2
2026-07-31,SP,delinquency_personal,6.34275,%,BCB SCR.data v2
2026-07-31,SP,delinquency_revolving,14.481705,%,BCB SCR.data v2
2026-07-31,SP,delinquency_pf,5.016371,%,BCB SCR.data v2
2026-07-31,SP,credit_balance_pf,1250058.410959,R$ mi,BCB SCR.data v2
2026-07-31,SP,problem_assets_pf,8.230364,%,BCB SCR.data v2
2026-07-31,SP,delinquency_vehicle,6.120019,%,BCB SCR.data v2
2026-07-31,SP,delinquency_pj,2.242917,%,BCB SCR.data v2
2026-07-31,SP,credit_balance_pj,1028386.58741,R$ mi,BCB SCR.data v2
2026-07-31,SP,problem_assets_pj,6.736664,%,BCB SCR.data v2
2026-07-31,TO,delinquency_card,9.865501,%,BCB SCR.data v2
2026-07-31,TO,delinquency_personal,8.100506,%,BCB SCR.data v2
2026-07-31,TO,delinquency_revolving,7.20999,%,BCB SCR.data v2
2026-07-31,TO,delinquency_pf,9.86595,%,BCB SCR.data v2
2026-07-31,TO,credit_balance_pf,42552.459008,R$ mi,BCB SCR.data v2
2026-07-31,TO,problem_assets_pf,15.174921,%,BCB SCR.data v2
2026-07-31,TO,delinquency_vehicle,6.077695,%,BCB SCR.data v2
2026-07-31,TO,delinquency_pj,4.603504,%,BCB SCR.data v2
2026-07-31,TO,credit_balance_pj,16198.095894,R$ mi,BCB SCR.data v2
2026-07-31,TO,problem_assets_pj,7.081517,%,BCB SCR.data v2
